"combination","training_type","location","equipment","focus","current_notice","decision","reason","proposed_correction","applied_correction"
"strength>place_home_no_equipment>bodyweight>full_body","strength","place_home_no_equipment","bodyweight","full_body","Os filtros atuais estão demasiado restritos. Limpa filtros ou usa uma categoria geral relacionada.","KEEP_WITH_NOTICE","Caminho válido sem conteúdo específico, coberto por aviso explícito.","Manter visível apenas com aviso específico aprovado.","Aviso específico e decisão explícita registados em v0.9.7."
"strength>place_home_no_equipment>floor>full_body","strength","place_home_no_equipment","floor","full_body","Os filtros atuais estão demasiado restritos. Limpa filtros ou usa uma categoria geral relacionada.","KEEP_WITH_NOTICE","Caminho válido sem conteúdo específico, coberto por aviso explícito.","Manter visível apenas com aviso específico aprovado.","Aviso específico e decisão explícita registados em v0.9.7."
"strength>place_home_no_equipment>wall>full_body","strength","place_home_no_equipment","wall","full_body","Os filtros atuais estão demasiado restritos. Limpa filtros ou usa uma categoria geral relacionada.","KEEP_WITH_NOTICE","Caminho válido sem conteúdo específico, coberto por aviso explícito.","Manter visível apenas com aviso específico aprovado.","Aviso específico e decisão explícita registados em v0.9.7."
"strength>place_home_no_equipment>bodyweight>upper>neck>neck_complete","strength","place_home_no_equipment","bodyweight","upper / neck / neck_complete","Os filtros atuais estão demasiado restritos. Limpa filtros ou usa uma categoria geral relacionada.","KEEP_WITH_NOTICE","Caminho válido sem conteúdo específico, coberto por aviso explícito.","Manter visível apenas com aviso específico aprovado.","Aviso específico e decisão explícita registados em v0.9.7."
"strength>place_home_no_equipment>bodyweight>upper>neck>anterior_neck","strength","place_home_no_equipment","bodyweight","upper / neck / anterior_neck","Os filtros atuais estão demasiado restritos. Limpa filtros ou usa uma categoria geral relacionada.","KEEP_WITH_NOTICE","Caminho válido sem conteúdo específico, coberto por aviso explícito.","Manter visível apenas com aviso específico aprovado.","Aviso específico e decisão explícita registados em v0.9.7."
"strength>place_home_no_equipment>bodyweight>upper>neck>posterior_neck","strength","place_home_no_equipment","bodyweight","upper / neck / posterior_neck","Os filtros atuais estão demasiado restritos. Limpa filtros ou usa uma categoria geral relacionada.","KEEP_WITH_NOTICE","Caminho válido sem conteúdo específico, coberto por aviso explícito.","Manter visível apenas com aviso específico aprovado.","Aviso específico e decisão explícita registados em v0.9.7."
"strength>place_home_no_equipment>bodyweight>upper>neck>lateral_neck","strength","place_home_no_equipment","bodyweight","upper / neck / lateral_neck","Os filtros atuais estão demasiado restritos. Limpa filtros ou usa uma categoria geral relacionada.","KEEP_WITH_NOTICE","Caminho válido sem conteúdo específico, coberto por aviso explícito.","Manter visível apenas com aviso específico aprovado.","Aviso específico e decisão explícita registados em v0.9.7."
"strength>place_home_no_equipment>bodyweight>upper>neck>cervical_stabilizers","strength","place_home_no_equipment","bodyweight","upper / neck / cervical_stabilizers","Os filtros atuais estão demasiado restritos. Limpa filtros ou usa uma categoria geral relacionada.","KEEP_WITH_NOTICE","Caminho válido sem conteúdo específico, coberto por aviso explícito.","Manter visível apenas com aviso específico aprovado.","Aviso específico e decisão explícita registados em v0.9.7."
"strength>place_home_no_equipment>bodyweight>upper>traps_scapula","strength","place_home_no_equipment","bodyweight","upper / traps_scapula","Os filtros atuais estão demasiado restritos. Limpa filtros ou usa uma categoria geral relacionada.","KEEP_WITH_NOTICE","Caminho válido sem conteúdo específico, coberto por aviso explícito.","Manter visível apenas com aviso específico aprovado.","Aviso específico e decisão explícita registados em v0.9.7."
"strength>place_home_no_equipment>bodyweight>upper>traps_scapula>traps_complete","strength","place_home_no_equipment","bodyweight","upper / traps_scapula / traps_complete","Os filtros atuais estão demasiado restritos. Limpa filtros ou usa uma categoria geral relacionada.","KEEP_WITH_NOTICE","Caminho válido sem conteúdo específico, coberto por aviso explícito.","Manter visível apenas com aviso específico aprovado.","Aviso específico e decisão explícita registados em v0.9.7."
"strength>place_home_no_equipment>bodyweight>upper>traps_scapula>upper_traps","strength","place_home_no_equipment","bodyweight","upper / traps_scapula / upper_traps","Os filtros atuais estão demasiado restritos. Limpa filtros ou usa uma categoria geral relacionada.","KEEP_WITH_NOTICE","Caminho válido sem conteúdo específico, coberto por aviso explícito.","Manter visível apenas com aviso específico aprovado.","Aviso específico e decisão explícita registados em v0.9.7."
"strength>place_home_no_equipment>bodyweight>upper>traps_scapula>mid_traps","strength","place_home_no_equipment","bodyweight","upper / traps_scapula / mid_traps","Os filtros atuais estão demasiado restritos. Limpa filtros ou usa uma categoria geral relacionada.","KEEP_WITH_NOTICE","Caminho válido sem conteúdo específico, coberto por aviso explícito.","Manter visível apenas com aviso específico aprovado.","Aviso específico e decisão explícita registados em v0.9.7."
"strength>place_home_no_equipment>bodyweight>upper>traps_scapula>lower_traps","strength","place_home_no_equipment","bodyweight","upper / traps_scapula / lower_traps","Os filtros atuais estão demasiado restritos. Limpa filtros ou usa uma categoria geral relacionada.","KEEP_WITH_NOTICE","Caminho válido sem conteúdo específico, coberto por aviso explícito.","Manter visível apenas com aviso específico aprovado.","Aviso específico e decisão explícita registados em v0.9.7."
"strength>place_home_no_equipment>bodyweight>upper>traps_scapula>scapular_stability","strength","place_home_no_equipment","bodyweight","upper / traps_scapula / scapular_stability","Os filtros atuais estão demasiado restritos. Limpa filtros ou usa uma categoria geral relacionada.","KEEP_WITH_NOTICE","Caminho válido sem conteúdo específico, coberto por aviso explícito.","Manter visível apenas com aviso específico aprovado.","Aviso específico e decisão explícita registados em v0.9.7."
"strength>place_home_no_equipment>bodyweight>upper>chest>chest_complete","strength","place_home_no_equipment","bodyweight","upper / chest / chest_complete","Os filtros atuais estão demasiado restritos. Limpa filtros ou usa uma categoria geral relacionada.","KEEP_WITH_NOTICE","Caminho válido sem conteúdo específico, coberto por aviso explícito.","Manter visível apenas com aviso específico aprovado.","Aviso específico e decisão explícita registados em v0.9.7."
"strength>place_home_no_equipment>bodyweight>upper>back>back_complete","strength","place_home_no_equipment","bodyweight","upper / back / back_complete","Os filtros atuais estão demasiado restritos. Limpa filtros ou usa uma categoria geral relacionada.","KEEP_WITH_NOTICE","Caminho válido sem conteúdo específico, coberto por aviso explícito.","Manter visível apenas com aviso específico aprovado.","Aviso específico e decisão explícita registados em v0.9.7."
"strength>place_home_no_equipment>bodyweight>upper>back>back_upper","strength","place_home_no_equipment","bodyweight","upper / back / back_upper","Os filtros atuais estão demasiado restritos. Limpa filtros ou usa uma categoria geral relacionada.","KEEP_WITH_NOTICE","Caminho válido sem conteúdo específico, coberto por aviso explícito.","Manter visível apenas com aviso específico aprovado.","Aviso específico e decisão explícita registados em v0.9.7."
"strength>place_home_no_equipment>bodyweight>upper>back>back_upper>upper_traps","strength","place_home_no_equipment","bodyweight","upper / back / back_upper / upper_traps","Os filtros atuais estão demasiado restritos. Limpa filtros ou usa uma categoria geral relacionada.","KEEP_WITH_NOTICE","Caminho válido sem conteúdo específico, coberto por aviso explícito.","Manter visível apenas com aviso específico aprovado.","Aviso específico e decisão explícita registados em v0.9.7."
"strength>place_home_no_equipment>bodyweight>upper>back>back_upper>mid_traps","strength","place_home_no_equipment","bodyweight","upper / back / back_upper / mid_traps","Os filtros atuais estão demasiado restritos. Limpa filtros ou usa uma categoria geral relacionada.","KEEP_WITH_NOTICE","Caminho válido sem conteúdo específico, coberto por aviso explícito.","Manter visível apenas com aviso específico aprovado.","Aviso específico e decisão explícita registados em v0.9.7."
"strength>place_home_no_equipment>bodyweight>upper>back>back_upper>lower_traps","strength","place_home_no_equipment","bodyweight","upper / back / back_upper / lower_traps","Os filtros atuais estão demasiado restritos. Limpa filtros ou usa uma categoria geral relacionada.","KEEP_WITH_NOTICE","Caminho válido sem conteúdo específico, coberto por aviso explícito.","Manter visível apenas com aviso específico aprovado.","Aviso específico e decisão explícita registados em v0.9.7."
"strength>place_home_no_equipment>bodyweight>upper>back>back_upper>rhomboids","strength","place_home_no_equipment","bodyweight","upper / back / back_upper / rhomboids","Os filtros atuais estão demasiado restritos. Limpa filtros ou usa uma categoria geral relacionada.","KEEP_WITH_NOTICE","Caminho válido sem conteúdo específico, coberto por aviso explícito.","Manter visível apenas com aviso específico aprovado.","Aviso específico e decisão explícita registados em v0.9.7."
"strength>place_home_no_equipment>bodyweight>upper>back>back_upper>posterior_deltoid","strength","place_home_no_equipment","bodyweight","upper / back / back_upper / posterior_deltoid","Os filtros atuais estão demasiado restritos. Limpa filtros ou usa uma categoria geral relacionada.","KEEP_WITH_NOTICE","Caminho válido sem conteúdo específico, coberto por aviso explícito.","Manter visível apenas com aviso específico aprovado.","Aviso específico e decisão explícita registados em v0.9.7."
"strength>place_home_no_equipment>bodyweight>upper>back>back_upper>scapular_stabilizers","strength","place_home_no_equipment","bodyweight","upper / back / back_upper / scapular_stabilizers","Os filtros atuais estão demasiado restritos. Limpa filtros ou usa uma categoria geral relacionada.","KEEP_WITH_NOTICE","Caminho válido sem conteúdo específico, coberto por aviso explícito.","Manter visível apenas com aviso específico aprovado.","Aviso específico e decisão explícita registados em v0.9.7."
"strength>place_home_no_equipment>bodyweight>upper>back>back_mid","strength","place_home_no_equipment","bodyweight","upper / back / back_mid","Os filtros atuais estão demasiado restritos. Limpa filtros ou usa uma categoria geral relacionada.","KEEP_WITH_NOTICE","Caminho válido sem conteúdo específico, coberto por aviso explícito.","Manter visível apenas com aviso específico aprovado.","Aviso específico e decisão explícita registados em v0.9.7."
"strength>place_home_no_equipment>bodyweight>upper>back>back_mid>rhomboids","strength","place_home_no_equipment","bodyweight","upper / back / back_mid / rhomboids","Os filtros atuais estão demasiado restritos. Limpa filtros ou usa uma categoria geral relacionada.","KEEP_WITH_NOTICE","Caminho válido sem conteúdo específico, coberto por aviso explícito.","Manter visível apenas com aviso específico aprovado.","Aviso específico e decisão explícita registados em v0.9.7."
"strength>place_home_no_equipment>bodyweight>upper>back>back_mid>mid_traps","strength","place_home_no_equipment","bodyweight","upper / back / back_mid / mid_traps","Os filtros atuais estão demasiado restritos. Limpa filtros ou usa uma categoria geral relacionada.","KEEP_WITH_NOTICE","Caminho válido sem conteúdo específico, coberto por aviso explícito.","Manter visível apenas com aviso específico aprovado.","Aviso específico e decisão explícita registados em v0.9.7."
"strength>place_home_no_equipment>bodyweight>upper>back>back_mid>teres_major","strength","place_home_no_equipment","bodyweight","upper / back / back_mid / teres_major","Os filtros atuais estão demasiado restritos. Limpa filtros ou usa uma categoria geral relacionada.","KEEP_WITH_NOTICE","Caminho válido sem conteúdo específico, coberto por aviso explícito.","Manter visível apenas com aviso específico aprovado.","Aviso específico e decisão explícita registados em v0.9.7."
"strength>place_home_no_equipment>bodyweight>upper>back>back_mid>teres_minor","strength","place_home_no_equipment","bodyweight","upper / back / back_mid / teres_minor","Os filtros atuais estão demasiado restritos. Limpa filtros ou usa uma categoria geral relacionada.","KEEP_WITH_NOTICE","Caminho válido sem conteúdo específico, coberto por aviso explícito.","Manter visível apenas com aviso específico aprovado.","Aviso específico e decisão explícita registados em v0.9.7."
"strength>place_home_no_equipment>bodyweight>upper>back>back_mid>latissimus_dorsi","strength","place_home_no_equipment","bodyweight","upper / back / back_mid / latissimus_dorsi","Os filtros atuais estão demasiado restritos. Limpa filtros ou usa uma categoria geral relacionada.","KEEP_WITH_NOTICE","Caminho válido sem conteúdo específico, coberto por aviso explícito.","Manter visível apenas com aviso específico aprovado.","Aviso específico e decisão explícita registados em v0.9.7."
"strength>place_home_no_equipment>bodyweight>upper>back>back_lower","strength","place_home_no_equipment","bodyweight","upper / back / back_lower","Os filtros atuais estão demasiado restritos. Limpa filtros ou usa uma categoria geral relacionada.","KEEP_WITH_NOTICE","Caminho válido sem conteúdo específico, coberto por aviso explícito.","Manter visível apenas com aviso específico aprovado.","Aviso específico e decisão explícita registados em v0.9.7."
"strength>place_home_no_equipment>bodyweight>upper>back>back_lower>erectors","strength","place_home_no_equipment","bodyweight","upper / back / back_lower / erectors","Os filtros atuais estão demasiado restritos. Limpa filtros ou usa uma categoria geral relacionada.","KEEP_WITH_NOTICE","Caminho válido sem conteúdo específico, coberto por aviso explícito.","Manter visível apenas com aviso específico aprovado.","Aviso específico e decisão explícita registados em v0.9.7."
"strength>place_home_no_equipment>bodyweight>upper>back>back_lower>lumbar","strength","place_home_no_equipment","bodyweight","upper / back / back_lower / lumbar","Os filtros atuais estão demasiado restritos. Limpa filtros ou usa uma categoria geral relacionada.","KEEP_WITH_NOTICE","Caminho válido sem conteúdo específico, coberto por aviso explícito.","Manter visível apenas com aviso específico aprovado.","Aviso específico e decisão explícita registados em v0.9.7."
"strength>place_home_no_equipment>bodyweight>upper>back>back_lower>quadratus_lumborum","strength","place_home_no_equipment","bodyweight","upper / back / back_lower / quadratus_lumborum","Os filtros atuais estão demasiado restritos. Limpa filtros ou usa uma categoria geral relacionada.","KEEP_WITH_NOTICE","Caminho válido sem conteúdo específico, coberto por aviso explícito.","Manter visível apenas com aviso específico aprovado.","Aviso específico e decisão explícita registados em v0.9.7."
"strength>place_home_no_equipment>bodyweight>upper>back>back_lower>lumbar_stability","strength","place_home_no_equipment","bodyweight","upper / back / back_lower / lumbar_stability","Os filtros atuais estão demasiado restritos. Limpa filtros ou usa uma categoria geral relacionada.","KEEP_WITH_NOTICE","Caminho válido sem conteúdo específico, coberto por aviso explícito.","Manter visível apenas com aviso específico aprovado.","Aviso específico e decisão explícita registados em v0.9.7."
"strength>place_home_no_equipment>bodyweight>upper>back>back_width","strength","place_home_no_equipment","bodyweight","upper / back / back_width","Os filtros atuais estão demasiado restritos. Limpa filtros ou usa uma categoria geral relacionada.","KEEP_WITH_NOTICE","Caminho válido sem conteúdo específico, coberto por aviso explícito.","Manter visível apenas com aviso específico aprovado.","Aviso específico e decisão explícita registados em v0.9.7."
"strength>place_home_no_equipment>bodyweight>upper>back>back_width>latissimus_dorsi","strength","place_home_no_equipment","bodyweight","upper / back / back_width / latissimus_dorsi","Os filtros atuais estão demasiado restritos. Limpa filtros ou usa uma categoria geral relacionada.","KEEP_WITH_NOTICE","Caminho válido sem conteúdo específico, coberto por aviso explícito.","Manter visível apenas com aviso específico aprovado.","Aviso específico e decisão explícita registados em v0.9.7."
"strength>place_home_no_equipment>bodyweight>upper>back>back_width>teres_major","strength","place_home_no_equipment","bodyweight","upper / back / back_width / teres_major","Os filtros atuais estão demasiado restritos. Limpa filtros ou usa uma categoria geral relacionada.","KEEP_WITH_NOTICE","Caminho válido sem conteúdo específico, coberto por aviso explícito.","Manter visível apenas com aviso específico aprovado.","Aviso específico e decisão explícita registados em v0.9.7."
"strength>place_home_no_equipment>bodyweight>upper>back>back_width>vertical_pulls","strength","place_home_no_equipment","bodyweight","upper / back / back_width / vertical_pulls","Os filtros atuais estão demasiado restritos. Limpa filtros ou usa uma categoria geral relacionada.","KEEP_WITH_NOTICE","Caminho válido sem conteúdo específico, coberto por aviso explícito.","Manter visível apenas com aviso específico aprovado.","Aviso específico e decisão explícita registados em v0.9.7."
"strength>place_home_no_equipment>bodyweight>upper>back>back_thickness","strength","place_home_no_equipment","bodyweight","upper / back / back_thickness","Os filtros atuais estão demasiado restritos. Limpa filtros ou usa uma categoria geral relacionada.","KEEP_WITH_NOTICE","Caminho válido sem conteúdo específico, coberto por aviso explícito.","Manter visível apenas com aviso específico aprovado.","Aviso específico e decisão explícita registados em v0.9.7."
"strength>place_home_no_equipment>bodyweight>upper>back>back_thickness>rhomboids","strength","place_home_no_equipment","bodyweight","upper / back / back_thickness / rhomboids","Os filtros atuais estão demasiado restritos. Limpa filtros ou usa uma categoria geral relacionada.","KEEP_WITH_NOTICE","Caminho válido sem conteúdo específico, coberto por aviso explícito.","Manter visível apenas com aviso específico aprovado.","Aviso específico e decisão explícita registados em v0.9.7."
"strength>place_home_no_equipment>bodyweight>upper>back>back_thickness>mid_traps","strength","place_home_no_equipment","bodyweight","upper / back / back_thickness / mid_traps","Os filtros atuais estão demasiado restritos. Limpa filtros ou usa uma categoria geral relacionada.","KEEP_WITH_NOTICE","Caminho válido sem conteúdo específico, coberto por aviso explícito.","Manter visível apenas com aviso específico aprovado.","Aviso específico e decisão explícita registados em v0.9.7."
"strength>place_home_no_equipment>bodyweight>upper>back>back_thickness>lower_traps","strength","place_home_no_equipment","bodyweight","upper / back / back_thickness / lower_traps","Os filtros atuais estão demasiado restritos. Limpa filtros ou usa uma categoria geral relacionada.","KEEP_WITH_NOTICE","Caminho válido sem conteúdo específico, coberto por aviso explícito.","Manter visível apenas com aviso específico aprovado.","Aviso específico e decisão explícita registados em v0.9.7."
"strength>place_home_no_equipment>bodyweight>upper>back>back_thickness>horizontal_rows","strength","place_home_no_equipment","bodyweight","upper / back / back_thickness / horizontal_rows","Os filtros atuais estão demasiado restritos. Limpa filtros ou usa uma categoria geral relacionada.","KEEP_WITH_NOTICE","Caminho válido sem conteúdo específico, coberto por aviso explícito.","Manter visível apenas com aviso específico aprovado.","Aviso específico e decisão explícita registados em v0.9.7."
"strength>place_home_no_equipment>bodyweight>upper>shoulders>shoulders_complete","strength","place_home_no_equipment","bodyweight","upper / shoulders / shoulders_complete","Os filtros atuais estão demasiado restritos. Limpa filtros ou usa uma categoria geral relacionada.","KEEP_WITH_NOTICE","Caminho válido sem conteúdo específico, coberto por aviso explícito.","Manter visível apenas com aviso específico aprovado.","Aviso específico e decisão explícita registados em v0.9.7."
"strength>place_home_no_equipment>bodyweight>upper>shoulders>anterior_deltoid","strength","place_home_no_equipment","bodyweight","upper / shoulders / anterior_deltoid","Os filtros atuais estão demasiado restritos. Limpa filtros ou usa uma categoria geral relacionada.","KEEP_WITH_NOTICE","Caminho válido sem conteúdo específico, coberto por aviso explícito.","Manter visível apenas com aviso específico aprovado.","Aviso específico e decisão explícita registados em v0.9.7."
"strength>place_home_no_equipment>bodyweight>upper>shoulders>lateral_deltoid","strength","place_home_no_equipment","bodyweight","upper / shoulders / lateral_deltoid","Os filtros atuais estão demasiado restritos. Limpa filtros ou usa uma categoria geral relacionada.","KEEP_WITH_NOTICE","Caminho válido sem conteúdo específico, coberto por aviso explícito.","Manter visível apenas com aviso específico aprovado.","Aviso específico e decisão explícita registados em v0.9.7."
"strength>place_home_no_equipment>bodyweight>upper>shoulders>posterior_deltoid","strength","place_home_no_equipment","bodyweight","upper / shoulders / posterior_deltoid","Os filtros atuais estão demasiado restritos. Limpa filtros ou usa uma categoria geral relacionada.","KEEP_WITH_NOTICE","Caminho válido sem conteúdo específico, coberto por aviso explícito.","Manter visível apenas com aviso específico aprovado.","Aviso específico e decisão explícita registados em v0.9.7."
"strength>place_home_no_equipment>bodyweight>upper>shoulders>rotator_cuff","strength","place_home_no_equipment","bodyweight","upper / shoulders / rotator_cuff","Os filtros atuais estão demasiado restritos. Limpa filtros ou usa uma categoria geral relacionada.","KEEP_WITH_NOTICE","Caminho válido sem conteúdo específico, coberto por aviso explícito.","Manter visível apenas com aviso específico aprovado.","Aviso específico e decisão explícita registados em v0.9.7."
"strength>place_home_no_equipment>bodyweight>upper>shoulders>external_rotators","strength","place_home_no_equipment","bodyweight","upper / shoulders / external_rotators","Os filtros atuais estão demasiado restritos. Limpa filtros ou usa uma categoria geral relacionada.","KEEP_WITH_NOTICE","Caminho válido sem conteúdo específico, coberto por aviso explícito.","Manter visível apenas com aviso específico aprovado.","Aviso específico e decisão explícita registados em v0.9.7."
"strength>place_home_no_equipment>bodyweight>upper>shoulders>internal_rotators","strength","place_home_no_equipment","bodyweight","upper / shoulders / internal_rotators","Os filtros atuais estão demasiado restritos. Limpa filtros ou usa uma categoria geral relacionada.","KEEP_WITH_NOTICE","Caminho válido sem conteúdo específico, coberto por aviso explícito.","Manter visível apenas com aviso específico aprovado.","Aviso específico e decisão explícita registados em v0.9.7."
"strength>place_home_no_equipment>bodyweight>upper>shoulders>scapular_stability","strength","place_home_no_equipment","bodyweight","upper / shoulders / scapular_stability","Os filtros atuais estão demasiado restritos. Limpa filtros ou usa uma categoria geral relacionada.","KEEP_WITH_NOTICE","Caminho válido sem conteúdo específico, coberto por aviso explícito.","Manter visível apenas com aviso específico aprovado.","Aviso específico e decisão explícita registados em v0.9.7."
"strength>place_home_no_equipment>bodyweight>upper>arms>arms_complete","strength","place_home_no_equipment","bodyweight","upper / arms / arms_complete","Os filtros atuais estão demasiado restritos. Limpa filtros ou usa uma categoria geral relacionada.","KEEP_WITH_NOTICE","Caminho válido sem conteúdo específico, coberto por aviso explícito.","Manter visível apenas com aviso específico aprovado.","Aviso específico e decisão explícita registados em v0.9.7."
"strength>place_home_no_equipment>bodyweight>upper>arms>upper_arm","strength","place_home_no_equipment","bodyweight","upper / arms / upper_arm","Os filtros atuais estão demasiado restritos. Limpa filtros ou usa uma categoria geral relacionada.","KEEP_WITH_NOTICE","Caminho válido sem conteúdo específico, coberto por aviso explícito.","Manter visível apenas com aviso específico aprovado.","Aviso específico e decisão explícita registados em v0.9.7."
"strength>place_home_no_equipment>bodyweight>upper>arms>upper_arm>biceps_brachii","strength","place_home_no_equipment","bodyweight","upper / arms / upper_arm / biceps_brachii","Os filtros atuais estão demasiado restritos. Limpa filtros ou usa uma categoria geral relacionada.","KEEP_WITH_NOTICE","Caminho válido sem conteúdo específico, coberto por aviso explícito.","Manter visível apenas com aviso específico aprovado.","Aviso específico e decisão explícita registados em v0.9.7."
"strength>place_home_no_equipment>bodyweight>upper>arms>upper_arm>brachialis","strength","place_home_no_equipment","bodyweight","upper / arms / upper_arm / brachialis","Os filtros atuais estão demasiado restritos. Limpa filtros ou usa uma categoria geral relacionada.","KEEP_WITH_NOTICE","Caminho válido sem conteúdo específico, coberto por aviso explícito.","Manter visível apenas com aviso específico aprovado.","Aviso específico e decisão explícita registados em v0.9.7."
"strength>place_home_no_equipment>bodyweight>upper>arms>upper_arm>brachioradialis","strength","place_home_no_equipment","bodyweight","upper / arms / upper_arm / brachioradialis","Os filtros atuais estão demasiado restritos. Limpa filtros ou usa uma categoria geral relacionada.","KEEP_WITH_NOTICE","Caminho válido sem conteúdo específico, coberto por aviso explícito.","Manter visível apenas com aviso específico aprovado.","Aviso específico e decisão explícita registados em v0.9.7."
"strength>place_home_no_equipment>bodyweight>upper>arms>upper_arm>triceps_long","strength","place_home_no_equipment","bodyweight","upper / arms / upper_arm / triceps_long","Os filtros atuais estão demasiado restritos. Limpa filtros ou usa uma categoria geral relacionada.","KEEP_WITH_NOTICE","Caminho válido sem conteúdo específico, coberto por aviso explícito.","Manter visível apenas com aviso específico aprovado.","Aviso específico e decisão explícita registados em v0.9.7."
"strength>place_home_no_equipment>bodyweight>upper>arms>upper_arm>triceps_lateral","strength","place_home_no_equipment","bodyweight","upper / arms / upper_arm / triceps_lateral","Os filtros atuais estão demasiado restritos. Limpa filtros ou usa uma categoria geral relacionada.","KEEP_WITH_NOTICE","Caminho válido sem conteúdo específico, coberto por aviso explícito.","Manter visível apenas com aviso específico aprovado.","Aviso específico e decisão explícita registados em v0.9.7."
"strength>place_home_no_equipment>bodyweight>upper>arms>upper_arm>triceps_medial","strength","place_home_no_equipment","bodyweight","upper / arms / upper_arm / triceps_medial","Os filtros atuais estão demasiado restritos. Limpa filtros ou usa uma categoria geral relacionada.","KEEP_WITH_NOTICE","Caminho válido sem conteúdo específico, coberto por aviso explícito.","Manter visível apenas com aviso específico aprovado.","Aviso específico e decisão explícita registados em v0.9.7."
"strength>place_home_no_equipment>bodyweight>upper>arms>forearm_hand","strength","place_home_no_equipment","bodyweight","upper / arms / forearm_hand","Os filtros atuais estão demasiado restritos. Limpa filtros ou usa uma categoria geral relacionada.","KEEP_WITH_NOTICE","Caminho válido sem conteúdo específico, coberto por aviso explícito.","Manter visível apenas com aviso específico aprovado.","Aviso específico e decisão explícita registados em v0.9.7."
"strength>place_home_no_equipment>bodyweight>upper>arms>forearm_hand>forearm_complete","strength","place_home_no_equipment","bodyweight","upper / arms / forearm_hand / forearm_complete","Os filtros atuais estão demasiado restritos. Limpa filtros ou usa uma categoria geral relacionada.","KEEP_WITH_NOTICE","Caminho válido sem conteúdo específico, coberto por aviso explícito.","Manter visível apenas com aviso específico aprovado.","Aviso específico e decisão explícita registados em v0.9.7."
"strength>place_home_no_equipment>bodyweight>upper>arms>forearm_hand>forearm_flexors","strength","place_home_no_equipment","bodyweight","upper / arms / forearm_hand / forearm_flexors","Os filtros atuais estão demasiado restritos. Limpa filtros ou usa uma categoria geral relacionada.","KEEP_WITH_NOTICE","Caminho válido sem conteúdo específico, coberto por aviso explícito.","Manter visível apenas com aviso específico aprovado.","Aviso específico e decisão explícita registados em v0.9.7."
"strength>place_home_no_equipment>bodyweight>upper>arms>forearm_hand>forearm_extensors","strength","place_home_no_equipment","bodyweight","upper / arms / forearm_hand / forearm_extensors","Os filtros atuais estão demasiado restritos. Limpa filtros ou usa uma categoria geral relacionada.","KEEP_WITH_NOTICE","Caminho válido sem conteúdo específico, coberto por aviso explícito.","Manter visível apenas com aviso específico aprovado.","Aviso específico e decisão explícita registados em v0.9.7."
"strength>place_home_no_equipment>bodyweight>upper>arms>forearm_hand>pronators","strength","place_home_no_equipment","bodyweight","upper / arms / forearm_hand / pronators","Os filtros atuais estão demasiado restritos. Limpa filtros ou usa uma categoria geral relacionada.","KEEP_WITH_NOTICE","Caminho válido sem conteúdo específico, coberto por aviso explícito.","Manter visível apenas com aviso específico aprovado.","Aviso específico e decisão explícita registados em v0.9.7."
"strength>place_home_no_equipment>bodyweight>upper>arms>forearm_hand>supinators","strength","place_home_no_equipment","bodyweight","upper / arms / forearm_hand / supinators","Os filtros atuais estão demasiado restritos. Limpa filtros ou usa uma categoria geral relacionada.","KEEP_WITH_NOTICE","Caminho válido sem conteúdo específico, coberto por aviso explícito.","Manter visível apenas com aviso específico aprovado.","Aviso específico e decisão explícita registados em v0.9.7."
"strength>place_home_no_equipment>bodyweight>upper>arms>forearm_hand>wrist","strength","place_home_no_equipment","bodyweight","upper / arms / forearm_hand / wrist","Os filtros atuais estão demasiado restritos. Limpa filtros ou usa uma categoria geral relacionada.","KEEP_WITH_NOTICE","Caminho válido sem conteúdo específico, coberto por aviso explícito.","Manter visível apenas com aviso específico aprovado.","Aviso específico e decisão explícita registados em v0.9.7."
"strength>place_home_no_equipment>bodyweight>upper>arms>forearm_hand>fingers","strength","place_home_no_equipment","bodyweight","upper / arms / forearm_hand / fingers","Os filtros atuais estão demasiado restritos. Limpa filtros ou usa uma categoria geral relacionada.","KEEP_WITH_NOTICE","Caminho válido sem conteúdo específico, coberto por aviso explícito.","Manter visível apenas com aviso específico aprovado.","Aviso específico e decisão explícita registados em v0.9.7."
"strength>place_home_no_equipment>bodyweight>upper>arms>forearm_hand>support_grip","strength","place_home_no_equipment","bodyweight","upper / arms / forearm_hand / support_grip","Os filtros atuais estão demasiado restritos. Limpa filtros ou usa uma categoria geral relacionada.","KEEP_WITH_NOTICE","Caminho válido sem conteúdo específico, coberto por aviso explícito.","Manter visível apenas com aviso específico aprovado.","Aviso específico e decisão explícita registados em v0.9.7."
"strength>place_home_no_equipment>bodyweight>upper>arms>forearm_hand>pinch_grip","strength","place_home_no_equipment","bodyweight","upper / arms / forearm_hand / pinch_grip","Os filtros atuais estão demasiado restritos. Limpa filtros ou usa uma categoria geral relacionada.","KEEP_WITH_NOTICE","Caminho válido sem conteúdo específico, coberto por aviso explícito.","Manter visível apenas com aviso específico aprovado.","Aviso específico e decisão explícita registados em v0.9.7."
"strength>place_home_no_equipment>bodyweight>upper>arms>forearm_hand>general_grip","strength","place_home_no_equipment","bodyweight","upper / arms / forearm_hand / general_grip","Os filtros atuais estão demasiado restritos. Limpa filtros ou usa uma categoria geral relacionada.","KEEP_WITH_NOTICE","Caminho válido sem conteúdo específico, coberto por aviso explícito.","Manter visível apenas com aviso específico aprovado.","Aviso específico e decisão explícita registados em v0.9.7."
"strength>place_home_no_equipment>bodyweight>upper>forearm_hand","strength","place_home_no_equipment","bodyweight","upper / forearm_hand","Os filtros atuais estão demasiado restritos. Limpa filtros ou usa uma categoria geral relacionada.","KEEP_WITH_NOTICE","Caminho válido sem conteúdo específico, coberto por aviso explícito.","Manter visível apenas com aviso específico aprovado.","Aviso específico e decisão explícita registados em v0.9.7."
"strength>place_home_no_equipment>bodyweight>upper>forearm_hand>forearm_complete","strength","place_home_no_equipment","bodyweight","upper / forearm_hand / forearm_complete","Os filtros atuais estão demasiado restritos. Limpa filtros ou usa uma categoria geral relacionada.","KEEP_WITH_NOTICE","Caminho válido sem conteúdo específico, coberto por aviso explícito.","Manter visível apenas com aviso específico aprovado.","Aviso específico e decisão explícita registados em v0.9.7."
"strength>place_home_no_equipment>bodyweight>upper>forearm_hand>forearm_flexors","strength","place_home_no_equipment","bodyweight","upper / forearm_hand / forearm_flexors","Os filtros atuais estão demasiado restritos. Limpa filtros ou usa uma categoria geral relacionada.","KEEP_WITH_NOTICE","Caminho válido sem conteúdo específico, coberto por aviso explícito.","Manter visível apenas com aviso específico aprovado.","Aviso específico e decisão explícita registados em v0.9.7."
"strength>place_home_no_equipment>bodyweight>upper>forearm_hand>forearm_extensors","strength","place_home_no_equipment","bodyweight","upper / forearm_hand / forearm_extensors","Os filtros atuais estão demasiado restritos. Limpa filtros ou usa uma categoria geral relacionada.","KEEP_WITH_NOTICE","Caminho válido sem conteúdo específico, coberto por aviso explícito.","Manter visível apenas com aviso específico aprovado.","Aviso específico e decisão explícita registados em v0.9.7."
"strength>place_home_no_equipment>bodyweight>upper>forearm_hand>pronators","strength","place_home_no_equipment","bodyweight","upper / forearm_hand / pronators","Os filtros atuais estão demasiado restritos. Limpa filtros ou usa uma categoria geral relacionada.","KEEP_WITH_NOTICE","Caminho válido sem conteúdo específico, coberto por aviso explícito.","Manter visível apenas com aviso específico aprovado.","Aviso específico e decisão explícita registados em v0.9.7."
"strength>place_home_no_equipment>bodyweight>upper>forearm_hand>supinators","strength","place_home_no_equipment","bodyweight","upper / forearm_hand / supinators","Os filtros atuais estão demasiado restritos. Limpa filtros ou usa uma categoria geral relacionada.","KEEP_WITH_NOTICE","Caminho válido sem conteúdo específico, coberto por aviso explícito.","Manter visível apenas com aviso específico aprovado.","Aviso específico e decisão explícita registados em v0.9.7."
"strength>place_home_no_equipment>bodyweight>upper>forearm_hand>wrist","strength","place_home_no_equipment","bodyweight","upper / forearm_hand / wrist","Os filtros atuais estão demasiado restritos. Limpa filtros ou usa uma categoria geral relacionada.","KEEP_WITH_NOTICE","Caminho válido sem conteúdo específico, coberto por aviso explícito.","Manter visível apenas com aviso específico aprovado.","Aviso específico e decisão explícita registados em v0.9.7."
"strength>place_home_no_equipment>bodyweight>upper>forearm_hand>fingers","strength","place_home_no_equipment","bodyweight","upper / forearm_hand / fingers","Os filtros atuais estão demasiado restritos. Limpa filtros ou usa uma categoria geral relacionada.","KEEP_WITH_NOTICE","Caminho válido sem conteúdo específico, coberto por aviso explícito.","Manter visível apenas com aviso específico aprovado.","Aviso específico e decisão explícita registados em v0.9.7."
"strength>place_home_no_equipment>bodyweight>upper>forearm_hand>support_grip","strength","place_home_no_equipment","bodyweight","upper / forearm_hand / support_grip","Os filtros atuais estão demasiado restritos. Limpa filtros ou usa uma categoria geral relacionada.","KEEP_WITH_NOTICE","Caminho válido sem conteúdo específico, coberto por aviso explícito.","Manter visível apenas com aviso específico aprovado.","Aviso específico e decisão explícita registados em v0.9.7."
"strength>place_home_no_equipment>bodyweight>upper>forearm_hand>pinch_grip","strength","place_home_no_equipment","bodyweight","upper / forearm_hand / pinch_grip","Os filtros atuais estão demasiado restritos. Limpa filtros ou usa uma categoria geral relacionada.","KEEP_WITH_NOTICE","Caminho válido sem conteúdo específico, coberto por aviso explícito.","Manter visível apenas com aviso específico aprovado.","Aviso específico e decisão explícita registados em v0.9.7."
"strength>place_home_no_equipment>bodyweight>upper>forearm_hand>general_grip","strength","place_home_no_equipment","bodyweight","upper / forearm_hand / general_grip","Os filtros atuais estão demasiado restritos. Limpa filtros ou usa uma categoria geral relacionada.","KEEP_WITH_NOTICE","Caminho válido sem conteúdo específico, coberto por aviso explícito.","Manter visível apenas com aviso específico aprovado.","Aviso específico e decisão explícita registados em v0.9.7."
"strength>place_home_no_equipment>bodyweight>core","strength","place_home_no_equipment","bodyweight","core","Os filtros atuais estão demasiado restritos. Limpa filtros ou usa uma categoria geral relacionada.","KEEP_WITH_NOTICE","Caminho válido sem conteúdo específico, coberto por aviso explícito.","Manter visível apenas com aviso específico aprovado.","Aviso específico e decisão explícita registados em v0.9.7."
"strength>place_home_no_equipment>bodyweight>core>abdominal","strength","place_home_no_equipment","bodyweight","core / abdominal","Os filtros atuais estão demasiado restritos. Limpa filtros ou usa uma categoria geral relacionada.","KEEP_WITH_NOTICE","Caminho válido sem conteúdo específico, coberto por aviso explícito.","Manter visível apenas com aviso específico aprovado.","Aviso específico e decisão explícita registados em v0.9.7."
"strength>place_home_no_equipment>bodyweight>core>obliques","strength","place_home_no_equipment","bodyweight","core / obliques","Os filtros atuais estão demasiado restritos. Limpa filtros ou usa uma categoria geral relacionada.","KEEP_WITH_NOTICE","Caminho válido sem conteúdo específico, coberto por aviso explícito.","Manter visível apenas com aviso específico aprovado.","Aviso específico e decisão explícita registados em v0.9.7."
"strength>place_home_no_equipment>bodyweight>core>transverse_abs","strength","place_home_no_equipment","bodyweight","core / transverse_abs","Os filtros atuais estão demasiado restritos. Limpa filtros ou usa uma categoria geral relacionada.","KEEP_WITH_NOTICE","Caminho válido sem conteúdo específico, coberto por aviso explícito.","Manter visível apenas com aviso específico aprovado.","Aviso específico e decisão explícita registados em v0.9.7."
"strength>place_home_no_equipment>bodyweight>core>low_back","strength","place_home_no_equipment","bodyweight","core / low_back","Os filtros atuais estão demasiado restritos. Limpa filtros ou usa uma categoria geral relacionada.","KEEP_WITH_NOTICE","Caminho válido sem conteúdo específico, coberto por aviso explícito.","Manter visível apenas com aviso específico aprovado.","Aviso específico e decisão explícita registados em v0.9.7."
"strength>place_home_no_equipment>bodyweight>core>core_stability","strength","place_home_no_equipment","bodyweight","core / core_stability","Os filtros atuais estão demasiado restritos. Limpa filtros ou usa uma categoria geral relacionada.","KEEP_WITH_NOTICE","Caminho válido sem conteúdo específico, coberto por aviso explícito.","Manter visível apenas com aviso específico aprovado.","Aviso específico e decisão explícita registados em v0.9.7."
"strength>place_home_no_equipment>bodyweight>core>anti_rotation","strength","place_home_no_equipment","bodyweight","core / anti_rotation","Os filtros atuais estão demasiado restritos. Limpa filtros ou usa uma categoria geral relacionada.","KEEP_WITH_NOTICE","Caminho válido sem conteúdo específico, coberto por aviso explícito.","Manter visível apenas com aviso específico aprovado.","Aviso específico e decisão explícita registados em v0.9.7."
"strength>place_home_no_equipment>bodyweight>core>anti_extension","strength","place_home_no_equipment","bodyweight","core / anti_extension","Os filtros atuais estão demasiado restritos. Limpa filtros ou usa uma categoria geral relacionada.","KEEP_WITH_NOTICE","Caminho válido sem conteúdo específico, coberto por aviso explícito.","Manter visível apenas com aviso específico aprovado.","Aviso específico e decisão explícita registados em v0.9.7."
"strength>place_home_no_equipment>bodyweight>core>anti_lateral_flexion","strength","place_home_no_equipment","bodyweight","core / anti_lateral_flexion","Os filtros atuais estão demasiado restritos. Limpa filtros ou usa uma categoria geral relacionada.","KEEP_WITH_NOTICE","Caminho válido sem conteúdo específico, coberto por aviso explícito.","Manter visível apenas com aviso específico aprovado.","Aviso específico e decisão explícita registados em v0.9.7."
"strength>place_home_equipped>bodyweight>full_body","strength","place_home_equipped","bodyweight","full_body","Os filtros atuais estão demasiado restritos. Limpa filtros ou usa uma categoria geral relacionada.","KEEP_WITH_NOTICE","Caminho válido sem conteúdo específico, coberto por aviso explícito.","Manter visível apenas com aviso específico aprovado.","Aviso específico e decisão explícita registados em v0.9.7."
"strength>place_home_equipped>floor>full_body","strength","place_home_equipped","floor","full_body","Os filtros atuais estão demasiado restritos. Limpa filtros ou usa uma categoria geral relacionada.","KEEP_WITH_NOTICE","Caminho válido sem conteúdo específico, coberto por aviso explícito.","Manter visível apenas com aviso específico aprovado.","Aviso específico e decisão explícita registados em v0.9.7."
"strength>place_home_equipped>wall>full_body","strength","place_home_equipped","wall","full_body","Os filtros atuais estão demasiado restritos. Limpa filtros ou usa uma categoria geral relacionada.","KEEP_WITH_NOTICE","Caminho válido sem conteúdo específico, coberto por aviso explícito.","Manter visível apenas com aviso específico aprovado.","Aviso específico e decisão explícita registados em v0.9.7."
"strength>place_home_equipped>bodyweight>upper>neck>neck_complete","strength","place_home_equipped","bodyweight","upper / neck / neck_complete","Os filtros atuais estão demasiado restritos. Limpa filtros ou usa uma categoria geral relacionada.","KEEP_WITH_NOTICE","Caminho válido sem conteúdo específico, coberto por aviso explícito.","Manter visível apenas com aviso específico aprovado.","Aviso específico e decisão explícita registados em v0.9.7."
"strength>place_home_equipped>bodyweight>upper>neck>anterior_neck","strength","place_home_equipped","bodyweight","upper / neck / anterior_neck","Os filtros atuais estão demasiado restritos. Limpa filtros ou usa uma categoria geral relacionada.","KEEP_WITH_NOTICE","Caminho válido sem conteúdo específico, coberto por aviso explícito.","Manter visível apenas com aviso específico aprovado.","Aviso específico e decisão explícita registados em v0.9.7."
"strength>place_home_equipped>bodyweight>upper>neck>posterior_neck","strength","place_home_equipped","bodyweight","upper / neck / posterior_neck","Os filtros atuais estão demasiado restritos. Limpa filtros ou usa uma categoria geral relacionada.","KEEP_WITH_NOTICE","Caminho válido sem conteúdo específico, coberto por aviso explícito.","Manter visível apenas com aviso específico aprovado.","Aviso específico e decisão explícita registados em v0.9.7."
"strength>place_home_equipped>bodyweight>upper>neck>lateral_neck","strength","place_home_equipped","bodyweight","upper / neck / lateral_neck","Os filtros atuais estão demasiado restritos. Limpa filtros ou usa uma categoria geral relacionada.","KEEP_WITH_NOTICE","Caminho válido sem conteúdo específico, coberto por aviso explícito.","Manter visível apenas com aviso específico aprovado.","Aviso específico e decisão explícita registados em v0.9.7."
"strength>place_home_equipped>bodyweight>upper>neck>cervical_stabilizers","strength","place_home_equipped","bodyweight","upper / neck / cervical_stabilizers","Os filtros atuais estão demasiado restritos. Limpa filtros ou usa uma categoria geral relacionada.","KEEP_WITH_NOTICE","Caminho válido sem conteúdo específico, coberto por aviso explícito.","Manter visível apenas com aviso específico aprovado.","Aviso específico e decisão explícita registados em v0.9.7."
"strength>place_home_equipped>bodyweight>upper>traps_scapula","strength","place_home_equipped","bodyweight","upper / traps_scapula","Os filtros atuais estão demasiado restritos. Limpa filtros ou usa uma categoria geral relacionada.","KEEP_WITH_NOTICE","Caminho válido sem conteúdo específico, coberto por aviso explícito.","Manter visível apenas com aviso específico aprovado.","Aviso específico e decisão explícita registados em v0.9.7."
"strength>place_home_equipped>bodyweight>upper>traps_scapula>traps_complete","strength","place_home_equipped","bodyweight","upper / traps_scapula / traps_complete","Os filtros atuais estão demasiado restritos. Limpa filtros ou usa uma categoria geral relacionada.","KEEP_WITH_NOTICE","Caminho válido sem conteúdo específico, coberto por aviso explícito.","Manter visível apenas com aviso específico aprovado.","Aviso específico e decisão explícita registados em v0.9.7."
"strength>place_home_equipped>bodyweight>upper>traps_scapula>upper_traps","strength","place_home_equipped","bodyweight","upper / traps_scapula / upper_traps","Os filtros atuais estão demasiado restritos. Limpa filtros ou usa uma categoria geral relacionada.","KEEP_WITH_NOTICE","Caminho válido sem conteúdo específico, coberto por aviso explícito.","Manter visível apenas com aviso específico aprovado.","Aviso específico e decisão explícita registados em v0.9.7."
"strength>place_home_equipped>bodyweight>upper>traps_scapula>mid_traps","strength","place_home_equipped","bodyweight","upper / traps_scapula / mid_traps","Os filtros atuais estão demasiado restritos. Limpa filtros ou usa uma categoria geral relacionada.","KEEP_WITH_NOTICE","Caminho válido sem conteúdo específico, coberto por aviso explícito.","Manter visível apenas com aviso específico aprovado.","Aviso específico e decisão explícita registados em v0.9.7."
"strength>place_home_equipped>bodyweight>upper>traps_scapula>lower_traps","strength","place_home_equipped","bodyweight","upper / traps_scapula / lower_traps","Os filtros atuais estão demasiado restritos. Limpa filtros ou usa uma categoria geral relacionada.","KEEP_WITH_NOTICE","Caminho válido sem conteúdo específico, coberto por aviso explícito.","Manter visível apenas com aviso específico aprovado.","Aviso específico e decisão explícita registados em v0.9.7."
"strength>place_home_equipped>bodyweight>upper>traps_scapula>scapular_stability","strength","place_home_equipped","bodyweight","upper / traps_scapula / scapular_stability","Os filtros atuais estão demasiado restritos. Limpa filtros ou usa uma categoria geral relacionada.","KEEP_WITH_NOTICE","Caminho válido sem conteúdo específico, coberto por aviso explícito.","Manter visível apenas com aviso específico aprovado.","Aviso específico e decisão explícita registados em v0.9.7."
"strength>place_home_equipped>bodyweight>upper>chest>chest_complete","strength","place_home_equipped","bodyweight","upper / chest / chest_complete","Os filtros atuais estão demasiado restritos. Limpa filtros ou usa uma categoria geral relacionada.","KEEP_WITH_NOTICE","Caminho válido sem conteúdo específico, coberto por aviso explícito.","Manter visível apenas com aviso específico aprovado.","Aviso específico e decisão explícita registados em v0.9.7."
"strength>place_home_equipped>bodyweight>upper>back>back_complete","strength","place_home_equipped","bodyweight","upper / back / back_complete","Os filtros atuais estão demasiado restritos. Limpa filtros ou usa uma categoria geral relacionada.","KEEP_WITH_NOTICE","Caminho válido sem conteúdo específico, coberto por aviso explícito.","Manter visível apenas com aviso específico aprovado.","Aviso específico e decisão explícita registados em v0.9.7."
"strength>place_home_equipped>bodyweight>upper>back>back_upper","strength","place_home_equipped","bodyweight","upper / back / back_upper","Os filtros atuais estão demasiado restritos. Limpa filtros ou usa uma categoria geral relacionada.","KEEP_WITH_NOTICE","Caminho válido sem conteúdo específico, coberto por aviso explícito.","Manter visível apenas com aviso específico aprovado.","Aviso específico e decisão explícita registados em v0.9.7."
"strength>place_home_equipped>bodyweight>upper>back>back_upper>upper_traps","strength","place_home_equipped","bodyweight","upper / back / back_upper / upper_traps","Os filtros atuais estão demasiado restritos. Limpa filtros ou usa uma categoria geral relacionada.","KEEP_WITH_NOTICE","Caminho válido sem conteúdo específico, coberto por aviso explícito.","Manter visível apenas com aviso específico aprovado.","Aviso específico e decisão explícita registados em v0.9.7."
"strength>place_home_equipped>bodyweight>upper>back>back_upper>mid_traps","strength","place_home_equipped","bodyweight","upper / back / back_upper / mid_traps","Os filtros atuais estão demasiado restritos. Limpa filtros ou usa uma categoria geral relacionada.","KEEP_WITH_NOTICE","Caminho válido sem conteúdo específico, coberto por aviso explícito.","Manter visível apenas com aviso específico aprovado.","Aviso específico e decisão explícita registados em v0.9.7."
"strength>place_home_equipped>bodyweight>upper>back>back_upper>lower_traps","strength","place_home_equipped","bodyweight","upper / back / back_upper / lower_traps","Os filtros atuais estão demasiado restritos. Limpa filtros ou usa uma categoria geral relacionada.","KEEP_WITH_NOTICE","Caminho válido sem conteúdo específico, coberto por aviso explícito.","Manter visível apenas com aviso específico aprovado.","Aviso específico e decisão explícita registados em v0.9.7."
"strength>place_home_equipped>bodyweight>upper>back>back_upper>rhomboids","strength","place_home_equipped","bodyweight","upper / back / back_upper / rhomboids","Os filtros atuais estão demasiado restritos. Limpa filtros ou usa uma categoria geral relacionada.","KEEP_WITH_NOTICE","Caminho válido sem conteúdo específico, coberto por aviso explícito.","Manter visível apenas com aviso específico aprovado.","Aviso específico e decisão explícita registados em v0.9.7."
"strength>place_home_equipped>bodyweight>upper>back>back_upper>posterior_deltoid","strength","place_home_equipped","bodyweight","upper / back / back_upper / posterior_deltoid","Os filtros atuais estão demasiado restritos. Limpa filtros ou usa uma categoria geral relacionada.","KEEP_WITH_NOTICE","Caminho válido sem conteúdo específico, coberto por aviso explícito.","Manter visível apenas com aviso específico aprovado.","Aviso específico e decisão explícita registados em v0.9.7."
"strength>place_home_equipped>bodyweight>upper>back>back_upper>scapular_stabilizers","strength","place_home_equipped","bodyweight","upper / back / back_upper / scapular_stabilizers","Os filtros atuais estão demasiado restritos. Limpa filtros ou usa uma categoria geral relacionada.","KEEP_WITH_NOTICE","Caminho válido sem conteúdo específico, coberto por aviso explícito.","Manter visível apenas com aviso específico aprovado.","Aviso específico e decisão explícita registados em v0.9.7."
"strength>place_home_equipped>bodyweight>upper>back>back_mid","strength","place_home_equipped","bodyweight","upper / back / back_mid","Os filtros atuais estão demasiado restritos. Limpa filtros ou usa uma categoria geral relacionada.","KEEP_WITH_NOTICE","Caminho válido sem conteúdo específico, coberto por aviso explícito.","Manter visível apenas com aviso específico aprovado.","Aviso específico e decisão explícita registados em v0.9.7."
"strength>place_home_equipped>bodyweight>upper>back>back_mid>rhomboids","strength","place_home_equipped","bodyweight","upper / back / back_mid / rhomboids","Os filtros atuais estão demasiado restritos. Limpa filtros ou usa uma categoria geral relacionada.","KEEP_WITH_NOTICE","Caminho válido sem conteúdo específico, coberto por aviso explícito.","Manter visível apenas com aviso específico aprovado.","Aviso específico e decisão explícita registados em v0.9.7."
"strength>place_home_equipped>bodyweight>upper>back>back_mid>mid_traps","strength","place_home_equipped","bodyweight","upper / back / back_mid / mid_traps","Os filtros atuais estão demasiado restritos. Limpa filtros ou usa uma categoria geral relacionada.","KEEP_WITH_NOTICE","Caminho válido sem conteúdo específico, coberto por aviso explícito.","Manter visível apenas com aviso específico aprovado.","Aviso específico e decisão explícita registados em v0.9.7."
"strength>place_home_equipped>bodyweight>upper>back>back_mid>teres_major","strength","place_home_equipped","bodyweight","upper / back / back_mid / teres_major","Os filtros atuais estão demasiado restritos. Limpa filtros ou usa uma categoria geral relacionada.","KEEP_WITH_NOTICE","Caminho válido sem conteúdo específico, coberto por aviso explícito.","Manter visível apenas com aviso específico aprovado.","Aviso específico e decisão explícita registados em v0.9.7."
"strength>place_home_equipped>bodyweight>upper>back>back_mid>teres_minor","strength","place_home_equipped","bodyweight","upper / back / back_mid / teres_minor","Os filtros atuais estão demasiado restritos. Limpa filtros ou usa uma categoria geral relacionada.","KEEP_WITH_NOTICE","Caminho válido sem conteúdo específico, coberto por aviso explícito.","Manter visível apenas com aviso específico aprovado.","Aviso específico e decisão explícita registados em v0.9.7."
"strength>place_home_equipped>bodyweight>upper>back>back_mid>latissimus_dorsi","strength","place_home_equipped","bodyweight","upper / back / back_mid / latissimus_dorsi","Os filtros atuais estão demasiado restritos. Limpa filtros ou usa uma categoria geral relacionada.","KEEP_WITH_NOTICE","Caminho válido sem conteúdo específico, coberto por aviso explícito.","Manter visível apenas com aviso específico aprovado.","Aviso específico e decisão explícita registados em v0.9.7."
"strength>place_home_equipped>bodyweight>upper>back>back_lower","strength","place_home_equipped","bodyweight","upper / back / back_lower","Os filtros atuais estão demasiado restritos. Limpa filtros ou usa uma categoria geral relacionada.","KEEP_WITH_NOTICE","Caminho válido sem conteúdo específico, coberto por aviso explícito.","Manter visível apenas com aviso específico aprovado.","Aviso específico e decisão explícita registados em v0.9.7."
"strength>place_home_equipped>bodyweight>upper>back>back_lower>erectors","strength","place_home_equipped","bodyweight","upper / back / back_lower / erectors","Os filtros atuais estão demasiado restritos. Limpa filtros ou usa uma categoria geral relacionada.","KEEP_WITH_NOTICE","Caminho válido sem conteúdo específico, coberto por aviso explícito.","Manter visível apenas com aviso específico aprovado.","Aviso específico e decisão explícita registados em v0.9.7."
"strength>place_home_equipped>bodyweight>upper>back>back_lower>lumbar","strength","place_home_equipped","bodyweight","upper / back / back_lower / lumbar","Os filtros atuais estão demasiado restritos. Limpa filtros ou usa uma categoria geral relacionada.","KEEP_WITH_NOTICE","Caminho válido sem conteúdo específico, coberto por aviso explícito.","Manter visível apenas com aviso específico aprovado.","Aviso específico e decisão explícita registados em v0.9.7."
"strength>place_home_equipped>bodyweight>upper>back>back_lower>quadratus_lumborum","strength","place_home_equipped","bodyweight","upper / back / back_lower / quadratus_lumborum","Os filtros atuais estão demasiado restritos. Limpa filtros ou usa uma categoria geral relacionada.","KEEP_WITH_NOTICE","Caminho válido sem conteúdo específico, coberto por aviso explícito.","Manter visível apenas com aviso específico aprovado.","Aviso específico e decisão explícita registados em v0.9.7."
"strength>place_home_equipped>bodyweight>upper>back>back_lower>lumbar_stability","strength","place_home_equipped","bodyweight","upper / back / back_lower / lumbar_stability","Os filtros atuais estão demasiado restritos. Limpa filtros ou usa uma categoria geral relacionada.","KEEP_WITH_NOTICE","Caminho válido sem conteúdo específico, coberto por aviso explícito.","Manter visível apenas com aviso específico aprovado.","Aviso específico e decisão explícita registados em v0.9.7."
"strength>place_home_equipped>bodyweight>upper>back>back_width","strength","place_home_equipped","bodyweight","upper / back / back_width","Os filtros atuais estão demasiado restritos. Limpa filtros ou usa uma categoria geral relacionada.","KEEP_WITH_NOTICE","Caminho válido sem conteúdo específico, coberto por aviso explícito.","Manter visível apenas com aviso específico aprovado.","Aviso específico e decisão explícita registados em v0.9.7."
"strength>place_home_equipped>bodyweight>upper>back>back_width>latissimus_dorsi","strength","place_home_equipped","bodyweight","upper / back / back_width / latissimus_dorsi","Os filtros atuais estão demasiado restritos. Limpa filtros ou usa uma categoria geral relacionada.","KEEP_WITH_NOTICE","Caminho válido sem conteúdo específico, coberto por aviso explícito.","Manter visível apenas com aviso específico aprovado.","Aviso específico e decisão explícita registados em v0.9.7."
"strength>place_home_equipped>bodyweight>upper>back>back_width>teres_major","strength","place_home_equipped","bodyweight","upper / back / back_width / teres_major","Os filtros atuais estão demasiado restritos. Limpa filtros ou usa uma categoria geral relacionada.","KEEP_WITH_NOTICE","Caminho válido sem conteúdo específico, coberto por aviso explícito.","Manter visível apenas com aviso específico aprovado.","Aviso específico e decisão explícita registados em v0.9.7."
"strength>place_home_equipped>bodyweight>upper>back>back_width>vertical_pulls","strength","place_home_equipped","bodyweight","upper / back / back_width / vertical_pulls","Os filtros atuais estão demasiado restritos. Limpa filtros ou usa uma categoria geral relacionada.","KEEP_WITH_NOTICE","Caminho válido sem conteúdo específico, coberto por aviso explícito.","Manter visível apenas com aviso específico aprovado.","Aviso específico e decisão explícita registados em v0.9.7."
"strength>place_home_equipped>bodyweight>upper>back>back_thickness","strength","place_home_equipped","bodyweight","upper / back / back_thickness","Os filtros atuais estão demasiado restritos. Limpa filtros ou usa uma categoria geral relacionada.","KEEP_WITH_NOTICE","Caminho válido sem conteúdo específico, coberto por aviso explícito.","Manter visível apenas com aviso específico aprovado.","Aviso específico e decisão explícita registados em v0.9.7."
"strength>place_home_equipped>bodyweight>upper>back>back_thickness>rhomboids","strength","place_home_equipped","bodyweight","upper / back / back_thickness / rhomboids","Os filtros atuais estão demasiado restritos. Limpa filtros ou usa uma categoria geral relacionada.","KEEP_WITH_NOTICE","Caminho válido sem conteúdo específico, coberto por aviso explícito.","Manter visível apenas com aviso específico aprovado.","Aviso específico e decisão explícita registados em v0.9.7."
"strength>place_home_equipped>bodyweight>upper>back>back_thickness>mid_traps","strength","place_home_equipped","bodyweight","upper / back / back_thickness / mid_traps","Os filtros atuais estão demasiado restritos. Limpa filtros ou usa uma categoria geral relacionada.","KEEP_WITH_NOTICE","Caminho válido sem conteúdo específico, coberto por aviso explícito.","Manter visível apenas com aviso específico aprovado.","Aviso específico e decisão explícita registados em v0.9.7."
"strength>place_home_equipped>bodyweight>upper>back>back_thickness>lower_traps","strength","place_home_equipped","bodyweight","upper / back / back_thickness / lower_traps","Os filtros atuais estão demasiado restritos. Limpa filtros ou usa uma categoria geral relacionada.","KEEP_WITH_NOTICE","Caminho válido sem conteúdo específico, coberto por aviso explícito.","Manter visível apenas com aviso específico aprovado.","Aviso específico e decisão explícita registados em v0.9.7."
"strength>place_home_equipped>bodyweight>upper>back>back_thickness>horizontal_rows","strength","place_home_equipped","bodyweight","upper / back / back_thickness / horizontal_rows","Os filtros atuais estão demasiado restritos. Limpa filtros ou usa uma categoria geral relacionada.","KEEP_WITH_NOTICE","Caminho válido sem conteúdo específico, coberto por aviso explícito.","Manter visível apenas com aviso específico aprovado.","Aviso específico e decisão explícita registados em v0.9.7."
"strength>place_home_equipped>bodyweight>upper>shoulders>shoulders_complete","strength","place_home_equipped","bodyweight","upper / shoulders / shoulders_complete","Os filtros atuais estão demasiado restritos. Limpa filtros ou usa uma categoria geral relacionada.","KEEP_WITH_NOTICE","Caminho válido sem conteúdo específico, coberto por aviso explícito.","Manter visível apenas com aviso específico aprovado.","Aviso específico e decisão explícita registados em v0.9.7."
"strength>place_home_equipped>bodyweight>upper>shoulders>anterior_deltoid","strength","place_home_equipped","bodyweight","upper / shoulders / anterior_deltoid","Os filtros atuais estão demasiado restritos. Limpa filtros ou usa uma categoria geral relacionada.","KEEP_WITH_NOTICE","Caminho válido sem conteúdo específico, coberto por aviso explícito.","Manter visível apenas com aviso específico aprovado.","Aviso específico e decisão explícita registados em v0.9.7."
"strength>place_home_equipped>bodyweight>upper>shoulders>lateral_deltoid","strength","place_home_equipped","bodyweight","upper / shoulders / lateral_deltoid","Os filtros atuais estão demasiado restritos. Limpa filtros ou usa uma categoria geral relacionada.","KEEP_WITH_NOTICE","Caminho válido sem conteúdo específico, coberto por aviso explícito.","Manter visível apenas com aviso específico aprovado.","Aviso específico e decisão explícita registados em v0.9.7."
"strength>place_home_equipped>bodyweight>upper>shoulders>posterior_deltoid","strength","place_home_equipped","bodyweight","upper / shoulders / posterior_deltoid","Os filtros atuais estão demasiado restritos. Limpa filtros ou usa uma categoria geral relacionada.","KEEP_WITH_NOTICE","Caminho válido sem conteúdo específico, coberto por aviso explícito.","Manter visível apenas com aviso específico aprovado.","Aviso específico e decisão explícita registados em v0.9.7."
"strength>place_home_equipped>bodyweight>upper>shoulders>rotator_cuff","strength","place_home_equipped","bodyweight","upper / shoulders / rotator_cuff","Os filtros atuais estão demasiado restritos. Limpa filtros ou usa uma categoria geral relacionada.","KEEP_WITH_NOTICE","Caminho válido sem conteúdo específico, coberto por aviso explícito.","Manter visível apenas com aviso específico aprovado.","Aviso específico e decisão explícita registados em v0.9.7."
"strength>place_home_equipped>bodyweight>upper>shoulders>external_rotators","strength","place_home_equipped","bodyweight","upper / shoulders / external_rotators","Os filtros atuais estão demasiado restritos. Limpa filtros ou usa uma categoria geral relacionada.","KEEP_WITH_NOTICE","Caminho válido sem conteúdo específico, coberto por aviso explícito.","Manter visível apenas com aviso específico aprovado.","Aviso específico e decisão explícita registados em v0.9.7."
"strength>place_home_equipped>bodyweight>upper>shoulders>internal_rotators","strength","place_home_equipped","bodyweight","upper / shoulders / internal_rotators","Os filtros atuais estão demasiado restritos. Limpa filtros ou usa uma categoria geral relacionada.","KEEP_WITH_NOTICE","Caminho válido sem conteúdo específico, coberto por aviso explícito.","Manter visível apenas com aviso específico aprovado.","Aviso específico e decisão explícita registados em v0.9.7."
"strength>place_home_equipped>bodyweight>upper>shoulders>scapular_stability","strength","place_home_equipped","bodyweight","upper / shoulders / scapular_stability","Os filtros atuais estão demasiado restritos. Limpa filtros ou usa uma categoria geral relacionada.","KEEP_WITH_NOTICE","Caminho válido sem conteúdo específico, coberto por aviso explícito.","Manter visível apenas com aviso específico aprovado.","Aviso específico e decisão explícita registados em v0.9.7."
"strength>place_home_equipped>bodyweight>upper>arms>arms_complete","strength","place_home_equipped","bodyweight","upper / arms / arms_complete","Os filtros atuais estão demasiado restritos. Limpa filtros ou usa uma categoria geral relacionada.","KEEP_WITH_NOTICE","Caminho válido sem conteúdo específico, coberto por aviso explícito.","Manter visível apenas com aviso específico aprovado.","Aviso específico e decisão explícita registados em v0.9.7."
"strength>place_home_equipped>bodyweight>upper>arms>upper_arm","strength","place_home_equipped","bodyweight","upper / arms / upper_arm","Os filtros atuais estão demasiado restritos. Limpa filtros ou usa uma categoria geral relacionada.","KEEP_WITH_NOTICE","Caminho válido sem conteúdo específico, coberto por aviso explícito.","Manter visível apenas com aviso específico aprovado.","Aviso específico e decisão explícita registados em v0.9.7."
"strength>place_home_equipped>bodyweight>upper>arms>upper_arm>biceps_brachii","strength","place_home_equipped","bodyweight","upper / arms / upper_arm / biceps_brachii","Os filtros atuais estão demasiado restritos. Limpa filtros ou usa uma categoria geral relacionada.","KEEP_WITH_NOTICE","Caminho válido sem conteúdo específico, coberto por aviso explícito.","Manter visível apenas com aviso específico aprovado.","Aviso específico e decisão explícita registados em v0.9.7."
"strength>place_home_equipped>bodyweight>upper>arms>upper_arm>brachialis","strength","place_home_equipped","bodyweight","upper / arms / upper_arm / brachialis","Os filtros atuais estão demasiado restritos. Limpa filtros ou usa uma categoria geral relacionada.","KEEP_WITH_NOTICE","Caminho válido sem conteúdo específico, coberto por aviso explícito.","Manter visível apenas com aviso específico aprovado.","Aviso específico e decisão explícita registados em v0.9.7."
"strength>place_home_equipped>bodyweight>upper>arms>upper_arm>brachioradialis","strength","place_home_equipped","bodyweight","upper / arms / upper_arm / brachioradialis","Os filtros atuais estão demasiado restritos. Limpa filtros ou usa uma categoria geral relacionada.","KEEP_WITH_NOTICE","Caminho válido sem conteúdo específico, coberto por aviso explícito.","Manter visível apenas com aviso específico aprovado.","Aviso específico e decisão explícita registados em v0.9.7."
"strength>place_home_equipped>bodyweight>upper>arms>upper_arm>triceps_long","strength","place_home_equipped","bodyweight","upper / arms / upper_arm / triceps_long","Os filtros atuais estão demasiado restritos. Limpa filtros ou usa uma categoria geral relacionada.","KEEP_WITH_NOTICE","Caminho válido sem conteúdo específico, coberto por aviso explícito.","Manter visível apenas com aviso específico aprovado.","Aviso específico e decisão explícita registados em v0.9.7."
"strength>place_home_equipped>bodyweight>upper>arms>upper_arm>triceps_lateral","strength","place_home_equipped","bodyweight","upper / arms / upper_arm / triceps_lateral","Os filtros atuais estão demasiado restritos. Limpa filtros ou usa uma categoria geral relacionada.","KEEP_WITH_NOTICE","Caminho válido sem conteúdo específico, coberto por aviso explícito.","Manter visível apenas com aviso específico aprovado.","Aviso específico e decisão explícita registados em v0.9.7."
"strength>place_home_equipped>bodyweight>upper>arms>upper_arm>triceps_medial","strength","place_home_equipped","bodyweight","upper / arms / upper_arm / triceps_medial","Os filtros atuais estão demasiado restritos. Limpa filtros ou usa uma categoria geral relacionada.","KEEP_WITH_NOTICE","Caminho válido sem conteúdo específico, coberto por aviso explícito.","Manter visível apenas com aviso específico aprovado.","Aviso específico e decisão explícita registados em v0.9.7."
"strength>place_home_equipped>bodyweight>upper>arms>forearm_hand","strength","place_home_equipped","bodyweight","upper / arms / forearm_hand","Os filtros atuais estão demasiado restritos. Limpa filtros ou usa uma categoria geral relacionada.","KEEP_WITH_NOTICE","Caminho válido sem conteúdo específico, coberto por aviso explícito.","Manter visível apenas com aviso específico aprovado.","Aviso específico e decisão explícita registados em v0.9.7."
"strength>place_home_equipped>bodyweight>upper>arms>forearm_hand>forearm_complete","strength","place_home_equipped","bodyweight","upper / arms / forearm_hand / forearm_complete","Os filtros atuais estão demasiado restritos. Limpa filtros ou usa uma categoria geral relacionada.","KEEP_WITH_NOTICE","Caminho válido sem conteúdo específico, coberto por aviso explícito.","Manter visível apenas com aviso específico aprovado.","Aviso específico e decisão explícita registados em v0.9.7."
"strength>place_home_equipped>bodyweight>upper>arms>forearm_hand>forearm_flexors","strength","place_home_equipped","bodyweight","upper / arms / forearm_hand / forearm_flexors","Os filtros atuais estão demasiado restritos. Limpa filtros ou usa uma categoria geral relacionada.","KEEP_WITH_NOTICE","Caminho válido sem conteúdo específico, coberto por aviso explícito.","Manter visível apenas com aviso específico aprovado.","Aviso específico e decisão explícita registados em v0.9.7."
"strength>place_home_equipped>bodyweight>upper>arms>forearm_hand>forearm_extensors","strength","place_home_equipped","bodyweight","upper / arms / forearm_hand / forearm_extensors","Os filtros atuais estão demasiado restritos. Limpa filtros ou usa uma categoria geral relacionada.","KEEP_WITH_NOTICE","Caminho válido sem conteúdo específico, coberto por aviso explícito.","Manter visível apenas com aviso específico aprovado.","Aviso específico e decisão explícita registados em v0.9.7."
"strength>place_home_equipped>bodyweight>upper>arms>forearm_hand>pronators","strength","place_home_equipped","bodyweight","upper / arms / forearm_hand / pronators","Os filtros atuais estão demasiado restritos. Limpa filtros ou usa uma categoria geral relacionada.","KEEP_WITH_NOTICE","Caminho válido sem conteúdo específico, coberto por aviso explícito.","Manter visível apenas com aviso específico aprovado.","Aviso específico e decisão explícita registados em v0.9.7."
"strength>place_home_equipped>bodyweight>upper>arms>forearm_hand>supinators","strength","place_home_equipped","bodyweight","upper / arms / forearm_hand / supinators","Os filtros atuais estão demasiado restritos. Limpa filtros ou usa uma categoria geral relacionada.","KEEP_WITH_NOTICE","Caminho válido sem conteúdo específico, coberto por aviso explícito.","Manter visível apenas com aviso específico aprovado.","Aviso específico e decisão explícita registados em v0.9.7."
"strength>place_home_equipped>bodyweight>upper>arms>forearm_hand>wrist","strength","place_home_equipped","bodyweight","upper / arms / forearm_hand / wrist","Os filtros atuais estão demasiado restritos. Limpa filtros ou usa uma categoria geral relacionada.","KEEP_WITH_NOTICE","Caminho válido sem conteúdo específico, coberto por aviso explícito.","Manter visível apenas com aviso específico aprovado.","Aviso específico e decisão explícita registados em v0.9.7."
"strength>place_home_equipped>bodyweight>upper>arms>forearm_hand>fingers","strength","place_home_equipped","bodyweight","upper / arms / forearm_hand / fingers","Os filtros atuais estão demasiado restritos. Limpa filtros ou usa uma categoria geral relacionada.","KEEP_WITH_NOTICE","Caminho válido sem conteúdo específico, coberto por aviso explícito.","Manter visível apenas com aviso específico aprovado.","Aviso específico e decisão explícita registados em v0.9.7."
"strength>place_home_equipped>bodyweight>upper>arms>forearm_hand>support_grip","strength","place_home_equipped","bodyweight","upper / arms / forearm_hand / support_grip","Os filtros atuais estão demasiado restritos. Limpa filtros ou usa uma categoria geral relacionada.","KEEP_WITH_NOTICE","Caminho válido sem conteúdo específico, coberto por aviso explícito.","Manter visível apenas com aviso específico aprovado.","Aviso específico e decisão explícita registados em v0.9.7."
"strength>place_home_equipped>bodyweight>upper>arms>forearm_hand>pinch_grip","strength","place_home_equipped","bodyweight","upper / arms / forearm_hand / pinch_grip","Os filtros atuais estão demasiado restritos. Limpa filtros ou usa uma categoria geral relacionada.","KEEP_WITH_NOTICE","Caminho válido sem conteúdo específico, coberto por aviso explícito.","Manter visível apenas com aviso específico aprovado.","Aviso específico e decisão explícita registados em v0.9.7."
"strength>place_home_equipped>bodyweight>upper>arms>forearm_hand>general_grip","strength","place_home_equipped","bodyweight","upper / arms / forearm_hand / general_grip","Os filtros atuais estão demasiado restritos. Limpa filtros ou usa uma categoria geral relacionada.","KEEP_WITH_NOTICE","Caminho válido sem conteúdo específico, coberto por aviso explícito.","Manter visível apenas com aviso específico aprovado.","Aviso específico e decisão explícita registados em v0.9.7."
"strength>place_home_equipped>bodyweight>upper>forearm_hand","strength","place_home_equipped","bodyweight","upper / forearm_hand","Os filtros atuais estão demasiado restritos. Limpa filtros ou usa uma categoria geral relacionada.","KEEP_WITH_NOTICE","Caminho válido sem conteúdo específico, coberto por aviso explícito.","Manter visível apenas com aviso específico aprovado.","Aviso específico e decisão explícita registados em v0.9.7."
"strength>place_home_equipped>bodyweight>upper>forearm_hand>forearm_complete","strength","place_home_equipped","bodyweight","upper / forearm_hand / forearm_complete","Os filtros atuais estão demasiado restritos. Limpa filtros ou usa uma categoria geral relacionada.","KEEP_WITH_NOTICE","Caminho válido sem conteúdo específico, coberto por aviso explícito.","Manter visível apenas com aviso específico aprovado.","Aviso específico e decisão explícita registados em v0.9.7."
"strength>place_home_equipped>bodyweight>upper>forearm_hand>forearm_flexors","strength","place_home_equipped","bodyweight","upper / forearm_hand / forearm_flexors","Os filtros atuais estão demasiado restritos. Limpa filtros ou usa uma categoria geral relacionada.","KEEP_WITH_NOTICE","Caminho válido sem conteúdo específico, coberto por aviso explícito.","Manter visível apenas com aviso específico aprovado.","Aviso específico e decisão explícita registados em v0.9.7."
"strength>place_home_equipped>bodyweight>upper>forearm_hand>forearm_extensors","strength","place_home_equipped","bodyweight","upper / forearm_hand / forearm_extensors","Os filtros atuais estão demasiado restritos. Limpa filtros ou usa uma categoria geral relacionada.","KEEP_WITH_NOTICE","Caminho válido sem conteúdo específico, coberto por aviso explícito.","Manter visível apenas com aviso específico aprovado.","Aviso específico e decisão explícita registados em v0.9.7."
"strength>place_home_equipped>bodyweight>upper>forearm_hand>pronators","strength","place_home_equipped","bodyweight","upper / forearm_hand / pronators","Os filtros atuais estão demasiado restritos. Limpa filtros ou usa uma categoria geral relacionada.","KEEP_WITH_NOTICE","Caminho válido sem conteúdo específico, coberto por aviso explícito.","Manter visível apenas com aviso específico aprovado.","Aviso específico e decisão explícita registados em v0.9.7."
"strength>place_home_equipped>bodyweight>upper>forearm_hand>supinators","strength","place_home_equipped","bodyweight","upper / forearm_hand / supinators","Os filtros atuais estão demasiado restritos. Limpa filtros ou usa uma categoria geral relacionada.","KEEP_WITH_NOTICE","Caminho válido sem conteúdo específico, coberto por aviso explícito.","Manter visível apenas com aviso específico aprovado.","Aviso específico e decisão explícita registados em v0.9.7."
"strength>place_home_equipped>bodyweight>upper>forearm_hand>wrist","strength","place_home_equipped","bodyweight","upper / forearm_hand / wrist","Os filtros atuais estão demasiado restritos. Limpa filtros ou usa uma categoria geral relacionada.","KEEP_WITH_NOTICE","Caminho válido sem conteúdo específico, coberto por aviso explícito.","Manter visível apenas com aviso específico aprovado.","Aviso específico e decisão explícita registados em v0.9.7."
"strength>place_home_equipped>bodyweight>upper>forearm_hand>fingers","strength","place_home_equipped","bodyweight","upper / forearm_hand / fingers","Os filtros atuais estão demasiado restritos. Limpa filtros ou usa uma categoria geral relacionada.","KEEP_WITH_NOTICE","Caminho válido sem conteúdo específico, coberto por aviso explícito.","Manter visível apenas com aviso específico aprovado.","Aviso específico e decisão explícita registados em v0.9.7."
"strength>place_home_equipped>bodyweight>upper>forearm_hand>support_grip","strength","place_home_equipped","bodyweight","upper / forearm_hand / support_grip","Os filtros atuais estão demasiado restritos. Limpa filtros ou usa uma categoria geral relacionada.","KEEP_WITH_NOTICE","Caminho válido sem conteúdo específico, coberto por aviso explícito.","Manter visível apenas com aviso específico aprovado.","Aviso específico e decisão explícita registados em v0.9.7."
"strength>place_home_equipped>bodyweight>upper>forearm_hand>pinch_grip","strength","place_home_equipped","bodyweight","upper / forearm_hand / pinch_grip","Os filtros atuais estão demasiado restritos. Limpa filtros ou usa uma categoria geral relacionada.","KEEP_WITH_NOTICE","Caminho válido sem conteúdo específico, coberto por aviso explícito.","Manter visível apenas com aviso específico aprovado.","Aviso específico e decisão explícita registados em v0.9.7."
"strength>place_home_equipped>bodyweight>upper>forearm_hand>general_grip","strength","place_home_equipped","bodyweight","upper / forearm_hand / general_grip","Os filtros atuais estão demasiado restritos. Limpa filtros ou usa uma categoria geral relacionada.","KEEP_WITH_NOTICE","Caminho válido sem conteúdo específico, coberto por aviso explícito.","Manter visível apenas com aviso específico aprovado.","Aviso específico e decisão explícita registados em v0.9.7."
"strength>place_home_equipped>bodyweight>core","strength","place_home_equipped","bodyweight","core","Os filtros atuais estão demasiado restritos. Limpa filtros ou usa uma categoria geral relacionada.","KEEP_WITH_NOTICE","Caminho válido sem conteúdo específico, coberto por aviso explícito.","Manter visível apenas com aviso específico aprovado.","Aviso específico e decisão explícita registados em v0.9.7."
"strength>place_home_equipped>bodyweight>core>abdominal","strength","place_home_equipped","bodyweight","core / abdominal","Os filtros atuais estão demasiado restritos. Limpa filtros ou usa uma categoria geral relacionada.","KEEP_WITH_NOTICE","Caminho válido sem conteúdo específico, coberto por aviso explícito.","Manter visível apenas com aviso específico aprovado.","Aviso específico e decisão explícita registados em v0.9.7."
"strength>place_home_equipped>bodyweight>core>obliques","strength","place_home_equipped","bodyweight","core / obliques","Os filtros atuais estão demasiado restritos. Limpa filtros ou usa uma categoria geral relacionada.","KEEP_WITH_NOTICE","Caminho válido sem conteúdo específico, coberto por aviso explícito.","Manter visível apenas com aviso específico aprovado.","Aviso específico e decisão explícita registados em v0.9.7."
"strength>place_home_equipped>bodyweight>core>transverse_abs","strength","place_home_equipped","bodyweight","core / transverse_abs","Os filtros atuais estão demasiado restritos. Limpa filtros ou usa uma categoria geral relacionada.","KEEP_WITH_NOTICE","Caminho válido sem conteúdo específico, coberto por aviso explícito.","Manter visível apenas com aviso específico aprovado.","Aviso específico e decisão explícita registados em v0.9.7."
"strength>place_home_equipped>bodyweight>core>low_back","strength","place_home_equipped","bodyweight","core / low_back","Os filtros atuais estão demasiado restritos. Limpa filtros ou usa uma categoria geral relacionada.","KEEP_WITH_NOTICE","Caminho válido sem conteúdo específico, coberto por aviso explícito.","Manter visível apenas com aviso específico aprovado.","Aviso específico e decisão explícita registados em v0.9.7."
"strength>place_home_equipped>bodyweight>core>core_stability","strength","place_home_equipped","bodyweight","core / core_stability","Os filtros atuais estão demasiado restritos. Limpa filtros ou usa uma categoria geral relacionada.","KEEP_WITH_NOTICE","Caminho válido sem conteúdo específico, coberto por aviso explícito.","Manter visível apenas com aviso específico aprovado.","Aviso específico e decisão explícita registados em v0.9.7."
"strength>place_home_equipped>bodyweight>core>anti_rotation","strength","place_home_equipped","bodyweight","core / anti_rotation","Os filtros atuais estão demasiado restritos. Limpa filtros ou usa uma categoria geral relacionada.","KEEP_WITH_NOTICE","Caminho válido sem conteúdo específico, coberto por aviso explícito.","Manter visível apenas com aviso específico aprovado.","Aviso específico e decisão explícita registados em v0.9.7."
"strength>place_home_equipped>bodyweight>core>anti_extension","strength","place_home_equipped","bodyweight","core / anti_extension","Os filtros atuais estão demasiado restritos. Limpa filtros ou usa uma categoria geral relacionada.","KEEP_WITH_NOTICE","Caminho válido sem conteúdo específico, coberto por aviso explícito.","Manter visível apenas com aviso específico aprovado.","Aviso específico e decisão explícita registados em v0.9.7."
"strength>place_home_equipped>bodyweight>core>anti_lateral_flexion","strength","place_home_equipped","bodyweight","core / anti_lateral_flexion","Os filtros atuais estão demasiado restritos. Limpa filtros ou usa uma categoria geral relacionada.","KEEP_WITH_NOTICE","Caminho válido sem conteúdo específico, coberto por aviso explícito.","Manter visível apenas com aviso específico aprovado.","Aviso específico e decisão explícita registados em v0.9.7."
"strength>place_gym>bodyweight>full_body","strength","place_gym","bodyweight","full_body","Os filtros atuais estão demasiado restritos. Limpa filtros ou usa uma categoria geral relacionada.","KEEP_WITH_NOTICE","Caminho válido sem conteúdo específico, coberto por aviso explícito.","Manter visível apenas com aviso específico aprovado.","Aviso específico e decisão explícita registados em v0.9.7."
"strength>place_gym>floor>full_body","strength","place_gym","floor","full_body","Os filtros atuais estão demasiado restritos. Limpa filtros ou usa uma categoria geral relacionada.","KEEP_WITH_NOTICE","Caminho válido sem conteúdo específico, coberto por aviso explícito.","Manter visível apenas com aviso específico aprovado.","Aviso específico e decisão explícita registados em v0.9.7."
"strength>place_gym>free_space>full_body","strength","place_gym","free_space","full_body","Este foco tem exercícios relacionados, mas nenhum compatível com o equipamento/local selecionado.","KEEP_WITH_NOTICE","Caminho válido sem conteúdo específico, coberto por aviso explícito.","Manter visível apenas com aviso específico aprovado.","Aviso específico e decisão explícita registados em v0.9.7."
"strength>place_gym>mat>full_body","strength","place_gym","mat","full_body","Os filtros atuais estão demasiado restritos. Limpa filtros ou usa uma categoria geral relacionada.","KEEP_WITH_NOTICE","Caminho válido sem conteúdo específico, coberto por aviso explícito.","Manter visível apenas com aviso específico aprovado.","Aviso específico e decisão explícita registados em v0.9.7."
"strength>place_gym>dumbbells>full_body","strength","place_gym","dumbbells","full_body","Este foco tem exercícios relacionados, mas nenhum compatível com o equipamento/local selecionado.","KEEP_WITH_NOTICE","Caminho válido sem conteúdo específico, coberto por aviso explícito.","Manter visível apenas com aviso específico aprovado.","Aviso específico e decisão explícita registados em v0.9.7."
"strength>place_gym>barbell>full_body","strength","place_gym","barbell","full_body","Este foco tem exercícios relacionados, mas nenhum compatível com o equipamento/local selecionado.","KEEP_WITH_NOTICE","Caminho válido sem conteúdo específico, coberto por aviso explícito.","Manter visível apenas com aviso específico aprovado.","Aviso específico e decisão explícita registados em v0.9.7."
"strength>place_gym>plates>full_body","strength","place_gym","plates","full_body","Este foco tem exercícios relacionados, mas nenhum compatível com o equipamento/local selecionado.","KEEP_WITH_NOTICE","Caminho válido sem conteúdo específico, coberto por aviso explícito.","Manter visível apenas com aviso específico aprovado.","Aviso específico e decisão explícita registados em v0.9.7."
"strength>place_gym>kettlebell>full_body","strength","place_gym","kettlebell","full_body","Este foco tem exercícios relacionados, mas nenhum compatível com o equipamento/local selecionado.","KEEP_WITH_NOTICE","Caminho válido sem conteúdo específico, coberto por aviso explícito.","Manter visível apenas com aviso específico aprovado.","Aviso específico e decisão explícita registados em v0.9.7."
"strength>place_gym>medicine_ball>full_body","strength","place_gym","medicine_ball","full_body","Este catálogo específico ainda está incompleto e fica marcado para expansão futura.","NEEDS_CONTENT_IN_V099","Lacuna real de catálogo, reservada para expansão aprovada.","Criar proposta de conteúdo para v0.9.9 antes de adicionar exercícios.","Aviso específico e decisão explícita registados em v0.9.7."
"strength>place_gym>pullup_bar>full_body","strength","place_gym","pullup_bar","full_body","Este foco tem exercícios relacionados, mas nenhum compatível com o equipamento/local selecionado.","KEEP_WITH_NOTICE","Caminho válido sem conteúdo específico, coberto por aviso explícito.","Manter visível apenas com aviso específico aprovado.","Aviso específico e decisão explícita registados em v0.9.7."
"strength>place_gym>parallel_bars>full_body","strength","place_gym","parallel_bars","full_body","Este foco tem exercícios relacionados, mas nenhum compatível com o equipamento/local selecionado.","KEEP_WITH_NOTICE","Caminho válido sem conteúdo específico, coberto por aviso explícito.","Manter visível apenas com aviso específico aprovado.","Aviso específico e decisão explícita registados em v0.9.7."
"strength>place_gym>bands>full_body","strength","place_gym","bands","full_body","Este foco tem exercícios relacionados, mas nenhum compatível com o equipamento/local selecionado.","KEEP_WITH_NOTICE","Caminho válido sem conteúdo específico, coberto por aviso explícito.","Manter visível apenas com aviso específico aprovado.","Aviso específico e decisão explícita registados em v0.9.7."
"strength>place_gym>machine>full_body","strength","place_gym","machine","full_body","Este foco tem exercícios relacionados, mas nenhum compatível com o equipamento/local selecionado.","KEEP_WITH_NOTICE","Caminho válido sem conteúdo específico, coberto por aviso explícito.","Manter visível apenas com aviso específico aprovado.","Aviso específico e decisão explícita registados em v0.9.7."
"strength>place_gym>high_cable>full_body","strength","place_gym","high_cable","full_body","Este foco tem exercícios relacionados, mas nenhum compatível com o equipamento/local selecionado.","KEEP_WITH_NOTICE","Caminho válido sem conteúdo específico, coberto por aviso explícito.","Manter visível apenas com aviso específico aprovado.","Aviso específico e decisão explícita registados em v0.9.7."
"strength>place_gym>low_cable>full_body","strength","place_gym","low_cable","full_body","Este foco tem exercícios relacionados, mas nenhum compatível com o equipamento/local selecionado.","KEEP_WITH_NOTICE","Caminho válido sem conteúdo específico, coberto por aviso explícito.","Manter visível apenas com aviso específico aprovado.","Aviso específico e decisão explícita registados em v0.9.7."
"strength>place_gym>adjustable_cable>full_body","strength","place_gym","adjustable_cable","full_body","Este foco tem exercícios relacionados, mas nenhum compatível com o equipamento/local selecionado.","KEEP_WITH_NOTICE","Caminho válido sem conteúdo específico, coberto por aviso explícito.","Manter visível apenas com aviso específico aprovado.","Aviso específico e decisão explícita registados em v0.9.7."
"strength>place_gym>lat_pulldown>full_body","strength","place_gym","lat_pulldown","full_body","Esta opção ainda não está disponível nesta versão porque não tem exercícios específicos aprovados.","HIDE_UNTIL_CONTENT_EXISTS","Opção comum sem conteúdo específico aprovado.","Ocultar a opção numa fase futura se continuar sem conteúdo.","Aviso específico e decisão explícita registados em v0.9.7."
"strength>place_gym>seated_row_machine>full_body","strength","place_gym","seated_row_machine","full_body","Este foco tem exercícios relacionados, mas nenhum compatível com o equipamento/local selecionado.","KEEP_WITH_NOTICE","Caminho válido sem conteúdo específico, coberto por aviso explícito.","Manter visível apenas com aviso específico aprovado.","Aviso específico e decisão explícita registados em v0.9.7."
"strength>place_gym>chest_press_machine>full_body","strength","place_gym","chest_press_machine","full_body","Este foco tem exercícios relacionados, mas nenhum compatível com o equipamento/local selecionado.","KEEP_WITH_NOTICE","Caminho válido sem conteúdo específico, coberto por aviso explícito.","Manter visível apenas com aviso específico aprovado.","Aviso específico e decisão explícita registados em v0.9.7."
"strength>place_gym>shoulder_press_machine>full_body","strength","place_gym","shoulder_press_machine","full_body","Este foco tem exercícios relacionados, mas nenhum compatível com o equipamento/local selecionado.","KEEP_WITH_NOTICE","Caminho válido sem conteúdo específico, coberto por aviso explícito.","Manter visível apenas com aviso específico aprovado.","Aviso específico e decisão explícita registados em v0.9.7."
"strength>place_gym>leg_press>full_body","strength","place_gym","leg_press","full_body","Esta opção ainda não está disponível nesta versão porque não tem exercícios específicos aprovados.","HIDE_UNTIL_CONTENT_EXISTS","Opção comum sem conteúdo específico aprovado.","Ocultar a opção numa fase futura se continuar sem conteúdo.","Aviso específico e decisão explícita registados em v0.9.7."
"strength>place_gym>leg_extension>full_body","strength","place_gym","leg_extension","full_body","Esta opção ainda não está disponível nesta versão porque não tem exercícios específicos aprovados.","HIDE_UNTIL_CONTENT_EXISTS","Opção comum sem conteúdo específico aprovado.","Ocultar a opção numa fase futura se continuar sem conteúdo.","Aviso específico e decisão explícita registados em v0.9.7."
"strength>place_gym>leg_curl>full_body","strength","place_gym","leg_curl","full_body","Esta opção ainda não está disponível nesta versão porque não tem exercícios específicos aprovados.","HIDE_UNTIL_CONTENT_EXISTS","Opção comum sem conteúdo específico aprovado.","Ocultar a opção numa fase futura se continuar sem conteúdo.","Aviso específico e decisão explícita registados em v0.9.7."
"strength>place_gym>abductor_machine>full_body","strength","place_gym","abductor_machine","full_body","Este foco tem exercícios relacionados, mas nenhum compatível com o equipamento/local selecionado.","KEEP_WITH_NOTICE","Caminho válido sem conteúdo específico, coberto por aviso explícito.","Manter visível apenas com aviso específico aprovado.","Aviso específico e decisão explícita registados em v0.9.7."
"strength>place_gym>adductor_machine>full_body","strength","place_gym","adductor_machine","full_body","Este foco tem exercícios relacionados, mas nenhum compatível com o equipamento/local selecionado.","KEEP_WITH_NOTICE","Caminho válido sem conteúdo específico, coberto por aviso explícito.","Manter visível apenas com aviso específico aprovado.","Aviso específico e decisão explícita registados em v0.9.7."
"strength>place_gym>smith_machine>full_body","strength","place_gym","smith_machine","full_body","Esta opção ainda não está disponível nesta versão porque não tem exercícios específicos aprovados.","HIDE_UNTIL_CONTENT_EXISTS","Opção comum sem conteúdo específico aprovado.","Ocultar a opção numa fase futura se continuar sem conteúdo.","Aviso específico e decisão explícita registados em v0.9.7."
"strength>place_gym>squat_rack>full_body","strength","place_gym","squat_rack","full_body","Este foco tem exercícios relacionados, mas nenhum compatível com o equipamento/local selecionado.","KEEP_WITH_NOTICE","Caminho válido sem conteúdo específico, coberto por aviso explícito.","Manter visível apenas com aviso específico aprovado.","Aviso específico e decisão explícita registados em v0.9.7."
"strength>place_gym>adjustable_bench>full_body","strength","place_gym","adjustable_bench","full_body","Este foco tem exercícios relacionados, mas nenhum compatível com o equipamento/local selecionado.","KEEP_WITH_NOTICE","Caminho válido sem conteúdo específico, coberto por aviso explícito.","Manter visível apenas com aviso específico aprovado.","Aviso específico e decisão explícita registados em v0.9.7."
"strength>place_gym>flat_bench>full_body","strength","place_gym","flat_bench","full_body","Este foco tem exercícios relacionados, mas nenhum compatível com o equipamento/local selecionado.","KEEP_WITH_NOTICE","Caminho válido sem conteúdo específico, coberto por aviso explícito.","Manter visível apenas com aviso específico aprovado.","Aviso específico e decisão explícita registados em v0.9.7."
"strength>place_gym>incline_bench>full_body","strength","place_gym","incline_bench","full_body","Este foco tem exercícios relacionados, mas nenhum compatível com o equipamento/local selecionado.","KEEP_WITH_NOTICE","Caminho válido sem conteúdo específico, coberto por aviso explícito.","Manter visível apenas com aviso específico aprovado.","Aviso específico e decisão explícita registados em v0.9.7."
"strength>place_gym>decline_bench>full_body","strength","place_gym","decline_bench","full_body","Este foco tem exercícios relacionados, mas nenhum compatível com o equipamento/local selecionado.","KEEP_WITH_NOTICE","Caminho válido sem conteúdo específico, coberto por aviso explícito.","Manter visível apenas com aviso específico aprovado.","Aviso específico e decisão explícita registados em v0.9.7."
"strength>place_gym>treadmill>full_body","strength","place_gym","treadmill","full_body","Esta combinação de menu não deve ser usada diretamente nesta versão.","INVALID_MENU_ROUTE","Combinação visível demasiado artificial para o fluxo real.","Remover a rota gerada da matriz se a UI real não a permitir.","Aviso específico e decisão explícita registados em v0.9.7."
"strength>place_gym>bike>full_body","strength","place_gym","bike","full_body","Este foco tem exercícios relacionados, mas nenhum compatível com o equipamento/local selecionado.","KEEP_WITH_NOTICE","Caminho válido sem conteúdo específico, coberto por aviso explícito.","Manter visível apenas com aviso específico aprovado.","Aviso específico e decisão explícita registados em v0.9.7."
"strength>place_gym>elliptical>full_body","strength","place_gym","elliptical","full_body","Este foco tem exercícios relacionados, mas nenhum compatível com o equipamento/local selecionado.","KEEP_WITH_NOTICE","Caminho válido sem conteúdo específico, coberto por aviso explícito.","Manter visível apenas com aviso específico aprovado.","Aviso específico e decisão explícita registados em v0.9.7."
"strength>place_gym>rower>full_body","strength","place_gym","rower","full_body","Este foco tem exercícios relacionados, mas nenhum compatível com o equipamento/local selecionado.","KEEP_WITH_NOTICE","Caminho válido sem conteúdo específico, coberto por aviso explícito.","Manter visível apenas com aviso específico aprovado.","Aviso específico e decisão explícita registados em v0.9.7."
"strength>place_gym>stepper>full_body","strength","place_gym","stepper","full_body","Este foco tem exercícios relacionados, mas nenhum compatível com o equipamento/local selecionado.","KEEP_WITH_NOTICE","Caminho válido sem conteúdo específico, coberto por aviso explícito.","Manter visível apenas com aviso específico aprovado.","Aviso específico e decisão explícita registados em v0.9.7."
"strength>place_gym>air_bike>full_body","strength","place_gym","air_bike","full_body","Este foco tem exercícios relacionados, mas nenhum compatível com o equipamento/local selecionado.","KEEP_WITH_NOTICE","Caminho válido sem conteúdo específico, coberto por aviso explícito.","Manter visível apenas com aviso específico aprovado.","Aviso específico e decisão explícita registados em v0.9.7."
"strength>place_gym>jump_rope>full_body","strength","place_gym","jump_rope","full_body","Este foco tem exercícios relacionados, mas nenhum compatível com o equipamento/local selecionado.","KEEP_WITH_NOTICE","Caminho válido sem conteúdo específico, coberto por aviso explícito.","Manter visível apenas com aviso específico aprovado.","Aviso específico e decisão explícita registados em v0.9.7."
"strength>place_gym>broomstick>full_body","strength","place_gym","broomstick","full_body","Este foco tem exercícios relacionados, mas nenhum compatível com o equipamento/local selecionado.","KEEP_WITH_NOTICE","Caminho válido sem conteúdo específico, coberto por aviso explícito.","Manter visível apenas com aviso específico aprovado.","Aviso específico e decisão explícita registados em v0.9.7."
"strength>place_gym>bench>full_body","strength","place_gym","bench","full_body","Este foco tem exercícios relacionados, mas nenhum compatível com o equipamento/local selecionado.","KEEP_WITH_NOTICE","Caminho válido sem conteúdo específico, coberto por aviso explícito.","Manter visível apenas com aviso específico aprovado.","Aviso específico e decisão explícita registados em v0.9.7."
"strength>place_gym>chair_support>full_body","strength","place_gym","chair_support","full_body","Este foco tem exercícios relacionados, mas nenhum compatível com o equipamento/local selecionado.","KEEP_WITH_NOTICE","Caminho válido sem conteúdo específico, coberto por aviso explícito.","Manter visível apenas com aviso específico aprovado.","Aviso específico e decisão explícita registados em v0.9.7."
"strength>place_gym>stable_step>full_body","strength","place_gym","stable_step","full_body","Este foco tem exercícios relacionados, mas nenhum compatível com o equipamento/local selecionado.","KEEP_WITH_NOTICE","Caminho válido sem conteúdo específico, coberto por aviso explícito.","Manter visível apenas com aviso específico aprovado.","Aviso específico e decisão explícita registados em v0.9.7."
"strength>place_gym>wall>full_body","strength","place_gym","wall","full_body","Os filtros atuais estão demasiado restritos. Limpa filtros ou usa uma categoria geral relacionada.","KEEP_WITH_NOTICE","Caminho válido sem conteúdo específico, coberto por aviso explícito.","Manter visível apenas com aviso específico aprovado.","Aviso específico e decisão explícita registados em v0.9.7."
"strength>place_gym>bodyweight>upper>neck>neck_complete","strength","place_gym","bodyweight","upper / neck / neck_complete","Os filtros atuais estão demasiado restritos. Limpa filtros ou usa uma categoria geral relacionada.","KEEP_WITH_NOTICE","Caminho válido sem conteúdo específico, coberto por aviso explícito.","Manter visível apenas com aviso específico aprovado.","Aviso específico e decisão explícita registados em v0.9.7."
"strength>place_gym>bodyweight>upper>neck>anterior_neck","strength","place_gym","bodyweight","upper / neck / anterior_neck","Os filtros atuais estão demasiado restritos. Limpa filtros ou usa uma categoria geral relacionada.","KEEP_WITH_NOTICE","Caminho válido sem conteúdo específico, coberto por aviso explícito.","Manter visível apenas com aviso específico aprovado.","Aviso específico e decisão explícita registados em v0.9.7."
"strength>place_gym>bodyweight>upper>neck>posterior_neck","strength","place_gym","bodyweight","upper / neck / posterior_neck","Os filtros atuais estão demasiado restritos. Limpa filtros ou usa uma categoria geral relacionada.","KEEP_WITH_NOTICE","Caminho válido sem conteúdo específico, coberto por aviso explícito.","Manter visível apenas com aviso específico aprovado.","Aviso específico e decisão explícita registados em v0.9.7."
"strength>place_gym>bodyweight>upper>neck>lateral_neck","strength","place_gym","bodyweight","upper / neck / lateral_neck","Os filtros atuais estão demasiado restritos. Limpa filtros ou usa uma categoria geral relacionada.","KEEP_WITH_NOTICE","Caminho válido sem conteúdo específico, coberto por aviso explícito.","Manter visível apenas com aviso específico aprovado.","Aviso específico e decisão explícita registados em v0.9.7."
"strength>place_gym>bodyweight>upper>neck>cervical_stabilizers","strength","place_gym","bodyweight","upper / neck / cervical_stabilizers","Os filtros atuais estão demasiado restritos. Limpa filtros ou usa uma categoria geral relacionada.","KEEP_WITH_NOTICE","Caminho válido sem conteúdo específico, coberto por aviso explícito.","Manter visível apenas com aviso específico aprovado.","Aviso específico e decisão explícita registados em v0.9.7."
"strength>place_gym>bodyweight>upper>traps_scapula>traps_complete","strength","place_gym","bodyweight","upper / traps_scapula / traps_complete","Os filtros atuais estão demasiado restritos. Limpa filtros ou usa uma categoria geral relacionada.","KEEP_WITH_NOTICE","Caminho válido sem conteúdo específico, coberto por aviso explícito.","Manter visível apenas com aviso específico aprovado.","Aviso específico e decisão explícita registados em v0.9.7."
"strength>place_gym>bodyweight>upper>traps_scapula>upper_traps","strength","place_gym","bodyweight","upper / traps_scapula / upper_traps","Os filtros atuais estão demasiado restritos. Limpa filtros ou usa uma categoria geral relacionada.","KEEP_WITH_NOTICE","Caminho válido sem conteúdo específico, coberto por aviso explícito.","Manter visível apenas com aviso específico aprovado.","Aviso específico e decisão explícita registados em v0.9.7."
"strength>place_gym>bodyweight>upper>traps_scapula>mid_traps","strength","place_gym","bodyweight","upper / traps_scapula / mid_traps","Os filtros atuais estão demasiado restritos. Limpa filtros ou usa uma categoria geral relacionada.","KEEP_WITH_NOTICE","Caminho válido sem conteúdo específico, coberto por aviso explícito.","Manter visível apenas com aviso específico aprovado.","Aviso específico e decisão explícita registados em v0.9.7."
"strength>place_gym>bodyweight>upper>traps_scapula>lower_traps","strength","place_gym","bodyweight","upper / traps_scapula / lower_traps","Os filtros atuais estão demasiado restritos. Limpa filtros ou usa uma categoria geral relacionada.","KEEP_WITH_NOTICE","Caminho válido sem conteúdo específico, coberto por aviso explícito.","Manter visível apenas com aviso específico aprovado.","Aviso específico e decisão explícita registados em v0.9.7."
"strength>place_gym>bodyweight>upper>traps_scapula>scapular_stability","strength","place_gym","bodyweight","upper / traps_scapula / scapular_stability","Os filtros atuais estão demasiado restritos. Limpa filtros ou usa uma categoria geral relacionada.","KEEP_WITH_NOTICE","Caminho válido sem conteúdo específico, coberto por aviso explícito.","Manter visível apenas com aviso específico aprovado.","Aviso específico e decisão explícita registados em v0.9.7."
"strength>place_gym>bodyweight>upper>chest>chest_complete","strength","place_gym","bodyweight","upper / chest / chest_complete","Os filtros atuais estão demasiado restritos. Limpa filtros ou usa uma categoria geral relacionada.","KEEP_WITH_NOTICE","Caminho válido sem conteúdo específico, coberto por aviso explícito.","Manter visível apenas com aviso específico aprovado.","Aviso específico e decisão explícita registados em v0.9.7."
"strength>place_gym>bodyweight>upper>back>back_complete","strength","place_gym","bodyweight","upper / back / back_complete","Os filtros atuais estão demasiado restritos. Limpa filtros ou usa uma categoria geral relacionada.","KEEP_WITH_NOTICE","Caminho válido sem conteúdo específico, coberto por aviso explícito.","Manter visível apenas com aviso específico aprovado.","Aviso específico e decisão explícita registados em v0.9.7."
"strength>place_gym>bodyweight>upper>back>back_upper","strength","place_gym","bodyweight","upper / back / back_upper","Os filtros atuais estão demasiado restritos. Limpa filtros ou usa uma categoria geral relacionada.","KEEP_WITH_NOTICE","Caminho válido sem conteúdo específico, coberto por aviso explícito.","Manter visível apenas com aviso específico aprovado.","Aviso específico e decisão explícita registados em v0.9.7."
"strength>place_gym>bodyweight>upper>back>back_upper>upper_traps","strength","place_gym","bodyweight","upper / back / back_upper / upper_traps","Os filtros atuais estão demasiado restritos. Limpa filtros ou usa uma categoria geral relacionada.","KEEP_WITH_NOTICE","Caminho válido sem conteúdo específico, coberto por aviso explícito.","Manter visível apenas com aviso específico aprovado.","Aviso específico e decisão explícita registados em v0.9.7."
"strength>place_gym>bodyweight>upper>back>back_upper>mid_traps","strength","place_gym","bodyweight","upper / back / back_upper / mid_traps","Os filtros atuais estão demasiado restritos. Limpa filtros ou usa uma categoria geral relacionada.","KEEP_WITH_NOTICE","Caminho válido sem conteúdo específico, coberto por aviso explícito.","Manter visível apenas com aviso específico aprovado.","Aviso específico e decisão explícita registados em v0.9.7."
"strength>place_gym>bodyweight>upper>back>back_upper>lower_traps","strength","place_gym","bodyweight","upper / back / back_upper / lower_traps","Os filtros atuais estão demasiado restritos. Limpa filtros ou usa uma categoria geral relacionada.","KEEP_WITH_NOTICE","Caminho válido sem conteúdo específico, coberto por aviso explícito.","Manter visível apenas com aviso específico aprovado.","Aviso específico e decisão explícita registados em v0.9.7."
"strength>place_gym>bodyweight>upper>back>back_upper>rhomboids","strength","place_gym","bodyweight","upper / back / back_upper / rhomboids","Os filtros atuais estão demasiado restritos. Limpa filtros ou usa uma categoria geral relacionada.","KEEP_WITH_NOTICE","Caminho válido sem conteúdo específico, coberto por aviso explícito.","Manter visível apenas com aviso específico aprovado.","Aviso específico e decisão explícita registados em v0.9.7."
"strength>place_gym>bodyweight>upper>back>back_upper>posterior_deltoid","strength","place_gym","bodyweight","upper / back / back_upper / posterior_deltoid","Os filtros atuais estão demasiado restritos. Limpa filtros ou usa uma categoria geral relacionada.","KEEP_WITH_NOTICE","Caminho válido sem conteúdo específico, coberto por aviso explícito.","Manter visível apenas com aviso específico aprovado.","Aviso específico e decisão explícita registados em v0.9.7."
"strength>place_gym>bodyweight>upper>back>back_upper>scapular_stabilizers","strength","place_gym","bodyweight","upper / back / back_upper / scapular_stabilizers","Os filtros atuais estão demasiado restritos. Limpa filtros ou usa uma categoria geral relacionada.","KEEP_WITH_NOTICE","Caminho válido sem conteúdo específico, coberto por aviso explícito.","Manter visível apenas com aviso específico aprovado.","Aviso específico e decisão explícita registados em v0.9.7."
"strength>place_gym>bodyweight>upper>back>back_mid","strength","place_gym","bodyweight","upper / back / back_mid","Os filtros atuais estão demasiado restritos. Limpa filtros ou usa uma categoria geral relacionada.","KEEP_WITH_NOTICE","Caminho válido sem conteúdo específico, coberto por aviso explícito.","Manter visível apenas com aviso específico aprovado.","Aviso específico e decisão explícita registados em v0.9.7."
"strength>place_gym>bodyweight>upper>back>back_mid>rhomboids","strength","place_gym","bodyweight","upper / back / back_mid / rhomboids","Os filtros atuais estão demasiado restritos. Limpa filtros ou usa uma categoria geral relacionada.","KEEP_WITH_NOTICE","Caminho válido sem conteúdo específico, coberto por aviso explícito.","Manter visível apenas com aviso específico aprovado.","Aviso específico e decisão explícita registados em v0.9.7."
"strength>place_gym>bodyweight>upper>back>back_mid>mid_traps","strength","place_gym","bodyweight","upper / back / back_mid / mid_traps","Os filtros atuais estão demasiado restritos. Limpa filtros ou usa uma categoria geral relacionada.","KEEP_WITH_NOTICE","Caminho válido sem conteúdo específico, coberto por aviso explícito.","Manter visível apenas com aviso específico aprovado.","Aviso específico e decisão explícita registados em v0.9.7."
"strength>place_gym>bodyweight>upper>back>back_mid>teres_major","strength","place_gym","bodyweight","upper / back / back_mid / teres_major","Os filtros atuais estão demasiado restritos. Limpa filtros ou usa uma categoria geral relacionada.","KEEP_WITH_NOTICE","Caminho válido sem conteúdo específico, coberto por aviso explícito.","Manter visível apenas com aviso específico aprovado.","Aviso específico e decisão explícita registados em v0.9.7."
"strength>place_gym>bodyweight>upper>back>back_mid>teres_minor","strength","place_gym","bodyweight","upper / back / back_mid / teres_minor","Os filtros atuais estão demasiado restritos. Limpa filtros ou usa uma categoria geral relacionada.","KEEP_WITH_NOTICE","Caminho válido sem conteúdo específico, coberto por aviso explícito.","Manter visível apenas com aviso específico aprovado.","Aviso específico e decisão explícita registados em v0.9.7."
"strength>place_gym>bodyweight>upper>back>back_mid>latissimus_dorsi","strength","place_gym","bodyweight","upper / back / back_mid / latissimus_dorsi","Os filtros atuais estão demasiado restritos. Limpa filtros ou usa uma categoria geral relacionada.","KEEP_WITH_NOTICE","Caminho válido sem conteúdo específico, coberto por aviso explícito.","Manter visível apenas com aviso específico aprovado.","Aviso específico e decisão explícita registados em v0.9.7."
"strength>place_gym>bodyweight>upper>back>back_lower","strength","place_gym","bodyweight","upper / back / back_lower","Os filtros atuais estão demasiado restritos. Limpa filtros ou usa uma categoria geral relacionada.","KEEP_WITH_NOTICE","Caminho válido sem conteúdo específico, coberto por aviso explícito.","Manter visível apenas com aviso específico aprovado.","Aviso específico e decisão explícita registados em v0.9.7."
"strength>place_gym>bodyweight>upper>back>back_lower>erectors","strength","place_gym","bodyweight","upper / back / back_lower / erectors","Os filtros atuais estão demasiado restritos. Limpa filtros ou usa uma categoria geral relacionada.","KEEP_WITH_NOTICE","Caminho válido sem conteúdo específico, coberto por aviso explícito.","Manter visível apenas com aviso específico aprovado.","Aviso específico e decisão explícita registados em v0.9.7."
"strength>place_gym>bodyweight>upper>back>back_lower>lumbar","strength","place_gym","bodyweight","upper / back / back_lower / lumbar","Os filtros atuais estão demasiado restritos. Limpa filtros ou usa uma categoria geral relacionada.","KEEP_WITH_NOTICE","Caminho válido sem conteúdo específico, coberto por aviso explícito.","Manter visível apenas com aviso específico aprovado.","Aviso específico e decisão explícita registados em v0.9.7."
"strength>place_gym>bodyweight>upper>back>back_lower>quadratus_lumborum","strength","place_gym","bodyweight","upper / back / back_lower / quadratus_lumborum","Os filtros atuais estão demasiado restritos. Limpa filtros ou usa uma categoria geral relacionada.","KEEP_WITH_NOTICE","Caminho válido sem conteúdo específico, coberto por aviso explícito.","Manter visível apenas com aviso específico aprovado.","Aviso específico e decisão explícita registados em v0.9.7."
"strength>place_gym>bodyweight>upper>back>back_lower>lumbar_stability","strength","place_gym","bodyweight","upper / back / back_lower / lumbar_stability","Os filtros atuais estão demasiado restritos. Limpa filtros ou usa uma categoria geral relacionada.","KEEP_WITH_NOTICE","Caminho válido sem conteúdo específico, coberto por aviso explícito.","Manter visível apenas com aviso específico aprovado.","Aviso específico e decisão explícita registados em v0.9.7."
"strength>place_gym>bodyweight>upper>back>back_width","strength","place_gym","bodyweight","upper / back / back_width","Os filtros atuais estão demasiado restritos. Limpa filtros ou usa uma categoria geral relacionada.","KEEP_WITH_NOTICE","Caminho válido sem conteúdo específico, coberto por aviso explícito.","Manter visível apenas com aviso específico aprovado.","Aviso específico e decisão explícita registados em v0.9.7."
"strength>place_gym>bodyweight>upper>back>back_width>latissimus_dorsi","strength","place_gym","bodyweight","upper / back / back_width / latissimus_dorsi","Os filtros atuais estão demasiado restritos. Limpa filtros ou usa uma categoria geral relacionada.","KEEP_WITH_NOTICE","Caminho válido sem conteúdo específico, coberto por aviso explícito.","Manter visível apenas com aviso específico aprovado.","Aviso específico e decisão explícita registados em v0.9.7."
"strength>place_gym>bodyweight>upper>back>back_width>teres_major","strength","place_gym","bodyweight","upper / back / back_width / teres_major","Os filtros atuais estão demasiado restritos. Limpa filtros ou usa uma categoria geral relacionada.","KEEP_WITH_NOTICE","Caminho válido sem conteúdo específico, coberto por aviso explícito.","Manter visível apenas com aviso específico aprovado.","Aviso específico e decisão explícita registados em v0.9.7."
"strength>place_gym>bodyweight>upper>back>back_width>vertical_pulls","strength","place_gym","bodyweight","upper / back / back_width / vertical_pulls","Os filtros atuais estão demasiado restritos. Limpa filtros ou usa uma categoria geral relacionada.","KEEP_WITH_NOTICE","Caminho válido sem conteúdo específico, coberto por aviso explícito.","Manter visível apenas com aviso específico aprovado.","Aviso específico e decisão explícita registados em v0.9.7."
"strength>place_gym>bodyweight>upper>back>back_thickness","strength","place_gym","bodyweight","upper / back / back_thickness","Os filtros atuais estão demasiado restritos. Limpa filtros ou usa uma categoria geral relacionada.","KEEP_WITH_NOTICE","Caminho válido sem conteúdo específico, coberto por aviso explícito.","Manter visível apenas com aviso específico aprovado.","Aviso específico e decisão explícita registados em v0.9.7."
"strength>place_gym>bodyweight>upper>back>back_thickness>rhomboids","strength","place_gym","bodyweight","upper / back / back_thickness / rhomboids","Os filtros atuais estão demasiado restritos. Limpa filtros ou usa uma categoria geral relacionada.","KEEP_WITH_NOTICE","Caminho válido sem conteúdo específico, coberto por aviso explícito.","Manter visível apenas com aviso específico aprovado.","Aviso específico e decisão explícita registados em v0.9.7."
"strength>place_gym>bodyweight>upper>back>back_thickness>mid_traps","strength","place_gym","bodyweight","upper / back / back_thickness / mid_traps","Os filtros atuais estão demasiado restritos. Limpa filtros ou usa uma categoria geral relacionada.","KEEP_WITH_NOTICE","Caminho válido sem conteúdo específico, coberto por aviso explícito.","Manter visível apenas com aviso específico aprovado.","Aviso específico e decisão explícita registados em v0.9.7."
"strength>place_gym>bodyweight>upper>back>back_thickness>lower_traps","strength","place_gym","bodyweight","upper / back / back_thickness / lower_traps","Os filtros atuais estão demasiado restritos. Limpa filtros ou usa uma categoria geral relacionada.","KEEP_WITH_NOTICE","Caminho válido sem conteúdo específico, coberto por aviso explícito.","Manter visível apenas com aviso específico aprovado.","Aviso específico e decisão explícita registados em v0.9.7."
"strength>place_gym>bodyweight>upper>back>back_thickness>horizontal_rows","strength","place_gym","bodyweight","upper / back / back_thickness / horizontal_rows","Os filtros atuais estão demasiado restritos. Limpa filtros ou usa uma categoria geral relacionada.","KEEP_WITH_NOTICE","Caminho válido sem conteúdo específico, coberto por aviso explícito.","Manter visível apenas com aviso específico aprovado.","Aviso específico e decisão explícita registados em v0.9.7."
"strength>place_gym>bodyweight>upper>shoulders>shoulders_complete","strength","place_gym","bodyweight","upper / shoulders / shoulders_complete","Os filtros atuais estão demasiado restritos. Limpa filtros ou usa uma categoria geral relacionada.","KEEP_WITH_NOTICE","Caminho válido sem conteúdo específico, coberto por aviso explícito.","Manter visível apenas com aviso específico aprovado.","Aviso específico e decisão explícita registados em v0.9.7."
"strength>place_gym>bodyweight>upper>shoulders>anterior_deltoid","strength","place_gym","bodyweight","upper / shoulders / anterior_deltoid","Os filtros atuais estão demasiado restritos. Limpa filtros ou usa uma categoria geral relacionada.","KEEP_WITH_NOTICE","Caminho válido sem conteúdo específico, coberto por aviso explícito.","Manter visível apenas com aviso específico aprovado.","Aviso específico e decisão explícita registados em v0.9.7."
"strength>place_gym>bodyweight>upper>shoulders>lateral_deltoid","strength","place_gym","bodyweight","upper / shoulders / lateral_deltoid","Os filtros atuais estão demasiado restritos. Limpa filtros ou usa uma categoria geral relacionada.","KEEP_WITH_NOTICE","Caminho válido sem conteúdo específico, coberto por aviso explícito.","Manter visível apenas com aviso específico aprovado.","Aviso específico e decisão explícita registados em v0.9.7."
"strength>place_gym>bodyweight>upper>shoulders>posterior_deltoid","strength","place_gym","bodyweight","upper / shoulders / posterior_deltoid","Os filtros atuais estão demasiado restritos. Limpa filtros ou usa uma categoria geral relacionada.","KEEP_WITH_NOTICE","Caminho válido sem conteúdo específico, coberto por aviso explícito.","Manter visível apenas com aviso específico aprovado.","Aviso específico e decisão explícita registados em v0.9.7."
"strength>place_gym>bodyweight>upper>shoulders>rotator_cuff","strength","place_gym","bodyweight","upper / shoulders / rotator_cuff","Os filtros atuais estão demasiado restritos. Limpa filtros ou usa uma categoria geral relacionada.","KEEP_WITH_NOTICE","Caminho válido sem conteúdo específico, coberto por aviso explícito.","Manter visível apenas com aviso específico aprovado.","Aviso específico e decisão explícita registados em v0.9.7."
"strength>place_gym>bodyweight>upper>shoulders>external_rotators","strength","place_gym","bodyweight","upper / shoulders / external_rotators","Os filtros atuais estão demasiado restritos. Limpa filtros ou usa uma categoria geral relacionada.","KEEP_WITH_NOTICE","Caminho válido sem conteúdo específico, coberto por aviso explícito.","Manter visível apenas com aviso específico aprovado.","Aviso específico e decisão explícita registados em v0.9.7."
"strength>place_gym>bodyweight>upper>shoulders>internal_rotators","strength","place_gym","bodyweight","upper / shoulders / internal_rotators","Os filtros atuais estão demasiado restritos. Limpa filtros ou usa uma categoria geral relacionada.","KEEP_WITH_NOTICE","Caminho válido sem conteúdo específico, coberto por aviso explícito.","Manter visível apenas com aviso específico aprovado.","Aviso específico e decisão explícita registados em v0.9.7."
"strength>place_gym>bodyweight>upper>shoulders>scapular_stability","strength","place_gym","bodyweight","upper / shoulders / scapular_stability","Os filtros atuais estão demasiado restritos. Limpa filtros ou usa uma categoria geral relacionada.","KEEP_WITH_NOTICE","Caminho válido sem conteúdo específico, coberto por aviso explícito.","Manter visível apenas com aviso específico aprovado.","Aviso específico e decisão explícita registados em v0.9.7."
"strength>place_gym>bodyweight>upper>arms>arms_complete","strength","place_gym","bodyweight","upper / arms / arms_complete","Os filtros atuais estão demasiado restritos. Limpa filtros ou usa uma categoria geral relacionada.","KEEP_WITH_NOTICE","Caminho válido sem conteúdo específico, coberto por aviso explícito.","Manter visível apenas com aviso específico aprovado.","Aviso específico e decisão explícita registados em v0.9.7."
"strength>place_gym>bodyweight>upper>arms>upper_arm","strength","place_gym","bodyweight","upper / arms / upper_arm","Os filtros atuais estão demasiado restritos. Limpa filtros ou usa uma categoria geral relacionada.","KEEP_WITH_NOTICE","Caminho válido sem conteúdo específico, coberto por aviso explícito.","Manter visível apenas com aviso específico aprovado.","Aviso específico e decisão explícita registados em v0.9.7."
"strength>place_gym>bodyweight>upper>arms>upper_arm>brachialis","strength","place_gym","bodyweight","upper / arms / upper_arm / brachialis","Os filtros atuais estão demasiado restritos. Limpa filtros ou usa uma categoria geral relacionada.","KEEP_WITH_NOTICE","Caminho válido sem conteúdo específico, coberto por aviso explícito.","Manter visível apenas com aviso específico aprovado.","Aviso específico e decisão explícita registados em v0.9.7."
"strength>place_gym>bodyweight>upper>arms>upper_arm>brachioradialis","strength","place_gym","bodyweight","upper / arms / upper_arm / brachioradialis","Os filtros atuais estão demasiado restritos. Limpa filtros ou usa uma categoria geral relacionada.","KEEP_WITH_NOTICE","Caminho válido sem conteúdo específico, coberto por aviso explícito.","Manter visível apenas com aviso específico aprovado.","Aviso específico e decisão explícita registados em v0.9.7."
"strength>place_gym>bodyweight>upper>arms>upper_arm>triceps_long","strength","place_gym","bodyweight","upper / arms / upper_arm / triceps_long","Os filtros atuais estão demasiado restritos. Limpa filtros ou usa uma categoria geral relacionada.","KEEP_WITH_NOTICE","Caminho válido sem conteúdo específico, coberto por aviso explícito.","Manter visível apenas com aviso específico aprovado.","Aviso específico e decisão explícita registados em v0.9.7."
"strength>place_gym>bodyweight>upper>arms>upper_arm>triceps_lateral","strength","place_gym","bodyweight","upper / arms / upper_arm / triceps_lateral","Os filtros atuais estão demasiado restritos. Limpa filtros ou usa uma categoria geral relacionada.","KEEP_WITH_NOTICE","Caminho válido sem conteúdo específico, coberto por aviso explícito.","Manter visível apenas com aviso específico aprovado.","Aviso específico e decisão explícita registados em v0.9.7."
"strength>place_gym>bodyweight>upper>arms>upper_arm>triceps_medial","strength","place_gym","bodyweight","upper / arms / upper_arm / triceps_medial","Os filtros atuais estão demasiado restritos. Limpa filtros ou usa uma categoria geral relacionada.","KEEP_WITH_NOTICE","Caminho válido sem conteúdo específico, coberto por aviso explícito.","Manter visível apenas com aviso específico aprovado.","Aviso específico e decisão explícita registados em v0.9.7."
"strength>place_gym>bodyweight>upper>arms>forearm_hand","strength","place_gym","bodyweight","upper / arms / forearm_hand","Os filtros atuais estão demasiado restritos. Limpa filtros ou usa uma categoria geral relacionada.","KEEP_WITH_NOTICE","Caminho válido sem conteúdo específico, coberto por aviso explícito.","Manter visível apenas com aviso específico aprovado.","Aviso específico e decisão explícita registados em v0.9.7."
"strength>place_gym>bodyweight>upper>arms>forearm_hand>forearm_complete","strength","place_gym","bodyweight","upper / arms / forearm_hand / forearm_complete","Os filtros atuais estão demasiado restritos. Limpa filtros ou usa uma categoria geral relacionada.","KEEP_WITH_NOTICE","Caminho válido sem conteúdo específico, coberto por aviso explícito.","Manter visível apenas com aviso específico aprovado.","Aviso específico e decisão explícita registados em v0.9.7."
"strength>place_gym>bodyweight>upper>arms>forearm_hand>forearm_flexors","strength","place_gym","bodyweight","upper / arms / forearm_hand / forearm_flexors","Os filtros atuais estão demasiado restritos. Limpa filtros ou usa uma categoria geral relacionada.","KEEP_WITH_NOTICE","Caminho válido sem conteúdo específico, coberto por aviso explícito.","Manter visível apenas com aviso específico aprovado.","Aviso específico e decisão explícita registados em v0.9.7."
"strength>place_gym>bodyweight>upper>arms>forearm_hand>forearm_extensors","strength","place_gym","bodyweight","upper / arms / forearm_hand / forearm_extensors","Os filtros atuais estão demasiado restritos. Limpa filtros ou usa uma categoria geral relacionada.","KEEP_WITH_NOTICE","Caminho válido sem conteúdo específico, coberto por aviso explícito.","Manter visível apenas com aviso específico aprovado.","Aviso específico e decisão explícita registados em v0.9.7."
"strength>place_gym>bodyweight>upper>arms>forearm_hand>pronators","strength","place_gym","bodyweight","upper / arms / forearm_hand / pronators","Os filtros atuais estão demasiado restritos. Limpa filtros ou usa uma categoria geral relacionada.","KEEP_WITH_NOTICE","Caminho válido sem conteúdo específico, coberto por aviso explícito.","Manter visível apenas com aviso específico aprovado.","Aviso específico e decisão explícita registados em v0.9.7."
"strength>place_gym>bodyweight>upper>arms>forearm_hand>supinators","strength","place_gym","bodyweight","upper / arms / forearm_hand / supinators","Os filtros atuais estão demasiado restritos. Limpa filtros ou usa uma categoria geral relacionada.","KEEP_WITH_NOTICE","Caminho válido sem conteúdo específico, coberto por aviso explícito.","Manter visível apenas com aviso específico aprovado.","Aviso específico e decisão explícita registados em v0.9.7."
"strength>place_gym>bodyweight>upper>arms>forearm_hand>wrist","strength","place_gym","bodyweight","upper / arms / forearm_hand / wrist","Os filtros atuais estão demasiado restritos. Limpa filtros ou usa uma categoria geral relacionada.","KEEP_WITH_NOTICE","Caminho válido sem conteúdo específico, coberto por aviso explícito.","Manter visível apenas com aviso específico aprovado.","Aviso específico e decisão explícita registados em v0.9.7."
"strength>place_gym>bodyweight>upper>arms>forearm_hand>fingers","strength","place_gym","bodyweight","upper / arms / forearm_hand / fingers","Os filtros atuais estão demasiado restritos. Limpa filtros ou usa uma categoria geral relacionada.","KEEP_WITH_NOTICE","Caminho válido sem conteúdo específico, coberto por aviso explícito.","Manter visível apenas com aviso específico aprovado.","Aviso específico e decisão explícita registados em v0.9.7."
"strength>place_gym>bodyweight>upper>arms>forearm_hand>support_grip","strength","place_gym","bodyweight","upper / arms / forearm_hand / support_grip","Os filtros atuais estão demasiado restritos. Limpa filtros ou usa uma categoria geral relacionada.","KEEP_WITH_NOTICE","Caminho válido sem conteúdo específico, coberto por aviso explícito.","Manter visível apenas com aviso específico aprovado.","Aviso específico e decisão explícita registados em v0.9.7."
"strength>place_gym>bodyweight>upper>arms>forearm_hand>pinch_grip","strength","place_gym","bodyweight","upper / arms / forearm_hand / pinch_grip","Os filtros atuais estão demasiado restritos. Limpa filtros ou usa uma categoria geral relacionada.","KEEP_WITH_NOTICE","Caminho válido sem conteúdo específico, coberto por aviso explícito.","Manter visível apenas com aviso específico aprovado.","Aviso específico e decisão explícita registados em v0.9.7."
"strength>place_gym>bodyweight>upper>arms>forearm_hand>general_grip","strength","place_gym","bodyweight","upper / arms / forearm_hand / general_grip","Os filtros atuais estão demasiado restritos. Limpa filtros ou usa uma categoria geral relacionada.","KEEP_WITH_NOTICE","Caminho válido sem conteúdo específico, coberto por aviso explícito.","Manter visível apenas com aviso específico aprovado.","Aviso específico e decisão explícita registados em v0.9.7."
"strength>place_gym>bodyweight>upper>forearm_hand>forearm_complete","strength","place_gym","bodyweight","upper / forearm_hand / forearm_complete","Os filtros atuais estão demasiado restritos. Limpa filtros ou usa uma categoria geral relacionada.","KEEP_WITH_NOTICE","Caminho válido sem conteúdo específico, coberto por aviso explícito.","Manter visível apenas com aviso específico aprovado.","Aviso específico e decisão explícita registados em v0.9.7."
"strength>place_gym>bodyweight>upper>forearm_hand>forearm_flexors","strength","place_gym","bodyweight","upper / forearm_hand / forearm_flexors","Os filtros atuais estão demasiado restritos. Limpa filtros ou usa uma categoria geral relacionada.","KEEP_WITH_NOTICE","Caminho válido sem conteúdo específico, coberto por aviso explícito.","Manter visível apenas com aviso específico aprovado.","Aviso específico e decisão explícita registados em v0.9.7."
"strength>place_gym>bodyweight>upper>forearm_hand>forearm_extensors","strength","place_gym","bodyweight","upper / forearm_hand / forearm_extensors","Os filtros atuais estão demasiado restritos. Limpa filtros ou usa uma categoria geral relacionada.","KEEP_WITH_NOTICE","Caminho válido sem conteúdo específico, coberto por aviso explícito.","Manter visível apenas com aviso específico aprovado.","Aviso específico e decisão explícita registados em v0.9.7."
"strength>place_gym>bodyweight>upper>forearm_hand>pronators","strength","place_gym","bodyweight","upper / forearm_hand / pronators","Os filtros atuais estão demasiado restritos. Limpa filtros ou usa uma categoria geral relacionada.","KEEP_WITH_NOTICE","Caminho válido sem conteúdo específico, coberto por aviso explícito.","Manter visível apenas com aviso específico aprovado.","Aviso específico e decisão explícita registados em v0.9.7."
"strength>place_gym>bodyweight>upper>forearm_hand>supinators","strength","place_gym","bodyweight","upper / forearm_hand / supinators","Os filtros atuais estão demasiado restritos. Limpa filtros ou usa uma categoria geral relacionada.","KEEP_WITH_NOTICE","Caminho válido sem conteúdo específico, coberto por aviso explícito.","Manter visível apenas com aviso específico aprovado.","Aviso específico e decisão explícita registados em v0.9.7."
"strength>place_gym>bodyweight>upper>forearm_hand>wrist","strength","place_gym","bodyweight","upper / forearm_hand / wrist","Os filtros atuais estão demasiado restritos. Limpa filtros ou usa uma categoria geral relacionada.","KEEP_WITH_NOTICE","Caminho válido sem conteúdo específico, coberto por aviso explícito.","Manter visível apenas com aviso específico aprovado.","Aviso específico e decisão explícita registados em v0.9.7."
"strength>place_gym>bodyweight>upper>forearm_hand>fingers","strength","place_gym","bodyweight","upper / forearm_hand / fingers","Os filtros atuais estão demasiado restritos. Limpa filtros ou usa uma categoria geral relacionada.","KEEP_WITH_NOTICE","Caminho válido sem conteúdo específico, coberto por aviso explícito.","Manter visível apenas com aviso específico aprovado.","Aviso específico e decisão explícita registados em v0.9.7."
"strength>place_gym>bodyweight>upper>forearm_hand>support_grip","strength","place_gym","bodyweight","upper / forearm_hand / support_grip","Os filtros atuais estão demasiado restritos. Limpa filtros ou usa uma categoria geral relacionada.","KEEP_WITH_NOTICE","Caminho válido sem conteúdo específico, coberto por aviso explícito.","Manter visível apenas com aviso específico aprovado.","Aviso específico e decisão explícita registados em v0.9.7."
"strength>place_gym>bodyweight>upper>forearm_hand>pinch_grip","strength","place_gym","bodyweight","upper / forearm_hand / pinch_grip","Os filtros atuais estão demasiado restritos. Limpa filtros ou usa uma categoria geral relacionada.","KEEP_WITH_NOTICE","Caminho válido sem conteúdo específico, coberto por aviso explícito.","Manter visível apenas com aviso específico aprovado.","Aviso específico e decisão explícita registados em v0.9.7."
"strength>place_gym>bodyweight>upper>forearm_hand>general_grip","strength","place_gym","bodyweight","upper / forearm_hand / general_grip","Os filtros atuais estão demasiado restritos. Limpa filtros ou usa uma categoria geral relacionada.","KEEP_WITH_NOTICE","Caminho válido sem conteúdo específico, coberto por aviso explícito.","Manter visível apenas com aviso específico aprovado.","Aviso específico e decisão explícita registados em v0.9.7."
"strength>place_gym>bodyweight>core","strength","place_gym","bodyweight","core","Os filtros atuais estão demasiado restritos. Limpa filtros ou usa uma categoria geral relacionada.","KEEP_WITH_NOTICE","Caminho válido sem conteúdo específico, coberto por aviso explícito.","Manter visível apenas com aviso específico aprovado.","Aviso específico e decisão explícita registados em v0.9.7."
"strength>place_gym>bodyweight>core>abdominal","strength","place_gym","bodyweight","core / abdominal","Os filtros atuais estão demasiado restritos. Limpa filtros ou usa uma categoria geral relacionada.","KEEP_WITH_NOTICE","Caminho válido sem conteúdo específico, coberto por aviso explícito.","Manter visível apenas com aviso específico aprovado.","Aviso específico e decisão explícita registados em v0.9.7."
"strength>place_gym>bodyweight>core>obliques","strength","place_gym","bodyweight","core / obliques","Os filtros atuais estão demasiado restritos. Limpa filtros ou usa uma categoria geral relacionada.","KEEP_WITH_NOTICE","Caminho válido sem conteúdo específico, coberto por aviso explícito.","Manter visível apenas com aviso específico aprovado.","Aviso específico e decisão explícita registados em v0.9.7."
"strength>place_gym>bodyweight>core>transverse_abs","strength","place_gym","bodyweight","core / transverse_abs","Os filtros atuais estão demasiado restritos. Limpa filtros ou usa uma categoria geral relacionada.","KEEP_WITH_NOTICE","Caminho válido sem conteúdo específico, coberto por aviso explícito.","Manter visível apenas com aviso específico aprovado.","Aviso específico e decisão explícita registados em v0.9.7."
"strength>place_gym>bodyweight>core>low_back","strength","place_gym","bodyweight","core / low_back","Os filtros atuais estão demasiado restritos. Limpa filtros ou usa uma categoria geral relacionada.","KEEP_WITH_NOTICE","Caminho válido sem conteúdo específico, coberto por aviso explícito.","Manter visível apenas com aviso específico aprovado.","Aviso específico e decisão explícita registados em v0.9.7."
"strength>place_gym>bodyweight>core>core_stability","strength","place_gym","bodyweight","core / core_stability","Os filtros atuais estão demasiado restritos. Limpa filtros ou usa uma categoria geral relacionada.","KEEP_WITH_NOTICE","Caminho válido sem conteúdo específico, coberto por aviso explícito.","Manter visível apenas com aviso específico aprovado.","Aviso específico e decisão explícita registados em v0.9.7."
"strength>place_gym>bodyweight>core>anti_rotation","strength","place_gym","bodyweight","core / anti_rotation","Os filtros atuais estão demasiado restritos. Limpa filtros ou usa uma categoria geral relacionada.","KEEP_WITH_NOTICE","Caminho válido sem conteúdo específico, coberto por aviso explícito.","Manter visível apenas com aviso específico aprovado.","Aviso específico e decisão explícita registados em v0.9.7."
"strength>place_gym>bodyweight>core>anti_extension","strength","place_gym","bodyweight","core / anti_extension","Os filtros atuais estão demasiado restritos. Limpa filtros ou usa uma categoria geral relacionada.","KEEP_WITH_NOTICE","Caminho válido sem conteúdo específico, coberto por aviso explícito.","Manter visível apenas com aviso específico aprovado.","Aviso específico e decisão explícita registados em v0.9.7."
"strength>place_gym>bodyweight>core>anti_lateral_flexion","strength","place_gym","bodyweight","core / anti_lateral_flexion","Os filtros atuais estão demasiado restritos. Limpa filtros ou usa uma categoria geral relacionada.","KEEP_WITH_NOTICE","Caminho válido sem conteúdo específico, coberto por aviso explícito.","Manter visível apenas com aviso específico aprovado.","Aviso específico e decisão explícita registados em v0.9.7."
"strength>place_dojo>bodyweight>full_body","strength","place_dojo","bodyweight","full_body","Os filtros atuais estão demasiado restritos. Limpa filtros ou usa uma categoria geral relacionada.","KEEP_WITH_NOTICE","Caminho válido sem conteúdo específico, coberto por aviso explícito.","Manter visível apenas com aviso específico aprovado.","Aviso específico e decisão explícita registados em v0.9.7."
"strength>place_dojo>floor>full_body","strength","place_dojo","floor","full_body","Os filtros atuais estão demasiado restritos. Limpa filtros ou usa uma categoria geral relacionada.","KEEP_WITH_NOTICE","Caminho válido sem conteúdo específico, coberto por aviso explícito.","Manter visível apenas com aviso específico aprovado.","Aviso específico e decisão explícita registados em v0.9.7."
"strength>place_dojo>wall>full_body","strength","place_dojo","wall","full_body","Os filtros atuais estão demasiado restritos. Limpa filtros ou usa uma categoria geral relacionada.","KEEP_WITH_NOTICE","Caminho válido sem conteúdo específico, coberto por aviso explícito.","Manter visível apenas com aviso específico aprovado.","Aviso específico e decisão explícita registados em v0.9.7."
"strength>place_dojo>tatami>full_body","strength","place_dojo","tatami","full_body","Este foco tem exercícios relacionados, mas nenhum compatível com o equipamento/local selecionado.","KEEP_WITH_NOTICE","Caminho válido sem conteúdo específico, coberto por aviso explícito.","Manter visível apenas com aviso específico aprovado.","Aviso específico e decisão explícita registados em v0.9.7."
"strength>place_dojo>bodyweight>upper>neck>neck_complete","strength","place_dojo","bodyweight","upper / neck / neck_complete","Os filtros atuais estão demasiado restritos. Limpa filtros ou usa uma categoria geral relacionada.","KEEP_WITH_NOTICE","Caminho válido sem conteúdo específico, coberto por aviso explícito.","Manter visível apenas com aviso específico aprovado.","Aviso específico e decisão explícita registados em v0.9.7."
"strength>place_dojo>bodyweight>upper>neck>anterior_neck","strength","place_dojo","bodyweight","upper / neck / anterior_neck","Os filtros atuais estão demasiado restritos. Limpa filtros ou usa uma categoria geral relacionada.","KEEP_WITH_NOTICE","Caminho válido sem conteúdo específico, coberto por aviso explícito.","Manter visível apenas com aviso específico aprovado.","Aviso específico e decisão explícita registados em v0.9.7."
"strength>place_dojo>bodyweight>upper>neck>posterior_neck","strength","place_dojo","bodyweight","upper / neck / posterior_neck","Os filtros atuais estão demasiado restritos. Limpa filtros ou usa uma categoria geral relacionada.","KEEP_WITH_NOTICE","Caminho válido sem conteúdo específico, coberto por aviso explícito.","Manter visível apenas com aviso específico aprovado.","Aviso específico e decisão explícita registados em v0.9.7."
"strength>place_dojo>bodyweight>upper>neck>lateral_neck","strength","place_dojo","bodyweight","upper / neck / lateral_neck","Os filtros atuais estão demasiado restritos. Limpa filtros ou usa uma categoria geral relacionada.","KEEP_WITH_NOTICE","Caminho válido sem conteúdo específico, coberto por aviso explícito.","Manter visível apenas com aviso específico aprovado.","Aviso específico e decisão explícita registados em v0.9.7."
"strength>place_dojo>bodyweight>upper>neck>cervical_stabilizers","strength","place_dojo","bodyweight","upper / neck / cervical_stabilizers","Os filtros atuais estão demasiado restritos. Limpa filtros ou usa uma categoria geral relacionada.","KEEP_WITH_NOTICE","Caminho válido sem conteúdo específico, coberto por aviso explícito.","Manter visível apenas com aviso específico aprovado.","Aviso específico e decisão explícita registados em v0.9.7."
"strength>place_dojo>bodyweight>upper>traps_scapula","strength","place_dojo","bodyweight","upper / traps_scapula","Os filtros atuais estão demasiado restritos. Limpa filtros ou usa uma categoria geral relacionada.","KEEP_WITH_NOTICE","Caminho válido sem conteúdo específico, coberto por aviso explícito.","Manter visível apenas com aviso específico aprovado.","Aviso específico e decisão explícita registados em v0.9.7."
"strength>place_dojo>bodyweight>upper>traps_scapula>traps_complete","strength","place_dojo","bodyweight","upper / traps_scapula / traps_complete","Os filtros atuais estão demasiado restritos. Limpa filtros ou usa uma categoria geral relacionada.","KEEP_WITH_NOTICE","Caminho válido sem conteúdo específico, coberto por aviso explícito.","Manter visível apenas com aviso específico aprovado.","Aviso específico e decisão explícita registados em v0.9.7."
"strength>place_dojo>bodyweight>upper>traps_scapula>upper_traps","strength","place_dojo","bodyweight","upper / traps_scapula / upper_traps","Os filtros atuais estão demasiado restritos. Limpa filtros ou usa uma categoria geral relacionada.","KEEP_WITH_NOTICE","Caminho válido sem conteúdo específico, coberto por aviso explícito.","Manter visível apenas com aviso específico aprovado.","Aviso específico e decisão explícita registados em v0.9.7."
"strength>place_dojo>bodyweight>upper>traps_scapula>mid_traps","strength","place_dojo","bodyweight","upper / traps_scapula / mid_traps","Os filtros atuais estão demasiado restritos. Limpa filtros ou usa uma categoria geral relacionada.","KEEP_WITH_NOTICE","Caminho válido sem conteúdo específico, coberto por aviso explícito.","Manter visível apenas com aviso específico aprovado.","Aviso específico e decisão explícita registados em v0.9.7."
"strength>place_dojo>bodyweight>upper>traps_scapula>lower_traps","strength","place_dojo","bodyweight","upper / traps_scapula / lower_traps","Os filtros atuais estão demasiado restritos. Limpa filtros ou usa uma categoria geral relacionada.","KEEP_WITH_NOTICE","Caminho válido sem conteúdo específico, coberto por aviso explícito.","Manter visível apenas com aviso específico aprovado.","Aviso específico e decisão explícita registados em v0.9.7."
"strength>place_dojo>bodyweight>upper>traps_scapula>scapular_stability","strength","place_dojo","bodyweight","upper / traps_scapula / scapular_stability","Os filtros atuais estão demasiado restritos. Limpa filtros ou usa uma categoria geral relacionada.","KEEP_WITH_NOTICE","Caminho válido sem conteúdo específico, coberto por aviso explícito.","Manter visível apenas com aviso específico aprovado.","Aviso específico e decisão explícita registados em v0.9.7."
"strength>place_dojo>bodyweight>upper>chest>chest_complete","strength","place_dojo","bodyweight","upper / chest / chest_complete","Os filtros atuais estão demasiado restritos. Limpa filtros ou usa uma categoria geral relacionada.","KEEP_WITH_NOTICE","Caminho válido sem conteúdo específico, coberto por aviso explícito.","Manter visível apenas com aviso específico aprovado.","Aviso específico e decisão explícita registados em v0.9.7."
"strength>place_dojo>bodyweight>upper>back>back_complete","strength","place_dojo","bodyweight","upper / back / back_complete","Os filtros atuais estão demasiado restritos. Limpa filtros ou usa uma categoria geral relacionada.","KEEP_WITH_NOTICE","Caminho válido sem conteúdo específico, coberto por aviso explícito.","Manter visível apenas com aviso específico aprovado.","Aviso específico e decisão explícita registados em v0.9.7."
"strength>place_dojo>bodyweight>upper>back>back_upper","strength","place_dojo","bodyweight","upper / back / back_upper","Os filtros atuais estão demasiado restritos. Limpa filtros ou usa uma categoria geral relacionada.","KEEP_WITH_NOTICE","Caminho válido sem conteúdo específico, coberto por aviso explícito.","Manter visível apenas com aviso específico aprovado.","Aviso específico e decisão explícita registados em v0.9.7."
"strength>place_dojo>bodyweight>upper>back>back_upper>upper_traps","strength","place_dojo","bodyweight","upper / back / back_upper / upper_traps","Os filtros atuais estão demasiado restritos. Limpa filtros ou usa uma categoria geral relacionada.","KEEP_WITH_NOTICE","Caminho válido sem conteúdo específico, coberto por aviso explícito.","Manter visível apenas com aviso específico aprovado.","Aviso específico e decisão explícita registados em v0.9.7."
"strength>place_dojo>bodyweight>upper>back>back_upper>mid_traps","strength","place_dojo","bodyweight","upper / back / back_upper / mid_traps","Os filtros atuais estão demasiado restritos. Limpa filtros ou usa uma categoria geral relacionada.","KEEP_WITH_NOTICE","Caminho válido sem conteúdo específico, coberto por aviso explícito.","Manter visível apenas com aviso específico aprovado.","Aviso específico e decisão explícita registados em v0.9.7."
"strength>place_dojo>bodyweight>upper>back>back_upper>lower_traps","strength","place_dojo","bodyweight","upper / back / back_upper / lower_traps","Os filtros atuais estão demasiado restritos. Limpa filtros ou usa uma categoria geral relacionada.","KEEP_WITH_NOTICE","Caminho válido sem conteúdo específico, coberto por aviso explícito.","Manter visível apenas com aviso específico aprovado.","Aviso específico e decisão explícita registados em v0.9.7."
"strength>place_dojo>bodyweight>upper>back>back_upper>rhomboids","strength","place_dojo","bodyweight","upper / back / back_upper / rhomboids","Os filtros atuais estão demasiado restritos. Limpa filtros ou usa uma categoria geral relacionada.","KEEP_WITH_NOTICE","Caminho válido sem conteúdo específico, coberto por aviso explícito.","Manter visível apenas com aviso específico aprovado.","Aviso específico e decisão explícita registados em v0.9.7."
"strength>place_dojo>bodyweight>upper>back>back_upper>posterior_deltoid","strength","place_dojo","bodyweight","upper / back / back_upper / posterior_deltoid","Os filtros atuais estão demasiado restritos. Limpa filtros ou usa uma categoria geral relacionada.","KEEP_WITH_NOTICE","Caminho válido sem conteúdo específico, coberto por aviso explícito.","Manter visível apenas com aviso específico aprovado.","Aviso específico e decisão explícita registados em v0.9.7."
"strength>place_dojo>bodyweight>upper>back>back_upper>scapular_stabilizers","strength","place_dojo","bodyweight","upper / back / back_upper / scapular_stabilizers","Os filtros atuais estão demasiado restritos. Limpa filtros ou usa uma categoria geral relacionada.","KEEP_WITH_NOTICE","Caminho válido sem conteúdo específico, coberto por aviso explícito.","Manter visível apenas com aviso específico aprovado.","Aviso específico e decisão explícita registados em v0.9.7."
"strength>place_dojo>bodyweight>upper>back>back_mid","strength","place_dojo","bodyweight","upper / back / back_mid","Os filtros atuais estão demasiado restritos. Limpa filtros ou usa uma categoria geral relacionada.","KEEP_WITH_NOTICE","Caminho válido sem conteúdo específico, coberto por aviso explícito.","Manter visível apenas com aviso específico aprovado.","Aviso específico e decisão explícita registados em v0.9.7."
"strength>place_dojo>bodyweight>upper>back>back_mid>rhomboids","strength","place_dojo","bodyweight","upper / back / back_mid / rhomboids","Os filtros atuais estão demasiado restritos. Limpa filtros ou usa uma categoria geral relacionada.","KEEP_WITH_NOTICE","Caminho válido sem conteúdo específico, coberto por aviso explícito.","Manter visível apenas com aviso específico aprovado.","Aviso específico e decisão explícita registados em v0.9.7."
"strength>place_dojo>bodyweight>upper>back>back_mid>mid_traps","strength","place_dojo","bodyweight","upper / back / back_mid / mid_traps","Os filtros atuais estão demasiado restritos. Limpa filtros ou usa uma categoria geral relacionada.","KEEP_WITH_NOTICE","Caminho válido sem conteúdo específico, coberto por aviso explícito.","Manter visível apenas com aviso específico aprovado.","Aviso específico e decisão explícita registados em v0.9.7."
"strength>place_dojo>bodyweight>upper>back>back_mid>teres_major","strength","place_dojo","bodyweight","upper / back / back_mid / teres_major","Os filtros atuais estão demasiado restritos. Limpa filtros ou usa uma categoria geral relacionada.","KEEP_WITH_NOTICE","Caminho válido sem conteúdo específico, coberto por aviso explícito.","Manter visível apenas com aviso específico aprovado.","Aviso específico e decisão explícita registados em v0.9.7."
"strength>place_dojo>bodyweight>upper>back>back_mid>teres_minor","strength","place_dojo","bodyweight","upper / back / back_mid / teres_minor","Os filtros atuais estão demasiado restritos. Limpa filtros ou usa uma categoria geral relacionada.","KEEP_WITH_NOTICE","Caminho válido sem conteúdo específico, coberto por aviso explícito.","Manter visível apenas com aviso específico aprovado.","Aviso específico e decisão explícita registados em v0.9.7."
"strength>place_dojo>bodyweight>upper>back>back_mid>latissimus_dorsi","strength","place_dojo","bodyweight","upper / back / back_mid / latissimus_dorsi","Os filtros atuais estão demasiado restritos. Limpa filtros ou usa uma categoria geral relacionada.","KEEP_WITH_NOTICE","Caminho válido sem conteúdo específico, coberto por aviso explícito.","Manter visível apenas com aviso específico aprovado.","Aviso específico e decisão explícita registados em v0.9.7."
"strength>place_dojo>bodyweight>upper>back>back_lower","strength","place_dojo","bodyweight","upper / back / back_lower","Os filtros atuais estão demasiado restritos. Limpa filtros ou usa uma categoria geral relacionada.","KEEP_WITH_NOTICE","Caminho válido sem conteúdo específico, coberto por aviso explícito.","Manter visível apenas com aviso específico aprovado.","Aviso específico e decisão explícita registados em v0.9.7."
"strength>place_dojo>bodyweight>upper>back>back_lower>erectors","strength","place_dojo","bodyweight","upper / back / back_lower / erectors","Os filtros atuais estão demasiado restritos. Limpa filtros ou usa uma categoria geral relacionada.","KEEP_WITH_NOTICE","Caminho válido sem conteúdo específico, coberto por aviso explícito.","Manter visível apenas com aviso específico aprovado.","Aviso específico e decisão explícita registados em v0.9.7."
"strength>place_dojo>bodyweight>upper>back>back_lower>lumbar","strength","place_dojo","bodyweight","upper / back / back_lower / lumbar","Os filtros atuais estão demasiado restritos. Limpa filtros ou usa uma categoria geral relacionada.","KEEP_WITH_NOTICE","Caminho válido sem conteúdo específico, coberto por aviso explícito.","Manter visível apenas com aviso específico aprovado.","Aviso específico e decisão explícita registados em v0.9.7."
"strength>place_dojo>bodyweight>upper>back>back_lower>quadratus_lumborum","strength","place_dojo","bodyweight","upper / back / back_lower / quadratus_lumborum","Os filtros atuais estão demasiado restritos. Limpa filtros ou usa uma categoria geral relacionada.","KEEP_WITH_NOTICE","Caminho válido sem conteúdo específico, coberto por aviso explícito.","Manter visível apenas com aviso específico aprovado.","Aviso específico e decisão explícita registados em v0.9.7."
"strength>place_dojo>bodyweight>upper>back>back_lower>lumbar_stability","strength","place_dojo","bodyweight","upper / back / back_lower / lumbar_stability","Os filtros atuais estão demasiado restritos. Limpa filtros ou usa uma categoria geral relacionada.","KEEP_WITH_NOTICE","Caminho válido sem conteúdo específico, coberto por aviso explícito.","Manter visível apenas com aviso específico aprovado.","Aviso específico e decisão explícita registados em v0.9.7."
"strength>place_dojo>bodyweight>upper>back>back_width","strength","place_dojo","bodyweight","upper / back / back_width","Os filtros atuais estão demasiado restritos. Limpa filtros ou usa uma categoria geral relacionada.","KEEP_WITH_NOTICE","Caminho válido sem conteúdo específico, coberto por aviso explícito.","Manter visível apenas com aviso específico aprovado.","Aviso específico e decisão explícita registados em v0.9.7."
"strength>place_dojo>bodyweight>upper>back>back_width>latissimus_dorsi","strength","place_dojo","bodyweight","upper / back / back_width / latissimus_dorsi","Os filtros atuais estão demasiado restritos. Limpa filtros ou usa uma categoria geral relacionada.","KEEP_WITH_NOTICE","Caminho válido sem conteúdo específico, coberto por aviso explícito.","Manter visível apenas com aviso específico aprovado.","Aviso específico e decisão explícita registados em v0.9.7."
"strength>place_dojo>bodyweight>upper>back>back_width>teres_major","strength","place_dojo","bodyweight","upper / back / back_width / teres_major","Os filtros atuais estão demasiado restritos. Limpa filtros ou usa uma categoria geral relacionada.","KEEP_WITH_NOTICE","Caminho válido sem conteúdo específico, coberto por aviso explícito.","Manter visível apenas com aviso específico aprovado.","Aviso específico e decisão explícita registados em v0.9.7."
"strength>place_dojo>bodyweight>upper>back>back_width>vertical_pulls","strength","place_dojo","bodyweight","upper / back / back_width / vertical_pulls","Os filtros atuais estão demasiado restritos. Limpa filtros ou usa uma categoria geral relacionada.","KEEP_WITH_NOTICE","Caminho válido sem conteúdo específico, coberto por aviso explícito.","Manter visível apenas com aviso específico aprovado.","Aviso específico e decisão explícita registados em v0.9.7."
"strength>place_dojo>bodyweight>upper>back>back_thickness","strength","place_dojo","bodyweight","upper / back / back_thickness","Os filtros atuais estão demasiado restritos. Limpa filtros ou usa uma categoria geral relacionada.","KEEP_WITH_NOTICE","Caminho válido sem conteúdo específico, coberto por aviso explícito.","Manter visível apenas com aviso específico aprovado.","Aviso específico e decisão explícita registados em v0.9.7."
"strength>place_dojo>bodyweight>upper>back>back_thickness>rhomboids","strength","place_dojo","bodyweight","upper / back / back_thickness / rhomboids","Os filtros atuais estão demasiado restritos. Limpa filtros ou usa uma categoria geral relacionada.","KEEP_WITH_NOTICE","Caminho válido sem conteúdo específico, coberto por aviso explícito.","Manter visível apenas com aviso específico aprovado.","Aviso específico e decisão explícita registados em v0.9.7."
"strength>place_dojo>bodyweight>upper>back>back_thickness>mid_traps","strength","place_dojo","bodyweight","upper / back / back_thickness / mid_traps","Os filtros atuais estão demasiado restritos. Limpa filtros ou usa uma categoria geral relacionada.","KEEP_WITH_NOTICE","Caminho válido sem conteúdo específico, coberto por aviso explícito.","Manter visível apenas com aviso específico aprovado.","Aviso específico e decisão explícita registados em v0.9.7."
"strength>place_dojo>bodyweight>upper>back>back_thickness>lower_traps","strength","place_dojo","bodyweight","upper / back / back_thickness / lower_traps","Os filtros atuais estão demasiado restritos. Limpa filtros ou usa uma categoria geral relacionada.","KEEP_WITH_NOTICE","Caminho válido sem conteúdo específico, coberto por aviso explícito.","Manter visível apenas com aviso específico aprovado.","Aviso específico e decisão explícita registados em v0.9.7."
"strength>place_dojo>bodyweight>upper>back>back_thickness>horizontal_rows","strength","place_dojo","bodyweight","upper / back / back_thickness / horizontal_rows","Os filtros atuais estão demasiado restritos. Limpa filtros ou usa uma categoria geral relacionada.","KEEP_WITH_NOTICE","Caminho válido sem conteúdo específico, coberto por aviso explícito.","Manter visível apenas com aviso específico aprovado.","Aviso específico e decisão explícita registados em v0.9.7."
"strength>place_dojo>bodyweight>upper>shoulders>shoulders_complete","strength","place_dojo","bodyweight","upper / shoulders / shoulders_complete","Os filtros atuais estão demasiado restritos. Limpa filtros ou usa uma categoria geral relacionada.","KEEP_WITH_NOTICE","Caminho válido sem conteúdo específico, coberto por aviso explícito.","Manter visível apenas com aviso específico aprovado.","Aviso específico e decisão explícita registados em v0.9.7."
"strength>place_dojo>bodyweight>upper>shoulders>anterior_deltoid","strength","place_dojo","bodyweight","upper / shoulders / anterior_deltoid","Os filtros atuais estão demasiado restritos. Limpa filtros ou usa uma categoria geral relacionada.","KEEP_WITH_NOTICE","Caminho válido sem conteúdo específico, coberto por aviso explícito.","Manter visível apenas com aviso específico aprovado.","Aviso específico e decisão explícita registados em v0.9.7."
"strength>place_dojo>bodyweight>upper>shoulders>lateral_deltoid","strength","place_dojo","bodyweight","upper / shoulders / lateral_deltoid","Os filtros atuais estão demasiado restritos. Limpa filtros ou usa uma categoria geral relacionada.","KEEP_WITH_NOTICE","Caminho válido sem conteúdo específico, coberto por aviso explícito.","Manter visível apenas com aviso específico aprovado.","Aviso específico e decisão explícita registados em v0.9.7."
"strength>place_dojo>bodyweight>upper>shoulders>posterior_deltoid","strength","place_dojo","bodyweight","upper / shoulders / posterior_deltoid","Os filtros atuais estão demasiado restritos. Limpa filtros ou usa uma categoria geral relacionada.","KEEP_WITH_NOTICE","Caminho válido sem conteúdo específico, coberto por aviso explícito.","Manter visível apenas com aviso específico aprovado.","Aviso específico e decisão explícita registados em v0.9.7."
"strength>place_dojo>bodyweight>upper>shoulders>rotator_cuff","strength","place_dojo","bodyweight","upper / shoulders / rotator_cuff","Os filtros atuais estão demasiado restritos. Limpa filtros ou usa uma categoria geral relacionada.","KEEP_WITH_NOTICE","Caminho válido sem conteúdo específico, coberto por aviso explícito.","Manter visível apenas com aviso específico aprovado.","Aviso específico e decisão explícita registados em v0.9.7."
"strength>place_dojo>bodyweight>upper>shoulders>external_rotators","strength","place_dojo","bodyweight","upper / shoulders / external_rotators","Os filtros atuais estão demasiado restritos. Limpa filtros ou usa uma categoria geral relacionada.","KEEP_WITH_NOTICE","Caminho válido sem conteúdo específico, coberto por aviso explícito.","Manter visível apenas com aviso específico aprovado.","Aviso específico e decisão explícita registados em v0.9.7."
"strength>place_dojo>bodyweight>upper>shoulders>internal_rotators","strength","place_dojo","bodyweight","upper / shoulders / internal_rotators","Os filtros atuais estão demasiado restritos. Limpa filtros ou usa uma categoria geral relacionada.","KEEP_WITH_NOTICE","Caminho válido sem conteúdo específico, coberto por aviso explícito.","Manter visível apenas com aviso específico aprovado.","Aviso específico e decisão explícita registados em v0.9.7."
"strength>place_dojo>bodyweight>upper>shoulders>scapular_stability","strength","place_dojo","bodyweight","upper / shoulders / scapular_stability","Os filtros atuais estão demasiado restritos. Limpa filtros ou usa uma categoria geral relacionada.","KEEP_WITH_NOTICE","Caminho válido sem conteúdo específico, coberto por aviso explícito.","Manter visível apenas com aviso específico aprovado.","Aviso específico e decisão explícita registados em v0.9.7."
"strength>place_dojo>bodyweight>upper>arms>arms_complete","strength","place_dojo","bodyweight","upper / arms / arms_complete","Os filtros atuais estão demasiado restritos. Limpa filtros ou usa uma categoria geral relacionada.","KEEP_WITH_NOTICE","Caminho válido sem conteúdo específico, coberto por aviso explícito.","Manter visível apenas com aviso específico aprovado.","Aviso específico e decisão explícita registados em v0.9.7."
"strength>place_dojo>bodyweight>upper>arms>upper_arm","strength","place_dojo","bodyweight","upper / arms / upper_arm","Os filtros atuais estão demasiado restritos. Limpa filtros ou usa uma categoria geral relacionada.","KEEP_WITH_NOTICE","Caminho válido sem conteúdo específico, coberto por aviso explícito.","Manter visível apenas com aviso específico aprovado.","Aviso específico e decisão explícita registados em v0.9.7."
"strength>place_dojo>bodyweight>upper>arms>upper_arm>biceps_brachii","strength","place_dojo","bodyweight","upper / arms / upper_arm / biceps_brachii","Os filtros atuais estão demasiado restritos. Limpa filtros ou usa uma categoria geral relacionada.","KEEP_WITH_NOTICE","Caminho válido sem conteúdo específico, coberto por aviso explícito.","Manter visível apenas com aviso específico aprovado.","Aviso específico e decisão explícita registados em v0.9.7."
"strength>place_dojo>bodyweight>upper>arms>upper_arm>brachialis","strength","place_dojo","bodyweight","upper / arms / upper_arm / brachialis","Os filtros atuais estão demasiado restritos. Limpa filtros ou usa uma categoria geral relacionada.","KEEP_WITH_NOTICE","Caminho válido sem conteúdo específico, coberto por aviso explícito.","Manter visível apenas com aviso específico aprovado.","Aviso específico e decisão explícita registados em v0.9.7."
"strength>place_dojo>bodyweight>upper>arms>upper_arm>brachioradialis","strength","place_dojo","bodyweight","upper / arms / upper_arm / brachioradialis","Os filtros atuais estão demasiado restritos. Limpa filtros ou usa uma categoria geral relacionada.","KEEP_WITH_NOTICE","Caminho válido sem conteúdo específico, coberto por aviso explícito.","Manter visível apenas com aviso específico aprovado.","Aviso específico e decisão explícita registados em v0.9.7."
"strength>place_dojo>bodyweight>upper>arms>upper_arm>triceps_long","strength","place_dojo","bodyweight","upper / arms / upper_arm / triceps_long","Os filtros atuais estão demasiado restritos. Limpa filtros ou usa uma categoria geral relacionada.","KEEP_WITH_NOTICE","Caminho válido sem conteúdo específico, coberto por aviso explícito.","Manter visível apenas com aviso específico aprovado.","Aviso específico e decisão explícita registados em v0.9.7."
"strength>place_dojo>bodyweight>upper>arms>upper_arm>triceps_lateral","strength","place_dojo","bodyweight","upper / arms / upper_arm / triceps_lateral","Os filtros atuais estão demasiado restritos. Limpa filtros ou usa uma categoria geral relacionada.","KEEP_WITH_NOTICE","Caminho válido sem conteúdo específico, coberto por aviso explícito.","Manter visível apenas com aviso específico aprovado.","Aviso específico e decisão explícita registados em v0.9.7."
"strength>place_dojo>bodyweight>upper>arms>upper_arm>triceps_medial","strength","place_dojo","bodyweight","upper / arms / upper_arm / triceps_medial","Os filtros atuais estão demasiado restritos. Limpa filtros ou usa uma categoria geral relacionada.","KEEP_WITH_NOTICE","Caminho válido sem conteúdo específico, coberto por aviso explícito.","Manter visível apenas com aviso específico aprovado.","Aviso específico e decisão explícita registados em v0.9.7."
"strength>place_dojo>bodyweight>upper>arms>forearm_hand","strength","place_dojo","bodyweight","upper / arms / forearm_hand","Os filtros atuais estão demasiado restritos. Limpa filtros ou usa uma categoria geral relacionada.","KEEP_WITH_NOTICE","Caminho válido sem conteúdo específico, coberto por aviso explícito.","Manter visível apenas com aviso específico aprovado.","Aviso específico e decisão explícita registados em v0.9.7."
"strength>place_dojo>bodyweight>upper>arms>forearm_hand>forearm_complete","strength","place_dojo","bodyweight","upper / arms / forearm_hand / forearm_complete","Os filtros atuais estão demasiado restritos. Limpa filtros ou usa uma categoria geral relacionada.","KEEP_WITH_NOTICE","Caminho válido sem conteúdo específico, coberto por aviso explícito.","Manter visível apenas com aviso específico aprovado.","Aviso específico e decisão explícita registados em v0.9.7."
"strength>place_dojo>bodyweight>upper>arms>forearm_hand>forearm_flexors","strength","place_dojo","bodyweight","upper / arms / forearm_hand / forearm_flexors","Os filtros atuais estão demasiado restritos. Limpa filtros ou usa uma categoria geral relacionada.","KEEP_WITH_NOTICE","Caminho válido sem conteúdo específico, coberto por aviso explícito.","Manter visível apenas com aviso específico aprovado.","Aviso específico e decisão explícita registados em v0.9.7."
"strength>place_dojo>bodyweight>upper>arms>forearm_hand>forearm_extensors","strength","place_dojo","bodyweight","upper / arms / forearm_hand / forearm_extensors","Os filtros atuais estão demasiado restritos. Limpa filtros ou usa uma categoria geral relacionada.","KEEP_WITH_NOTICE","Caminho válido sem conteúdo específico, coberto por aviso explícito.","Manter visível apenas com aviso específico aprovado.","Aviso específico e decisão explícita registados em v0.9.7."
"strength>place_dojo>bodyweight>upper>arms>forearm_hand>pronators","strength","place_dojo","bodyweight","upper / arms / forearm_hand / pronators","Os filtros atuais estão demasiado restritos. Limpa filtros ou usa uma categoria geral relacionada.","KEEP_WITH_NOTICE","Caminho válido sem conteúdo específico, coberto por aviso explícito.","Manter visível apenas com aviso específico aprovado.","Aviso específico e decisão explícita registados em v0.9.7."
"strength>place_dojo>bodyweight>upper>arms>forearm_hand>supinators","strength","place_dojo","bodyweight","upper / arms / forearm_hand / supinators","Os filtros atuais estão demasiado restritos. Limpa filtros ou usa uma categoria geral relacionada.","KEEP_WITH_NOTICE","Caminho válido sem conteúdo específico, coberto por aviso explícito.","Manter visível apenas com aviso específico aprovado.","Aviso específico e decisão explícita registados em v0.9.7."
"strength>place_dojo>bodyweight>upper>arms>forearm_hand>wrist","strength","place_dojo","bodyweight","upper / arms / forearm_hand / wrist","Os filtros atuais estão demasiado restritos. Limpa filtros ou usa uma categoria geral relacionada.","KEEP_WITH_NOTICE","Caminho válido sem conteúdo específico, coberto por aviso explícito.","Manter visível apenas com aviso específico aprovado.","Aviso específico e decisão explícita registados em v0.9.7."
"strength>place_dojo>bodyweight>upper>arms>forearm_hand>fingers","strength","place_dojo","bodyweight","upper / arms / forearm_hand / fingers","Os filtros atuais estão demasiado restritos. Limpa filtros ou usa uma categoria geral relacionada.","KEEP_WITH_NOTICE","Caminho válido sem conteúdo específico, coberto por aviso explícito.","Manter visível apenas com aviso específico aprovado.","Aviso específico e decisão explícita registados em v0.9.7."
"strength>place_dojo>bodyweight>upper>arms>forearm_hand>support_grip","strength","place_dojo","bodyweight","upper / arms / forearm_hand / support_grip","Os filtros atuais estão demasiado restritos. Limpa filtros ou usa uma categoria geral relacionada.","KEEP_WITH_NOTICE","Caminho válido sem conteúdo específico, coberto por aviso explícito.","Manter visível apenas com aviso específico aprovado.","Aviso específico e decisão explícita registados em v0.9.7."
"strength>place_dojo>bodyweight>upper>arms>forearm_hand>pinch_grip","strength","place_dojo","bodyweight","upper / arms / forearm_hand / pinch_grip","Os filtros atuais estão demasiado restritos. Limpa filtros ou usa uma categoria geral relacionada.","KEEP_WITH_NOTICE","Caminho válido sem conteúdo específico, coberto por aviso explícito.","Manter visível apenas com aviso específico aprovado.","Aviso específico e decisão explícita registados em v0.9.7."
"strength>place_dojo>bodyweight>upper>arms>forearm_hand>general_grip","strength","place_dojo","bodyweight","upper / arms / forearm_hand / general_grip","Os filtros atuais estão demasiado restritos. Limpa filtros ou usa uma categoria geral relacionada.","KEEP_WITH_NOTICE","Caminho válido sem conteúdo específico, coberto por aviso explícito.","Manter visível apenas com aviso específico aprovado.","Aviso específico e decisão explícita registados em v0.9.7."
"strength>place_dojo>bodyweight>upper>forearm_hand","strength","place_dojo","bodyweight","upper / forearm_hand","Os filtros atuais estão demasiado restritos. Limpa filtros ou usa uma categoria geral relacionada.","KEEP_WITH_NOTICE","Caminho válido sem conteúdo específico, coberto por aviso explícito.","Manter visível apenas com aviso específico aprovado.","Aviso específico e decisão explícita registados em v0.9.7."
"strength>place_dojo>bodyweight>upper>forearm_hand>forearm_complete","strength","place_dojo","bodyweight","upper / forearm_hand / forearm_complete","Os filtros atuais estão demasiado restritos. Limpa filtros ou usa uma categoria geral relacionada.","KEEP_WITH_NOTICE","Caminho válido sem conteúdo específico, coberto por aviso explícito.","Manter visível apenas com aviso específico aprovado.","Aviso específico e decisão explícita registados em v0.9.7."
"strength>place_dojo>bodyweight>upper>forearm_hand>forearm_flexors","strength","place_dojo","bodyweight","upper / forearm_hand / forearm_flexors","Os filtros atuais estão demasiado restritos. Limpa filtros ou usa uma categoria geral relacionada.","KEEP_WITH_NOTICE","Caminho válido sem conteúdo específico, coberto por aviso explícito.","Manter visível apenas com aviso específico aprovado.","Aviso específico e decisão explícita registados em v0.9.7."
"strength>place_dojo>bodyweight>upper>forearm_hand>forearm_extensors","strength","place_dojo","bodyweight","upper / forearm_hand / forearm_extensors","Os filtros atuais estão demasiado restritos. Limpa filtros ou usa uma categoria geral relacionada.","KEEP_WITH_NOTICE","Caminho válido sem conteúdo específico, coberto por aviso explícito.","Manter visível apenas com aviso específico aprovado.","Aviso específico e decisão explícita registados em v0.9.7."
"strength>place_dojo>bodyweight>upper>forearm_hand>pronators","strength","place_dojo","bodyweight","upper / forearm_hand / pronators","Os filtros atuais estão demasiado restritos. Limpa filtros ou usa uma categoria geral relacionada.","KEEP_WITH_NOTICE","Caminho válido sem conteúdo específico, coberto por aviso explícito.","Manter visível apenas com aviso específico aprovado.","Aviso específico e decisão explícita registados em v0.9.7."
"strength>place_dojo>bodyweight>upper>forearm_hand>supinators","strength","place_dojo","bodyweight","upper / forearm_hand / supinators","Os filtros atuais estão demasiado restritos. Limpa filtros ou usa uma categoria geral relacionada.","KEEP_WITH_NOTICE","Caminho válido sem conteúdo específico, coberto por aviso explícito.","Manter visível apenas com aviso específico aprovado.","Aviso específico e decisão explícita registados em v0.9.7."
"strength>place_dojo>bodyweight>upper>forearm_hand>wrist","strength","place_dojo","bodyweight","upper / forearm_hand / wrist","Os filtros atuais estão demasiado restritos. Limpa filtros ou usa uma categoria geral relacionada.","KEEP_WITH_NOTICE","Caminho válido sem conteúdo específico, coberto por aviso explícito.","Manter visível apenas com aviso específico aprovado.","Aviso específico e decisão explícita registados em v0.9.7."
"strength>place_dojo>bodyweight>upper>forearm_hand>fingers","strength","place_dojo","bodyweight","upper / forearm_hand / fingers","Os filtros atuais estão demasiado restritos. Limpa filtros ou usa uma categoria geral relacionada.","KEEP_WITH_NOTICE","Caminho válido sem conteúdo específico, coberto por aviso explícito.","Manter visível apenas com aviso específico aprovado.","Aviso específico e decisão explícita registados em v0.9.7."
"strength>place_dojo>bodyweight>upper>forearm_hand>support_grip","strength","place_dojo","bodyweight","upper / forearm_hand / support_grip","Os filtros atuais estão demasiado restritos. Limpa filtros ou usa uma categoria geral relacionada.","KEEP_WITH_NOTICE","Caminho válido sem conteúdo específico, coberto por aviso explícito.","Manter visível apenas com aviso específico aprovado.","Aviso específico e decisão explícita registados em v0.9.7."
"strength>place_dojo>bodyweight>upper>forearm_hand>pinch_grip","strength","place_dojo","bodyweight","upper / forearm_hand / pinch_grip","Os filtros atuais estão demasiado restritos. Limpa filtros ou usa uma categoria geral relacionada.","KEEP_WITH_NOTICE","Caminho válido sem conteúdo específico, coberto por aviso explícito.","Manter visível apenas com aviso específico aprovado.","Aviso específico e decisão explícita registados em v0.9.7."
"strength>place_dojo>bodyweight>upper>forearm_hand>general_grip","strength","place_dojo","bodyweight","upper / forearm_hand / general_grip","Os filtros atuais estão demasiado restritos. Limpa filtros ou usa uma categoria geral relacionada.","KEEP_WITH_NOTICE","Caminho válido sem conteúdo específico, coberto por aviso explícito.","Manter visível apenas com aviso específico aprovado.","Aviso específico e decisão explícita registados em v0.9.7."
"strength>place_dojo>bodyweight>core","strength","place_dojo","bodyweight","core","Os filtros atuais estão demasiado restritos. Limpa filtros ou usa uma categoria geral relacionada.","KEEP_WITH_NOTICE","Caminho válido sem conteúdo específico, coberto por aviso explícito.","Manter visível apenas com aviso específico aprovado.","Aviso específico e decisão explícita registados em v0.9.7."
"strength>place_dojo>bodyweight>core>abdominal","strength","place_dojo","bodyweight","core / abdominal","Os filtros atuais estão demasiado restritos. Limpa filtros ou usa uma categoria geral relacionada.","KEEP_WITH_NOTICE","Caminho válido sem conteúdo específico, coberto por aviso explícito.","Manter visível apenas com aviso específico aprovado.","Aviso específico e decisão explícita registados em v0.9.7."
"strength>place_dojo>bodyweight>core>obliques","strength","place_dojo","bodyweight","core / obliques","Os filtros atuais estão demasiado restritos. Limpa filtros ou usa uma categoria geral relacionada.","KEEP_WITH_NOTICE","Caminho válido sem conteúdo específico, coberto por aviso explícito.","Manter visível apenas com aviso específico aprovado.","Aviso específico e decisão explícita registados em v0.9.7."
"strength>place_dojo>bodyweight>core>transverse_abs","strength","place_dojo","bodyweight","core / transverse_abs","Os filtros atuais estão demasiado restritos. Limpa filtros ou usa uma categoria geral relacionada.","KEEP_WITH_NOTICE","Caminho válido sem conteúdo específico, coberto por aviso explícito.","Manter visível apenas com aviso específico aprovado.","Aviso específico e decisão explícita registados em v0.9.7."
"strength>place_dojo>bodyweight>core>low_back","strength","place_dojo","bodyweight","core / low_back","Os filtros atuais estão demasiado restritos. Limpa filtros ou usa uma categoria geral relacionada.","KEEP_WITH_NOTICE","Caminho válido sem conteúdo específico, coberto por aviso explícito.","Manter visível apenas com aviso específico aprovado.","Aviso específico e decisão explícita registados em v0.9.7."
"strength>place_dojo>bodyweight>core>core_stability","strength","place_dojo","bodyweight","core / core_stability","Os filtros atuais estão demasiado restritos. Limpa filtros ou usa uma categoria geral relacionada.","KEEP_WITH_NOTICE","Caminho válido sem conteúdo específico, coberto por aviso explícito.","Manter visível apenas com aviso específico aprovado.","Aviso específico e decisão explícita registados em v0.9.7."
"strength>place_dojo>bodyweight>core>anti_rotation","strength","place_dojo","bodyweight","core / anti_rotation","Os filtros atuais estão demasiado restritos. Limpa filtros ou usa uma categoria geral relacionada.","KEEP_WITH_NOTICE","Caminho válido sem conteúdo específico, coberto por aviso explícito.","Manter visível apenas com aviso específico aprovado.","Aviso específico e decisão explícita registados em v0.9.7."
"strength>place_dojo>bodyweight>core>anti_extension","strength","place_dojo","bodyweight","core / anti_extension","Os filtros atuais estão demasiado restritos. Limpa filtros ou usa uma categoria geral relacionada.","KEEP_WITH_NOTICE","Caminho válido sem conteúdo específico, coberto por aviso explícito.","Manter visível apenas com aviso específico aprovado.","Aviso específico e decisão explícita registados em v0.9.7."
"strength>place_dojo>bodyweight>core>anti_lateral_flexion","strength","place_dojo","bodyweight","core / anti_lateral_flexion","Os filtros atuais estão demasiado restritos. Limpa filtros ou usa uma categoria geral relacionada.","KEEP_WITH_NOTICE","Caminho válido sem conteúdo específico, coberto por aviso explícito.","Manter visível apenas com aviso específico aprovado.","Aviso específico e decisão explícita registados em v0.9.7."
"strength>place_tatami>bodyweight>full_body","strength","place_tatami","bodyweight","full_body","Os filtros atuais estão demasiado restritos. Limpa filtros ou usa uma categoria geral relacionada.","KEEP_WITH_NOTICE","Caminho válido sem conteúdo específico, coberto por aviso explícito.","Manter visível apenas com aviso específico aprovado.","Aviso específico e decisão explícita registados em v0.9.7."
"strength>place_tatami>floor>full_body","strength","place_tatami","floor","full_body","Os filtros atuais estão demasiado restritos. Limpa filtros ou usa uma categoria geral relacionada.","KEEP_WITH_NOTICE","Caminho válido sem conteúdo específico, coberto por aviso explícito.","Manter visível apenas com aviso específico aprovado.","Aviso específico e decisão explícita registados em v0.9.7."
"strength>place_tatami>wall>full_body","strength","place_tatami","wall","full_body","Os filtros atuais estão demasiado restritos. Limpa filtros ou usa uma categoria geral relacionada.","KEEP_WITH_NOTICE","Caminho válido sem conteúdo específico, coberto por aviso explícito.","Manter visível apenas com aviso específico aprovado.","Aviso específico e decisão explícita registados em v0.9.7."
"strength>place_tatami>tatami>full_body","strength","place_tatami","tatami","full_body","Este foco tem exercícios relacionados, mas nenhum compatível com o equipamento/local selecionado.","KEEP_WITH_NOTICE","Caminho válido sem conteúdo específico, coberto por aviso explícito.","Manter visível apenas com aviso específico aprovado.","Aviso específico e decisão explícita registados em v0.9.7."
"strength>place_tatami>bodyweight>upper>neck>neck_complete","strength","place_tatami","bodyweight","upper / neck / neck_complete","Os filtros atuais estão demasiado restritos. Limpa filtros ou usa uma categoria geral relacionada.","KEEP_WITH_NOTICE","Caminho válido sem conteúdo específico, coberto por aviso explícito.","Manter visível apenas com aviso específico aprovado.","Aviso específico e decisão explícita registados em v0.9.7."
"strength>place_tatami>bodyweight>upper>neck>anterior_neck","strength","place_tatami","bodyweight","upper / neck / anterior_neck","Os filtros atuais estão demasiado restritos. Limpa filtros ou usa uma categoria geral relacionada.","KEEP_WITH_NOTICE","Caminho válido sem conteúdo específico, coberto por aviso explícito.","Manter visível apenas com aviso específico aprovado.","Aviso específico e decisão explícita registados em v0.9.7."
"strength>place_tatami>bodyweight>upper>neck>posterior_neck","strength","place_tatami","bodyweight","upper / neck / posterior_neck","Os filtros atuais estão demasiado restritos. Limpa filtros ou usa uma categoria geral relacionada.","KEEP_WITH_NOTICE","Caminho válido sem conteúdo específico, coberto por aviso explícito.","Manter visível apenas com aviso específico aprovado.","Aviso específico e decisão explícita registados em v0.9.7."
"strength>place_tatami>bodyweight>upper>neck>lateral_neck","strength","place_tatami","bodyweight","upper / neck / lateral_neck","Os filtros atuais estão demasiado restritos. Limpa filtros ou usa uma categoria geral relacionada.","KEEP_WITH_NOTICE","Caminho válido sem conteúdo específico, coberto por aviso explícito.","Manter visível apenas com aviso específico aprovado.","Aviso específico e decisão explícita registados em v0.9.7."
"strength>place_tatami>bodyweight>upper>neck>cervical_stabilizers","strength","place_tatami","bodyweight","upper / neck / cervical_stabilizers","Os filtros atuais estão demasiado restritos. Limpa filtros ou usa uma categoria geral relacionada.","KEEP_WITH_NOTICE","Caminho válido sem conteúdo específico, coberto por aviso explícito.","Manter visível apenas com aviso específico aprovado.","Aviso específico e decisão explícita registados em v0.9.7."
"strength>place_tatami>bodyweight>upper>traps_scapula","strength","place_tatami","bodyweight","upper / traps_scapula","Os filtros atuais estão demasiado restritos. Limpa filtros ou usa uma categoria geral relacionada.","KEEP_WITH_NOTICE","Caminho válido sem conteúdo específico, coberto por aviso explícito.","Manter visível apenas com aviso específico aprovado.","Aviso específico e decisão explícita registados em v0.9.7."
"strength>place_tatami>bodyweight>upper>traps_scapula>traps_complete","strength","place_tatami","bodyweight","upper / traps_scapula / traps_complete","Os filtros atuais estão demasiado restritos. Limpa filtros ou usa uma categoria geral relacionada.","KEEP_WITH_NOTICE","Caminho válido sem conteúdo específico, coberto por aviso explícito.","Manter visível apenas com aviso específico aprovado.","Aviso específico e decisão explícita registados em v0.9.7."
"strength>place_tatami>bodyweight>upper>traps_scapula>upper_traps","strength","place_tatami","bodyweight","upper / traps_scapula / upper_traps","Os filtros atuais estão demasiado restritos. Limpa filtros ou usa uma categoria geral relacionada.","KEEP_WITH_NOTICE","Caminho válido sem conteúdo específico, coberto por aviso explícito.","Manter visível apenas com aviso específico aprovado.","Aviso específico e decisão explícita registados em v0.9.7."
"strength>place_tatami>bodyweight>upper>traps_scapula>mid_traps","strength","place_tatami","bodyweight","upper / traps_scapula / mid_traps","Os filtros atuais estão demasiado restritos. Limpa filtros ou usa uma categoria geral relacionada.","KEEP_WITH_NOTICE","Caminho válido sem conteúdo específico, coberto por aviso explícito.","Manter visível apenas com aviso específico aprovado.","Aviso específico e decisão explícita registados em v0.9.7."
"strength>place_tatami>bodyweight>upper>traps_scapula>lower_traps","strength","place_tatami","bodyweight","upper / traps_scapula / lower_traps","Os filtros atuais estão demasiado restritos. Limpa filtros ou usa uma categoria geral relacionada.","KEEP_WITH_NOTICE","Caminho válido sem conteúdo específico, coberto por aviso explícito.","Manter visível apenas com aviso específico aprovado.","Aviso específico e decisão explícita registados em v0.9.7."
"strength>place_tatami>bodyweight>upper>traps_scapula>scapular_stability","strength","place_tatami","bodyweight","upper / traps_scapula / scapular_stability","Os filtros atuais estão demasiado restritos. Limpa filtros ou usa uma categoria geral relacionada.","KEEP_WITH_NOTICE","Caminho válido sem conteúdo específico, coberto por aviso explícito.","Manter visível apenas com aviso específico aprovado.","Aviso específico e decisão explícita registados em v0.9.7."
"strength>place_tatami>bodyweight>upper>chest>chest_complete","strength","place_tatami","bodyweight","upper / chest / chest_complete","Os filtros atuais estão demasiado restritos. Limpa filtros ou usa uma categoria geral relacionada.","KEEP_WITH_NOTICE","Caminho válido sem conteúdo específico, coberto por aviso explícito.","Manter visível apenas com aviso específico aprovado.","Aviso específico e decisão explícita registados em v0.9.7."
"strength>place_tatami>bodyweight>upper>back>back_complete","strength","place_tatami","bodyweight","upper / back / back_complete","Os filtros atuais estão demasiado restritos. Limpa filtros ou usa uma categoria geral relacionada.","KEEP_WITH_NOTICE","Caminho válido sem conteúdo específico, coberto por aviso explícito.","Manter visível apenas com aviso específico aprovado.","Aviso específico e decisão explícita registados em v0.9.7."
"strength>place_tatami>bodyweight>upper>back>back_upper","strength","place_tatami","bodyweight","upper / back / back_upper","Os filtros atuais estão demasiado restritos. Limpa filtros ou usa uma categoria geral relacionada.","KEEP_WITH_NOTICE","Caminho válido sem conteúdo específico, coberto por aviso explícito.","Manter visível apenas com aviso específico aprovado.","Aviso específico e decisão explícita registados em v0.9.7."
"strength>place_tatami>bodyweight>upper>back>back_upper>upper_traps","strength","place_tatami","bodyweight","upper / back / back_upper / upper_traps","Os filtros atuais estão demasiado restritos. Limpa filtros ou usa uma categoria geral relacionada.","KEEP_WITH_NOTICE","Caminho válido sem conteúdo específico, coberto por aviso explícito.","Manter visível apenas com aviso específico aprovado.","Aviso específico e decisão explícita registados em v0.9.7."
"strength>place_tatami>bodyweight>upper>back>back_upper>mid_traps","strength","place_tatami","bodyweight","upper / back / back_upper / mid_traps","Os filtros atuais estão demasiado restritos. Limpa filtros ou usa uma categoria geral relacionada.","KEEP_WITH_NOTICE","Caminho válido sem conteúdo específico, coberto por aviso explícito.","Manter visível apenas com aviso específico aprovado.","Aviso específico e decisão explícita registados em v0.9.7."
"strength>place_tatami>bodyweight>upper>back>back_upper>lower_traps","strength","place_tatami","bodyweight","upper / back / back_upper / lower_traps","Os filtros atuais estão demasiado restritos. Limpa filtros ou usa uma categoria geral relacionada.","KEEP_WITH_NOTICE","Caminho válido sem conteúdo específico, coberto por aviso explícito.","Manter visível apenas com aviso específico aprovado.","Aviso específico e decisão explícita registados em v0.9.7."
"strength>place_tatami>bodyweight>upper>back>back_upper>rhomboids","strength","place_tatami","bodyweight","upper / back / back_upper / rhomboids","Os filtros atuais estão demasiado restritos. Limpa filtros ou usa uma categoria geral relacionada.","KEEP_WITH_NOTICE","Caminho válido sem conteúdo específico, coberto por aviso explícito.","Manter visível apenas com aviso específico aprovado.","Aviso específico e decisão explícita registados em v0.9.7."
"strength>place_tatami>bodyweight>upper>back>back_upper>posterior_deltoid","strength","place_tatami","bodyweight","upper / back / back_upper / posterior_deltoid","Os filtros atuais estão demasiado restritos. Limpa filtros ou usa uma categoria geral relacionada.","KEEP_WITH_NOTICE","Caminho válido sem conteúdo específico, coberto por aviso explícito.","Manter visível apenas com aviso específico aprovado.","Aviso específico e decisão explícita registados em v0.9.7."
"strength>place_tatami>bodyweight>upper>back>back_upper>scapular_stabilizers","strength","place_tatami","bodyweight","upper / back / back_upper / scapular_stabilizers","Os filtros atuais estão demasiado restritos. Limpa filtros ou usa uma categoria geral relacionada.","KEEP_WITH_NOTICE","Caminho válido sem conteúdo específico, coberto por aviso explícito.","Manter visível apenas com aviso específico aprovado.","Aviso específico e decisão explícita registados em v0.9.7."
"strength>place_tatami>bodyweight>upper>back>back_mid","strength","place_tatami","bodyweight","upper / back / back_mid","Os filtros atuais estão demasiado restritos. Limpa filtros ou usa uma categoria geral relacionada.","KEEP_WITH_NOTICE","Caminho válido sem conteúdo específico, coberto por aviso explícito.","Manter visível apenas com aviso específico aprovado.","Aviso específico e decisão explícita registados em v0.9.7."
"strength>place_tatami>bodyweight>upper>back>back_mid>rhomboids","strength","place_tatami","bodyweight","upper / back / back_mid / rhomboids","Os filtros atuais estão demasiado restritos. Limpa filtros ou usa uma categoria geral relacionada.","KEEP_WITH_NOTICE","Caminho válido sem conteúdo específico, coberto por aviso explícito.","Manter visível apenas com aviso específico aprovado.","Aviso específico e decisão explícita registados em v0.9.7."
"strength>place_tatami>bodyweight>upper>back>back_mid>mid_traps","strength","place_tatami","bodyweight","upper / back / back_mid / mid_traps","Os filtros atuais estão demasiado restritos. Limpa filtros ou usa uma categoria geral relacionada.","KEEP_WITH_NOTICE","Caminho válido sem conteúdo específico, coberto por aviso explícito.","Manter visível apenas com aviso específico aprovado.","Aviso específico e decisão explícita registados em v0.9.7."
"strength>place_tatami>bodyweight>upper>back>back_mid>teres_major","strength","place_tatami","bodyweight","upper / back / back_mid / teres_major","Os filtros atuais estão demasiado restritos. Limpa filtros ou usa uma categoria geral relacionada.","KEEP_WITH_NOTICE","Caminho válido sem conteúdo específico, coberto por aviso explícito.","Manter visível apenas com aviso específico aprovado.","Aviso específico e decisão explícita registados em v0.9.7."
"strength>place_tatami>bodyweight>upper>back>back_mid>teres_minor","strength","place_tatami","bodyweight","upper / back / back_mid / teres_minor","Os filtros atuais estão demasiado restritos. Limpa filtros ou usa uma categoria geral relacionada.","KEEP_WITH_NOTICE","Caminho válido sem conteúdo específico, coberto por aviso explícito.","Manter visível apenas com aviso específico aprovado.","Aviso específico e decisão explícita registados em v0.9.7."
"strength>place_tatami>bodyweight>upper>back>back_mid>latissimus_dorsi","strength","place_tatami","bodyweight","upper / back / back_mid / latissimus_dorsi","Os filtros atuais estão demasiado restritos. Limpa filtros ou usa uma categoria geral relacionada.","KEEP_WITH_NOTICE","Caminho válido sem conteúdo específico, coberto por aviso explícito.","Manter visível apenas com aviso específico aprovado.","Aviso específico e decisão explícita registados em v0.9.7."
"strength>place_tatami>bodyweight>upper>back>back_lower","strength","place_tatami","bodyweight","upper / back / back_lower","Os filtros atuais estão demasiado restritos. Limpa filtros ou usa uma categoria geral relacionada.","KEEP_WITH_NOTICE","Caminho válido sem conteúdo específico, coberto por aviso explícito.","Manter visível apenas com aviso específico aprovado.","Aviso específico e decisão explícita registados em v0.9.7."
"strength>place_tatami>bodyweight>upper>back>back_lower>erectors","strength","place_tatami","bodyweight","upper / back / back_lower / erectors","Os filtros atuais estão demasiado restritos. Limpa filtros ou usa uma categoria geral relacionada.","KEEP_WITH_NOTICE","Caminho válido sem conteúdo específico, coberto por aviso explícito.","Manter visível apenas com aviso específico aprovado.","Aviso específico e decisão explícita registados em v0.9.7."
"strength>place_tatami>bodyweight>upper>back>back_lower>lumbar","strength","place_tatami","bodyweight","upper / back / back_lower / lumbar","Os filtros atuais estão demasiado restritos. Limpa filtros ou usa uma categoria geral relacionada.","KEEP_WITH_NOTICE","Caminho válido sem conteúdo específico, coberto por aviso explícito.","Manter visível apenas com aviso específico aprovado.","Aviso específico e decisão explícita registados em v0.9.7."
"strength>place_tatami>bodyweight>upper>back>back_lower>quadratus_lumborum","strength","place_tatami","bodyweight","upper / back / back_lower / quadratus_lumborum","Os filtros atuais estão demasiado restritos. Limpa filtros ou usa uma categoria geral relacionada.","KEEP_WITH_NOTICE","Caminho válido sem conteúdo específico, coberto por aviso explícito.","Manter visível apenas com aviso específico aprovado.","Aviso específico e decisão explícita registados em v0.9.7."
"strength>place_tatami>bodyweight>upper>back>back_lower>lumbar_stability","strength","place_tatami","bodyweight","upper / back / back_lower / lumbar_stability","Os filtros atuais estão demasiado restritos. Limpa filtros ou usa uma categoria geral relacionada.","KEEP_WITH_NOTICE","Caminho válido sem conteúdo específico, coberto por aviso explícito.","Manter visível apenas com aviso específico aprovado.","Aviso específico e decisão explícita registados em v0.9.7."
"strength>place_tatami>bodyweight>upper>back>back_width","strength","place_tatami","bodyweight","upper / back / back_width","Os filtros atuais estão demasiado restritos. Limpa filtros ou usa uma categoria geral relacionada.","KEEP_WITH_NOTICE","Caminho válido sem conteúdo específico, coberto por aviso explícito.","Manter visível apenas com aviso específico aprovado.","Aviso específico e decisão explícita registados em v0.9.7."
"strength>place_tatami>bodyweight>upper>back>back_width>latissimus_dorsi","strength","place_tatami","bodyweight","upper / back / back_width / latissimus_dorsi","Os filtros atuais estão demasiado restritos. Limpa filtros ou usa uma categoria geral relacionada.","KEEP_WITH_NOTICE","Caminho válido sem conteúdo específico, coberto por aviso explícito.","Manter visível apenas com aviso específico aprovado.","Aviso específico e decisão explícita registados em v0.9.7."
"strength>place_tatami>bodyweight>upper>back>back_width>teres_major","strength","place_tatami","bodyweight","upper / back / back_width / teres_major","Os filtros atuais estão demasiado restritos. Limpa filtros ou usa uma categoria geral relacionada.","KEEP_WITH_NOTICE","Caminho válido sem conteúdo específico, coberto por aviso explícito.","Manter visível apenas com aviso específico aprovado.","Aviso específico e decisão explícita registados em v0.9.7."
"strength>place_tatami>bodyweight>upper>back>back_width>vertical_pulls","strength","place_tatami","bodyweight","upper / back / back_width / vertical_pulls","Os filtros atuais estão demasiado restritos. Limpa filtros ou usa uma categoria geral relacionada.","KEEP_WITH_NOTICE","Caminho válido sem conteúdo específico, coberto por aviso explícito.","Manter visível apenas com aviso específico aprovado.","Aviso específico e decisão explícita registados em v0.9.7."
"strength>place_tatami>bodyweight>upper>back>back_thickness","strength","place_tatami","bodyweight","upper / back / back_thickness","Os filtros atuais estão demasiado restritos. Limpa filtros ou usa uma categoria geral relacionada.","KEEP_WITH_NOTICE","Caminho válido sem conteúdo específico, coberto por aviso explícito.","Manter visível apenas com aviso específico aprovado.","Aviso específico e decisão explícita registados em v0.9.7."
"strength>place_tatami>bodyweight>upper>back>back_thickness>rhomboids","strength","place_tatami","bodyweight","upper / back / back_thickness / rhomboids","Os filtros atuais estão demasiado restritos. Limpa filtros ou usa uma categoria geral relacionada.","KEEP_WITH_NOTICE","Caminho válido sem conteúdo específico, coberto por aviso explícito.","Manter visível apenas com aviso específico aprovado.","Aviso específico e decisão explícita registados em v0.9.7."
"strength>place_tatami>bodyweight>upper>back>back_thickness>mid_traps","strength","place_tatami","bodyweight","upper / back / back_thickness / mid_traps","Os filtros atuais estão demasiado restritos. Limpa filtros ou usa uma categoria geral relacionada.","KEEP_WITH_NOTICE","Caminho válido sem conteúdo específico, coberto por aviso explícito.","Manter visível apenas com aviso específico aprovado.","Aviso específico e decisão explícita registados em v0.9.7."
"strength>place_tatami>bodyweight>upper>back>back_thickness>lower_traps","strength","place_tatami","bodyweight","upper / back / back_thickness / lower_traps","Os filtros atuais estão demasiado restritos. Limpa filtros ou usa uma categoria geral relacionada.","KEEP_WITH_NOTICE","Caminho válido sem conteúdo específico, coberto por aviso explícito.","Manter visível apenas com aviso específico aprovado.","Aviso específico e decisão explícita registados em v0.9.7."
"strength>place_tatami>bodyweight>upper>back>back_thickness>horizontal_rows","strength","place_tatami","bodyweight","upper / back / back_thickness / horizontal_rows","Os filtros atuais estão demasiado restritos. Limpa filtros ou usa uma categoria geral relacionada.","KEEP_WITH_NOTICE","Caminho válido sem conteúdo específico, coberto por aviso explícito.","Manter visível apenas com aviso específico aprovado.","Aviso específico e decisão explícita registados em v0.9.7."
"strength>place_tatami>bodyweight>upper>shoulders>shoulders_complete","strength","place_tatami","bodyweight","upper / shoulders / shoulders_complete","Os filtros atuais estão demasiado restritos. Limpa filtros ou usa uma categoria geral relacionada.","KEEP_WITH_NOTICE","Caminho válido sem conteúdo específico, coberto por aviso explícito.","Manter visível apenas com aviso específico aprovado.","Aviso específico e decisão explícita registados em v0.9.7."
"strength>place_tatami>bodyweight>upper>shoulders>anterior_deltoid","strength","place_tatami","bodyweight","upper / shoulders / anterior_deltoid","Os filtros atuais estão demasiado restritos. Limpa filtros ou usa uma categoria geral relacionada.","KEEP_WITH_NOTICE","Caminho válido sem conteúdo específico, coberto por aviso explícito.","Manter visível apenas com aviso específico aprovado.","Aviso específico e decisão explícita registados em v0.9.7."
"strength>place_tatami>bodyweight>upper>shoulders>lateral_deltoid","strength","place_tatami","bodyweight","upper / shoulders / lateral_deltoid","Os filtros atuais estão demasiado restritos. Limpa filtros ou usa uma categoria geral relacionada.","KEEP_WITH_NOTICE","Caminho válido sem conteúdo específico, coberto por aviso explícito.","Manter visível apenas com aviso específico aprovado.","Aviso específico e decisão explícita registados em v0.9.7."
"strength>place_tatami>bodyweight>upper>shoulders>posterior_deltoid","strength","place_tatami","bodyweight","upper / shoulders / posterior_deltoid","Os filtros atuais estão demasiado restritos. Limpa filtros ou usa uma categoria geral relacionada.","KEEP_WITH_NOTICE","Caminho válido sem conteúdo específico, coberto por aviso explícito.","Manter visível apenas com aviso específico aprovado.","Aviso específico e decisão explícita registados em v0.9.7."
"strength>place_tatami>bodyweight>upper>shoulders>rotator_cuff","strength","place_tatami","bodyweight","upper / shoulders / rotator_cuff","Os filtros atuais estão demasiado restritos. Limpa filtros ou usa uma categoria geral relacionada.","KEEP_WITH_NOTICE","Caminho válido sem conteúdo específico, coberto por aviso explícito.","Manter visível apenas com aviso específico aprovado.","Aviso específico e decisão explícita registados em v0.9.7."
"strength>place_tatami>bodyweight>upper>shoulders>external_rotators","strength","place_tatami","bodyweight","upper / shoulders / external_rotators","Os filtros atuais estão demasiado restritos. Limpa filtros ou usa uma categoria geral relacionada.","KEEP_WITH_NOTICE","Caminho válido sem conteúdo específico, coberto por aviso explícito.","Manter visível apenas com aviso específico aprovado.","Aviso específico e decisão explícita registados em v0.9.7."
"strength>place_tatami>bodyweight>upper>shoulders>internal_rotators","strength","place_tatami","bodyweight","upper / shoulders / internal_rotators","Os filtros atuais estão demasiado restritos. Limpa filtros ou usa uma categoria geral relacionada.","KEEP_WITH_NOTICE","Caminho válido sem conteúdo específico, coberto por aviso explícito.","Manter visível apenas com aviso específico aprovado.","Aviso específico e decisão explícita registados em v0.9.7."
"strength>place_tatami>bodyweight>upper>shoulders>scapular_stability","strength","place_tatami","bodyweight","upper / shoulders / scapular_stability","Os filtros atuais estão demasiado restritos. Limpa filtros ou usa uma categoria geral relacionada.","KEEP_WITH_NOTICE","Caminho válido sem conteúdo específico, coberto por aviso explícito.","Manter visível apenas com aviso específico aprovado.","Aviso específico e decisão explícita registados em v0.9.7."
"strength>place_tatami>bodyweight>upper>arms>arms_complete","strength","place_tatami","bodyweight","upper / arms / arms_complete","Os filtros atuais estão demasiado restritos. Limpa filtros ou usa uma categoria geral relacionada.","KEEP_WITH_NOTICE","Caminho válido sem conteúdo específico, coberto por aviso explícito.","Manter visível apenas com aviso específico aprovado.","Aviso específico e decisão explícita registados em v0.9.7."
"strength>place_tatami>bodyweight>upper>arms>upper_arm","strength","place_tatami","bodyweight","upper / arms / upper_arm","Os filtros atuais estão demasiado restritos. Limpa filtros ou usa uma categoria geral relacionada.","KEEP_WITH_NOTICE","Caminho válido sem conteúdo específico, coberto por aviso explícito.","Manter visível apenas com aviso específico aprovado.","Aviso específico e decisão explícita registados em v0.9.7."
"strength>place_tatami>bodyweight>upper>arms>upper_arm>biceps_brachii","strength","place_tatami","bodyweight","upper / arms / upper_arm / biceps_brachii","Os filtros atuais estão demasiado restritos. Limpa filtros ou usa uma categoria geral relacionada.","KEEP_WITH_NOTICE","Caminho válido sem conteúdo específico, coberto por aviso explícito.","Manter visível apenas com aviso específico aprovado.","Aviso específico e decisão explícita registados em v0.9.7."
"strength>place_tatami>bodyweight>upper>arms>upper_arm>brachialis","strength","place_tatami","bodyweight","upper / arms / upper_arm / brachialis","Os filtros atuais estão demasiado restritos. Limpa filtros ou usa uma categoria geral relacionada.","KEEP_WITH_NOTICE","Caminho válido sem conteúdo específico, coberto por aviso explícito.","Manter visível apenas com aviso específico aprovado.","Aviso específico e decisão explícita registados em v0.9.7."
"strength>place_tatami>bodyweight>upper>arms>upper_arm>brachioradialis","strength","place_tatami","bodyweight","upper / arms / upper_arm / brachioradialis","Os filtros atuais estão demasiado restritos. Limpa filtros ou usa uma categoria geral relacionada.","KEEP_WITH_NOTICE","Caminho válido sem conteúdo específico, coberto por aviso explícito.","Manter visível apenas com aviso específico aprovado.","Aviso específico e decisão explícita registados em v0.9.7."
"strength>place_tatami>bodyweight>upper>arms>upper_arm>triceps_long","strength","place_tatami","bodyweight","upper / arms / upper_arm / triceps_long","Os filtros atuais estão demasiado restritos. Limpa filtros ou usa uma categoria geral relacionada.","KEEP_WITH_NOTICE","Caminho válido sem conteúdo específico, coberto por aviso explícito.","Manter visível apenas com aviso específico aprovado.","Aviso específico e decisão explícita registados em v0.9.7."
"strength>place_tatami>bodyweight>upper>arms>upper_arm>triceps_lateral","strength","place_tatami","bodyweight","upper / arms / upper_arm / triceps_lateral","Os filtros atuais estão demasiado restritos. Limpa filtros ou usa uma categoria geral relacionada.","KEEP_WITH_NOTICE","Caminho válido sem conteúdo específico, coberto por aviso explícito.","Manter visível apenas com aviso específico aprovado.","Aviso específico e decisão explícita registados em v0.9.7."
"strength>place_tatami>bodyweight>upper>arms>upper_arm>triceps_medial","strength","place_tatami","bodyweight","upper / arms / upper_arm / triceps_medial","Os filtros atuais estão demasiado restritos. Limpa filtros ou usa uma categoria geral relacionada.","KEEP_WITH_NOTICE","Caminho válido sem conteúdo específico, coberto por aviso explícito.","Manter visível apenas com aviso específico aprovado.","Aviso específico e decisão explícita registados em v0.9.7."
"strength>place_tatami>bodyweight>upper>arms>forearm_hand","strength","place_tatami","bodyweight","upper / arms / forearm_hand","Os filtros atuais estão demasiado restritos. Limpa filtros ou usa uma categoria geral relacionada.","KEEP_WITH_NOTICE","Caminho válido sem conteúdo específico, coberto por aviso explícito.","Manter visível apenas com aviso específico aprovado.","Aviso específico e decisão explícita registados em v0.9.7."
"strength>place_tatami>bodyweight>upper>arms>forearm_hand>forearm_complete","strength","place_tatami","bodyweight","upper / arms / forearm_hand / forearm_complete","Os filtros atuais estão demasiado restritos. Limpa filtros ou usa uma categoria geral relacionada.","KEEP_WITH_NOTICE","Caminho válido sem conteúdo específico, coberto por aviso explícito.","Manter visível apenas com aviso específico aprovado.","Aviso específico e decisão explícita registados em v0.9.7."
"strength>place_tatami>bodyweight>upper>arms>forearm_hand>forearm_flexors","strength","place_tatami","bodyweight","upper / arms / forearm_hand / forearm_flexors","Os filtros atuais estão demasiado restritos. Limpa filtros ou usa uma categoria geral relacionada.","KEEP_WITH_NOTICE","Caminho válido sem conteúdo específico, coberto por aviso explícito.","Manter visível apenas com aviso específico aprovado.","Aviso específico e decisão explícita registados em v0.9.7."
"strength>place_tatami>bodyweight>upper>arms>forearm_hand>forearm_extensors","strength","place_tatami","bodyweight","upper / arms / forearm_hand / forearm_extensors","Os filtros atuais estão demasiado restritos. Limpa filtros ou usa uma categoria geral relacionada.","KEEP_WITH_NOTICE","Caminho válido sem conteúdo específico, coberto por aviso explícito.","Manter visível apenas com aviso específico aprovado.","Aviso específico e decisão explícita registados em v0.9.7."
"strength>place_tatami>bodyweight>upper>arms>forearm_hand>pronators","strength","place_tatami","bodyweight","upper / arms / forearm_hand / pronators","Os filtros atuais estão demasiado restritos. Limpa filtros ou usa uma categoria geral relacionada.","KEEP_WITH_NOTICE","Caminho válido sem conteúdo específico, coberto por aviso explícito.","Manter visível apenas com aviso específico aprovado.","Aviso específico e decisão explícita registados em v0.9.7."
"strength>place_tatami>bodyweight>upper>arms>forearm_hand>supinators","strength","place_tatami","bodyweight","upper / arms / forearm_hand / supinators","Os filtros atuais estão demasiado restritos. Limpa filtros ou usa uma categoria geral relacionada.","KEEP_WITH_NOTICE","Caminho válido sem conteúdo específico, coberto por aviso explícito.","Manter visível apenas com aviso específico aprovado.","Aviso específico e decisão explícita registados em v0.9.7."
"strength>place_tatami>bodyweight>upper>arms>forearm_hand>wrist","strength","place_tatami","bodyweight","upper / arms / forearm_hand / wrist","Os filtros atuais estão demasiado restritos. Limpa filtros ou usa uma categoria geral relacionada.","KEEP_WITH_NOTICE","Caminho válido sem conteúdo específico, coberto por aviso explícito.","Manter visível apenas com aviso específico aprovado.","Aviso específico e decisão explícita registados em v0.9.7."
"strength>place_tatami>bodyweight>upper>arms>forearm_hand>fingers","strength","place_tatami","bodyweight","upper / arms / forearm_hand / fingers","Os filtros atuais estão demasiado restritos. Limpa filtros ou usa uma categoria geral relacionada.","KEEP_WITH_NOTICE","Caminho válido sem conteúdo específico, coberto por aviso explícito.","Manter visível apenas com aviso específico aprovado.","Aviso específico e decisão explícita registados em v0.9.7."
"strength>place_tatami>bodyweight>upper>arms>forearm_hand>support_grip","strength","place_tatami","bodyweight","upper / arms / forearm_hand / support_grip","Os filtros atuais estão demasiado restritos. Limpa filtros ou usa uma categoria geral relacionada.","KEEP_WITH_NOTICE","Caminho válido sem conteúdo específico, coberto por aviso explícito.","Manter visível apenas com aviso específico aprovado.","Aviso específico e decisão explícita registados em v0.9.7."
"strength>place_tatami>bodyweight>upper>arms>forearm_hand>pinch_grip","strength","place_tatami","bodyweight","upper / arms / forearm_hand / pinch_grip","Os filtros atuais estão demasiado restritos. Limpa filtros ou usa uma categoria geral relacionada.","KEEP_WITH_NOTICE","Caminho válido sem conteúdo específico, coberto por aviso explícito.","Manter visível apenas com aviso específico aprovado.","Aviso específico e decisão explícita registados em v0.9.7."
"strength>place_tatami>bodyweight>upper>arms>forearm_hand>general_grip","strength","place_tatami","bodyweight","upper / arms / forearm_hand / general_grip","Os filtros atuais estão demasiado restritos. Limpa filtros ou usa uma categoria geral relacionada.","KEEP_WITH_NOTICE","Caminho válido sem conteúdo específico, coberto por aviso explícito.","Manter visível apenas com aviso específico aprovado.","Aviso específico e decisão explícita registados em v0.9.7."
"strength>place_tatami>bodyweight>upper>forearm_hand","strength","place_tatami","bodyweight","upper / forearm_hand","Os filtros atuais estão demasiado restritos. Limpa filtros ou usa uma categoria geral relacionada.","KEEP_WITH_NOTICE","Caminho válido sem conteúdo específico, coberto por aviso explícito.","Manter visível apenas com aviso específico aprovado.","Aviso específico e decisão explícita registados em v0.9.7."
"strength>place_tatami>bodyweight>upper>forearm_hand>forearm_complete","strength","place_tatami","bodyweight","upper / forearm_hand / forearm_complete","Os filtros atuais estão demasiado restritos. Limpa filtros ou usa uma categoria geral relacionada.","KEEP_WITH_NOTICE","Caminho válido sem conteúdo específico, coberto por aviso explícito.","Manter visível apenas com aviso específico aprovado.","Aviso específico e decisão explícita registados em v0.9.7."
"strength>place_tatami>bodyweight>upper>forearm_hand>forearm_flexors","strength","place_tatami","bodyweight","upper / forearm_hand / forearm_flexors","Os filtros atuais estão demasiado restritos. Limpa filtros ou usa uma categoria geral relacionada.","KEEP_WITH_NOTICE","Caminho válido sem conteúdo específico, coberto por aviso explícito.","Manter visível apenas com aviso específico aprovado.","Aviso específico e decisão explícita registados em v0.9.7."
"strength>place_tatami>bodyweight>upper>forearm_hand>forearm_extensors","strength","place_tatami","bodyweight","upper / forearm_hand / forearm_extensors","Os filtros atuais estão demasiado restritos. Limpa filtros ou usa uma categoria geral relacionada.","KEEP_WITH_NOTICE","Caminho válido sem conteúdo específico, coberto por aviso explícito.","Manter visível apenas com aviso específico aprovado.","Aviso específico e decisão explícita registados em v0.9.7."
"strength>place_tatami>bodyweight>upper>forearm_hand>pronators","strength","place_tatami","bodyweight","upper / forearm_hand / pronators","Os filtros atuais estão demasiado restritos. Limpa filtros ou usa uma categoria geral relacionada.","KEEP_WITH_NOTICE","Caminho válido sem conteúdo específico, coberto por aviso explícito.","Manter visível apenas com aviso específico aprovado.","Aviso específico e decisão explícita registados em v0.9.7."
"strength>place_tatami>bodyweight>upper>forearm_hand>supinators","strength","place_tatami","bodyweight","upper / forearm_hand / supinators","Os filtros atuais estão demasiado restritos. Limpa filtros ou usa uma categoria geral relacionada.","KEEP_WITH_NOTICE","Caminho válido sem conteúdo específico, coberto por aviso explícito.","Manter visível apenas com aviso específico aprovado.","Aviso específico e decisão explícita registados em v0.9.7."
"strength>place_tatami>bodyweight>upper>forearm_hand>wrist","strength","place_tatami","bodyweight","upper / forearm_hand / wrist","Os filtros atuais estão demasiado restritos. Limpa filtros ou usa uma categoria geral relacionada.","KEEP_WITH_NOTICE","Caminho válido sem conteúdo específico, coberto por aviso explícito.","Manter visível apenas com aviso específico aprovado.","Aviso específico e decisão explícita registados em v0.9.7."
"strength>place_tatami>bodyweight>upper>forearm_hand>fingers","strength","place_tatami","bodyweight","upper / forearm_hand / fingers","Os filtros atuais estão demasiado restritos. Limpa filtros ou usa uma categoria geral relacionada.","KEEP_WITH_NOTICE","Caminho válido sem conteúdo específico, coberto por aviso explícito.","Manter visível apenas com aviso específico aprovado.","Aviso específico e decisão explícita registados em v0.9.7."
"strength>place_tatami>bodyweight>upper>forearm_hand>support_grip","strength","place_tatami","bodyweight","upper / forearm_hand / support_grip","Os filtros atuais estão demasiado restritos. Limpa filtros ou usa uma categoria geral relacionada.","KEEP_WITH_NOTICE","Caminho válido sem conteúdo específico, coberto por aviso explícito.","Manter visível apenas com aviso específico aprovado.","Aviso específico e decisão explícita registados em v0.9.7."
"strength>place_tatami>bodyweight>upper>forearm_hand>pinch_grip","strength","place_tatami","bodyweight","upper / forearm_hand / pinch_grip","Os filtros atuais estão demasiado restritos. Limpa filtros ou usa uma categoria geral relacionada.","KEEP_WITH_NOTICE","Caminho válido sem conteúdo específico, coberto por aviso explícito.","Manter visível apenas com aviso específico aprovado.","Aviso específico e decisão explícita registados em v0.9.7."
"strength>place_tatami>bodyweight>upper>forearm_hand>general_grip","strength","place_tatami","bodyweight","upper / forearm_hand / general_grip","Os filtros atuais estão demasiado restritos. Limpa filtros ou usa uma categoria geral relacionada.","KEEP_WITH_NOTICE","Caminho válido sem conteúdo específico, coberto por aviso explícito.","Manter visível apenas com aviso específico aprovado.","Aviso específico e decisão explícita registados em v0.9.7."
"strength>place_tatami>bodyweight>core","strength","place_tatami","bodyweight","core","Os filtros atuais estão demasiado restritos. Limpa filtros ou usa uma categoria geral relacionada.","KEEP_WITH_NOTICE","Caminho válido sem conteúdo específico, coberto por aviso explícito.","Manter visível apenas com aviso específico aprovado.","Aviso específico e decisão explícita registados em v0.9.7."
"strength>place_tatami>bodyweight>core>abdominal","strength","place_tatami","bodyweight","core / abdominal","Os filtros atuais estão demasiado restritos. Limpa filtros ou usa uma categoria geral relacionada.","KEEP_WITH_NOTICE","Caminho válido sem conteúdo específico, coberto por aviso explícito.","Manter visível apenas com aviso específico aprovado.","Aviso específico e decisão explícita registados em v0.9.7."
"strength>place_tatami>bodyweight>core>obliques","strength","place_tatami","bodyweight","core / obliques","Os filtros atuais estão demasiado restritos. Limpa filtros ou usa uma categoria geral relacionada.","KEEP_WITH_NOTICE","Caminho válido sem conteúdo específico, coberto por aviso explícito.","Manter visível apenas com aviso específico aprovado.","Aviso específico e decisão explícita registados em v0.9.7."
"strength>place_tatami>bodyweight>core>transverse_abs","strength","place_tatami","bodyweight","core / transverse_abs","Os filtros atuais estão demasiado restritos. Limpa filtros ou usa uma categoria geral relacionada.","KEEP_WITH_NOTICE","Caminho válido sem conteúdo específico, coberto por aviso explícito.","Manter visível apenas com aviso específico aprovado.","Aviso específico e decisão explícita registados em v0.9.7."
"strength>place_tatami>bodyweight>core>low_back","strength","place_tatami","bodyweight","core / low_back","Os filtros atuais estão demasiado restritos. Limpa filtros ou usa uma categoria geral relacionada.","KEEP_WITH_NOTICE","Caminho válido sem conteúdo específico, coberto por aviso explícito.","Manter visível apenas com aviso específico aprovado.","Aviso específico e decisão explícita registados em v0.9.7."
"strength>place_tatami>bodyweight>core>core_stability","strength","place_tatami","bodyweight","core / core_stability","Os filtros atuais estão demasiado restritos. Limpa filtros ou usa uma categoria geral relacionada.","KEEP_WITH_NOTICE","Caminho válido sem conteúdo específico, coberto por aviso explícito.","Manter visível apenas com aviso específico aprovado.","Aviso específico e decisão explícita registados em v0.9.7."
"strength>place_tatami>bodyweight>core>anti_rotation","strength","place_tatami","bodyweight","core / anti_rotation","Os filtros atuais estão demasiado restritos. Limpa filtros ou usa uma categoria geral relacionada.","KEEP_WITH_NOTICE","Caminho válido sem conteúdo específico, coberto por aviso explícito.","Manter visível apenas com aviso específico aprovado.","Aviso específico e decisão explícita registados em v0.9.7."
"strength>place_tatami>bodyweight>core>anti_extension","strength","place_tatami","bodyweight","core / anti_extension","Os filtros atuais estão demasiado restritos. Limpa filtros ou usa uma categoria geral relacionada.","KEEP_WITH_NOTICE","Caminho válido sem conteúdo específico, coberto por aviso explícito.","Manter visível apenas com aviso específico aprovado.","Aviso específico e decisão explícita registados em v0.9.7."
"strength>place_tatami>bodyweight>core>anti_lateral_flexion","strength","place_tatami","bodyweight","core / anti_lateral_flexion","Os filtros atuais estão demasiado restritos. Limpa filtros ou usa uma categoria geral relacionada.","KEEP_WITH_NOTICE","Caminho válido sem conteúdo específico, coberto por aviso explícito.","Manter visível apenas com aviso específico aprovado.","Aviso específico e decisão explícita registados em v0.9.7."
"strength>place_outdoor>bodyweight>full_body","strength","place_outdoor","bodyweight","full_body","Os filtros atuais estão demasiado restritos. Limpa filtros ou usa uma categoria geral relacionada.","KEEP_WITH_NOTICE","Caminho válido sem conteúdo específico, coberto por aviso explícito.","Manter visível apenas com aviso específico aprovado.","Aviso específico e decisão explícita registados em v0.9.7."
"strength>place_outdoor>floor>full_body","strength","place_outdoor","floor","full_body","Os filtros atuais estão demasiado restritos. Limpa filtros ou usa uma categoria geral relacionada.","KEEP_WITH_NOTICE","Caminho válido sem conteúdo específico, coberto por aviso explícito.","Manter visível apenas com aviso específico aprovado.","Aviso específico e decisão explícita registados em v0.9.7."
"strength>place_outdoor>outdoor_space>full_body","strength","place_outdoor","outdoor_space","full_body","Este foco tem exercícios relacionados, mas nenhum compatível com o equipamento/local selecionado.","KEEP_WITH_NOTICE","Caminho válido sem conteúdo específico, coberto por aviso explícito.","Manter visível apenas com aviso específico aprovado.","Aviso específico e decisão explícita registados em v0.9.7."
"strength>place_outdoor>bodyweight>upper>neck>neck_complete","strength","place_outdoor","bodyweight","upper / neck / neck_complete","Os filtros atuais estão demasiado restritos. Limpa filtros ou usa uma categoria geral relacionada.","KEEP_WITH_NOTICE","Caminho válido sem conteúdo específico, coberto por aviso explícito.","Manter visível apenas com aviso específico aprovado.","Aviso específico e decisão explícita registados em v0.9.7."
"strength>place_outdoor>bodyweight>upper>neck>anterior_neck","strength","place_outdoor","bodyweight","upper / neck / anterior_neck","Os filtros atuais estão demasiado restritos. Limpa filtros ou usa uma categoria geral relacionada.","KEEP_WITH_NOTICE","Caminho válido sem conteúdo específico, coberto por aviso explícito.","Manter visível apenas com aviso específico aprovado.","Aviso específico e decisão explícita registados em v0.9.7."
"strength>place_outdoor>bodyweight>upper>neck>posterior_neck","strength","place_outdoor","bodyweight","upper / neck / posterior_neck","Os filtros atuais estão demasiado restritos. Limpa filtros ou usa uma categoria geral relacionada.","KEEP_WITH_NOTICE","Caminho válido sem conteúdo específico, coberto por aviso explícito.","Manter visível apenas com aviso específico aprovado.","Aviso específico e decisão explícita registados em v0.9.7."
"strength>place_outdoor>bodyweight>upper>neck>lateral_neck","strength","place_outdoor","bodyweight","upper / neck / lateral_neck","Os filtros atuais estão demasiado restritos. Limpa filtros ou usa uma categoria geral relacionada.","KEEP_WITH_NOTICE","Caminho válido sem conteúdo específico, coberto por aviso explícito.","Manter visível apenas com aviso específico aprovado.","Aviso específico e decisão explícita registados em v0.9.7."
"strength>place_outdoor>bodyweight>upper>neck>cervical_stabilizers","strength","place_outdoor","bodyweight","upper / neck / cervical_stabilizers","Os filtros atuais estão demasiado restritos. Limpa filtros ou usa uma categoria geral relacionada.","KEEP_WITH_NOTICE","Caminho válido sem conteúdo específico, coberto por aviso explícito.","Manter visível apenas com aviso específico aprovado.","Aviso específico e decisão explícita registados em v0.9.7."
"strength>place_outdoor>bodyweight>upper>traps_scapula","strength","place_outdoor","bodyweight","upper / traps_scapula","Os filtros atuais estão demasiado restritos. Limpa filtros ou usa uma categoria geral relacionada.","KEEP_WITH_NOTICE","Caminho válido sem conteúdo específico, coberto por aviso explícito.","Manter visível apenas com aviso específico aprovado.","Aviso específico e decisão explícita registados em v0.9.7."
"strength>place_outdoor>bodyweight>upper>traps_scapula>traps_complete","strength","place_outdoor","bodyweight","upper / traps_scapula / traps_complete","Os filtros atuais estão demasiado restritos. Limpa filtros ou usa uma categoria geral relacionada.","KEEP_WITH_NOTICE","Caminho válido sem conteúdo específico, coberto por aviso explícito.","Manter visível apenas com aviso específico aprovado.","Aviso específico e decisão explícita registados em v0.9.7."
"strength>place_outdoor>bodyweight>upper>traps_scapula>upper_traps","strength","place_outdoor","bodyweight","upper / traps_scapula / upper_traps","Os filtros atuais estão demasiado restritos. Limpa filtros ou usa uma categoria geral relacionada.","KEEP_WITH_NOTICE","Caminho válido sem conteúdo específico, coberto por aviso explícito.","Manter visível apenas com aviso específico aprovado.","Aviso específico e decisão explícita registados em v0.9.7."
"strength>place_outdoor>bodyweight>upper>traps_scapula>mid_traps","strength","place_outdoor","bodyweight","upper / traps_scapula / mid_traps","Os filtros atuais estão demasiado restritos. Limpa filtros ou usa uma categoria geral relacionada.","KEEP_WITH_NOTICE","Caminho válido sem conteúdo específico, coberto por aviso explícito.","Manter visível apenas com aviso específico aprovado.","Aviso específico e decisão explícita registados em v0.9.7."
"strength>place_outdoor>bodyweight>upper>traps_scapula>lower_traps","strength","place_outdoor","bodyweight","upper / traps_scapula / lower_traps","Os filtros atuais estão demasiado restritos. Limpa filtros ou usa uma categoria geral relacionada.","KEEP_WITH_NOTICE","Caminho válido sem conteúdo específico, coberto por aviso explícito.","Manter visível apenas com aviso específico aprovado.","Aviso específico e decisão explícita registados em v0.9.7."
"strength>place_outdoor>bodyweight>upper>traps_scapula>scapular_stability","strength","place_outdoor","bodyweight","upper / traps_scapula / scapular_stability","Os filtros atuais estão demasiado restritos. Limpa filtros ou usa uma categoria geral relacionada.","KEEP_WITH_NOTICE","Caminho válido sem conteúdo específico, coberto por aviso explícito.","Manter visível apenas com aviso específico aprovado.","Aviso específico e decisão explícita registados em v0.9.7."
"strength>place_outdoor>bodyweight>upper>chest>chest_complete","strength","place_outdoor","bodyweight","upper / chest / chest_complete","Os filtros atuais estão demasiado restritos. Limpa filtros ou usa uma categoria geral relacionada.","KEEP_WITH_NOTICE","Caminho válido sem conteúdo específico, coberto por aviso explícito.","Manter visível apenas com aviso específico aprovado.","Aviso específico e decisão explícita registados em v0.9.7."
"strength>place_outdoor>bodyweight>upper>back>back_complete","strength","place_outdoor","bodyweight","upper / back / back_complete","Os filtros atuais estão demasiado restritos. Limpa filtros ou usa uma categoria geral relacionada.","KEEP_WITH_NOTICE","Caminho válido sem conteúdo específico, coberto por aviso explícito.","Manter visível apenas com aviso específico aprovado.","Aviso específico e decisão explícita registados em v0.9.7."
"strength>place_outdoor>bodyweight>upper>back>back_upper","strength","place_outdoor","bodyweight","upper / back / back_upper","Os filtros atuais estão demasiado restritos. Limpa filtros ou usa uma categoria geral relacionada.","KEEP_WITH_NOTICE","Caminho válido sem conteúdo específico, coberto por aviso explícito.","Manter visível apenas com aviso específico aprovado.","Aviso específico e decisão explícita registados em v0.9.7."
"strength>place_outdoor>bodyweight>upper>back>back_upper>upper_traps","strength","place_outdoor","bodyweight","upper / back / back_upper / upper_traps","Os filtros atuais estão demasiado restritos. Limpa filtros ou usa uma categoria geral relacionada.","KEEP_WITH_NOTICE","Caminho válido sem conteúdo específico, coberto por aviso explícito.","Manter visível apenas com aviso específico aprovado.","Aviso específico e decisão explícita registados em v0.9.7."
"strength>place_outdoor>bodyweight>upper>back>back_upper>mid_traps","strength","place_outdoor","bodyweight","upper / back / back_upper / mid_traps","Os filtros atuais estão demasiado restritos. Limpa filtros ou usa uma categoria geral relacionada.","KEEP_WITH_NOTICE","Caminho válido sem conteúdo específico, coberto por aviso explícito.","Manter visível apenas com aviso específico aprovado.","Aviso específico e decisão explícita registados em v0.9.7."
"strength>place_outdoor>bodyweight>upper>back>back_upper>lower_traps","strength","place_outdoor","bodyweight","upper / back / back_upper / lower_traps","Os filtros atuais estão demasiado restritos. Limpa filtros ou usa uma categoria geral relacionada.","KEEP_WITH_NOTICE","Caminho válido sem conteúdo específico, coberto por aviso explícito.","Manter visível apenas com aviso específico aprovado.","Aviso específico e decisão explícita registados em v0.9.7."
"strength>place_outdoor>bodyweight>upper>back>back_upper>rhomboids","strength","place_outdoor","bodyweight","upper / back / back_upper / rhomboids","Os filtros atuais estão demasiado restritos. Limpa filtros ou usa uma categoria geral relacionada.","KEEP_WITH_NOTICE","Caminho válido sem conteúdo específico, coberto por aviso explícito.","Manter visível apenas com aviso específico aprovado.","Aviso específico e decisão explícita registados em v0.9.7."
"strength>place_outdoor>bodyweight>upper>back>back_upper>posterior_deltoid","strength","place_outdoor","bodyweight","upper / back / back_upper / posterior_deltoid","Os filtros atuais estão demasiado restritos. Limpa filtros ou usa uma categoria geral relacionada.","KEEP_WITH_NOTICE","Caminho válido sem conteúdo específico, coberto por aviso explícito.","Manter visível apenas com aviso específico aprovado.","Aviso específico e decisão explícita registados em v0.9.7."
"strength>place_outdoor>bodyweight>upper>back>back_upper>scapular_stabilizers","strength","place_outdoor","bodyweight","upper / back / back_upper / scapular_stabilizers","Os filtros atuais estão demasiado restritos. Limpa filtros ou usa uma categoria geral relacionada.","KEEP_WITH_NOTICE","Caminho válido sem conteúdo específico, coberto por aviso explícito.","Manter visível apenas com aviso específico aprovado.","Aviso específico e decisão explícita registados em v0.9.7."
"strength>place_outdoor>bodyweight>upper>back>back_mid","strength","place_outdoor","bodyweight","upper / back / back_mid","Os filtros atuais estão demasiado restritos. Limpa filtros ou usa uma categoria geral relacionada.","KEEP_WITH_NOTICE","Caminho válido sem conteúdo específico, coberto por aviso explícito.","Manter visível apenas com aviso específico aprovado.","Aviso específico e decisão explícita registados em v0.9.7."
"strength>place_outdoor>bodyweight>upper>back>back_mid>rhomboids","strength","place_outdoor","bodyweight","upper / back / back_mid / rhomboids","Os filtros atuais estão demasiado restritos. Limpa filtros ou usa uma categoria geral relacionada.","KEEP_WITH_NOTICE","Caminho válido sem conteúdo específico, coberto por aviso explícito.","Manter visível apenas com aviso específico aprovado.","Aviso específico e decisão explícita registados em v0.9.7."
"strength>place_outdoor>bodyweight>upper>back>back_mid>mid_traps","strength","place_outdoor","bodyweight","upper / back / back_mid / mid_traps","Os filtros atuais estão demasiado restritos. Limpa filtros ou usa uma categoria geral relacionada.","KEEP_WITH_NOTICE","Caminho válido sem conteúdo específico, coberto por aviso explícito.","Manter visível apenas com aviso específico aprovado.","Aviso específico e decisão explícita registados em v0.9.7."
"strength>place_outdoor>bodyweight>upper>back>back_mid>teres_major","strength","place_outdoor","bodyweight","upper / back / back_mid / teres_major","Os filtros atuais estão demasiado restritos. Limpa filtros ou usa uma categoria geral relacionada.","KEEP_WITH_NOTICE","Caminho válido sem conteúdo específico, coberto por aviso explícito.","Manter visível apenas com aviso específico aprovado.","Aviso específico e decisão explícita registados em v0.9.7."
"strength>place_outdoor>bodyweight>upper>back>back_mid>teres_minor","strength","place_outdoor","bodyweight","upper / back / back_mid / teres_minor","Os filtros atuais estão demasiado restritos. Limpa filtros ou usa uma categoria geral relacionada.","KEEP_WITH_NOTICE","Caminho válido sem conteúdo específico, coberto por aviso explícito.","Manter visível apenas com aviso específico aprovado.","Aviso específico e decisão explícita registados em v0.9.7."
"strength>place_outdoor>bodyweight>upper>back>back_mid>latissimus_dorsi","strength","place_outdoor","bodyweight","upper / back / back_mid / latissimus_dorsi","Os filtros atuais estão demasiado restritos. Limpa filtros ou usa uma categoria geral relacionada.","KEEP_WITH_NOTICE","Caminho válido sem conteúdo específico, coberto por aviso explícito.","Manter visível apenas com aviso específico aprovado.","Aviso específico e decisão explícita registados em v0.9.7."
"strength>place_outdoor>bodyweight>upper>back>back_lower","strength","place_outdoor","bodyweight","upper / back / back_lower","Os filtros atuais estão demasiado restritos. Limpa filtros ou usa uma categoria geral relacionada.","KEEP_WITH_NOTICE","Caminho válido sem conteúdo específico, coberto por aviso explícito.","Manter visível apenas com aviso específico aprovado.","Aviso específico e decisão explícita registados em v0.9.7."
"strength>place_outdoor>bodyweight>upper>back>back_lower>erectors","strength","place_outdoor","bodyweight","upper / back / back_lower / erectors","Os filtros atuais estão demasiado restritos. Limpa filtros ou usa uma categoria geral relacionada.","KEEP_WITH_NOTICE","Caminho válido sem conteúdo específico, coberto por aviso explícito.","Manter visível apenas com aviso específico aprovado.","Aviso específico e decisão explícita registados em v0.9.7."
"strength>place_outdoor>bodyweight>upper>back>back_lower>lumbar","strength","place_outdoor","bodyweight","upper / back / back_lower / lumbar","Os filtros atuais estão demasiado restritos. Limpa filtros ou usa uma categoria geral relacionada.","KEEP_WITH_NOTICE","Caminho válido sem conteúdo específico, coberto por aviso explícito.","Manter visível apenas com aviso específico aprovado.","Aviso específico e decisão explícita registados em v0.9.7."
"strength>place_outdoor>bodyweight>upper>back>back_lower>quadratus_lumborum","strength","place_outdoor","bodyweight","upper / back / back_lower / quadratus_lumborum","Os filtros atuais estão demasiado restritos. Limpa filtros ou usa uma categoria geral relacionada.","KEEP_WITH_NOTICE","Caminho válido sem conteúdo específico, coberto por aviso explícito.","Manter visível apenas com aviso específico aprovado.","Aviso específico e decisão explícita registados em v0.9.7."
"strength>place_outdoor>bodyweight>upper>back>back_lower>lumbar_stability","strength","place_outdoor","bodyweight","upper / back / back_lower / lumbar_stability","Os filtros atuais estão demasiado restritos. Limpa filtros ou usa uma categoria geral relacionada.","KEEP_WITH_NOTICE","Caminho válido sem conteúdo específico, coberto por aviso explícito.","Manter visível apenas com aviso específico aprovado.","Aviso específico e decisão explícita registados em v0.9.7."
"strength>place_outdoor>bodyweight>upper>back>back_width","strength","place_outdoor","bodyweight","upper / back / back_width","Os filtros atuais estão demasiado restritos. Limpa filtros ou usa uma categoria geral relacionada.","KEEP_WITH_NOTICE","Caminho válido sem conteúdo específico, coberto por aviso explícito.","Manter visível apenas com aviso específico aprovado.","Aviso específico e decisão explícita registados em v0.9.7."
"strength>place_outdoor>bodyweight>upper>back>back_width>latissimus_dorsi","strength","place_outdoor","bodyweight","upper / back / back_width / latissimus_dorsi","Os filtros atuais estão demasiado restritos. Limpa filtros ou usa uma categoria geral relacionada.","KEEP_WITH_NOTICE","Caminho válido sem conteúdo específico, coberto por aviso explícito.","Manter visível apenas com aviso específico aprovado.","Aviso específico e decisão explícita registados em v0.9.7."
"strength>place_outdoor>bodyweight>upper>back>back_width>teres_major","strength","place_outdoor","bodyweight","upper / back / back_width / teres_major","Os filtros atuais estão demasiado restritos. Limpa filtros ou usa uma categoria geral relacionada.","KEEP_WITH_NOTICE","Caminho válido sem conteúdo específico, coberto por aviso explícito.","Manter visível apenas com aviso específico aprovado.","Aviso específico e decisão explícita registados em v0.9.7."
"strength>place_outdoor>bodyweight>upper>back>back_width>vertical_pulls","strength","place_outdoor","bodyweight","upper / back / back_width / vertical_pulls","Os filtros atuais estão demasiado restritos. Limpa filtros ou usa uma categoria geral relacionada.","KEEP_WITH_NOTICE","Caminho válido sem conteúdo específico, coberto por aviso explícito.","Manter visível apenas com aviso específico aprovado.","Aviso específico e decisão explícita registados em v0.9.7."
"strength>place_outdoor>bodyweight>upper>back>back_thickness","strength","place_outdoor","bodyweight","upper / back / back_thickness","Os filtros atuais estão demasiado restritos. Limpa filtros ou usa uma categoria geral relacionada.","KEEP_WITH_NOTICE","Caminho válido sem conteúdo específico, coberto por aviso explícito.","Manter visível apenas com aviso específico aprovado.","Aviso específico e decisão explícita registados em v0.9.7."
"strength>place_outdoor>bodyweight>upper>back>back_thickness>rhomboids","strength","place_outdoor","bodyweight","upper / back / back_thickness / rhomboids","Os filtros atuais estão demasiado restritos. Limpa filtros ou usa uma categoria geral relacionada.","KEEP_WITH_NOTICE","Caminho válido sem conteúdo específico, coberto por aviso explícito.","Manter visível apenas com aviso específico aprovado.","Aviso específico e decisão explícita registados em v0.9.7."
"strength>place_outdoor>bodyweight>upper>back>back_thickness>mid_traps","strength","place_outdoor","bodyweight","upper / back / back_thickness / mid_traps","Os filtros atuais estão demasiado restritos. Limpa filtros ou usa uma categoria geral relacionada.","KEEP_WITH_NOTICE","Caminho válido sem conteúdo específico, coberto por aviso explícito.","Manter visível apenas com aviso específico aprovado.","Aviso específico e decisão explícita registados em v0.9.7."
"strength>place_outdoor>bodyweight>upper>back>back_thickness>lower_traps","strength","place_outdoor","bodyweight","upper / back / back_thickness / lower_traps","Os filtros atuais estão demasiado restritos. Limpa filtros ou usa uma categoria geral relacionada.","KEEP_WITH_NOTICE","Caminho válido sem conteúdo específico, coberto por aviso explícito.","Manter visível apenas com aviso específico aprovado.","Aviso específico e decisão explícita registados em v0.9.7."
"strength>place_outdoor>bodyweight>upper>back>back_thickness>horizontal_rows","strength","place_outdoor","bodyweight","upper / back / back_thickness / horizontal_rows","Os filtros atuais estão demasiado restritos. Limpa filtros ou usa uma categoria geral relacionada.","KEEP_WITH_NOTICE","Caminho válido sem conteúdo específico, coberto por aviso explícito.","Manter visível apenas com aviso específico aprovado.","Aviso específico e decisão explícita registados em v0.9.7."
"strength>place_outdoor>bodyweight>upper>shoulders>shoulders_complete","strength","place_outdoor","bodyweight","upper / shoulders / shoulders_complete","Os filtros atuais estão demasiado restritos. Limpa filtros ou usa uma categoria geral relacionada.","KEEP_WITH_NOTICE","Caminho válido sem conteúdo específico, coberto por aviso explícito.","Manter visível apenas com aviso específico aprovado.","Aviso específico e decisão explícita registados em v0.9.7."
"strength>place_outdoor>bodyweight>upper>shoulders>anterior_deltoid","strength","place_outdoor","bodyweight","upper / shoulders / anterior_deltoid","Os filtros atuais estão demasiado restritos. Limpa filtros ou usa uma categoria geral relacionada.","KEEP_WITH_NOTICE","Caminho válido sem conteúdo específico, coberto por aviso explícito.","Manter visível apenas com aviso específico aprovado.","Aviso específico e decisão explícita registados em v0.9.7."
"strength>place_outdoor>bodyweight>upper>shoulders>lateral_deltoid","strength","place_outdoor","bodyweight","upper / shoulders / lateral_deltoid","Os filtros atuais estão demasiado restritos. Limpa filtros ou usa uma categoria geral relacionada.","KEEP_WITH_NOTICE","Caminho válido sem conteúdo específico, coberto por aviso explícito.","Manter visível apenas com aviso específico aprovado.","Aviso específico e decisão explícita registados em v0.9.7."
"strength>place_outdoor>bodyweight>upper>shoulders>posterior_deltoid","strength","place_outdoor","bodyweight","upper / shoulders / posterior_deltoid","Os filtros atuais estão demasiado restritos. Limpa filtros ou usa uma categoria geral relacionada.","KEEP_WITH_NOTICE","Caminho válido sem conteúdo específico, coberto por aviso explícito.","Manter visível apenas com aviso específico aprovado.","Aviso específico e decisão explícita registados em v0.9.7."
"strength>place_outdoor>bodyweight>upper>shoulders>rotator_cuff","strength","place_outdoor","bodyweight","upper / shoulders / rotator_cuff","Os filtros atuais estão demasiado restritos. Limpa filtros ou usa uma categoria geral relacionada.","KEEP_WITH_NOTICE","Caminho válido sem conteúdo específico, coberto por aviso explícito.","Manter visível apenas com aviso específico aprovado.","Aviso específico e decisão explícita registados em v0.9.7."
"strength>place_outdoor>bodyweight>upper>shoulders>external_rotators","strength","place_outdoor","bodyweight","upper / shoulders / external_rotators","Os filtros atuais estão demasiado restritos. Limpa filtros ou usa uma categoria geral relacionada.","KEEP_WITH_NOTICE","Caminho válido sem conteúdo específico, coberto por aviso explícito.","Manter visível apenas com aviso específico aprovado.","Aviso específico e decisão explícita registados em v0.9.7."
"strength>place_outdoor>bodyweight>upper>shoulders>internal_rotators","strength","place_outdoor","bodyweight","upper / shoulders / internal_rotators","Os filtros atuais estão demasiado restritos. Limpa filtros ou usa uma categoria geral relacionada.","KEEP_WITH_NOTICE","Caminho válido sem conteúdo específico, coberto por aviso explícito.","Manter visível apenas com aviso específico aprovado.","Aviso específico e decisão explícita registados em v0.9.7."
"strength>place_outdoor>bodyweight>upper>shoulders>scapular_stability","strength","place_outdoor","bodyweight","upper / shoulders / scapular_stability","Os filtros atuais estão demasiado restritos. Limpa filtros ou usa uma categoria geral relacionada.","KEEP_WITH_NOTICE","Caminho válido sem conteúdo específico, coberto por aviso explícito.","Manter visível apenas com aviso específico aprovado.","Aviso específico e decisão explícita registados em v0.9.7."
"strength>place_outdoor>bodyweight>upper>arms>arms_complete","strength","place_outdoor","bodyweight","upper / arms / arms_complete","Os filtros atuais estão demasiado restritos. Limpa filtros ou usa uma categoria geral relacionada.","KEEP_WITH_NOTICE","Caminho válido sem conteúdo específico, coberto por aviso explícito.","Manter visível apenas com aviso específico aprovado.","Aviso específico e decisão explícita registados em v0.9.7."
"strength>place_outdoor>bodyweight>upper>arms>upper_arm","strength","place_outdoor","bodyweight","upper / arms / upper_arm","Os filtros atuais estão demasiado restritos. Limpa filtros ou usa uma categoria geral relacionada.","KEEP_WITH_NOTICE","Caminho válido sem conteúdo específico, coberto por aviso explícito.","Manter visível apenas com aviso específico aprovado.","Aviso específico e decisão explícita registados em v0.9.7."
"strength>place_outdoor>bodyweight>upper>arms>upper_arm>biceps_brachii","strength","place_outdoor","bodyweight","upper / arms / upper_arm / biceps_brachii","Os filtros atuais estão demasiado restritos. Limpa filtros ou usa uma categoria geral relacionada.","KEEP_WITH_NOTICE","Caminho válido sem conteúdo específico, coberto por aviso explícito.","Manter visível apenas com aviso específico aprovado.","Aviso específico e decisão explícita registados em v0.9.7."
"strength>place_outdoor>bodyweight>upper>arms>upper_arm>brachialis","strength","place_outdoor","bodyweight","upper / arms / upper_arm / brachialis","Os filtros atuais estão demasiado restritos. Limpa filtros ou usa uma categoria geral relacionada.","KEEP_WITH_NOTICE","Caminho válido sem conteúdo específico, coberto por aviso explícito.","Manter visível apenas com aviso específico aprovado.","Aviso específico e decisão explícita registados em v0.9.7."
"strength>place_outdoor>bodyweight>upper>arms>upper_arm>brachioradialis","strength","place_outdoor","bodyweight","upper / arms / upper_arm / brachioradialis","Os filtros atuais estão demasiado restritos. Limpa filtros ou usa uma categoria geral relacionada.","KEEP_WITH_NOTICE","Caminho válido sem conteúdo específico, coberto por aviso explícito.","Manter visível apenas com aviso específico aprovado.","Aviso específico e decisão explícita registados em v0.9.7."
"strength>place_outdoor>bodyweight>upper>arms>upper_arm>triceps_long","strength","place_outdoor","bodyweight","upper / arms / upper_arm / triceps_long","Os filtros atuais estão demasiado restritos. Limpa filtros ou usa uma categoria geral relacionada.","KEEP_WITH_NOTICE","Caminho válido sem conteúdo específico, coberto por aviso explícito.","Manter visível apenas com aviso específico aprovado.","Aviso específico e decisão explícita registados em v0.9.7."
"strength>place_outdoor>bodyweight>upper>arms>upper_arm>triceps_lateral","strength","place_outdoor","bodyweight","upper / arms / upper_arm / triceps_lateral","Os filtros atuais estão demasiado restritos. Limpa filtros ou usa uma categoria geral relacionada.","KEEP_WITH_NOTICE","Caminho válido sem conteúdo específico, coberto por aviso explícito.","Manter visível apenas com aviso específico aprovado.","Aviso específico e decisão explícita registados em v0.9.7."
"strength>place_outdoor>bodyweight>upper>arms>upper_arm>triceps_medial","strength","place_outdoor","bodyweight","upper / arms / upper_arm / triceps_medial","Os filtros atuais estão demasiado restritos. Limpa filtros ou usa uma categoria geral relacionada.","KEEP_WITH_NOTICE","Caminho válido sem conteúdo específico, coberto por aviso explícito.","Manter visível apenas com aviso específico aprovado.","Aviso específico e decisão explícita registados em v0.9.7."
"strength>place_outdoor>bodyweight>upper>arms>forearm_hand","strength","place_outdoor","bodyweight","upper / arms / forearm_hand","Os filtros atuais estão demasiado restritos. Limpa filtros ou usa uma categoria geral relacionada.","KEEP_WITH_NOTICE","Caminho válido sem conteúdo específico, coberto por aviso explícito.","Manter visível apenas com aviso específico aprovado.","Aviso específico e decisão explícita registados em v0.9.7."
"strength>place_outdoor>bodyweight>upper>arms>forearm_hand>forearm_complete","strength","place_outdoor","bodyweight","upper / arms / forearm_hand / forearm_complete","Os filtros atuais estão demasiado restritos. Limpa filtros ou usa uma categoria geral relacionada.","KEEP_WITH_NOTICE","Caminho válido sem conteúdo específico, coberto por aviso explícito.","Manter visível apenas com aviso específico aprovado.","Aviso específico e decisão explícita registados em v0.9.7."
"strength>place_outdoor>bodyweight>upper>arms>forearm_hand>forearm_flexors","strength","place_outdoor","bodyweight","upper / arms / forearm_hand / forearm_flexors","Os filtros atuais estão demasiado restritos. Limpa filtros ou usa uma categoria geral relacionada.","KEEP_WITH_NOTICE","Caminho válido sem conteúdo específico, coberto por aviso explícito.","Manter visível apenas com aviso específico aprovado.","Aviso específico e decisão explícita registados em v0.9.7."
"strength>place_outdoor>bodyweight>upper>arms>forearm_hand>forearm_extensors","strength","place_outdoor","bodyweight","upper / arms / forearm_hand / forearm_extensors","Os filtros atuais estão demasiado restritos. Limpa filtros ou usa uma categoria geral relacionada.","KEEP_WITH_NOTICE","Caminho válido sem conteúdo específico, coberto por aviso explícito.","Manter visível apenas com aviso específico aprovado.","Aviso específico e decisão explícita registados em v0.9.7."
"strength>place_outdoor>bodyweight>upper>arms>forearm_hand>pronators","strength","place_outdoor","bodyweight","upper / arms / forearm_hand / pronators","Os filtros atuais estão demasiado restritos. Limpa filtros ou usa uma categoria geral relacionada.","KEEP_WITH_NOTICE","Caminho válido sem conteúdo específico, coberto por aviso explícito.","Manter visível apenas com aviso específico aprovado.","Aviso específico e decisão explícita registados em v0.9.7."
"strength>place_outdoor>bodyweight>upper>arms>forearm_hand>supinators","strength","place_outdoor","bodyweight","upper / arms / forearm_hand / supinators","Os filtros atuais estão demasiado restritos. Limpa filtros ou usa uma categoria geral relacionada.","KEEP_WITH_NOTICE","Caminho válido sem conteúdo específico, coberto por aviso explícito.","Manter visível apenas com aviso específico aprovado.","Aviso específico e decisão explícita registados em v0.9.7."
"strength>place_outdoor>bodyweight>upper>arms>forearm_hand>wrist","strength","place_outdoor","bodyweight","upper / arms / forearm_hand / wrist","Os filtros atuais estão demasiado restritos. Limpa filtros ou usa uma categoria geral relacionada.","KEEP_WITH_NOTICE","Caminho válido sem conteúdo específico, coberto por aviso explícito.","Manter visível apenas com aviso específico aprovado.","Aviso específico e decisão explícita registados em v0.9.7."
"strength>place_outdoor>bodyweight>upper>arms>forearm_hand>fingers","strength","place_outdoor","bodyweight","upper / arms / forearm_hand / fingers","Os filtros atuais estão demasiado restritos. Limpa filtros ou usa uma categoria geral relacionada.","KEEP_WITH_NOTICE","Caminho válido sem conteúdo específico, coberto por aviso explícito.","Manter visível apenas com aviso específico aprovado.","Aviso específico e decisão explícita registados em v0.9.7."
"strength>place_outdoor>bodyweight>upper>arms>forearm_hand>support_grip","strength","place_outdoor","bodyweight","upper / arms / forearm_hand / support_grip","Os filtros atuais estão demasiado restritos. Limpa filtros ou usa uma categoria geral relacionada.","KEEP_WITH_NOTICE","Caminho válido sem conteúdo específico, coberto por aviso explícito.","Manter visível apenas com aviso específico aprovado.","Aviso específico e decisão explícita registados em v0.9.7."
"strength>place_outdoor>bodyweight>upper>arms>forearm_hand>pinch_grip","strength","place_outdoor","bodyweight","upper / arms / forearm_hand / pinch_grip","Os filtros atuais estão demasiado restritos. Limpa filtros ou usa uma categoria geral relacionada.","KEEP_WITH_NOTICE","Caminho válido sem conteúdo específico, coberto por aviso explícito.","Manter visível apenas com aviso específico aprovado.","Aviso específico e decisão explícita registados em v0.9.7."
"strength>place_outdoor>bodyweight>upper>arms>forearm_hand>general_grip","strength","place_outdoor","bodyweight","upper / arms / forearm_hand / general_grip","Os filtros atuais estão demasiado restritos. Limpa filtros ou usa uma categoria geral relacionada.","KEEP_WITH_NOTICE","Caminho válido sem conteúdo específico, coberto por aviso explícito.","Manter visível apenas com aviso específico aprovado.","Aviso específico e decisão explícita registados em v0.9.7."
"strength>place_outdoor>bodyweight>upper>forearm_hand","strength","place_outdoor","bodyweight","upper / forearm_hand","Os filtros atuais estão demasiado restritos. Limpa filtros ou usa uma categoria geral relacionada.","KEEP_WITH_NOTICE","Caminho válido sem conteúdo específico, coberto por aviso explícito.","Manter visível apenas com aviso específico aprovado.","Aviso específico e decisão explícita registados em v0.9.7."
"strength>place_outdoor>bodyweight>upper>forearm_hand>forearm_complete","strength","place_outdoor","bodyweight","upper / forearm_hand / forearm_complete","Os filtros atuais estão demasiado restritos. Limpa filtros ou usa uma categoria geral relacionada.","KEEP_WITH_NOTICE","Caminho válido sem conteúdo específico, coberto por aviso explícito.","Manter visível apenas com aviso específico aprovado.","Aviso específico e decisão explícita registados em v0.9.7."
"strength>place_outdoor>bodyweight>upper>forearm_hand>forearm_flexors","strength","place_outdoor","bodyweight","upper / forearm_hand / forearm_flexors","Os filtros atuais estão demasiado restritos. Limpa filtros ou usa uma categoria geral relacionada.","KEEP_WITH_NOTICE","Caminho válido sem conteúdo específico, coberto por aviso explícito.","Manter visível apenas com aviso específico aprovado.","Aviso específico e decisão explícita registados em v0.9.7."
"strength>place_outdoor>bodyweight>upper>forearm_hand>forearm_extensors","strength","place_outdoor","bodyweight","upper / forearm_hand / forearm_extensors","Os filtros atuais estão demasiado restritos. Limpa filtros ou usa uma categoria geral relacionada.","KEEP_WITH_NOTICE","Caminho válido sem conteúdo específico, coberto por aviso explícito.","Manter visível apenas com aviso específico aprovado.","Aviso específico e decisão explícita registados em v0.9.7."
"strength>place_outdoor>bodyweight>upper>forearm_hand>pronators","strength","place_outdoor","bodyweight","upper / forearm_hand / pronators","Os filtros atuais estão demasiado restritos. Limpa filtros ou usa uma categoria geral relacionada.","KEEP_WITH_NOTICE","Caminho válido sem conteúdo específico, coberto por aviso explícito.","Manter visível apenas com aviso específico aprovado.","Aviso específico e decisão explícita registados em v0.9.7."
"strength>place_outdoor>bodyweight>upper>forearm_hand>supinators","strength","place_outdoor","bodyweight","upper / forearm_hand / supinators","Os filtros atuais estão demasiado restritos. Limpa filtros ou usa uma categoria geral relacionada.","KEEP_WITH_NOTICE","Caminho válido sem conteúdo específico, coberto por aviso explícito.","Manter visível apenas com aviso específico aprovado.","Aviso específico e decisão explícita registados em v0.9.7."
"strength>place_outdoor>bodyweight>upper>forearm_hand>wrist","strength","place_outdoor","bodyweight","upper / forearm_hand / wrist","Os filtros atuais estão demasiado restritos. Limpa filtros ou usa uma categoria geral relacionada.","KEEP_WITH_NOTICE","Caminho válido sem conteúdo específico, coberto por aviso explícito.","Manter visível apenas com aviso específico aprovado.","Aviso específico e decisão explícita registados em v0.9.7."
"strength>place_outdoor>bodyweight>upper>forearm_hand>fingers","strength","place_outdoor","bodyweight","upper / forearm_hand / fingers","Os filtros atuais estão demasiado restritos. Limpa filtros ou usa uma categoria geral relacionada.","KEEP_WITH_NOTICE","Caminho válido sem conteúdo específico, coberto por aviso explícito.","Manter visível apenas com aviso específico aprovado.","Aviso específico e decisão explícita registados em v0.9.7."
"strength>place_outdoor>bodyweight>upper>forearm_hand>support_grip","strength","place_outdoor","bodyweight","upper / forearm_hand / support_grip","Os filtros atuais estão demasiado restritos. Limpa filtros ou usa uma categoria geral relacionada.","KEEP_WITH_NOTICE","Caminho válido sem conteúdo específico, coberto por aviso explícito.","Manter visível apenas com aviso específico aprovado.","Aviso específico e decisão explícita registados em v0.9.7."
"strength>place_outdoor>bodyweight>upper>forearm_hand>pinch_grip","strength","place_outdoor","bodyweight","upper / forearm_hand / pinch_grip","Os filtros atuais estão demasiado restritos. Limpa filtros ou usa uma categoria geral relacionada.","KEEP_WITH_NOTICE","Caminho válido sem conteúdo específico, coberto por aviso explícito.","Manter visível apenas com aviso específico aprovado.","Aviso específico e decisão explícita registados em v0.9.7."
"strength>place_outdoor>bodyweight>upper>forearm_hand>general_grip","strength","place_outdoor","bodyweight","upper / forearm_hand / general_grip","Os filtros atuais estão demasiado restritos. Limpa filtros ou usa uma categoria geral relacionada.","KEEP_WITH_NOTICE","Caminho válido sem conteúdo específico, coberto por aviso explícito.","Manter visível apenas com aviso específico aprovado.","Aviso específico e decisão explícita registados em v0.9.7."
"strength>place_outdoor>bodyweight>core","strength","place_outdoor","bodyweight","core","Os filtros atuais estão demasiado restritos. Limpa filtros ou usa uma categoria geral relacionada.","KEEP_WITH_NOTICE","Caminho válido sem conteúdo específico, coberto por aviso explícito.","Manter visível apenas com aviso específico aprovado.","Aviso específico e decisão explícita registados em v0.9.7."
"strength>place_outdoor>bodyweight>core>abdominal","strength","place_outdoor","bodyweight","core / abdominal","Os filtros atuais estão demasiado restritos. Limpa filtros ou usa uma categoria geral relacionada.","KEEP_WITH_NOTICE","Caminho válido sem conteúdo específico, coberto por aviso explícito.","Manter visível apenas com aviso específico aprovado.","Aviso específico e decisão explícita registados em v0.9.7."
"strength>place_outdoor>bodyweight>core>obliques","strength","place_outdoor","bodyweight","core / obliques","Os filtros atuais estão demasiado restritos. Limpa filtros ou usa uma categoria geral relacionada.","KEEP_WITH_NOTICE","Caminho válido sem conteúdo específico, coberto por aviso explícito.","Manter visível apenas com aviso específico aprovado.","Aviso específico e decisão explícita registados em v0.9.7."
"strength>place_outdoor>bodyweight>core>transverse_abs","strength","place_outdoor","bodyweight","core / transverse_abs","Os filtros atuais estão demasiado restritos. Limpa filtros ou usa uma categoria geral relacionada.","KEEP_WITH_NOTICE","Caminho válido sem conteúdo específico, coberto por aviso explícito.","Manter visível apenas com aviso específico aprovado.","Aviso específico e decisão explícita registados em v0.9.7."
"strength>place_outdoor>bodyweight>core>low_back","strength","place_outdoor","bodyweight","core / low_back","Os filtros atuais estão demasiado restritos. Limpa filtros ou usa uma categoria geral relacionada.","KEEP_WITH_NOTICE","Caminho válido sem conteúdo específico, coberto por aviso explícito.","Manter visível apenas com aviso específico aprovado.","Aviso específico e decisão explícita registados em v0.9.7."
"strength>place_outdoor>bodyweight>core>core_stability","strength","place_outdoor","bodyweight","core / core_stability","Os filtros atuais estão demasiado restritos. Limpa filtros ou usa uma categoria geral relacionada.","KEEP_WITH_NOTICE","Caminho válido sem conteúdo específico, coberto por aviso explícito.","Manter visível apenas com aviso específico aprovado.","Aviso específico e decisão explícita registados em v0.9.7."
"strength>place_outdoor>bodyweight>core>anti_rotation","strength","place_outdoor","bodyweight","core / anti_rotation","Os filtros atuais estão demasiado restritos. Limpa filtros ou usa uma categoria geral relacionada.","KEEP_WITH_NOTICE","Caminho válido sem conteúdo específico, coberto por aviso explícito.","Manter visível apenas com aviso específico aprovado.","Aviso específico e decisão explícita registados em v0.9.7."
"strength>place_outdoor>bodyweight>core>anti_extension","strength","place_outdoor","bodyweight","core / anti_extension","Os filtros atuais estão demasiado restritos. Limpa filtros ou usa uma categoria geral relacionada.","KEEP_WITH_NOTICE","Caminho válido sem conteúdo específico, coberto por aviso explícito.","Manter visível apenas com aviso específico aprovado.","Aviso específico e decisão explícita registados em v0.9.7."
"strength>place_outdoor>bodyweight>core>anti_lateral_flexion","strength","place_outdoor","bodyweight","core / anti_lateral_flexion","Os filtros atuais estão demasiado restritos. Limpa filtros ou usa uma categoria geral relacionada.","KEEP_WITH_NOTICE","Caminho válido sem conteúdo específico, coberto por aviso explícito.","Manter visível apenas com aviso específico aprovado.","Aviso específico e decisão explícita registados em v0.9.7."
"strength>place_work_travel>bodyweight>full_body","strength","place_work_travel","bodyweight","full_body","Os filtros atuais estão demasiado restritos. Limpa filtros ou usa uma categoria geral relacionada.","KEEP_WITH_NOTICE","Caminho válido sem conteúdo específico, coberto por aviso explícito.","Manter visível apenas com aviso específico aprovado.","Aviso específico e decisão explícita registados em v0.9.7."
"strength>place_work_travel>floor>full_body","strength","place_work_travel","floor","full_body","Os filtros atuais estão demasiado restritos. Limpa filtros ou usa uma categoria geral relacionada.","KEEP_WITH_NOTICE","Caminho válido sem conteúdo específico, coberto por aviso explícito.","Manter visível apenas com aviso específico aprovado.","Aviso específico e decisão explícita registados em v0.9.7."
"strength>place_work_travel>wall>full_body","strength","place_work_travel","wall","full_body","Os filtros atuais estão demasiado restritos. Limpa filtros ou usa uma categoria geral relacionada.","KEEP_WITH_NOTICE","Caminho válido sem conteúdo específico, coberto por aviso explícito.","Manter visível apenas com aviso específico aprovado.","Aviso específico e decisão explícita registados em v0.9.7."
"strength>place_work_travel>bodyweight>upper>neck>neck_complete","strength","place_work_travel","bodyweight","upper / neck / neck_complete","Os filtros atuais estão demasiado restritos. Limpa filtros ou usa uma categoria geral relacionada.","KEEP_WITH_NOTICE","Caminho válido sem conteúdo específico, coberto por aviso explícito.","Manter visível apenas com aviso específico aprovado.","Aviso específico e decisão explícita registados em v0.9.7."
"strength>place_work_travel>bodyweight>upper>neck>anterior_neck","strength","place_work_travel","bodyweight","upper / neck / anterior_neck","Os filtros atuais estão demasiado restritos. Limpa filtros ou usa uma categoria geral relacionada.","KEEP_WITH_NOTICE","Caminho válido sem conteúdo específico, coberto por aviso explícito.","Manter visível apenas com aviso específico aprovado.","Aviso específico e decisão explícita registados em v0.9.7."
"strength>place_work_travel>bodyweight>upper>neck>posterior_neck","strength","place_work_travel","bodyweight","upper / neck / posterior_neck","Os filtros atuais estão demasiado restritos. Limpa filtros ou usa uma categoria geral relacionada.","KEEP_WITH_NOTICE","Caminho válido sem conteúdo específico, coberto por aviso explícito.","Manter visível apenas com aviso específico aprovado.","Aviso específico e decisão explícita registados em v0.9.7."
"strength>place_work_travel>bodyweight>upper>neck>lateral_neck","strength","place_work_travel","bodyweight","upper / neck / lateral_neck","Os filtros atuais estão demasiado restritos. Limpa filtros ou usa uma categoria geral relacionada.","KEEP_WITH_NOTICE","Caminho válido sem conteúdo específico, coberto por aviso explícito.","Manter visível apenas com aviso específico aprovado.","Aviso específico e decisão explícita registados em v0.9.7."
"strength>place_work_travel>bodyweight>upper>neck>cervical_stabilizers","strength","place_work_travel","bodyweight","upper / neck / cervical_stabilizers","Os filtros atuais estão demasiado restritos. Limpa filtros ou usa uma categoria geral relacionada.","KEEP_WITH_NOTICE","Caminho válido sem conteúdo específico, coberto por aviso explícito.","Manter visível apenas com aviso específico aprovado.","Aviso específico e decisão explícita registados em v0.9.7."
"strength>place_work_travel>bodyweight>upper>traps_scapula","strength","place_work_travel","bodyweight","upper / traps_scapula","Os filtros atuais estão demasiado restritos. Limpa filtros ou usa uma categoria geral relacionada.","KEEP_WITH_NOTICE","Caminho válido sem conteúdo específico, coberto por aviso explícito.","Manter visível apenas com aviso específico aprovado.","Aviso específico e decisão explícita registados em v0.9.7."
"strength>place_work_travel>bodyweight>upper>traps_scapula>traps_complete","strength","place_work_travel","bodyweight","upper / traps_scapula / traps_complete","Os filtros atuais estão demasiado restritos. Limpa filtros ou usa uma categoria geral relacionada.","KEEP_WITH_NOTICE","Caminho válido sem conteúdo específico, coberto por aviso explícito.","Manter visível apenas com aviso específico aprovado.","Aviso específico e decisão explícita registados em v0.9.7."
"strength>place_work_travel>bodyweight>upper>traps_scapula>upper_traps","strength","place_work_travel","bodyweight","upper / traps_scapula / upper_traps","Os filtros atuais estão demasiado restritos. Limpa filtros ou usa uma categoria geral relacionada.","KEEP_WITH_NOTICE","Caminho válido sem conteúdo específico, coberto por aviso explícito.","Manter visível apenas com aviso específico aprovado.","Aviso específico e decisão explícita registados em v0.9.7."
"strength>place_work_travel>bodyweight>upper>traps_scapula>mid_traps","strength","place_work_travel","bodyweight","upper / traps_scapula / mid_traps","Os filtros atuais estão demasiado restritos. Limpa filtros ou usa uma categoria geral relacionada.","KEEP_WITH_NOTICE","Caminho válido sem conteúdo específico, coberto por aviso explícito.","Manter visível apenas com aviso específico aprovado.","Aviso específico e decisão explícita registados em v0.9.7."
"strength>place_work_travel>bodyweight>upper>traps_scapula>lower_traps","strength","place_work_travel","bodyweight","upper / traps_scapula / lower_traps","Os filtros atuais estão demasiado restritos. Limpa filtros ou usa uma categoria geral relacionada.","KEEP_WITH_NOTICE","Caminho válido sem conteúdo específico, coberto por aviso explícito.","Manter visível apenas com aviso específico aprovado.","Aviso específico e decisão explícita registados em v0.9.7."
"strength>place_work_travel>bodyweight>upper>traps_scapula>scapular_stability","strength","place_work_travel","bodyweight","upper / traps_scapula / scapular_stability","Os filtros atuais estão demasiado restritos. Limpa filtros ou usa uma categoria geral relacionada.","KEEP_WITH_NOTICE","Caminho válido sem conteúdo específico, coberto por aviso explícito.","Manter visível apenas com aviso específico aprovado.","Aviso específico e decisão explícita registados em v0.9.7."
"strength>place_work_travel>bodyweight>upper>chest>chest_complete","strength","place_work_travel","bodyweight","upper / chest / chest_complete","Os filtros atuais estão demasiado restritos. Limpa filtros ou usa uma categoria geral relacionada.","KEEP_WITH_NOTICE","Caminho válido sem conteúdo específico, coberto por aviso explícito.","Manter visível apenas com aviso específico aprovado.","Aviso específico e decisão explícita registados em v0.9.7."
"strength>place_work_travel>bodyweight>upper>back>back_complete","strength","place_work_travel","bodyweight","upper / back / back_complete","Os filtros atuais estão demasiado restritos. Limpa filtros ou usa uma categoria geral relacionada.","KEEP_WITH_NOTICE","Caminho válido sem conteúdo específico, coberto por aviso explícito.","Manter visível apenas com aviso específico aprovado.","Aviso específico e decisão explícita registados em v0.9.7."
"strength>place_work_travel>bodyweight>upper>back>back_upper","strength","place_work_travel","bodyweight","upper / back / back_upper","Os filtros atuais estão demasiado restritos. Limpa filtros ou usa uma categoria geral relacionada.","KEEP_WITH_NOTICE","Caminho válido sem conteúdo específico, coberto por aviso explícito.","Manter visível apenas com aviso específico aprovado.","Aviso específico e decisão explícita registados em v0.9.7."
"strength>place_work_travel>bodyweight>upper>back>back_upper>upper_traps","strength","place_work_travel","bodyweight","upper / back / back_upper / upper_traps","Os filtros atuais estão demasiado restritos. Limpa filtros ou usa uma categoria geral relacionada.","KEEP_WITH_NOTICE","Caminho válido sem conteúdo específico, coberto por aviso explícito.","Manter visível apenas com aviso específico aprovado.","Aviso específico e decisão explícita registados em v0.9.7."
"strength>place_work_travel>bodyweight>upper>back>back_upper>mid_traps","strength","place_work_travel","bodyweight","upper / back / back_upper / mid_traps","Os filtros atuais estão demasiado restritos. Limpa filtros ou usa uma categoria geral relacionada.","KEEP_WITH_NOTICE","Caminho válido sem conteúdo específico, coberto por aviso explícito.","Manter visível apenas com aviso específico aprovado.","Aviso específico e decisão explícita registados em v0.9.7."
"strength>place_work_travel>bodyweight>upper>back>back_upper>lower_traps","strength","place_work_travel","bodyweight","upper / back / back_upper / lower_traps","Os filtros atuais estão demasiado restritos. Limpa filtros ou usa uma categoria geral relacionada.","KEEP_WITH_NOTICE","Caminho válido sem conteúdo específico, coberto por aviso explícito.","Manter visível apenas com aviso específico aprovado.","Aviso específico e decisão explícita registados em v0.9.7."
"strength>place_work_travel>bodyweight>upper>back>back_upper>rhomboids","strength","place_work_travel","bodyweight","upper / back / back_upper / rhomboids","Os filtros atuais estão demasiado restritos. Limpa filtros ou usa uma categoria geral relacionada.","KEEP_WITH_NOTICE","Caminho válido sem conteúdo específico, coberto por aviso explícito.","Manter visível apenas com aviso específico aprovado.","Aviso específico e decisão explícita registados em v0.9.7."
"strength>place_work_travel>bodyweight>upper>back>back_upper>posterior_deltoid","strength","place_work_travel","bodyweight","upper / back / back_upper / posterior_deltoid","Os filtros atuais estão demasiado restritos. Limpa filtros ou usa uma categoria geral relacionada.","KEEP_WITH_NOTICE","Caminho válido sem conteúdo específico, coberto por aviso explícito.","Manter visível apenas com aviso específico aprovado.","Aviso específico e decisão explícita registados em v0.9.7."
"strength>place_work_travel>bodyweight>upper>back>back_upper>scapular_stabilizers","strength","place_work_travel","bodyweight","upper / back / back_upper / scapular_stabilizers","Os filtros atuais estão demasiado restritos. Limpa filtros ou usa uma categoria geral relacionada.","KEEP_WITH_NOTICE","Caminho válido sem conteúdo específico, coberto por aviso explícito.","Manter visível apenas com aviso específico aprovado.","Aviso específico e decisão explícita registados em v0.9.7."
"strength>place_work_travel>bodyweight>upper>back>back_mid","strength","place_work_travel","bodyweight","upper / back / back_mid","Os filtros atuais estão demasiado restritos. Limpa filtros ou usa uma categoria geral relacionada.","KEEP_WITH_NOTICE","Caminho válido sem conteúdo específico, coberto por aviso explícito.","Manter visível apenas com aviso específico aprovado.","Aviso específico e decisão explícita registados em v0.9.7."
"strength>place_work_travel>bodyweight>upper>back>back_mid>rhomboids","strength","place_work_travel","bodyweight","upper / back / back_mid / rhomboids","Os filtros atuais estão demasiado restritos. Limpa filtros ou usa uma categoria geral relacionada.","KEEP_WITH_NOTICE","Caminho válido sem conteúdo específico, coberto por aviso explícito.","Manter visível apenas com aviso específico aprovado.","Aviso específico e decisão explícita registados em v0.9.7."
"strength>place_work_travel>bodyweight>upper>back>back_mid>mid_traps","strength","place_work_travel","bodyweight","upper / back / back_mid / mid_traps","Os filtros atuais estão demasiado restritos. Limpa filtros ou usa uma categoria geral relacionada.","KEEP_WITH_NOTICE","Caminho válido sem conteúdo específico, coberto por aviso explícito.","Manter visível apenas com aviso específico aprovado.","Aviso específico e decisão explícita registados em v0.9.7."
"strength>place_work_travel>bodyweight>upper>back>back_mid>teres_major","strength","place_work_travel","bodyweight","upper / back / back_mid / teres_major","Os filtros atuais estão demasiado restritos. Limpa filtros ou usa uma categoria geral relacionada.","KEEP_WITH_NOTICE","Caminho válido sem conteúdo específico, coberto por aviso explícito.","Manter visível apenas com aviso específico aprovado.","Aviso específico e decisão explícita registados em v0.9.7."
"strength>place_work_travel>bodyweight>upper>back>back_mid>teres_minor","strength","place_work_travel","bodyweight","upper / back / back_mid / teres_minor","Os filtros atuais estão demasiado restritos. Limpa filtros ou usa uma categoria geral relacionada.","KEEP_WITH_NOTICE","Caminho válido sem conteúdo específico, coberto por aviso explícito.","Manter visível apenas com aviso específico aprovado.","Aviso específico e decisão explícita registados em v0.9.7."
"strength>place_work_travel>bodyweight>upper>back>back_mid>latissimus_dorsi","strength","place_work_travel","bodyweight","upper / back / back_mid / latissimus_dorsi","Os filtros atuais estão demasiado restritos. Limpa filtros ou usa uma categoria geral relacionada.","KEEP_WITH_NOTICE","Caminho válido sem conteúdo específico, coberto por aviso explícito.","Manter visível apenas com aviso específico aprovado.","Aviso específico e decisão explícita registados em v0.9.7."
"strength>place_work_travel>bodyweight>upper>back>back_lower","strength","place_work_travel","bodyweight","upper / back / back_lower","Os filtros atuais estão demasiado restritos. Limpa filtros ou usa uma categoria geral relacionada.","KEEP_WITH_NOTICE","Caminho válido sem conteúdo específico, coberto por aviso explícito.","Manter visível apenas com aviso específico aprovado.","Aviso específico e decisão explícita registados em v0.9.7."
"strength>place_work_travel>bodyweight>upper>back>back_lower>erectors","strength","place_work_travel","bodyweight","upper / back / back_lower / erectors","Os filtros atuais estão demasiado restritos. Limpa filtros ou usa uma categoria geral relacionada.","KEEP_WITH_NOTICE","Caminho válido sem conteúdo específico, coberto por aviso explícito.","Manter visível apenas com aviso específico aprovado.","Aviso específico e decisão explícita registados em v0.9.7."
"strength>place_work_travel>bodyweight>upper>back>back_lower>lumbar","strength","place_work_travel","bodyweight","upper / back / back_lower / lumbar","Os filtros atuais estão demasiado restritos. Limpa filtros ou usa uma categoria geral relacionada.","KEEP_WITH_NOTICE","Caminho válido sem conteúdo específico, coberto por aviso explícito.","Manter visível apenas com aviso específico aprovado.","Aviso específico e decisão explícita registados em v0.9.7."
"strength>place_work_travel>bodyweight>upper>back>back_lower>quadratus_lumborum","strength","place_work_travel","bodyweight","upper / back / back_lower / quadratus_lumborum","Os filtros atuais estão demasiado restritos. Limpa filtros ou usa uma categoria geral relacionada.","KEEP_WITH_NOTICE","Caminho válido sem conteúdo específico, coberto por aviso explícito.","Manter visível apenas com aviso específico aprovado.","Aviso específico e decisão explícita registados em v0.9.7."
"strength>place_work_travel>bodyweight>upper>back>back_lower>lumbar_stability","strength","place_work_travel","bodyweight","upper / back / back_lower / lumbar_stability","Os filtros atuais estão demasiado restritos. Limpa filtros ou usa uma categoria geral relacionada.","KEEP_WITH_NOTICE","Caminho válido sem conteúdo específico, coberto por aviso explícito.","Manter visível apenas com aviso específico aprovado.","Aviso específico e decisão explícita registados em v0.9.7."
"strength>place_work_travel>bodyweight>upper>back>back_width","strength","place_work_travel","bodyweight","upper / back / back_width","Os filtros atuais estão demasiado restritos. Limpa filtros ou usa uma categoria geral relacionada.","KEEP_WITH_NOTICE","Caminho válido sem conteúdo específico, coberto por aviso explícito.","Manter visível apenas com aviso específico aprovado.","Aviso específico e decisão explícita registados em v0.9.7."
"strength>place_work_travel>bodyweight>upper>back>back_width>latissimus_dorsi","strength","place_work_travel","bodyweight","upper / back / back_width / latissimus_dorsi","Os filtros atuais estão demasiado restritos. Limpa filtros ou usa uma categoria geral relacionada.","KEEP_WITH_NOTICE","Caminho válido sem conteúdo específico, coberto por aviso explícito.","Manter visível apenas com aviso específico aprovado.","Aviso específico e decisão explícita registados em v0.9.7."
"strength>place_work_travel>bodyweight>upper>back>back_width>teres_major","strength","place_work_travel","bodyweight","upper / back / back_width / teres_major","Os filtros atuais estão demasiado restritos. Limpa filtros ou usa uma categoria geral relacionada.","KEEP_WITH_NOTICE","Caminho válido sem conteúdo específico, coberto por aviso explícito.","Manter visível apenas com aviso específico aprovado.","Aviso específico e decisão explícita registados em v0.9.7."
"strength>place_work_travel>bodyweight>upper>back>back_width>vertical_pulls","strength","place_work_travel","bodyweight","upper / back / back_width / vertical_pulls","Os filtros atuais estão demasiado restritos. Limpa filtros ou usa uma categoria geral relacionada.","KEEP_WITH_NOTICE","Caminho válido sem conteúdo específico, coberto por aviso explícito.","Manter visível apenas com aviso específico aprovado.","Aviso específico e decisão explícita registados em v0.9.7."
"strength>place_work_travel>bodyweight>upper>back>back_thickness","strength","place_work_travel","bodyweight","upper / back / back_thickness","Os filtros atuais estão demasiado restritos. Limpa filtros ou usa uma categoria geral relacionada.","KEEP_WITH_NOTICE","Caminho válido sem conteúdo específico, coberto por aviso explícito.","Manter visível apenas com aviso específico aprovado.","Aviso específico e decisão explícita registados em v0.9.7."
"strength>place_work_travel>bodyweight>upper>back>back_thickness>rhomboids","strength","place_work_travel","bodyweight","upper / back / back_thickness / rhomboids","Os filtros atuais estão demasiado restritos. Limpa filtros ou usa uma categoria geral relacionada.","KEEP_WITH_NOTICE","Caminho válido sem conteúdo específico, coberto por aviso explícito.","Manter visível apenas com aviso específico aprovado.","Aviso específico e decisão explícita registados em v0.9.7."
"strength>place_work_travel>bodyweight>upper>back>back_thickness>mid_traps","strength","place_work_travel","bodyweight","upper / back / back_thickness / mid_traps","Os filtros atuais estão demasiado restritos. Limpa filtros ou usa uma categoria geral relacionada.","KEEP_WITH_NOTICE","Caminho válido sem conteúdo específico, coberto por aviso explícito.","Manter visível apenas com aviso específico aprovado.","Aviso específico e decisão explícita registados em v0.9.7."
"strength>place_work_travel>bodyweight>upper>back>back_thickness>lower_traps","strength","place_work_travel","bodyweight","upper / back / back_thickness / lower_traps","Os filtros atuais estão demasiado restritos. Limpa filtros ou usa uma categoria geral relacionada.","KEEP_WITH_NOTICE","Caminho válido sem conteúdo específico, coberto por aviso explícito.","Manter visível apenas com aviso específico aprovado.","Aviso específico e decisão explícita registados em v0.9.7."
"strength>place_work_travel>bodyweight>upper>back>back_thickness>horizontal_rows","strength","place_work_travel","bodyweight","upper / back / back_thickness / horizontal_rows","Os filtros atuais estão demasiado restritos. Limpa filtros ou usa uma categoria geral relacionada.","KEEP_WITH_NOTICE","Caminho válido sem conteúdo específico, coberto por aviso explícito.","Manter visível apenas com aviso específico aprovado.","Aviso específico e decisão explícita registados em v0.9.7."
"strength>place_work_travel>bodyweight>upper>shoulders>shoulders_complete","strength","place_work_travel","bodyweight","upper / shoulders / shoulders_complete","Os filtros atuais estão demasiado restritos. Limpa filtros ou usa uma categoria geral relacionada.","KEEP_WITH_NOTICE","Caminho válido sem conteúdo específico, coberto por aviso explícito.","Manter visível apenas com aviso específico aprovado.","Aviso específico e decisão explícita registados em v0.9.7."
"strength>place_work_travel>bodyweight>upper>shoulders>anterior_deltoid","strength","place_work_travel","bodyweight","upper / shoulders / anterior_deltoid","Os filtros atuais estão demasiado restritos. Limpa filtros ou usa uma categoria geral relacionada.","KEEP_WITH_NOTICE","Caminho válido sem conteúdo específico, coberto por aviso explícito.","Manter visível apenas com aviso específico aprovado.","Aviso específico e decisão explícita registados em v0.9.7."
"strength>place_work_travel>bodyweight>upper>shoulders>lateral_deltoid","strength","place_work_travel","bodyweight","upper / shoulders / lateral_deltoid","Os filtros atuais estão demasiado restritos. Limpa filtros ou usa uma categoria geral relacionada.","KEEP_WITH_NOTICE","Caminho válido sem conteúdo específico, coberto por aviso explícito.","Manter visível apenas com aviso específico aprovado.","Aviso específico e decisão explícita registados em v0.9.7."
"strength>place_work_travel>bodyweight>upper>shoulders>posterior_deltoid","strength","place_work_travel","bodyweight","upper / shoulders / posterior_deltoid","Os filtros atuais estão demasiado restritos. Limpa filtros ou usa uma categoria geral relacionada.","KEEP_WITH_NOTICE","Caminho válido sem conteúdo específico, coberto por aviso explícito.","Manter visível apenas com aviso específico aprovado.","Aviso específico e decisão explícita registados em v0.9.7."
"strength>place_work_travel>bodyweight>upper>shoulders>rotator_cuff","strength","place_work_travel","bodyweight","upper / shoulders / rotator_cuff","Os filtros atuais estão demasiado restritos. Limpa filtros ou usa uma categoria geral relacionada.","KEEP_WITH_NOTICE","Caminho válido sem conteúdo específico, coberto por aviso explícito.","Manter visível apenas com aviso específico aprovado.","Aviso específico e decisão explícita registados em v0.9.7."
"strength>place_work_travel>bodyweight>upper>shoulders>external_rotators","strength","place_work_travel","bodyweight","upper / shoulders / external_rotators","Os filtros atuais estão demasiado restritos. Limpa filtros ou usa uma categoria geral relacionada.","KEEP_WITH_NOTICE","Caminho válido sem conteúdo específico, coberto por aviso explícito.","Manter visível apenas com aviso específico aprovado.","Aviso específico e decisão explícita registados em v0.9.7."
"strength>place_work_travel>bodyweight>upper>shoulders>internal_rotators","strength","place_work_travel","bodyweight","upper / shoulders / internal_rotators","Os filtros atuais estão demasiado restritos. Limpa filtros ou usa uma categoria geral relacionada.","KEEP_WITH_NOTICE","Caminho válido sem conteúdo específico, coberto por aviso explícito.","Manter visível apenas com aviso específico aprovado.","Aviso específico e decisão explícita registados em v0.9.7."
"strength>place_work_travel>bodyweight>upper>shoulders>scapular_stability","strength","place_work_travel","bodyweight","upper / shoulders / scapular_stability","Os filtros atuais estão demasiado restritos. Limpa filtros ou usa uma categoria geral relacionada.","KEEP_WITH_NOTICE","Caminho válido sem conteúdo específico, coberto por aviso explícito.","Manter visível apenas com aviso específico aprovado.","Aviso específico e decisão explícita registados em v0.9.7."
"strength>place_work_travel>bodyweight>upper>arms>arms_complete","strength","place_work_travel","bodyweight","upper / arms / arms_complete","Os filtros atuais estão demasiado restritos. Limpa filtros ou usa uma categoria geral relacionada.","KEEP_WITH_NOTICE","Caminho válido sem conteúdo específico, coberto por aviso explícito.","Manter visível apenas com aviso específico aprovado.","Aviso específico e decisão explícita registados em v0.9.7."
"strength>place_work_travel>bodyweight>upper>arms>upper_arm","strength","place_work_travel","bodyweight","upper / arms / upper_arm","Os filtros atuais estão demasiado restritos. Limpa filtros ou usa uma categoria geral relacionada.","KEEP_WITH_NOTICE","Caminho válido sem conteúdo específico, coberto por aviso explícito.","Manter visível apenas com aviso específico aprovado.","Aviso específico e decisão explícita registados em v0.9.7."
"strength>place_work_travel>bodyweight>upper>arms>upper_arm>biceps_brachii","strength","place_work_travel","bodyweight","upper / arms / upper_arm / biceps_brachii","Os filtros atuais estão demasiado restritos. Limpa filtros ou usa uma categoria geral relacionada.","KEEP_WITH_NOTICE","Caminho válido sem conteúdo específico, coberto por aviso explícito.","Manter visível apenas com aviso específico aprovado.","Aviso específico e decisão explícita registados em v0.9.7."
"strength>place_work_travel>bodyweight>upper>arms>upper_arm>brachialis","strength","place_work_travel","bodyweight","upper / arms / upper_arm / brachialis","Os filtros atuais estão demasiado restritos. Limpa filtros ou usa uma categoria geral relacionada.","KEEP_WITH_NOTICE","Caminho válido sem conteúdo específico, coberto por aviso explícito.","Manter visível apenas com aviso específico aprovado.","Aviso específico e decisão explícita registados em v0.9.7."
"strength>place_work_travel>bodyweight>upper>arms>upper_arm>brachioradialis","strength","place_work_travel","bodyweight","upper / arms / upper_arm / brachioradialis","Os filtros atuais estão demasiado restritos. Limpa filtros ou usa uma categoria geral relacionada.","KEEP_WITH_NOTICE","Caminho válido sem conteúdo específico, coberto por aviso explícito.","Manter visível apenas com aviso específico aprovado.","Aviso específico e decisão explícita registados em v0.9.7."
"strength>place_work_travel>bodyweight>upper>arms>upper_arm>triceps_long","strength","place_work_travel","bodyweight","upper / arms / upper_arm / triceps_long","Os filtros atuais estão demasiado restritos. Limpa filtros ou usa uma categoria geral relacionada.","KEEP_WITH_NOTICE","Caminho válido sem conteúdo específico, coberto por aviso explícito.","Manter visível apenas com aviso específico aprovado.","Aviso específico e decisão explícita registados em v0.9.7."
"strength>place_work_travel>bodyweight>upper>arms>upper_arm>triceps_lateral","strength","place_work_travel","bodyweight","upper / arms / upper_arm / triceps_lateral","Os filtros atuais estão demasiado restritos. Limpa filtros ou usa uma categoria geral relacionada.","KEEP_WITH_NOTICE","Caminho válido sem conteúdo específico, coberto por aviso explícito.","Manter visível apenas com aviso específico aprovado.","Aviso específico e decisão explícita registados em v0.9.7."
"strength>place_work_travel>bodyweight>upper>arms>upper_arm>triceps_medial","strength","place_work_travel","bodyweight","upper / arms / upper_arm / triceps_medial","Os filtros atuais estão demasiado restritos. Limpa filtros ou usa uma categoria geral relacionada.","KEEP_WITH_NOTICE","Caminho válido sem conteúdo específico, coberto por aviso explícito.","Manter visível apenas com aviso específico aprovado.","Aviso específico e decisão explícita registados em v0.9.7."
"strength>place_work_travel>bodyweight>upper>arms>forearm_hand","strength","place_work_travel","bodyweight","upper / arms / forearm_hand","Os filtros atuais estão demasiado restritos. Limpa filtros ou usa uma categoria geral relacionada.","KEEP_WITH_NOTICE","Caminho válido sem conteúdo específico, coberto por aviso explícito.","Manter visível apenas com aviso específico aprovado.","Aviso específico e decisão explícita registados em v0.9.7."
"strength>place_work_travel>bodyweight>upper>arms>forearm_hand>forearm_complete","strength","place_work_travel","bodyweight","upper / arms / forearm_hand / forearm_complete","Os filtros atuais estão demasiado restritos. Limpa filtros ou usa uma categoria geral relacionada.","KEEP_WITH_NOTICE","Caminho válido sem conteúdo específico, coberto por aviso explícito.","Manter visível apenas com aviso específico aprovado.","Aviso específico e decisão explícita registados em v0.9.7."
"strength>place_work_travel>bodyweight>upper>arms>forearm_hand>forearm_flexors","strength","place_work_travel","bodyweight","upper / arms / forearm_hand / forearm_flexors","Os filtros atuais estão demasiado restritos. Limpa filtros ou usa uma categoria geral relacionada.","KEEP_WITH_NOTICE","Caminho válido sem conteúdo específico, coberto por aviso explícito.","Manter visível apenas com aviso específico aprovado.","Aviso específico e decisão explícita registados em v0.9.7."
"strength>place_work_travel>bodyweight>upper>arms>forearm_hand>forearm_extensors","strength","place_work_travel","bodyweight","upper / arms / forearm_hand / forearm_extensors","Os filtros atuais estão demasiado restritos. Limpa filtros ou usa uma categoria geral relacionada.","KEEP_WITH_NOTICE","Caminho válido sem conteúdo específico, coberto por aviso explícito.","Manter visível apenas com aviso específico aprovado.","Aviso específico e decisão explícita registados em v0.9.7."
"strength>place_work_travel>bodyweight>upper>arms>forearm_hand>pronators","strength","place_work_travel","bodyweight","upper / arms / forearm_hand / pronators","Os filtros atuais estão demasiado restritos. Limpa filtros ou usa uma categoria geral relacionada.","KEEP_WITH_NOTICE","Caminho válido sem conteúdo específico, coberto por aviso explícito.","Manter visível apenas com aviso específico aprovado.","Aviso específico e decisão explícita registados em v0.9.7."
"strength>place_work_travel>bodyweight>upper>arms>forearm_hand>supinators","strength","place_work_travel","bodyweight","upper / arms / forearm_hand / supinators","Os filtros atuais estão demasiado restritos. Limpa filtros ou usa uma categoria geral relacionada.","KEEP_WITH_NOTICE","Caminho válido sem conteúdo específico, coberto por aviso explícito.","Manter visível apenas com aviso específico aprovado.","Aviso específico e decisão explícita registados em v0.9.7."
"strength>place_work_travel>bodyweight>upper>arms>forearm_hand>wrist","strength","place_work_travel","bodyweight","upper / arms / forearm_hand / wrist","Os filtros atuais estão demasiado restritos. Limpa filtros ou usa uma categoria geral relacionada.","KEEP_WITH_NOTICE","Caminho válido sem conteúdo específico, coberto por aviso explícito.","Manter visível apenas com aviso específico aprovado.","Aviso específico e decisão explícita registados em v0.9.7."
"strength>place_work_travel>bodyweight>upper>arms>forearm_hand>fingers","strength","place_work_travel","bodyweight","upper / arms / forearm_hand / fingers","Os filtros atuais estão demasiado restritos. Limpa filtros ou usa uma categoria geral relacionada.","KEEP_WITH_NOTICE","Caminho válido sem conteúdo específico, coberto por aviso explícito.","Manter visível apenas com aviso específico aprovado.","Aviso específico e decisão explícita registados em v0.9.7."
"strength>place_work_travel>bodyweight>upper>arms>forearm_hand>support_grip","strength","place_work_travel","bodyweight","upper / arms / forearm_hand / support_grip","Os filtros atuais estão demasiado restritos. Limpa filtros ou usa uma categoria geral relacionada.","KEEP_WITH_NOTICE","Caminho válido sem conteúdo específico, coberto por aviso explícito.","Manter visível apenas com aviso específico aprovado.","Aviso específico e decisão explícita registados em v0.9.7."
"strength>place_work_travel>bodyweight>upper>arms>forearm_hand>pinch_grip","strength","place_work_travel","bodyweight","upper / arms / forearm_hand / pinch_grip","Os filtros atuais estão demasiado restritos. Limpa filtros ou usa uma categoria geral relacionada.","KEEP_WITH_NOTICE","Caminho válido sem conteúdo específico, coberto por aviso explícito.","Manter visível apenas com aviso específico aprovado.","Aviso específico e decisão explícita registados em v0.9.7."
"strength>place_work_travel>bodyweight>upper>arms>forearm_hand>general_grip","strength","place_work_travel","bodyweight","upper / arms / forearm_hand / general_grip","Os filtros atuais estão demasiado restritos. Limpa filtros ou usa uma categoria geral relacionada.","KEEP_WITH_NOTICE","Caminho válido sem conteúdo específico, coberto por aviso explícito.","Manter visível apenas com aviso específico aprovado.","Aviso específico e decisão explícita registados em v0.9.7."
"strength>place_work_travel>bodyweight>upper>forearm_hand","strength","place_work_travel","bodyweight","upper / forearm_hand","Os filtros atuais estão demasiado restritos. Limpa filtros ou usa uma categoria geral relacionada.","KEEP_WITH_NOTICE","Caminho válido sem conteúdo específico, coberto por aviso explícito.","Manter visível apenas com aviso específico aprovado.","Aviso específico e decisão explícita registados em v0.9.7."
"strength>place_work_travel>bodyweight>upper>forearm_hand>forearm_complete","strength","place_work_travel","bodyweight","upper / forearm_hand / forearm_complete","Os filtros atuais estão demasiado restritos. Limpa filtros ou usa uma categoria geral relacionada.","KEEP_WITH_NOTICE","Caminho válido sem conteúdo específico, coberto por aviso explícito.","Manter visível apenas com aviso específico aprovado.","Aviso específico e decisão explícita registados em v0.9.7."
"strength>place_work_travel>bodyweight>upper>forearm_hand>forearm_flexors","strength","place_work_travel","bodyweight","upper / forearm_hand / forearm_flexors","Os filtros atuais estão demasiado restritos. Limpa filtros ou usa uma categoria geral relacionada.","KEEP_WITH_NOTICE","Caminho válido sem conteúdo específico, coberto por aviso explícito.","Manter visível apenas com aviso específico aprovado.","Aviso específico e decisão explícita registados em v0.9.7."
"strength>place_work_travel>bodyweight>upper>forearm_hand>forearm_extensors","strength","place_work_travel","bodyweight","upper / forearm_hand / forearm_extensors","Os filtros atuais estão demasiado restritos. Limpa filtros ou usa uma categoria geral relacionada.","KEEP_WITH_NOTICE","Caminho válido sem conteúdo específico, coberto por aviso explícito.","Manter visível apenas com aviso específico aprovado.","Aviso específico e decisão explícita registados em v0.9.7."
"strength>place_work_travel>bodyweight>upper>forearm_hand>pronators","strength","place_work_travel","bodyweight","upper / forearm_hand / pronators","Os filtros atuais estão demasiado restritos. Limpa filtros ou usa uma categoria geral relacionada.","KEEP_WITH_NOTICE","Caminho válido sem conteúdo específico, coberto por aviso explícito.","Manter visível apenas com aviso específico aprovado.","Aviso específico e decisão explícita registados em v0.9.7."
"strength>place_work_travel>bodyweight>upper>forearm_hand>supinators","strength","place_work_travel","bodyweight","upper / forearm_hand / supinators","Os filtros atuais estão demasiado restritos. Limpa filtros ou usa uma categoria geral relacionada.","KEEP_WITH_NOTICE","Caminho válido sem conteúdo específico, coberto por aviso explícito.","Manter visível apenas com aviso específico aprovado.","Aviso específico e decisão explícita registados em v0.9.7."
"strength>place_work_travel>bodyweight>upper>forearm_hand>wrist","strength","place_work_travel","bodyweight","upper / forearm_hand / wrist","Os filtros atuais estão demasiado restritos. Limpa filtros ou usa uma categoria geral relacionada.","KEEP_WITH_NOTICE","Caminho válido sem conteúdo específico, coberto por aviso explícito.","Manter visível apenas com aviso específico aprovado.","Aviso específico e decisão explícita registados em v0.9.7."
"strength>place_work_travel>bodyweight>upper>forearm_hand>fingers","strength","place_work_travel","bodyweight","upper / forearm_hand / fingers","Os filtros atuais estão demasiado restritos. Limpa filtros ou usa uma categoria geral relacionada.","KEEP_WITH_NOTICE","Caminho válido sem conteúdo específico, coberto por aviso explícito.","Manter visível apenas com aviso específico aprovado.","Aviso específico e decisão explícita registados em v0.9.7."
"strength>place_work_travel>bodyweight>upper>forearm_hand>support_grip","strength","place_work_travel","bodyweight","upper / forearm_hand / support_grip","Os filtros atuais estão demasiado restritos. Limpa filtros ou usa uma categoria geral relacionada.","KEEP_WITH_NOTICE","Caminho válido sem conteúdo específico, coberto por aviso explícito.","Manter visível apenas com aviso específico aprovado.","Aviso específico e decisão explícita registados em v0.9.7."
"strength>place_work_travel>bodyweight>upper>forearm_hand>pinch_grip","strength","place_work_travel","bodyweight","upper / forearm_hand / pinch_grip","Os filtros atuais estão demasiado restritos. Limpa filtros ou usa uma categoria geral relacionada.","KEEP_WITH_NOTICE","Caminho válido sem conteúdo específico, coberto por aviso explícito.","Manter visível apenas com aviso específico aprovado.","Aviso específico e decisão explícita registados em v0.9.7."
"strength>place_work_travel>bodyweight>upper>forearm_hand>general_grip","strength","place_work_travel","bodyweight","upper / forearm_hand / general_grip","Os filtros atuais estão demasiado restritos. Limpa filtros ou usa uma categoria geral relacionada.","KEEP_WITH_NOTICE","Caminho válido sem conteúdo específico, coberto por aviso explícito.","Manter visível apenas com aviso específico aprovado.","Aviso específico e decisão explícita registados em v0.9.7."
"strength>place_work_travel>bodyweight>core","strength","place_work_travel","bodyweight","core","Os filtros atuais estão demasiado restritos. Limpa filtros ou usa uma categoria geral relacionada.","KEEP_WITH_NOTICE","Caminho válido sem conteúdo específico, coberto por aviso explícito.","Manter visível apenas com aviso específico aprovado.","Aviso específico e decisão explícita registados em v0.9.7."
"strength>place_work_travel>bodyweight>core>abdominal","strength","place_work_travel","bodyweight","core / abdominal","Os filtros atuais estão demasiado restritos. Limpa filtros ou usa uma categoria geral relacionada.","KEEP_WITH_NOTICE","Caminho válido sem conteúdo específico, coberto por aviso explícito.","Manter visível apenas com aviso específico aprovado.","Aviso específico e decisão explícita registados em v0.9.7."
"strength>place_work_travel>bodyweight>core>obliques","strength","place_work_travel","bodyweight","core / obliques","Os filtros atuais estão demasiado restritos. Limpa filtros ou usa uma categoria geral relacionada.","KEEP_WITH_NOTICE","Caminho válido sem conteúdo específico, coberto por aviso explícito.","Manter visível apenas com aviso específico aprovado.","Aviso específico e decisão explícita registados em v0.9.7."
"strength>place_work_travel>bodyweight>core>transverse_abs","strength","place_work_travel","bodyweight","core / transverse_abs","Os filtros atuais estão demasiado restritos. Limpa filtros ou usa uma categoria geral relacionada.","KEEP_WITH_NOTICE","Caminho válido sem conteúdo específico, coberto por aviso explícito.","Manter visível apenas com aviso específico aprovado.","Aviso específico e decisão explícita registados em v0.9.7."
"strength>place_work_travel>bodyweight>core>low_back","strength","place_work_travel","bodyweight","core / low_back","Os filtros atuais estão demasiado restritos. Limpa filtros ou usa uma categoria geral relacionada.","KEEP_WITH_NOTICE","Caminho válido sem conteúdo específico, coberto por aviso explícito.","Manter visível apenas com aviso específico aprovado.","Aviso específico e decisão explícita registados em v0.9.7."
"strength>place_work_travel>bodyweight>core>core_stability","strength","place_work_travel","bodyweight","core / core_stability","Os filtros atuais estão demasiado restritos. Limpa filtros ou usa uma categoria geral relacionada.","KEEP_WITH_NOTICE","Caminho válido sem conteúdo específico, coberto por aviso explícito.","Manter visível apenas com aviso específico aprovado.","Aviso específico e decisão explícita registados em v0.9.7."
"strength>place_work_travel>bodyweight>core>anti_rotation","strength","place_work_travel","bodyweight","core / anti_rotation","Os filtros atuais estão demasiado restritos. Limpa filtros ou usa uma categoria geral relacionada.","KEEP_WITH_NOTICE","Caminho válido sem conteúdo específico, coberto por aviso explícito.","Manter visível apenas com aviso específico aprovado.","Aviso específico e decisão explícita registados em v0.9.7."
"strength>place_work_travel>bodyweight>core>anti_extension","strength","place_work_travel","bodyweight","core / anti_extension","Os filtros atuais estão demasiado restritos. Limpa filtros ou usa uma categoria geral relacionada.","KEEP_WITH_NOTICE","Caminho válido sem conteúdo específico, coberto por aviso explícito.","Manter visível apenas com aviso específico aprovado.","Aviso específico e decisão explícita registados em v0.9.7."
"strength>place_work_travel>bodyweight>core>anti_lateral_flexion","strength","place_work_travel","bodyweight","core / anti_lateral_flexion","Os filtros atuais estão demasiado restritos. Limpa filtros ou usa uma categoria geral relacionada.","KEEP_WITH_NOTICE","Caminho válido sem conteúdo específico, coberto por aviso explícito.","Manter visível apenas com aviso específico aprovado.","Aviso específico e decisão explícita registados em v0.9.7."
"strength>place_clinic>bodyweight>full_body","strength","place_clinic","bodyweight","full_body","Os filtros atuais estão demasiado restritos. Limpa filtros ou usa uma categoria geral relacionada.","KEEP_WITH_NOTICE","Caminho válido sem conteúdo específico, coberto por aviso explícito.","Manter visível apenas com aviso específico aprovado.","Aviso específico e decisão explícita registados em v0.9.7."
"strength>place_clinic>floor>full_body","strength","place_clinic","floor","full_body","Os filtros atuais estão demasiado restritos. Limpa filtros ou usa uma categoria geral relacionada.","KEEP_WITH_NOTICE","Caminho válido sem conteúdo específico, coberto por aviso explícito.","Manter visível apenas com aviso específico aprovado.","Aviso específico e decisão explícita registados em v0.9.7."
"strength>place_clinic>bodyweight>upper>neck>neck_complete","strength","place_clinic","bodyweight","upper / neck / neck_complete","Os filtros atuais estão demasiado restritos. Limpa filtros ou usa uma categoria geral relacionada.","KEEP_WITH_NOTICE","Caminho válido sem conteúdo específico, coberto por aviso explícito.","Manter visível apenas com aviso específico aprovado.","Aviso específico e decisão explícita registados em v0.9.7."
"strength>place_clinic>bodyweight>upper>neck>anterior_neck","strength","place_clinic","bodyweight","upper / neck / anterior_neck","Os filtros atuais estão demasiado restritos. Limpa filtros ou usa uma categoria geral relacionada.","KEEP_WITH_NOTICE","Caminho válido sem conteúdo específico, coberto por aviso explícito.","Manter visível apenas com aviso específico aprovado.","Aviso específico e decisão explícita registados em v0.9.7."
"strength>place_clinic>bodyweight>upper>neck>posterior_neck","strength","place_clinic","bodyweight","upper / neck / posterior_neck","Os filtros atuais estão demasiado restritos. Limpa filtros ou usa uma categoria geral relacionada.","KEEP_WITH_NOTICE","Caminho válido sem conteúdo específico, coberto por aviso explícito.","Manter visível apenas com aviso específico aprovado.","Aviso específico e decisão explícita registados em v0.9.7."
"strength>place_clinic>bodyweight>upper>neck>lateral_neck","strength","place_clinic","bodyweight","upper / neck / lateral_neck","Os filtros atuais estão demasiado restritos. Limpa filtros ou usa uma categoria geral relacionada.","KEEP_WITH_NOTICE","Caminho válido sem conteúdo específico, coberto por aviso explícito.","Manter visível apenas com aviso específico aprovado.","Aviso específico e decisão explícita registados em v0.9.7."
"strength>place_clinic>bodyweight>upper>neck>cervical_stabilizers","strength","place_clinic","bodyweight","upper / neck / cervical_stabilizers","Os filtros atuais estão demasiado restritos. Limpa filtros ou usa uma categoria geral relacionada.","KEEP_WITH_NOTICE","Caminho válido sem conteúdo específico, coberto por aviso explícito.","Manter visível apenas com aviso específico aprovado.","Aviso específico e decisão explícita registados em v0.9.7."
"strength>place_clinic>bodyweight>upper>traps_scapula","strength","place_clinic","bodyweight","upper / traps_scapula","Os filtros atuais estão demasiado restritos. Limpa filtros ou usa uma categoria geral relacionada.","KEEP_WITH_NOTICE","Caminho válido sem conteúdo específico, coberto por aviso explícito.","Manter visível apenas com aviso específico aprovado.","Aviso específico e decisão explícita registados em v0.9.7."
"strength>place_clinic>bodyweight>upper>traps_scapula>traps_complete","strength","place_clinic","bodyweight","upper / traps_scapula / traps_complete","Os filtros atuais estão demasiado restritos. Limpa filtros ou usa uma categoria geral relacionada.","KEEP_WITH_NOTICE","Caminho válido sem conteúdo específico, coberto por aviso explícito.","Manter visível apenas com aviso específico aprovado.","Aviso específico e decisão explícita registados em v0.9.7."
"strength>place_clinic>bodyweight>upper>traps_scapula>upper_traps","strength","place_clinic","bodyweight","upper / traps_scapula / upper_traps","Os filtros atuais estão demasiado restritos. Limpa filtros ou usa uma categoria geral relacionada.","KEEP_WITH_NOTICE","Caminho válido sem conteúdo específico, coberto por aviso explícito.","Manter visível apenas com aviso específico aprovado.","Aviso específico e decisão explícita registados em v0.9.7."
"strength>place_clinic>bodyweight>upper>traps_scapula>mid_traps","strength","place_clinic","bodyweight","upper / traps_scapula / mid_traps","Os filtros atuais estão demasiado restritos. Limpa filtros ou usa uma categoria geral relacionada.","KEEP_WITH_NOTICE","Caminho válido sem conteúdo específico, coberto por aviso explícito.","Manter visível apenas com aviso específico aprovado.","Aviso específico e decisão explícita registados em v0.9.7."
"strength>place_clinic>bodyweight>upper>traps_scapula>lower_traps","strength","place_clinic","bodyweight","upper / traps_scapula / lower_traps","Os filtros atuais estão demasiado restritos. Limpa filtros ou usa uma categoria geral relacionada.","KEEP_WITH_NOTICE","Caminho válido sem conteúdo específico, coberto por aviso explícito.","Manter visível apenas com aviso específico aprovado.","Aviso específico e decisão explícita registados em v0.9.7."
"strength>place_clinic>bodyweight>upper>traps_scapula>scapular_stability","strength","place_clinic","bodyweight","upper / traps_scapula / scapular_stability","Os filtros atuais estão demasiado restritos. Limpa filtros ou usa uma categoria geral relacionada.","KEEP_WITH_NOTICE","Caminho válido sem conteúdo específico, coberto por aviso explícito.","Manter visível apenas com aviso específico aprovado.","Aviso específico e decisão explícita registados em v0.9.7."
"strength>place_clinic>bodyweight>upper>chest>chest_complete","strength","place_clinic","bodyweight","upper / chest / chest_complete","Os filtros atuais estão demasiado restritos. Limpa filtros ou usa uma categoria geral relacionada.","KEEP_WITH_NOTICE","Caminho válido sem conteúdo específico, coberto por aviso explícito.","Manter visível apenas com aviso específico aprovado.","Aviso específico e decisão explícita registados em v0.9.7."
"strength>place_clinic>bodyweight>upper>back>back_complete","strength","place_clinic","bodyweight","upper / back / back_complete","Os filtros atuais estão demasiado restritos. Limpa filtros ou usa uma categoria geral relacionada.","KEEP_WITH_NOTICE","Caminho válido sem conteúdo específico, coberto por aviso explícito.","Manter visível apenas com aviso específico aprovado.","Aviso específico e decisão explícita registados em v0.9.7."
"strength>place_clinic>bodyweight>upper>back>back_upper","strength","place_clinic","bodyweight","upper / back / back_upper","Os filtros atuais estão demasiado restritos. Limpa filtros ou usa uma categoria geral relacionada.","KEEP_WITH_NOTICE","Caminho válido sem conteúdo específico, coberto por aviso explícito.","Manter visível apenas com aviso específico aprovado.","Aviso específico e decisão explícita registados em v0.9.7."
"strength>place_clinic>bodyweight>upper>back>back_upper>upper_traps","strength","place_clinic","bodyweight","upper / back / back_upper / upper_traps","Os filtros atuais estão demasiado restritos. Limpa filtros ou usa uma categoria geral relacionada.","KEEP_WITH_NOTICE","Caminho válido sem conteúdo específico, coberto por aviso explícito.","Manter visível apenas com aviso específico aprovado.","Aviso específico e decisão explícita registados em v0.9.7."
"strength>place_clinic>bodyweight>upper>back>back_upper>mid_traps","strength","place_clinic","bodyweight","upper / back / back_upper / mid_traps","Os filtros atuais estão demasiado restritos. Limpa filtros ou usa uma categoria geral relacionada.","KEEP_WITH_NOTICE","Caminho válido sem conteúdo específico, coberto por aviso explícito.","Manter visível apenas com aviso específico aprovado.","Aviso específico e decisão explícita registados em v0.9.7."
"strength>place_clinic>bodyweight>upper>back>back_upper>lower_traps","strength","place_clinic","bodyweight","upper / back / back_upper / lower_traps","Os filtros atuais estão demasiado restritos. Limpa filtros ou usa uma categoria geral relacionada.","KEEP_WITH_NOTICE","Caminho válido sem conteúdo específico, coberto por aviso explícito.","Manter visível apenas com aviso específico aprovado.","Aviso específico e decisão explícita registados em v0.9.7."
"strength>place_clinic>bodyweight>upper>back>back_upper>rhomboids","strength","place_clinic","bodyweight","upper / back / back_upper / rhomboids","Os filtros atuais estão demasiado restritos. Limpa filtros ou usa uma categoria geral relacionada.","KEEP_WITH_NOTICE","Caminho válido sem conteúdo específico, coberto por aviso explícito.","Manter visível apenas com aviso específico aprovado.","Aviso específico e decisão explícita registados em v0.9.7."
"strength>place_clinic>bodyweight>upper>back>back_upper>posterior_deltoid","strength","place_clinic","bodyweight","upper / back / back_upper / posterior_deltoid","Os filtros atuais estão demasiado restritos. Limpa filtros ou usa uma categoria geral relacionada.","KEEP_WITH_NOTICE","Caminho válido sem conteúdo específico, coberto por aviso explícito.","Manter visível apenas com aviso específico aprovado.","Aviso específico e decisão explícita registados em v0.9.7."
"strength>place_clinic>bodyweight>upper>back>back_upper>scapular_stabilizers","strength","place_clinic","bodyweight","upper / back / back_upper / scapular_stabilizers","Os filtros atuais estão demasiado restritos. Limpa filtros ou usa uma categoria geral relacionada.","KEEP_WITH_NOTICE","Caminho válido sem conteúdo específico, coberto por aviso explícito.","Manter visível apenas com aviso específico aprovado.","Aviso específico e decisão explícita registados em v0.9.7."
"strength>place_clinic>bodyweight>upper>back>back_mid","strength","place_clinic","bodyweight","upper / back / back_mid","Os filtros atuais estão demasiado restritos. Limpa filtros ou usa uma categoria geral relacionada.","KEEP_WITH_NOTICE","Caminho válido sem conteúdo específico, coberto por aviso explícito.","Manter visível apenas com aviso específico aprovado.","Aviso específico e decisão explícita registados em v0.9.7."
"strength>place_clinic>bodyweight>upper>back>back_mid>rhomboids","strength","place_clinic","bodyweight","upper / back / back_mid / rhomboids","Os filtros atuais estão demasiado restritos. Limpa filtros ou usa uma categoria geral relacionada.","KEEP_WITH_NOTICE","Caminho válido sem conteúdo específico, coberto por aviso explícito.","Manter visível apenas com aviso específico aprovado.","Aviso específico e decisão explícita registados em v0.9.7."
"strength>place_clinic>bodyweight>upper>back>back_mid>mid_traps","strength","place_clinic","bodyweight","upper / back / back_mid / mid_traps","Os filtros atuais estão demasiado restritos. Limpa filtros ou usa uma categoria geral relacionada.","KEEP_WITH_NOTICE","Caminho válido sem conteúdo específico, coberto por aviso explícito.","Manter visível apenas com aviso específico aprovado.","Aviso específico e decisão explícita registados em v0.9.7."
"strength>place_clinic>bodyweight>upper>back>back_mid>teres_major","strength","place_clinic","bodyweight","upper / back / back_mid / teres_major","Os filtros atuais estão demasiado restritos. Limpa filtros ou usa uma categoria geral relacionada.","KEEP_WITH_NOTICE","Caminho válido sem conteúdo específico, coberto por aviso explícito.","Manter visível apenas com aviso específico aprovado.","Aviso específico e decisão explícita registados em v0.9.7."
"strength>place_clinic>bodyweight>upper>back>back_mid>teres_minor","strength","place_clinic","bodyweight","upper / back / back_mid / teres_minor","Os filtros atuais estão demasiado restritos. Limpa filtros ou usa uma categoria geral relacionada.","KEEP_WITH_NOTICE","Caminho válido sem conteúdo específico, coberto por aviso explícito.","Manter visível apenas com aviso específico aprovado.","Aviso específico e decisão explícita registados em v0.9.7."
"strength>place_clinic>bodyweight>upper>back>back_mid>latissimus_dorsi","strength","place_clinic","bodyweight","upper / back / back_mid / latissimus_dorsi","Os filtros atuais estão demasiado restritos. Limpa filtros ou usa uma categoria geral relacionada.","KEEP_WITH_NOTICE","Caminho válido sem conteúdo específico, coberto por aviso explícito.","Manter visível apenas com aviso específico aprovado.","Aviso específico e decisão explícita registados em v0.9.7."
"strength>place_clinic>bodyweight>upper>back>back_lower","strength","place_clinic","bodyweight","upper / back / back_lower","Os filtros atuais estão demasiado restritos. Limpa filtros ou usa uma categoria geral relacionada.","KEEP_WITH_NOTICE","Caminho válido sem conteúdo específico, coberto por aviso explícito.","Manter visível apenas com aviso específico aprovado.","Aviso específico e decisão explícita registados em v0.9.7."
"strength>place_clinic>bodyweight>upper>back>back_lower>erectors","strength","place_clinic","bodyweight","upper / back / back_lower / erectors","Os filtros atuais estão demasiado restritos. Limpa filtros ou usa uma categoria geral relacionada.","KEEP_WITH_NOTICE","Caminho válido sem conteúdo específico, coberto por aviso explícito.","Manter visível apenas com aviso específico aprovado.","Aviso específico e decisão explícita registados em v0.9.7."
"strength>place_clinic>bodyweight>upper>back>back_lower>lumbar","strength","place_clinic","bodyweight","upper / back / back_lower / lumbar","Os filtros atuais estão demasiado restritos. Limpa filtros ou usa uma categoria geral relacionada.","KEEP_WITH_NOTICE","Caminho válido sem conteúdo específico, coberto por aviso explícito.","Manter visível apenas com aviso específico aprovado.","Aviso específico e decisão explícita registados em v0.9.7."
"strength>place_clinic>bodyweight>upper>back>back_lower>quadratus_lumborum","strength","place_clinic","bodyweight","upper / back / back_lower / quadratus_lumborum","Os filtros atuais estão demasiado restritos. Limpa filtros ou usa uma categoria geral relacionada.","KEEP_WITH_NOTICE","Caminho válido sem conteúdo específico, coberto por aviso explícito.","Manter visível apenas com aviso específico aprovado.","Aviso específico e decisão explícita registados em v0.9.7."
"strength>place_clinic>bodyweight>upper>back>back_lower>lumbar_stability","strength","place_clinic","bodyweight","upper / back / back_lower / lumbar_stability","Os filtros atuais estão demasiado restritos. Limpa filtros ou usa uma categoria geral relacionada.","KEEP_WITH_NOTICE","Caminho válido sem conteúdo específico, coberto por aviso explícito.","Manter visível apenas com aviso específico aprovado.","Aviso específico e decisão explícita registados em v0.9.7."
"strength>place_clinic>bodyweight>upper>back>back_width","strength","place_clinic","bodyweight","upper / back / back_width","Os filtros atuais estão demasiado restritos. Limpa filtros ou usa uma categoria geral relacionada.","KEEP_WITH_NOTICE","Caminho válido sem conteúdo específico, coberto por aviso explícito.","Manter visível apenas com aviso específico aprovado.","Aviso específico e decisão explícita registados em v0.9.7."
"strength>place_clinic>bodyweight>upper>back>back_width>latissimus_dorsi","strength","place_clinic","bodyweight","upper / back / back_width / latissimus_dorsi","Os filtros atuais estão demasiado restritos. Limpa filtros ou usa uma categoria geral relacionada.","KEEP_WITH_NOTICE","Caminho válido sem conteúdo específico, coberto por aviso explícito.","Manter visível apenas com aviso específico aprovado.","Aviso específico e decisão explícita registados em v0.9.7."
"strength>place_clinic>bodyweight>upper>back>back_width>teres_major","strength","place_clinic","bodyweight","upper / back / back_width / teres_major","Os filtros atuais estão demasiado restritos. Limpa filtros ou usa uma categoria geral relacionada.","KEEP_WITH_NOTICE","Caminho válido sem conteúdo específico, coberto por aviso explícito.","Manter visível apenas com aviso específico aprovado.","Aviso específico e decisão explícita registados em v0.9.7."
"strength>place_clinic>bodyweight>upper>back>back_width>vertical_pulls","strength","place_clinic","bodyweight","upper / back / back_width / vertical_pulls","Os filtros atuais estão demasiado restritos. Limpa filtros ou usa uma categoria geral relacionada.","KEEP_WITH_NOTICE","Caminho válido sem conteúdo específico, coberto por aviso explícito.","Manter visível apenas com aviso específico aprovado.","Aviso específico e decisão explícita registados em v0.9.7."
"strength>place_clinic>bodyweight>upper>back>back_thickness","strength","place_clinic","bodyweight","upper / back / back_thickness","Os filtros atuais estão demasiado restritos. Limpa filtros ou usa uma categoria geral relacionada.","KEEP_WITH_NOTICE","Caminho válido sem conteúdo específico, coberto por aviso explícito.","Manter visível apenas com aviso específico aprovado.","Aviso específico e decisão explícita registados em v0.9.7."
"strength>place_clinic>bodyweight>upper>back>back_thickness>rhomboids","strength","place_clinic","bodyweight","upper / back / back_thickness / rhomboids","Os filtros atuais estão demasiado restritos. Limpa filtros ou usa uma categoria geral relacionada.","KEEP_WITH_NOTICE","Caminho válido sem conteúdo específico, coberto por aviso explícito.","Manter visível apenas com aviso específico aprovado.","Aviso específico e decisão explícita registados em v0.9.7."
"strength>place_clinic>bodyweight>upper>back>back_thickness>mid_traps","strength","place_clinic","bodyweight","upper / back / back_thickness / mid_traps","Os filtros atuais estão demasiado restritos. Limpa filtros ou usa uma categoria geral relacionada.","KEEP_WITH_NOTICE","Caminho válido sem conteúdo específico, coberto por aviso explícito.","Manter visível apenas com aviso específico aprovado.","Aviso específico e decisão explícita registados em v0.9.7."
"strength>place_clinic>bodyweight>upper>back>back_thickness>lower_traps","strength","place_clinic","bodyweight","upper / back / back_thickness / lower_traps","Os filtros atuais estão demasiado restritos. Limpa filtros ou usa uma categoria geral relacionada.","KEEP_WITH_NOTICE","Caminho válido sem conteúdo específico, coberto por aviso explícito.","Manter visível apenas com aviso específico aprovado.","Aviso específico e decisão explícita registados em v0.9.7."
"strength>place_clinic>bodyweight>upper>back>back_thickness>horizontal_rows","strength","place_clinic","bodyweight","upper / back / back_thickness / horizontal_rows","Os filtros atuais estão demasiado restritos. Limpa filtros ou usa uma categoria geral relacionada.","KEEP_WITH_NOTICE","Caminho válido sem conteúdo específico, coberto por aviso explícito.","Manter visível apenas com aviso específico aprovado.","Aviso específico e decisão explícita registados em v0.9.7."
"strength>place_clinic>bodyweight>upper>shoulders>shoulders_complete","strength","place_clinic","bodyweight","upper / shoulders / shoulders_complete","Os filtros atuais estão demasiado restritos. Limpa filtros ou usa uma categoria geral relacionada.","KEEP_WITH_NOTICE","Caminho válido sem conteúdo específico, coberto por aviso explícito.","Manter visível apenas com aviso específico aprovado.","Aviso específico e decisão explícita registados em v0.9.7."
"strength>place_clinic>bodyweight>upper>shoulders>anterior_deltoid","strength","place_clinic","bodyweight","upper / shoulders / anterior_deltoid","Os filtros atuais estão demasiado restritos. Limpa filtros ou usa uma categoria geral relacionada.","KEEP_WITH_NOTICE","Caminho válido sem conteúdo específico, coberto por aviso explícito.","Manter visível apenas com aviso específico aprovado.","Aviso específico e decisão explícita registados em v0.9.7."
"strength>place_clinic>bodyweight>upper>shoulders>lateral_deltoid","strength","place_clinic","bodyweight","upper / shoulders / lateral_deltoid","Os filtros atuais estão demasiado restritos. Limpa filtros ou usa uma categoria geral relacionada.","KEEP_WITH_NOTICE","Caminho válido sem conteúdo específico, coberto por aviso explícito.","Manter visível apenas com aviso específico aprovado.","Aviso específico e decisão explícita registados em v0.9.7."
"strength>place_clinic>bodyweight>upper>shoulders>posterior_deltoid","strength","place_clinic","bodyweight","upper / shoulders / posterior_deltoid","Os filtros atuais estão demasiado restritos. Limpa filtros ou usa uma categoria geral relacionada.","KEEP_WITH_NOTICE","Caminho válido sem conteúdo específico, coberto por aviso explícito.","Manter visível apenas com aviso específico aprovado.","Aviso específico e decisão explícita registados em v0.9.7."
"strength>place_clinic>bodyweight>upper>shoulders>rotator_cuff","strength","place_clinic","bodyweight","upper / shoulders / rotator_cuff","Os filtros atuais estão demasiado restritos. Limpa filtros ou usa uma categoria geral relacionada.","KEEP_WITH_NOTICE","Caminho válido sem conteúdo específico, coberto por aviso explícito.","Manter visível apenas com aviso específico aprovado.","Aviso específico e decisão explícita registados em v0.9.7."
"strength>place_clinic>bodyweight>upper>shoulders>external_rotators","strength","place_clinic","bodyweight","upper / shoulders / external_rotators","Os filtros atuais estão demasiado restritos. Limpa filtros ou usa uma categoria geral relacionada.","KEEP_WITH_NOTICE","Caminho válido sem conteúdo específico, coberto por aviso explícito.","Manter visível apenas com aviso específico aprovado.","Aviso específico e decisão explícita registados em v0.9.7."
"strength>place_clinic>bodyweight>upper>shoulders>internal_rotators","strength","place_clinic","bodyweight","upper / shoulders / internal_rotators","Os filtros atuais estão demasiado restritos. Limpa filtros ou usa uma categoria geral relacionada.","KEEP_WITH_NOTICE","Caminho válido sem conteúdo específico, coberto por aviso explícito.","Manter visível apenas com aviso específico aprovado.","Aviso específico e decisão explícita registados em v0.9.7."
"strength>place_clinic>bodyweight>upper>shoulders>scapular_stability","strength","place_clinic","bodyweight","upper / shoulders / scapular_stability","Os filtros atuais estão demasiado restritos. Limpa filtros ou usa uma categoria geral relacionada.","KEEP_WITH_NOTICE","Caminho válido sem conteúdo específico, coberto por aviso explícito.","Manter visível apenas com aviso específico aprovado.","Aviso específico e decisão explícita registados em v0.9.7."
"strength>place_clinic>bodyweight>upper>arms>arms_complete","strength","place_clinic","bodyweight","upper / arms / arms_complete","Os filtros atuais estão demasiado restritos. Limpa filtros ou usa uma categoria geral relacionada.","KEEP_WITH_NOTICE","Caminho válido sem conteúdo específico, coberto por aviso explícito.","Manter visível apenas com aviso específico aprovado.","Aviso específico e decisão explícita registados em v0.9.7."
"strength>place_clinic>bodyweight>upper>arms>upper_arm","strength","place_clinic","bodyweight","upper / arms / upper_arm","Os filtros atuais estão demasiado restritos. Limpa filtros ou usa uma categoria geral relacionada.","KEEP_WITH_NOTICE","Caminho válido sem conteúdo específico, coberto por aviso explícito.","Manter visível apenas com aviso específico aprovado.","Aviso específico e decisão explícita registados em v0.9.7."
"strength>place_clinic>bodyweight>upper>arms>upper_arm>biceps_brachii","strength","place_clinic","bodyweight","upper / arms / upper_arm / biceps_brachii","Os filtros atuais estão demasiado restritos. Limpa filtros ou usa uma categoria geral relacionada.","KEEP_WITH_NOTICE","Caminho válido sem conteúdo específico, coberto por aviso explícito.","Manter visível apenas com aviso específico aprovado.","Aviso específico e decisão explícita registados em v0.9.7."
"strength>place_clinic>bodyweight>upper>arms>upper_arm>brachialis","strength","place_clinic","bodyweight","upper / arms / upper_arm / brachialis","Os filtros atuais estão demasiado restritos. Limpa filtros ou usa uma categoria geral relacionada.","KEEP_WITH_NOTICE","Caminho válido sem conteúdo específico, coberto por aviso explícito.","Manter visível apenas com aviso específico aprovado.","Aviso específico e decisão explícita registados em v0.9.7."
"strength>place_clinic>bodyweight>upper>arms>upper_arm>brachioradialis","strength","place_clinic","bodyweight","upper / arms / upper_arm / brachioradialis","Os filtros atuais estão demasiado restritos. Limpa filtros ou usa uma categoria geral relacionada.","KEEP_WITH_NOTICE","Caminho válido sem conteúdo específico, coberto por aviso explícito.","Manter visível apenas com aviso específico aprovado.","Aviso específico e decisão explícita registados em v0.9.7."
"strength>place_clinic>bodyweight>upper>arms>upper_arm>triceps_long","strength","place_clinic","bodyweight","upper / arms / upper_arm / triceps_long","Os filtros atuais estão demasiado restritos. Limpa filtros ou usa uma categoria geral relacionada.","KEEP_WITH_NOTICE","Caminho válido sem conteúdo específico, coberto por aviso explícito.","Manter visível apenas com aviso específico aprovado.","Aviso específico e decisão explícita registados em v0.9.7."
"strength>place_clinic>bodyweight>upper>arms>upper_arm>triceps_lateral","strength","place_clinic","bodyweight","upper / arms / upper_arm / triceps_lateral","Os filtros atuais estão demasiado restritos. Limpa filtros ou usa uma categoria geral relacionada.","KEEP_WITH_NOTICE","Caminho válido sem conteúdo específico, coberto por aviso explícito.","Manter visível apenas com aviso específico aprovado.","Aviso específico e decisão explícita registados em v0.9.7."
"strength>place_clinic>bodyweight>upper>arms>upper_arm>triceps_medial","strength","place_clinic","bodyweight","upper / arms / upper_arm / triceps_medial","Os filtros atuais estão demasiado restritos. Limpa filtros ou usa uma categoria geral relacionada.","KEEP_WITH_NOTICE","Caminho válido sem conteúdo específico, coberto por aviso explícito.","Manter visível apenas com aviso específico aprovado.","Aviso específico e decisão explícita registados em v0.9.7."
"strength>place_clinic>bodyweight>upper>arms>forearm_hand","strength","place_clinic","bodyweight","upper / arms / forearm_hand","Os filtros atuais estão demasiado restritos. Limpa filtros ou usa uma categoria geral relacionada.","KEEP_WITH_NOTICE","Caminho válido sem conteúdo específico, coberto por aviso explícito.","Manter visível apenas com aviso específico aprovado.","Aviso específico e decisão explícita registados em v0.9.7."
"strength>place_clinic>bodyweight>upper>arms>forearm_hand>forearm_complete","strength","place_clinic","bodyweight","upper / arms / forearm_hand / forearm_complete","Os filtros atuais estão demasiado restritos. Limpa filtros ou usa uma categoria geral relacionada.","KEEP_WITH_NOTICE","Caminho válido sem conteúdo específico, coberto por aviso explícito.","Manter visível apenas com aviso específico aprovado.","Aviso específico e decisão explícita registados em v0.9.7."
"strength>place_clinic>bodyweight>upper>arms>forearm_hand>forearm_flexors","strength","place_clinic","bodyweight","upper / arms / forearm_hand / forearm_flexors","Os filtros atuais estão demasiado restritos. Limpa filtros ou usa uma categoria geral relacionada.","KEEP_WITH_NOTICE","Caminho válido sem conteúdo específico, coberto por aviso explícito.","Manter visível apenas com aviso específico aprovado.","Aviso específico e decisão explícita registados em v0.9.7."
"strength>place_clinic>bodyweight>upper>arms>forearm_hand>forearm_extensors","strength","place_clinic","bodyweight","upper / arms / forearm_hand / forearm_extensors","Os filtros atuais estão demasiado restritos. Limpa filtros ou usa uma categoria geral relacionada.","KEEP_WITH_NOTICE","Caminho válido sem conteúdo específico, coberto por aviso explícito.","Manter visível apenas com aviso específico aprovado.","Aviso específico e decisão explícita registados em v0.9.7."
"strength>place_clinic>bodyweight>upper>arms>forearm_hand>pronators","strength","place_clinic","bodyweight","upper / arms / forearm_hand / pronators","Os filtros atuais estão demasiado restritos. Limpa filtros ou usa uma categoria geral relacionada.","KEEP_WITH_NOTICE","Caminho válido sem conteúdo específico, coberto por aviso explícito.","Manter visível apenas com aviso específico aprovado.","Aviso específico e decisão explícita registados em v0.9.7."
"strength>place_clinic>bodyweight>upper>arms>forearm_hand>supinators","strength","place_clinic","bodyweight","upper / arms / forearm_hand / supinators","Os filtros atuais estão demasiado restritos. Limpa filtros ou usa uma categoria geral relacionada.","KEEP_WITH_NOTICE","Caminho válido sem conteúdo específico, coberto por aviso explícito.","Manter visível apenas com aviso específico aprovado.","Aviso específico e decisão explícita registados em v0.9.7."
"strength>place_clinic>bodyweight>upper>arms>forearm_hand>wrist","strength","place_clinic","bodyweight","upper / arms / forearm_hand / wrist","Os filtros atuais estão demasiado restritos. Limpa filtros ou usa uma categoria geral relacionada.","KEEP_WITH_NOTICE","Caminho válido sem conteúdo específico, coberto por aviso explícito.","Manter visível apenas com aviso específico aprovado.","Aviso específico e decisão explícita registados em v0.9.7."
"strength>place_clinic>bodyweight>upper>arms>forearm_hand>fingers","strength","place_clinic","bodyweight","upper / arms / forearm_hand / fingers","Os filtros atuais estão demasiado restritos. Limpa filtros ou usa uma categoria geral relacionada.","KEEP_WITH_NOTICE","Caminho válido sem conteúdo específico, coberto por aviso explícito.","Manter visível apenas com aviso específico aprovado.","Aviso específico e decisão explícita registados em v0.9.7."
"strength>place_clinic>bodyweight>upper>arms>forearm_hand>support_grip","strength","place_clinic","bodyweight","upper / arms / forearm_hand / support_grip","Os filtros atuais estão demasiado restritos. Limpa filtros ou usa uma categoria geral relacionada.","KEEP_WITH_NOTICE","Caminho válido sem conteúdo específico, coberto por aviso explícito.","Manter visível apenas com aviso específico aprovado.","Aviso específico e decisão explícita registados em v0.9.7."
"strength>place_clinic>bodyweight>upper>arms>forearm_hand>pinch_grip","strength","place_clinic","bodyweight","upper / arms / forearm_hand / pinch_grip","Os filtros atuais estão demasiado restritos. Limpa filtros ou usa uma categoria geral relacionada.","KEEP_WITH_NOTICE","Caminho válido sem conteúdo específico, coberto por aviso explícito.","Manter visível apenas com aviso específico aprovado.","Aviso específico e decisão explícita registados em v0.9.7."
"strength>place_clinic>bodyweight>upper>arms>forearm_hand>general_grip","strength","place_clinic","bodyweight","upper / arms / forearm_hand / general_grip","Os filtros atuais estão demasiado restritos. Limpa filtros ou usa uma categoria geral relacionada.","KEEP_WITH_NOTICE","Caminho válido sem conteúdo específico, coberto por aviso explícito.","Manter visível apenas com aviso específico aprovado.","Aviso específico e decisão explícita registados em v0.9.7."
"strength>place_clinic>bodyweight>upper>forearm_hand","strength","place_clinic","bodyweight","upper / forearm_hand","Os filtros atuais estão demasiado restritos. Limpa filtros ou usa uma categoria geral relacionada.","KEEP_WITH_NOTICE","Caminho válido sem conteúdo específico, coberto por aviso explícito.","Manter visível apenas com aviso específico aprovado.","Aviso específico e decisão explícita registados em v0.9.7."
"strength>place_clinic>bodyweight>upper>forearm_hand>forearm_complete","strength","place_clinic","bodyweight","upper / forearm_hand / forearm_complete","Os filtros atuais estão demasiado restritos. Limpa filtros ou usa uma categoria geral relacionada.","KEEP_WITH_NOTICE","Caminho válido sem conteúdo específico, coberto por aviso explícito.","Manter visível apenas com aviso específico aprovado.","Aviso específico e decisão explícita registados em v0.9.7."
"strength>place_clinic>bodyweight>upper>forearm_hand>forearm_flexors","strength","place_clinic","bodyweight","upper / forearm_hand / forearm_flexors","Os filtros atuais estão demasiado restritos. Limpa filtros ou usa uma categoria geral relacionada.","KEEP_WITH_NOTICE","Caminho válido sem conteúdo específico, coberto por aviso explícito.","Manter visível apenas com aviso específico aprovado.","Aviso específico e decisão explícita registados em v0.9.7."
"strength>place_clinic>bodyweight>upper>forearm_hand>forearm_extensors","strength","place_clinic","bodyweight","upper / forearm_hand / forearm_extensors","Os filtros atuais estão demasiado restritos. Limpa filtros ou usa uma categoria geral relacionada.","KEEP_WITH_NOTICE","Caminho válido sem conteúdo específico, coberto por aviso explícito.","Manter visível apenas com aviso específico aprovado.","Aviso específico e decisão explícita registados em v0.9.7."
"strength>place_clinic>bodyweight>upper>forearm_hand>pronators","strength","place_clinic","bodyweight","upper / forearm_hand / pronators","Os filtros atuais estão demasiado restritos. Limpa filtros ou usa uma categoria geral relacionada.","KEEP_WITH_NOTICE","Caminho válido sem conteúdo específico, coberto por aviso explícito.","Manter visível apenas com aviso específico aprovado.","Aviso específico e decisão explícita registados em v0.9.7."
"strength>place_clinic>bodyweight>upper>forearm_hand>supinators","strength","place_clinic","bodyweight","upper / forearm_hand / supinators","Os filtros atuais estão demasiado restritos. Limpa filtros ou usa uma categoria geral relacionada.","KEEP_WITH_NOTICE","Caminho válido sem conteúdo específico, coberto por aviso explícito.","Manter visível apenas com aviso específico aprovado.","Aviso específico e decisão explícita registados em v0.9.7."
"strength>place_clinic>bodyweight>upper>forearm_hand>wrist","strength","place_clinic","bodyweight","upper / forearm_hand / wrist","Os filtros atuais estão demasiado restritos. Limpa filtros ou usa uma categoria geral relacionada.","KEEP_WITH_NOTICE","Caminho válido sem conteúdo específico, coberto por aviso explícito.","Manter visível apenas com aviso específico aprovado.","Aviso específico e decisão explícita registados em v0.9.7."
"strength>place_clinic>bodyweight>upper>forearm_hand>fingers","strength","place_clinic","bodyweight","upper / forearm_hand / fingers","Os filtros atuais estão demasiado restritos. Limpa filtros ou usa uma categoria geral relacionada.","KEEP_WITH_NOTICE","Caminho válido sem conteúdo específico, coberto por aviso explícito.","Manter visível apenas com aviso específico aprovado.","Aviso específico e decisão explícita registados em v0.9.7."
"strength>place_clinic>bodyweight>upper>forearm_hand>support_grip","strength","place_clinic","bodyweight","upper / forearm_hand / support_grip","Os filtros atuais estão demasiado restritos. Limpa filtros ou usa uma categoria geral relacionada.","KEEP_WITH_NOTICE","Caminho válido sem conteúdo específico, coberto por aviso explícito.","Manter visível apenas com aviso específico aprovado.","Aviso específico e decisão explícita registados em v0.9.7."
"strength>place_clinic>bodyweight>upper>forearm_hand>pinch_grip","strength","place_clinic","bodyweight","upper / forearm_hand / pinch_grip","Os filtros atuais estão demasiado restritos. Limpa filtros ou usa uma categoria geral relacionada.","KEEP_WITH_NOTICE","Caminho válido sem conteúdo específico, coberto por aviso explícito.","Manter visível apenas com aviso específico aprovado.","Aviso específico e decisão explícita registados em v0.9.7."
"strength>place_clinic>bodyweight>upper>forearm_hand>general_grip","strength","place_clinic","bodyweight","upper / forearm_hand / general_grip","Os filtros atuais estão demasiado restritos. Limpa filtros ou usa uma categoria geral relacionada.","KEEP_WITH_NOTICE","Caminho válido sem conteúdo específico, coberto por aviso explícito.","Manter visível apenas com aviso específico aprovado.","Aviso específico e decisão explícita registados em v0.9.7."
"strength>place_clinic>bodyweight>core","strength","place_clinic","bodyweight","core","Os filtros atuais estão demasiado restritos. Limpa filtros ou usa uma categoria geral relacionada.","KEEP_WITH_NOTICE","Caminho válido sem conteúdo específico, coberto por aviso explícito.","Manter visível apenas com aviso específico aprovado.","Aviso específico e decisão explícita registados em v0.9.7."
"strength>place_clinic>bodyweight>core>abdominal","strength","place_clinic","bodyweight","core / abdominal","Os filtros atuais estão demasiado restritos. Limpa filtros ou usa uma categoria geral relacionada.","KEEP_WITH_NOTICE","Caminho válido sem conteúdo específico, coberto por aviso explícito.","Manter visível apenas com aviso específico aprovado.","Aviso específico e decisão explícita registados em v0.9.7."
"strength>place_clinic>bodyweight>core>obliques","strength","place_clinic","bodyweight","core / obliques","Os filtros atuais estão demasiado restritos. Limpa filtros ou usa uma categoria geral relacionada.","KEEP_WITH_NOTICE","Caminho válido sem conteúdo específico, coberto por aviso explícito.","Manter visível apenas com aviso específico aprovado.","Aviso específico e decisão explícita registados em v0.9.7."
"strength>place_clinic>bodyweight>core>transverse_abs","strength","place_clinic","bodyweight","core / transverse_abs","Os filtros atuais estão demasiado restritos. Limpa filtros ou usa uma categoria geral relacionada.","KEEP_WITH_NOTICE","Caminho válido sem conteúdo específico, coberto por aviso explícito.","Manter visível apenas com aviso específico aprovado.","Aviso específico e decisão explícita registados em v0.9.7."
"strength>place_clinic>bodyweight>core>low_back","strength","place_clinic","bodyweight","core / low_back","Os filtros atuais estão demasiado restritos. Limpa filtros ou usa uma categoria geral relacionada.","KEEP_WITH_NOTICE","Caminho válido sem conteúdo específico, coberto por aviso explícito.","Manter visível apenas com aviso específico aprovado.","Aviso específico e decisão explícita registados em v0.9.7."
"strength>place_clinic>bodyweight>core>core_stability","strength","place_clinic","bodyweight","core / core_stability","Os filtros atuais estão demasiado restritos. Limpa filtros ou usa uma categoria geral relacionada.","KEEP_WITH_NOTICE","Caminho válido sem conteúdo específico, coberto por aviso explícito.","Manter visível apenas com aviso específico aprovado.","Aviso específico e decisão explícita registados em v0.9.7."
"strength>place_clinic>bodyweight>core>anti_rotation","strength","place_clinic","bodyweight","core / anti_rotation","Os filtros atuais estão demasiado restritos. Limpa filtros ou usa uma categoria geral relacionada.","KEEP_WITH_NOTICE","Caminho válido sem conteúdo específico, coberto por aviso explícito.","Manter visível apenas com aviso específico aprovado.","Aviso específico e decisão explícita registados em v0.9.7."
"strength>place_clinic>bodyweight>core>anti_extension","strength","place_clinic","bodyweight","core / anti_extension","Os filtros atuais estão demasiado restritos. Limpa filtros ou usa uma categoria geral relacionada.","KEEP_WITH_NOTICE","Caminho válido sem conteúdo específico, coberto por aviso explícito.","Manter visível apenas com aviso específico aprovado.","Aviso específico e decisão explícita registados em v0.9.7."
"strength>place_clinic>bodyweight>core>anti_lateral_flexion","strength","place_clinic","bodyweight","core / anti_lateral_flexion","Os filtros atuais estão demasiado restritos. Limpa filtros ou usa uma categoria geral relacionada.","KEEP_WITH_NOTICE","Caminho válido sem conteúdo específico, coberto por aviso explícito.","Manter visível apenas com aviso específico aprovado.","Aviso específico e decisão explícita registados em v0.9.7."
"martial_arts>place_dojo>kihon>karate","martial_arts","place_dojo","","kihon / karate","Este catálogo específico ainda está incompleto e fica marcado para expansão futura.","NEEDS_CONTENT_IN_V099","Lacuna real de catálogo, reservada para expansão aprovada.","Criar proposta de conteúdo para v0.9.9 antes de adicionar exercícios.","Aviso específico e decisão explícita registados em v0.9.7."
"martial_arts>place_dojo>kata>karate","martial_arts","place_dojo","","kata / karate","Este catálogo específico ainda está incompleto e fica marcado para expansão futura.","NEEDS_CONTENT_IN_V099","Lacuna real de catálogo, reservada para expansão aprovada.","Criar proposta de conteúdo para v0.9.9 antes de adicionar exercícios.","Aviso específico e decisão explícita registados em v0.9.7."
"martial_arts>place_dojo>kumite_technical>karate","martial_arts","place_dojo","","kumite_technical / karate","Este catálogo específico ainda está incompleto e fica marcado para expansão futura.","NEEDS_CONTENT_IN_V099","Lacuna real de catálogo, reservada para expansão aprovada.","Criar proposta de conteúdo para v0.9.9 antes de adicionar exercícios.","Aviso específico e decisão explícita registados em v0.9.7."
"martial_arts>place_dojo>karate_shadow>karate","martial_arts","place_dojo","","karate_shadow / karate","Este catálogo específico ainda está incompleto e fica marcado para expansão futura.","NEEDS_CONTENT_IN_V099","Lacuna real de catálogo, reservada para expansão aprovada.","Criar proposta de conteúdo para v0.9.9 antes de adicionar exercícios.","Aviso específico e decisão explícita registados em v0.9.7."
"martial_arts>place_dojo>karate_footwork>karate","martial_arts","place_dojo","","karate_footwork / karate","Este catálogo específico ainda está incompleto e fica marcado para expansão futura.","NEEDS_CONTENT_IN_V099","Lacuna real de catálogo, reservada para expansão aprovada.","Criar proposta de conteúdo para v0.9.9 antes de adicionar exercícios.","Aviso específico e decisão explícita registados em v0.9.7."
"martial_arts>place_dojo>karate_stances>karate","martial_arts","place_dojo","","karate_stances / karate","Este catálogo específico ainda está incompleto e fica marcado para expansão futura.","NEEDS_CONTENT_IN_V099","Lacuna real de catálogo, reservada para expansão aprovada.","Criar proposta de conteúdo para v0.9.9 antes de adicionar exercícios.","Aviso específico e decisão explícita registados em v0.9.7."
"martial_arts>place_dojo>karate_guard>karate","martial_arts","place_dojo","","karate_guard / karate","Este catálogo específico ainda está incompleto e fica marcado para expansão futura.","NEEDS_CONTENT_IN_V099","Lacuna real de catálogo, reservada para expansão aprovada.","Criar proposta de conteúdo para v0.9.9 antes de adicionar exercícios.","Aviso específico e decisão explícita registados em v0.9.7."
"martial_arts>place_dojo>karate_punches>karate","martial_arts","place_dojo","","karate_punches / karate","Este catálogo específico ainda está incompleto e fica marcado para expansão futura.","NEEDS_CONTENT_IN_V099","Lacuna real de catálogo, reservada para expansão aprovada.","Criar proposta de conteúdo para v0.9.9 antes de adicionar exercícios.","Aviso específico e decisão explícita registados em v0.9.7."
"martial_arts>place_dojo>karate_kicks>karate","martial_arts","place_dojo","","karate_kicks / karate","Este catálogo específico ainda está incompleto e fica marcado para expansão futura.","NEEDS_CONTENT_IN_V099","Lacuna real de catálogo, reservada para expansão aprovada.","Criar proposta de conteúdo para v0.9.9 antes de adicionar exercícios.","Aviso específico e decisão explícita registados em v0.9.7."
"martial_arts>place_dojo>karate_blocks>karate","martial_arts","place_dojo","","karate_blocks / karate","Este catálogo específico ainda está incompleto e fica marcado para expansão futura.","NEEDS_CONTENT_IN_V099","Lacuna real de catálogo, reservada para expansão aprovada.","Criar proposta de conteúdo para v0.9.9 antes de adicionar exercícios.","Aviso específico e decisão explícita registados em v0.9.7."
"martial_arts>place_dojo>karate_evasions>karate","martial_arts","place_dojo","","karate_evasions / karate","Este catálogo específico ainda está incompleto e fica marcado para expansão futura.","NEEDS_CONTENT_IN_V099","Lacuna real de catálogo, reservada para expansão aprovada.","Criar proposta de conteúdo para v0.9.9 antes de adicionar exercícios.","Aviso específico e decisão explícita registados em v0.9.7."
"martial_arts>place_dojo>karate_knees>karate","martial_arts","place_dojo","","karate_knees / karate","Este catálogo específico ainda está incompleto e fica marcado para expansão futura.","NEEDS_CONTENT_IN_V099","Lacuna real de catálogo, reservada para expansão aprovada.","Criar proposta de conteúdo para v0.9.9 antes de adicionar exercícios.","Aviso específico e decisão explícita registados em v0.9.7."
"martial_arts>place_dojo>karate_bag>karate","martial_arts","place_dojo","","karate_bag / karate","Este catálogo específico ainda está incompleto e fica marcado para expansão futura.","NEEDS_CONTENT_IN_V099","Lacuna real de catálogo, reservada para expansão aprovada.","Criar proposta de conteúdo para v0.9.9 antes de adicionar exercícios.","Aviso específico e decisão explícita registados em v0.9.7."
"martial_arts>place_dojo>karate_mobility>karate","martial_arts","place_dojo","","karate_mobility / karate","Este catálogo específico ainda está incompleto e fica marcado para expansão futura.","NEEDS_CONTENT_IN_V099","Lacuna real de catálogo, reservada para expansão aprovada.","Criar proposta de conteúdo para v0.9.9 antes de adicionar exercícios.","Aviso específico e decisão explícita registados em v0.9.7."
"martial_arts>place_dojo>karate_conditioning>karate","martial_arts","place_dojo","","karate_conditioning / karate","Este catálogo específico ainda está incompleto e fica marcado para expansão futura.","NEEDS_CONTENT_IN_V099","Lacuna real de catálogo, reservada para expansão aprovada.","Criar proposta de conteúdo para v0.9.9 antes de adicionar exercícios.","Aviso específico e decisão explícita registados em v0.9.7."
"martial_arts>place_dojo>shrimp>jiu_jitsu","martial_arts","place_dojo","","shrimp / jiu_jitsu","Este catálogo específico ainda está incompleto e fica marcado para expansão futura.","NEEDS_CONTENT_IN_V099","Lacuna real de catálogo, reservada para expansão aprovada.","Criar proposta de conteúdo para v0.9.9 antes de adicionar exercícios.","Aviso específico e decisão explícita registados em v0.9.7."
"martial_arts>place_dojo>grappling_bridge>jiu_jitsu","martial_arts","place_dojo","","grappling_bridge / jiu_jitsu","Este catálogo específico ainda está incompleto e fica marcado para expansão futura.","NEEDS_CONTENT_IN_V099","Lacuna real de catálogo, reservada para expansão aprovada.","Criar proposta de conteúdo para v0.9.9 antes de adicionar exercícios.","Aviso específico e decisão explícita registados em v0.9.7."
"martial_arts>place_dojo>technical_stand_up>jiu_jitsu","martial_arts","place_dojo","","technical_stand_up / jiu_jitsu","Este catálogo específico ainda está incompleto e fica marcado para expansão futura.","NEEDS_CONTENT_IN_V099","Lacuna real de catálogo, reservada para expansão aprovada.","Criar proposta de conteúdo para v0.9.9 antes de adicionar exercícios.","Aviso específico e decisão explícita registados em v0.9.7."
"martial_arts>place_dojo>jiu_jitsu_rolls>jiu_jitsu","martial_arts","place_dojo","","jiu_jitsu_rolls / jiu_jitsu","Este catálogo específico ainda está incompleto e fica marcado para expansão futura.","NEEDS_CONTENT_IN_V099","Lacuna real de catálogo, reservada para expansão aprovada.","Criar proposta de conteúdo para v0.9.9 antes de adicionar exercícios.","Aviso específico e decisão explícita registados em v0.9.7."
"martial_arts>place_dojo>jiu_jitsu_breakfalls>jiu_jitsu","martial_arts","place_dojo","","jiu_jitsu_breakfalls / jiu_jitsu","Este catálogo específico ainda está incompleto e fica marcado para expansão futura.","NEEDS_CONTENT_IN_V099","Lacuna real de catálogo, reservada para expansão aprovada.","Criar proposta de conteúdo para v0.9.9 antes de adicionar exercícios.","Aviso específico e decisão explícita registados em v0.9.7."
"martial_arts>place_dojo>jiu_jitsu_inversions>jiu_jitsu","martial_arts","place_dojo","","jiu_jitsu_inversions / jiu_jitsu","Este catálogo específico ainda está incompleto e fica marcado para expansão futura.","NEEDS_CONTENT_IN_V099","Lacuna real de catálogo, reservada para expansão aprovada.","Criar proposta de conteúdo para v0.9.9 antes de adicionar exercícios.","Aviso específico e decisão explícita registados em v0.9.7."
"martial_arts>place_dojo>jiu_jitsu_guard>jiu_jitsu","martial_arts","place_dojo","","jiu_jitsu_guard / jiu_jitsu","Este catálogo específico ainda está incompleto e fica marcado para expansão futura.","NEEDS_CONTENT_IN_V099","Lacuna real de catálogo, reservada para expansão aprovada.","Criar proposta de conteúdo para v0.9.9 antes de adicionar exercícios.","Aviso específico e decisão explícita registados em v0.9.7."
"martial_arts>place_dojo>guard_passing>jiu_jitsu","martial_arts","place_dojo","","guard_passing / jiu_jitsu","Este catálogo específico ainda está incompleto e fica marcado para expansão futura.","NEEDS_CONTENT_IN_V099","Lacuna real de catálogo, reservada para expansão aprovada.","Criar proposta de conteúdo para v0.9.9 antes de adicionar exercícios.","Aviso específico e decisão explícita registados em v0.9.7."
"martial_arts>place_dojo>jiu_jitsu_grip>jiu_jitsu","martial_arts","place_dojo","","jiu_jitsu_grip / jiu_jitsu","Este catálogo específico ainda está incompleto e fica marcado para expansão futura.","NEEDS_CONTENT_IN_V099","Lacuna real de catálogo, reservada para expansão aprovada.","Criar proposta de conteúdo para v0.9.9 antes de adicionar exercícios.","Aviso específico e decisão explícita registados em v0.9.7."
"martial_arts>place_dojo>jiu_jitsu_core>jiu_jitsu","martial_arts","place_dojo","","jiu_jitsu_core / jiu_jitsu","Este catálogo específico ainda está incompleto e fica marcado para expansão futura.","NEEDS_CONTENT_IN_V099","Lacuna real de catálogo, reservada para expansão aprovada.","Criar proposta de conteúdo para v0.9.9 antes de adicionar exercícios.","Aviso específico e decisão explícita registados em v0.9.7."
"martial_arts>place_dojo>jiu_jitsu_mobility>jiu_jitsu","martial_arts","place_dojo","","jiu_jitsu_mobility / jiu_jitsu","Este catálogo específico ainda está incompleto e fica marcado para expansão futura.","NEEDS_CONTENT_IN_V099","Lacuna real de catálogo, reservada para expansão aprovada.","Criar proposta de conteúdo para v0.9.9 antes de adicionar exercícios.","Aviso específico e decisão explícita registados em v0.9.7."
"martial_arts>place_dojo>jiu_jitsu_conditioning>jiu_jitsu","martial_arts","place_dojo","","jiu_jitsu_conditioning / jiu_jitsu","Este catálogo específico ainda está incompleto e fica marcado para expansão futura.","NEEDS_CONTENT_IN_V099","Lacuna real de catálogo, reservada para expansão aprovada.","Criar proposta de conteúdo para v0.9.9 antes de adicionar exercícios.","Aviso específico e decisão explícita registados em v0.9.7."
"martial_arts>place_tatami>kihon>karate","martial_arts","place_tatami","","kihon / karate","Este catálogo específico ainda está incompleto e fica marcado para expansão futura.","NEEDS_CONTENT_IN_V099","Lacuna real de catálogo, reservada para expansão aprovada.","Criar proposta de conteúdo para v0.9.9 antes de adicionar exercícios.","Aviso específico e decisão explícita registados em v0.9.7."
"martial_arts>place_tatami>kata>karate","martial_arts","place_tatami","","kata / karate","Este catálogo específico ainda está incompleto e fica marcado para expansão futura.","NEEDS_CONTENT_IN_V099","Lacuna real de catálogo, reservada para expansão aprovada.","Criar proposta de conteúdo para v0.9.9 antes de adicionar exercícios.","Aviso específico e decisão explícita registados em v0.9.7."
"martial_arts>place_tatami>kumite_technical>karate","martial_arts","place_tatami","","kumite_technical / karate","Este catálogo específico ainda está incompleto e fica marcado para expansão futura.","NEEDS_CONTENT_IN_V099","Lacuna real de catálogo, reservada para expansão aprovada.","Criar proposta de conteúdo para v0.9.9 antes de adicionar exercícios.","Aviso específico e decisão explícita registados em v0.9.7."
"martial_arts>place_tatami>karate_shadow>karate","martial_arts","place_tatami","","karate_shadow / karate","Este catálogo específico ainda está incompleto e fica marcado para expansão futura.","NEEDS_CONTENT_IN_V099","Lacuna real de catálogo, reservada para expansão aprovada.","Criar proposta de conteúdo para v0.9.9 antes de adicionar exercícios.","Aviso específico e decisão explícita registados em v0.9.7."
"martial_arts>place_tatami>karate_footwork>karate","martial_arts","place_tatami","","karate_footwork / karate","Este catálogo específico ainda está incompleto e fica marcado para expansão futura.","NEEDS_CONTENT_IN_V099","Lacuna real de catálogo, reservada para expansão aprovada.","Criar proposta de conteúdo para v0.9.9 antes de adicionar exercícios.","Aviso específico e decisão explícita registados em v0.9.7."
"martial_arts>place_tatami>karate_stances>karate","martial_arts","place_tatami","","karate_stances / karate","Este catálogo específico ainda está incompleto e fica marcado para expansão futura.","NEEDS_CONTENT_IN_V099","Lacuna real de catálogo, reservada para expansão aprovada.","Criar proposta de conteúdo para v0.9.9 antes de adicionar exercícios.","Aviso específico e decisão explícita registados em v0.9.7."
"martial_arts>place_tatami>karate_guard>karate","martial_arts","place_tatami","","karate_guard / karate","Este catálogo específico ainda está incompleto e fica marcado para expansão futura.","NEEDS_CONTENT_IN_V099","Lacuna real de catálogo, reservada para expansão aprovada.","Criar proposta de conteúdo para v0.9.9 antes de adicionar exercícios.","Aviso específico e decisão explícita registados em v0.9.7."
"martial_arts>place_tatami>karate_punches>karate","martial_arts","place_tatami","","karate_punches / karate","Este catálogo específico ainda está incompleto e fica marcado para expansão futura.","NEEDS_CONTENT_IN_V099","Lacuna real de catálogo, reservada para expansão aprovada.","Criar proposta de conteúdo para v0.9.9 antes de adicionar exercícios.","Aviso específico e decisão explícita registados em v0.9.7."
"martial_arts>place_tatami>karate_kicks>karate","martial_arts","place_tatami","","karate_kicks / karate","Este catálogo específico ainda está incompleto e fica marcado para expansão futura.","NEEDS_CONTENT_IN_V099","Lacuna real de catálogo, reservada para expansão aprovada.","Criar proposta de conteúdo para v0.9.9 antes de adicionar exercícios.","Aviso específico e decisão explícita registados em v0.9.7."
"martial_arts>place_tatami>karate_blocks>karate","martial_arts","place_tatami","","karate_blocks / karate","Este catálogo específico ainda está incompleto e fica marcado para expansão futura.","NEEDS_CONTENT_IN_V099","Lacuna real de catálogo, reservada para expansão aprovada.","Criar proposta de conteúdo para v0.9.9 antes de adicionar exercícios.","Aviso específico e decisão explícita registados em v0.9.7."
"martial_arts>place_tatami>karate_evasions>karate","martial_arts","place_tatami","","karate_evasions / karate","Este catálogo específico ainda está incompleto e fica marcado para expansão futura.","NEEDS_CONTENT_IN_V099","Lacuna real de catálogo, reservada para expansão aprovada.","Criar proposta de conteúdo para v0.9.9 antes de adicionar exercícios.","Aviso específico e decisão explícita registados em v0.9.7."
"martial_arts>place_tatami>karate_knees>karate","martial_arts","place_tatami","","karate_knees / karate","Este catálogo específico ainda está incompleto e fica marcado para expansão futura.","NEEDS_CONTENT_IN_V099","Lacuna real de catálogo, reservada para expansão aprovada.","Criar proposta de conteúdo para v0.9.9 antes de adicionar exercícios.","Aviso específico e decisão explícita registados em v0.9.7."
"martial_arts>place_tatami>karate_bag>karate","martial_arts","place_tatami","","karate_bag / karate","Este catálogo específico ainda está incompleto e fica marcado para expansão futura.","NEEDS_CONTENT_IN_V099","Lacuna real de catálogo, reservada para expansão aprovada.","Criar proposta de conteúdo para v0.9.9 antes de adicionar exercícios.","Aviso específico e decisão explícita registados em v0.9.7."
"martial_arts>place_tatami>karate_mobility>karate","martial_arts","place_tatami","","karate_mobility / karate","Este catálogo específico ainda está incompleto e fica marcado para expansão futura.","NEEDS_CONTENT_IN_V099","Lacuna real de catálogo, reservada para expansão aprovada.","Criar proposta de conteúdo para v0.9.9 antes de adicionar exercícios.","Aviso específico e decisão explícita registados em v0.9.7."
"martial_arts>place_tatami>karate_conditioning>karate","martial_arts","place_tatami","","karate_conditioning / karate","Este catálogo específico ainda está incompleto e fica marcado para expansão futura.","NEEDS_CONTENT_IN_V099","Lacuna real de catálogo, reservada para expansão aprovada.","Criar proposta de conteúdo para v0.9.9 antes de adicionar exercícios.","Aviso específico e decisão explícita registados em v0.9.7."
"martial_arts>place_tatami>shrimp>jiu_jitsu","martial_arts","place_tatami","","shrimp / jiu_jitsu","Este catálogo específico ainda está incompleto e fica marcado para expansão futura.","NEEDS_CONTENT_IN_V099","Lacuna real de catálogo, reservada para expansão aprovada.","Criar proposta de conteúdo para v0.9.9 antes de adicionar exercícios.","Aviso específico e decisão explícita registados em v0.9.7."
"martial_arts>place_tatami>grappling_bridge>jiu_jitsu","martial_arts","place_tatami","","grappling_bridge / jiu_jitsu","Este catálogo específico ainda está incompleto e fica marcado para expansão futura.","NEEDS_CONTENT_IN_V099","Lacuna real de catálogo, reservada para expansão aprovada.","Criar proposta de conteúdo para v0.9.9 antes de adicionar exercícios.","Aviso específico e decisão explícita registados em v0.9.7."
"martial_arts>place_tatami>technical_stand_up>jiu_jitsu","martial_arts","place_tatami","","technical_stand_up / jiu_jitsu","Este catálogo específico ainda está incompleto e fica marcado para expansão futura.","NEEDS_CONTENT_IN_V099","Lacuna real de catálogo, reservada para expansão aprovada.","Criar proposta de conteúdo para v0.9.9 antes de adicionar exercícios.","Aviso específico e decisão explícita registados em v0.9.7."
"martial_arts>place_tatami>jiu_jitsu_rolls>jiu_jitsu","martial_arts","place_tatami","","jiu_jitsu_rolls / jiu_jitsu","Este catálogo específico ainda está incompleto e fica marcado para expansão futura.","NEEDS_CONTENT_IN_V099","Lacuna real de catálogo, reservada para expansão aprovada.","Criar proposta de conteúdo para v0.9.9 antes de adicionar exercícios.","Aviso específico e decisão explícita registados em v0.9.7."
"martial_arts>place_tatami>jiu_jitsu_breakfalls>jiu_jitsu","martial_arts","place_tatami","","jiu_jitsu_breakfalls / jiu_jitsu","Este catálogo específico ainda está incompleto e fica marcado para expansão futura.","NEEDS_CONTENT_IN_V099","Lacuna real de catálogo, reservada para expansão aprovada.","Criar proposta de conteúdo para v0.9.9 antes de adicionar exercícios.","Aviso específico e decisão explícita registados em v0.9.7."
"martial_arts>place_tatami>jiu_jitsu_inversions>jiu_jitsu","martial_arts","place_tatami","","jiu_jitsu_inversions / jiu_jitsu","Este catálogo específico ainda está incompleto e fica marcado para expansão futura.","NEEDS_CONTENT_IN_V099","Lacuna real de catálogo, reservada para expansão aprovada.","Criar proposta de conteúdo para v0.9.9 antes de adicionar exercícios.","Aviso específico e decisão explícita registados em v0.9.7."
"martial_arts>place_tatami>jiu_jitsu_guard>jiu_jitsu","martial_arts","place_tatami","","jiu_jitsu_guard / jiu_jitsu","Este catálogo específico ainda está incompleto e fica marcado para expansão futura.","NEEDS_CONTENT_IN_V099","Lacuna real de catálogo, reservada para expansão aprovada.","Criar proposta de conteúdo para v0.9.9 antes de adicionar exercícios.","Aviso específico e decisão explícita registados em v0.9.7."
"martial_arts>place_tatami>guard_passing>jiu_jitsu","martial_arts","place_tatami","","guard_passing / jiu_jitsu","Este catálogo específico ainda está incompleto e fica marcado para expansão futura.","NEEDS_CONTENT_IN_V099","Lacuna real de catálogo, reservada para expansão aprovada.","Criar proposta de conteúdo para v0.9.9 antes de adicionar exercícios.","Aviso específico e decisão explícita registados em v0.9.7."
"martial_arts>place_tatami>jiu_jitsu_grip>jiu_jitsu","martial_arts","place_tatami","","jiu_jitsu_grip / jiu_jitsu","Este catálogo específico ainda está incompleto e fica marcado para expansão futura.","NEEDS_CONTENT_IN_V099","Lacuna real de catálogo, reservada para expansão aprovada.","Criar proposta de conteúdo para v0.9.9 antes de adicionar exercícios.","Aviso específico e decisão explícita registados em v0.9.7."
"martial_arts>place_tatami>jiu_jitsu_core>jiu_jitsu","martial_arts","place_tatami","","jiu_jitsu_core / jiu_jitsu","Este catálogo específico ainda está incompleto e fica marcado para expansão futura.","NEEDS_CONTENT_IN_V099","Lacuna real de catálogo, reservada para expansão aprovada.","Criar proposta de conteúdo para v0.9.9 antes de adicionar exercícios.","Aviso específico e decisão explícita registados em v0.9.7."
"martial_arts>place_tatami>jiu_jitsu_mobility>jiu_jitsu","martial_arts","place_tatami","","jiu_jitsu_mobility / jiu_jitsu","Este catálogo específico ainda está incompleto e fica marcado para expansão futura.","NEEDS_CONTENT_IN_V099","Lacuna real de catálogo, reservada para expansão aprovada.","Criar proposta de conteúdo para v0.9.9 antes de adicionar exercícios.","Aviso específico e decisão explícita registados em v0.9.7."
"martial_arts>place_tatami>jiu_jitsu_conditioning>jiu_jitsu","martial_arts","place_tatami","","jiu_jitsu_conditioning / jiu_jitsu","Este catálogo específico ainda está incompleto e fica marcado para expansão futura.","NEEDS_CONTENT_IN_V099","Lacuna real de catálogo, reservada para expansão aprovada.","Criar proposta de conteúdo para v0.9.9 antes de adicionar exercícios.","Aviso específico e decisão explícita registados em v0.9.7."
"martial_arts>place_gym>kihon>karate","martial_arts","place_gym","","kihon / karate","Este catálogo específico ainda está incompleto e fica marcado para expansão futura.","NEEDS_CONTENT_IN_V099","Lacuna real de catálogo, reservada para expansão aprovada.","Criar proposta de conteúdo para v0.9.9 antes de adicionar exercícios.","Aviso específico e decisão explícita registados em v0.9.7."
"martial_arts>place_gym>kata>karate","martial_arts","place_gym","","kata / karate","Este catálogo específico ainda está incompleto e fica marcado para expansão futura.","NEEDS_CONTENT_IN_V099","Lacuna real de catálogo, reservada para expansão aprovada.","Criar proposta de conteúdo para v0.9.9 antes de adicionar exercícios.","Aviso específico e decisão explícita registados em v0.9.7."
"martial_arts>place_gym>kumite_technical>karate","martial_arts","place_gym","","kumite_technical / karate","Este catálogo específico ainda está incompleto e fica marcado para expansão futura.","NEEDS_CONTENT_IN_V099","Lacuna real de catálogo, reservada para expansão aprovada.","Criar proposta de conteúdo para v0.9.9 antes de adicionar exercícios.","Aviso específico e decisão explícita registados em v0.9.7."
"martial_arts>place_gym>karate_shadow>karate","martial_arts","place_gym","","karate_shadow / karate","Este catálogo específico ainda está incompleto e fica marcado para expansão futura.","NEEDS_CONTENT_IN_V099","Lacuna real de catálogo, reservada para expansão aprovada.","Criar proposta de conteúdo para v0.9.9 antes de adicionar exercícios.","Aviso específico e decisão explícita registados em v0.9.7."
"martial_arts>place_gym>karate_footwork>karate","martial_arts","place_gym","","karate_footwork / karate","Este catálogo específico ainda está incompleto e fica marcado para expansão futura.","NEEDS_CONTENT_IN_V099","Lacuna real de catálogo, reservada para expansão aprovada.","Criar proposta de conteúdo para v0.9.9 antes de adicionar exercícios.","Aviso específico e decisão explícita registados em v0.9.7."
"martial_arts>place_gym>karate_stances>karate","martial_arts","place_gym","","karate_stances / karate","Este catálogo específico ainda está incompleto e fica marcado para expansão futura.","NEEDS_CONTENT_IN_V099","Lacuna real de catálogo, reservada para expansão aprovada.","Criar proposta de conteúdo para v0.9.9 antes de adicionar exercícios.","Aviso específico e decisão explícita registados em v0.9.7."
"martial_arts>place_gym>karate_guard>karate","martial_arts","place_gym","","karate_guard / karate","Este catálogo específico ainda está incompleto e fica marcado para expansão futura.","NEEDS_CONTENT_IN_V099","Lacuna real de catálogo, reservada para expansão aprovada.","Criar proposta de conteúdo para v0.9.9 antes de adicionar exercícios.","Aviso específico e decisão explícita registados em v0.9.7."
"martial_arts>place_gym>karate_punches>karate","martial_arts","place_gym","","karate_punches / karate","Este catálogo específico ainda está incompleto e fica marcado para expansão futura.","NEEDS_CONTENT_IN_V099","Lacuna real de catálogo, reservada para expansão aprovada.","Criar proposta de conteúdo para v0.9.9 antes de adicionar exercícios.","Aviso específico e decisão explícita registados em v0.9.7."
"martial_arts>place_gym>karate_kicks>karate","martial_arts","place_gym","","karate_kicks / karate","Este catálogo específico ainda está incompleto e fica marcado para expansão futura.","NEEDS_CONTENT_IN_V099","Lacuna real de catálogo, reservada para expansão aprovada.","Criar proposta de conteúdo para v0.9.9 antes de adicionar exercícios.","Aviso específico e decisão explícita registados em v0.9.7."
"martial_arts>place_gym>karate_blocks>karate","martial_arts","place_gym","","karate_blocks / karate","Este catálogo específico ainda está incompleto e fica marcado para expansão futura.","NEEDS_CONTENT_IN_V099","Lacuna real de catálogo, reservada para expansão aprovada.","Criar proposta de conteúdo para v0.9.9 antes de adicionar exercícios.","Aviso específico e decisão explícita registados em v0.9.7."
"martial_arts>place_gym>karate_evasions>karate","martial_arts","place_gym","","karate_evasions / karate","Este catálogo específico ainda está incompleto e fica marcado para expansão futura.","NEEDS_CONTENT_IN_V099","Lacuna real de catálogo, reservada para expansão aprovada.","Criar proposta de conteúdo para v0.9.9 antes de adicionar exercícios.","Aviso específico e decisão explícita registados em v0.9.7."
"martial_arts>place_gym>karate_knees>karate","martial_arts","place_gym","","karate_knees / karate","Este catálogo específico ainda está incompleto e fica marcado para expansão futura.","NEEDS_CONTENT_IN_V099","Lacuna real de catálogo, reservada para expansão aprovada.","Criar proposta de conteúdo para v0.9.9 antes de adicionar exercícios.","Aviso específico e decisão explícita registados em v0.9.7."
"martial_arts>place_gym>karate_bag>karate","martial_arts","place_gym","","karate_bag / karate","Este catálogo específico ainda está incompleto e fica marcado para expansão futura.","NEEDS_CONTENT_IN_V099","Lacuna real de catálogo, reservada para expansão aprovada.","Criar proposta de conteúdo para v0.9.9 antes de adicionar exercícios.","Aviso específico e decisão explícita registados em v0.9.7."
"martial_arts>place_gym>karate_mobility>karate","martial_arts","place_gym","","karate_mobility / karate","Este catálogo específico ainda está incompleto e fica marcado para expansão futura.","NEEDS_CONTENT_IN_V099","Lacuna real de catálogo, reservada para expansão aprovada.","Criar proposta de conteúdo para v0.9.9 antes de adicionar exercícios.","Aviso específico e decisão explícita registados em v0.9.7."
"martial_arts>place_gym>karate_conditioning>karate","martial_arts","place_gym","","karate_conditioning / karate","Este catálogo específico ainda está incompleto e fica marcado para expansão futura.","NEEDS_CONTENT_IN_V099","Lacuna real de catálogo, reservada para expansão aprovada.","Criar proposta de conteúdo para v0.9.9 antes de adicionar exercícios.","Aviso específico e decisão explícita registados em v0.9.7."
"martial_arts>place_gym>shrimp>jiu_jitsu","martial_arts","place_gym","","shrimp / jiu_jitsu","Este catálogo específico ainda está incompleto e fica marcado para expansão futura.","NEEDS_CONTENT_IN_V099","Lacuna real de catálogo, reservada para expansão aprovada.","Criar proposta de conteúdo para v0.9.9 antes de adicionar exercícios.","Aviso específico e decisão explícita registados em v0.9.7."
"martial_arts>place_gym>grappling_bridge>jiu_jitsu","martial_arts","place_gym","","grappling_bridge / jiu_jitsu","Este catálogo específico ainda está incompleto e fica marcado para expansão futura.","NEEDS_CONTENT_IN_V099","Lacuna real de catálogo, reservada para expansão aprovada.","Criar proposta de conteúdo para v0.9.9 antes de adicionar exercícios.","Aviso específico e decisão explícita registados em v0.9.7."
"martial_arts>place_gym>technical_stand_up>jiu_jitsu","martial_arts","place_gym","","technical_stand_up / jiu_jitsu","Este catálogo específico ainda está incompleto e fica marcado para expansão futura.","NEEDS_CONTENT_IN_V099","Lacuna real de catálogo, reservada para expansão aprovada.","Criar proposta de conteúdo para v0.9.9 antes de adicionar exercícios.","Aviso específico e decisão explícita registados em v0.9.7."
"martial_arts>place_gym>jiu_jitsu_rolls>jiu_jitsu","martial_arts","place_gym","","jiu_jitsu_rolls / jiu_jitsu","Este catálogo específico ainda está incompleto e fica marcado para expansão futura.","NEEDS_CONTENT_IN_V099","Lacuna real de catálogo, reservada para expansão aprovada.","Criar proposta de conteúdo para v0.9.9 antes de adicionar exercícios.","Aviso específico e decisão explícita registados em v0.9.7."
"martial_arts>place_gym>jiu_jitsu_breakfalls>jiu_jitsu","martial_arts","place_gym","","jiu_jitsu_breakfalls / jiu_jitsu","Este catálogo específico ainda está incompleto e fica marcado para expansão futura.","NEEDS_CONTENT_IN_V099","Lacuna real de catálogo, reservada para expansão aprovada.","Criar proposta de conteúdo para v0.9.9 antes de adicionar exercícios.","Aviso específico e decisão explícita registados em v0.9.7."
"martial_arts>place_gym>jiu_jitsu_inversions>jiu_jitsu","martial_arts","place_gym","","jiu_jitsu_inversions / jiu_jitsu","Este catálogo específico ainda está incompleto e fica marcado para expansão futura.","NEEDS_CONTENT_IN_V099","Lacuna real de catálogo, reservada para expansão aprovada.","Criar proposta de conteúdo para v0.9.9 antes de adicionar exercícios.","Aviso específico e decisão explícita registados em v0.9.7."
"martial_arts>place_gym>jiu_jitsu_guard>jiu_jitsu","martial_arts","place_gym","","jiu_jitsu_guard / jiu_jitsu","Este catálogo específico ainda está incompleto e fica marcado para expansão futura.","NEEDS_CONTENT_IN_V099","Lacuna real de catálogo, reservada para expansão aprovada.","Criar proposta de conteúdo para v0.9.9 antes de adicionar exercícios.","Aviso específico e decisão explícita registados em v0.9.7."
"martial_arts>place_gym>guard_passing>jiu_jitsu","martial_arts","place_gym","","guard_passing / jiu_jitsu","Este catálogo específico ainda está incompleto e fica marcado para expansão futura.","NEEDS_CONTENT_IN_V099","Lacuna real de catálogo, reservada para expansão aprovada.","Criar proposta de conteúdo para v0.9.9 antes de adicionar exercícios.","Aviso específico e decisão explícita registados em v0.9.7."
"martial_arts>place_gym>jiu_jitsu_grip>jiu_jitsu","martial_arts","place_gym","","jiu_jitsu_grip / jiu_jitsu","Este catálogo específico ainda está incompleto e fica marcado para expansão futura.","NEEDS_CONTENT_IN_V099","Lacuna real de catálogo, reservada para expansão aprovada.","Criar proposta de conteúdo para v0.9.9 antes de adicionar exercícios.","Aviso específico e decisão explícita registados em v0.9.7."
"martial_arts>place_gym>jiu_jitsu_core>jiu_jitsu","martial_arts","place_gym","","jiu_jitsu_core / jiu_jitsu","Este catálogo específico ainda está incompleto e fica marcado para expansão futura.","NEEDS_CONTENT_IN_V099","Lacuna real de catálogo, reservada para expansão aprovada.","Criar proposta de conteúdo para v0.9.9 antes de adicionar exercícios.","Aviso específico e decisão explícita registados em v0.9.7."
"martial_arts>place_gym>jiu_jitsu_mobility>jiu_jitsu","martial_arts","place_gym","","jiu_jitsu_mobility / jiu_jitsu","Este catálogo específico ainda está incompleto e fica marcado para expansão futura.","NEEDS_CONTENT_IN_V099","Lacuna real de catálogo, reservada para expansão aprovada.","Criar proposta de conteúdo para v0.9.9 antes de adicionar exercícios.","Aviso específico e decisão explícita registados em v0.9.7."
"martial_arts>place_gym>jiu_jitsu_conditioning>jiu_jitsu","martial_arts","place_gym","","jiu_jitsu_conditioning / jiu_jitsu","Este catálogo específico ainda está incompleto e fica marcado para expansão futura.","NEEDS_CONTENT_IN_V099","Lacuna real de catálogo, reservada para expansão aprovada.","Criar proposta de conteúdo para v0.9.9 antes de adicionar exercícios.","Aviso específico e decisão explícita registados em v0.9.7."
"martial_arts>place_home_equipped>kihon>karate","martial_arts","place_home_equipped","","kihon / karate","Este catálogo específico ainda está incompleto e fica marcado para expansão futura.","NEEDS_CONTENT_IN_V099","Lacuna real de catálogo, reservada para expansão aprovada.","Criar proposta de conteúdo para v0.9.9 antes de adicionar exercícios.","Aviso específico e decisão explícita registados em v0.9.7."
"martial_arts>place_home_equipped>kata>karate","martial_arts","place_home_equipped","","kata / karate","Este catálogo específico ainda está incompleto e fica marcado para expansão futura.","NEEDS_CONTENT_IN_V099","Lacuna real de catálogo, reservada para expansão aprovada.","Criar proposta de conteúdo para v0.9.9 antes de adicionar exercícios.","Aviso específico e decisão explícita registados em v0.9.7."
"martial_arts>place_home_equipped>kumite_technical>karate","martial_arts","place_home_equipped","","kumite_technical / karate","Este catálogo específico ainda está incompleto e fica marcado para expansão futura.","NEEDS_CONTENT_IN_V099","Lacuna real de catálogo, reservada para expansão aprovada.","Criar proposta de conteúdo para v0.9.9 antes de adicionar exercícios.","Aviso específico e decisão explícita registados em v0.9.7."
"martial_arts>place_home_equipped>karate_shadow>karate","martial_arts","place_home_equipped","","karate_shadow / karate","Este catálogo específico ainda está incompleto e fica marcado para expansão futura.","NEEDS_CONTENT_IN_V099","Lacuna real de catálogo, reservada para expansão aprovada.","Criar proposta de conteúdo para v0.9.9 antes de adicionar exercícios.","Aviso específico e decisão explícita registados em v0.9.7."
"martial_arts>place_home_equipped>karate_footwork>karate","martial_arts","place_home_equipped","","karate_footwork / karate","Este catálogo específico ainda está incompleto e fica marcado para expansão futura.","NEEDS_CONTENT_IN_V099","Lacuna real de catálogo, reservada para expansão aprovada.","Criar proposta de conteúdo para v0.9.9 antes de adicionar exercícios.","Aviso específico e decisão explícita registados em v0.9.7."
"martial_arts>place_home_equipped>karate_stances>karate","martial_arts","place_home_equipped","","karate_stances / karate","Este catálogo específico ainda está incompleto e fica marcado para expansão futura.","NEEDS_CONTENT_IN_V099","Lacuna real de catálogo, reservada para expansão aprovada.","Criar proposta de conteúdo para v0.9.9 antes de adicionar exercícios.","Aviso específico e decisão explícita registados em v0.9.7."
"martial_arts>place_home_equipped>karate_guard>karate","martial_arts","place_home_equipped","","karate_guard / karate","Este catálogo específico ainda está incompleto e fica marcado para expansão futura.","NEEDS_CONTENT_IN_V099","Lacuna real de catálogo, reservada para expansão aprovada.","Criar proposta de conteúdo para v0.9.9 antes de adicionar exercícios.","Aviso específico e decisão explícita registados em v0.9.7."
"martial_arts>place_home_equipped>karate_punches>karate","martial_arts","place_home_equipped","","karate_punches / karate","Este catálogo específico ainda está incompleto e fica marcado para expansão futura.","NEEDS_CONTENT_IN_V099","Lacuna real de catálogo, reservada para expansão aprovada.","Criar proposta de conteúdo para v0.9.9 antes de adicionar exercícios.","Aviso específico e decisão explícita registados em v0.9.7."
"martial_arts>place_home_equipped>karate_kicks>karate","martial_arts","place_home_equipped","","karate_kicks / karate","Este catálogo específico ainda está incompleto e fica marcado para expansão futura.","NEEDS_CONTENT_IN_V099","Lacuna real de catálogo, reservada para expansão aprovada.","Criar proposta de conteúdo para v0.9.9 antes de adicionar exercícios.","Aviso específico e decisão explícita registados em v0.9.7."
"martial_arts>place_home_equipped>karate_blocks>karate","martial_arts","place_home_equipped","","karate_blocks / karate","Este catálogo específico ainda está incompleto e fica marcado para expansão futura.","NEEDS_CONTENT_IN_V099","Lacuna real de catálogo, reservada para expansão aprovada.","Criar proposta de conteúdo para v0.9.9 antes de adicionar exercícios.","Aviso específico e decisão explícita registados em v0.9.7."
"martial_arts>place_home_equipped>karate_evasions>karate","martial_arts","place_home_equipped","","karate_evasions / karate","Este catálogo específico ainda está incompleto e fica marcado para expansão futura.","NEEDS_CONTENT_IN_V099","Lacuna real de catálogo, reservada para expansão aprovada.","Criar proposta de conteúdo para v0.9.9 antes de adicionar exercícios.","Aviso específico e decisão explícita registados em v0.9.7."
"martial_arts>place_home_equipped>karate_knees>karate","martial_arts","place_home_equipped","","karate_knees / karate","Este catálogo específico ainda está incompleto e fica marcado para expansão futura.","NEEDS_CONTENT_IN_V099","Lacuna real de catálogo, reservada para expansão aprovada.","Criar proposta de conteúdo para v0.9.9 antes de adicionar exercícios.","Aviso específico e decisão explícita registados em v0.9.7."
"martial_arts>place_home_equipped>karate_bag>karate","martial_arts","place_home_equipped","","karate_bag / karate","Este catálogo específico ainda está incompleto e fica marcado para expansão futura.","NEEDS_CONTENT_IN_V099","Lacuna real de catálogo, reservada para expansão aprovada.","Criar proposta de conteúdo para v0.9.9 antes de adicionar exercícios.","Aviso específico e decisão explícita registados em v0.9.7."
"martial_arts>place_home_equipped>karate_mobility>karate","martial_arts","place_home_equipped","","karate_mobility / karate","Este catálogo específico ainda está incompleto e fica marcado para expansão futura.","NEEDS_CONTENT_IN_V099","Lacuna real de catálogo, reservada para expansão aprovada.","Criar proposta de conteúdo para v0.9.9 antes de adicionar exercícios.","Aviso específico e decisão explícita registados em v0.9.7."
"martial_arts>place_home_equipped>karate_conditioning>karate","martial_arts","place_home_equipped","","karate_conditioning / karate","Este catálogo específico ainda está incompleto e fica marcado para expansão futura.","NEEDS_CONTENT_IN_V099","Lacuna real de catálogo, reservada para expansão aprovada.","Criar proposta de conteúdo para v0.9.9 antes de adicionar exercícios.","Aviso específico e decisão explícita registados em v0.9.7."
"martial_arts>place_home_equipped>shrimp>jiu_jitsu","martial_arts","place_home_equipped","","shrimp / jiu_jitsu","Este catálogo específico ainda está incompleto e fica marcado para expansão futura.","NEEDS_CONTENT_IN_V099","Lacuna real de catálogo, reservada para expansão aprovada.","Criar proposta de conteúdo para v0.9.9 antes de adicionar exercícios.","Aviso específico e decisão explícita registados em v0.9.7."
"martial_arts>place_home_equipped>grappling_bridge>jiu_jitsu","martial_arts","place_home_equipped","","grappling_bridge / jiu_jitsu","Este catálogo específico ainda está incompleto e fica marcado para expansão futura.","NEEDS_CONTENT_IN_V099","Lacuna real de catálogo, reservada para expansão aprovada.","Criar proposta de conteúdo para v0.9.9 antes de adicionar exercícios.","Aviso específico e decisão explícita registados em v0.9.7."
"martial_arts>place_home_equipped>technical_stand_up>jiu_jitsu","martial_arts","place_home_equipped","","technical_stand_up / jiu_jitsu","Este catálogo específico ainda está incompleto e fica marcado para expansão futura.","NEEDS_CONTENT_IN_V099","Lacuna real de catálogo, reservada para expansão aprovada.","Criar proposta de conteúdo para v0.9.9 antes de adicionar exercícios.","Aviso específico e decisão explícita registados em v0.9.7."
"martial_arts>place_home_equipped>jiu_jitsu_rolls>jiu_jitsu","martial_arts","place_home_equipped","","jiu_jitsu_rolls / jiu_jitsu","Este catálogo específico ainda está incompleto e fica marcado para expansão futura.","NEEDS_CONTENT_IN_V099","Lacuna real de catálogo, reservada para expansão aprovada.","Criar proposta de conteúdo para v0.9.9 antes de adicionar exercícios.","Aviso específico e decisão explícita registados em v0.9.7."
"martial_arts>place_home_equipped>jiu_jitsu_breakfalls>jiu_jitsu","martial_arts","place_home_equipped","","jiu_jitsu_breakfalls / jiu_jitsu","Este catálogo específico ainda está incompleto e fica marcado para expansão futura.","NEEDS_CONTENT_IN_V099","Lacuna real de catálogo, reservada para expansão aprovada.","Criar proposta de conteúdo para v0.9.9 antes de adicionar exercícios.","Aviso específico e decisão explícita registados em v0.9.7."
"martial_arts>place_home_equipped>jiu_jitsu_inversions>jiu_jitsu","martial_arts","place_home_equipped","","jiu_jitsu_inversions / jiu_jitsu","Este catálogo específico ainda está incompleto e fica marcado para expansão futura.","NEEDS_CONTENT_IN_V099","Lacuna real de catálogo, reservada para expansão aprovada.","Criar proposta de conteúdo para v0.9.9 antes de adicionar exercícios.","Aviso específico e decisão explícita registados em v0.9.7."
"martial_arts>place_home_equipped>jiu_jitsu_guard>jiu_jitsu","martial_arts","place_home_equipped","","jiu_jitsu_guard / jiu_jitsu","Este catálogo específico ainda está incompleto e fica marcado para expansão futura.","NEEDS_CONTENT_IN_V099","Lacuna real de catálogo, reservada para expansão aprovada.","Criar proposta de conteúdo para v0.9.9 antes de adicionar exercícios.","Aviso específico e decisão explícita registados em v0.9.7."
"martial_arts>place_home_equipped>guard_passing>jiu_jitsu","martial_arts","place_home_equipped","","guard_passing / jiu_jitsu","Este catálogo específico ainda está incompleto e fica marcado para expansão futura.","NEEDS_CONTENT_IN_V099","Lacuna real de catálogo, reservada para expansão aprovada.","Criar proposta de conteúdo para v0.9.9 antes de adicionar exercícios.","Aviso específico e decisão explícita registados em v0.9.7."
"martial_arts>place_home_equipped>jiu_jitsu_grip>jiu_jitsu","martial_arts","place_home_equipped","","jiu_jitsu_grip / jiu_jitsu","Este catálogo específico ainda está incompleto e fica marcado para expansão futura.","NEEDS_CONTENT_IN_V099","Lacuna real de catálogo, reservada para expansão aprovada.","Criar proposta de conteúdo para v0.9.9 antes de adicionar exercícios.","Aviso específico e decisão explícita registados em v0.9.7."
"martial_arts>place_home_equipped>jiu_jitsu_core>jiu_jitsu","martial_arts","place_home_equipped","","jiu_jitsu_core / jiu_jitsu","Este catálogo específico ainda está incompleto e fica marcado para expansão futura.","NEEDS_CONTENT_IN_V099","Lacuna real de catálogo, reservada para expansão aprovada.","Criar proposta de conteúdo para v0.9.9 antes de adicionar exercícios.","Aviso específico e decisão explícita registados em v0.9.7."
"martial_arts>place_home_equipped>jiu_jitsu_mobility>jiu_jitsu","martial_arts","place_home_equipped","","jiu_jitsu_mobility / jiu_jitsu","Este catálogo específico ainda está incompleto e fica marcado para expansão futura.","NEEDS_CONTENT_IN_V099","Lacuna real de catálogo, reservada para expansão aprovada.","Criar proposta de conteúdo para v0.9.9 antes de adicionar exercícios.","Aviso específico e decisão explícita registados em v0.9.7."
"martial_arts>place_home_equipped>jiu_jitsu_conditioning>jiu_jitsu","martial_arts","place_home_equipped","","jiu_jitsu_conditioning / jiu_jitsu","Este catálogo específico ainda está incompleto e fica marcado para expansão futura.","NEEDS_CONTENT_IN_V099","Lacuna real de catálogo, reservada para expansão aprovada.","Criar proposta de conteúdo para v0.9.9 antes de adicionar exercícios.","Aviso específico e decisão explícita registados em v0.9.7."
"elasticity>place_home_no_equipment>bodyweight","elasticity","place_home_no_equipment","bodyweight","","Este catálogo específico ainda está incompleto e fica marcado para expansão futura.","NEEDS_CONTENT_IN_V099","Lacuna real de catálogo, reservada para expansão aprovada.","Criar proposta de conteúdo para v0.9.9 antes de adicionar exercícios.","Aviso específico e decisão explícita registados em v0.9.7."
"elasticity>place_home_no_equipment>floor","elasticity","place_home_no_equipment","floor","","Este catálogo específico ainda está incompleto e fica marcado para expansão futura.","NEEDS_CONTENT_IN_V099","Lacuna real de catálogo, reservada para expansão aprovada.","Criar proposta de conteúdo para v0.9.9 antes de adicionar exercícios.","Aviso específico e decisão explícita registados em v0.9.7."
"elasticity>place_home_no_equipment>wall","elasticity","place_home_no_equipment","wall","","Este catálogo específico ainda está incompleto e fica marcado para expansão futura.","NEEDS_CONTENT_IN_V099","Lacuna real de catálogo, reservada para expansão aprovada.","Criar proposta de conteúdo para v0.9.9 antes de adicionar exercícios.","Aviso específico e decisão explícita registados em v0.9.7."
"elasticity>place_home_no_equipment>mat","elasticity","place_home_no_equipment","mat","","Este catálogo específico ainda está incompleto e fica marcado para expansão futura.","NEEDS_CONTENT_IN_V099","Lacuna real de catálogo, reservada para expansão aprovada.","Criar proposta de conteúdo para v0.9.9 antes de adicionar exercícios.","Aviso específico e decisão explícita registados em v0.9.7."
"elasticity>place_home_equipped>bodyweight","elasticity","place_home_equipped","bodyweight","","Este catálogo específico ainda está incompleto e fica marcado para expansão futura.","NEEDS_CONTENT_IN_V099","Lacuna real de catálogo, reservada para expansão aprovada.","Criar proposta de conteúdo para v0.9.9 antes de adicionar exercícios.","Aviso específico e decisão explícita registados em v0.9.7."
"elasticity>place_home_equipped>floor","elasticity","place_home_equipped","floor","","Este catálogo específico ainda está incompleto e fica marcado para expansão futura.","NEEDS_CONTENT_IN_V099","Lacuna real de catálogo, reservada para expansão aprovada.","Criar proposta de conteúdo para v0.9.9 antes de adicionar exercícios.","Aviso específico e decisão explícita registados em v0.9.7."
"elasticity>place_home_equipped>wall","elasticity","place_home_equipped","wall","","Este catálogo específico ainda está incompleto e fica marcado para expansão futura.","NEEDS_CONTENT_IN_V099","Lacuna real de catálogo, reservada para expansão aprovada.","Criar proposta de conteúdo para v0.9.9 antes de adicionar exercícios.","Aviso específico e decisão explícita registados em v0.9.7."
"elasticity>place_home_equipped>mat","elasticity","place_home_equipped","mat","","Este catálogo específico ainda está incompleto e fica marcado para expansão futura.","NEEDS_CONTENT_IN_V099","Lacuna real de catálogo, reservada para expansão aprovada.","Criar proposta de conteúdo para v0.9.9 antes de adicionar exercícios.","Aviso específico e decisão explícita registados em v0.9.7."
"elasticity>place_gym>bodyweight","elasticity","place_gym","bodyweight","","Este catálogo específico ainda está incompleto e fica marcado para expansão futura.","NEEDS_CONTENT_IN_V099","Lacuna real de catálogo, reservada para expansão aprovada.","Criar proposta de conteúdo para v0.9.9 antes de adicionar exercícios.","Aviso específico e decisão explícita registados em v0.9.7."
"elasticity>place_gym>floor","elasticity","place_gym","floor","","Este catálogo específico ainda está incompleto e fica marcado para expansão futura.","NEEDS_CONTENT_IN_V099","Lacuna real de catálogo, reservada para expansão aprovada.","Criar proposta de conteúdo para v0.9.9 antes de adicionar exercícios.","Aviso específico e decisão explícita registados em v0.9.7."
"elasticity>place_gym>wall","elasticity","place_gym","wall","","Este catálogo específico ainda está incompleto e fica marcado para expansão futura.","NEEDS_CONTENT_IN_V099","Lacuna real de catálogo, reservada para expansão aprovada.","Criar proposta de conteúdo para v0.9.9 antes de adicionar exercícios.","Aviso específico e decisão explícita registados em v0.9.7."
"elasticity>place_gym>mat","elasticity","place_gym","mat","","Este catálogo específico ainda está incompleto e fica marcado para expansão futura.","NEEDS_CONTENT_IN_V099","Lacuna real de catálogo, reservada para expansão aprovada.","Criar proposta de conteúdo para v0.9.9 antes de adicionar exercícios.","Aviso específico e decisão explícita registados em v0.9.7."
"elasticity>place_dojo>bodyweight","elasticity","place_dojo","bodyweight","","Este catálogo específico ainda está incompleto e fica marcado para expansão futura.","NEEDS_CONTENT_IN_V099","Lacuna real de catálogo, reservada para expansão aprovada.","Criar proposta de conteúdo para v0.9.9 antes de adicionar exercícios.","Aviso específico e decisão explícita registados em v0.9.7."
"elasticity>place_dojo>floor","elasticity","place_dojo","floor","","Este catálogo específico ainda está incompleto e fica marcado para expansão futura.","NEEDS_CONTENT_IN_V099","Lacuna real de catálogo, reservada para expansão aprovada.","Criar proposta de conteúdo para v0.9.9 antes de adicionar exercícios.","Aviso específico e decisão explícita registados em v0.9.7."
"elasticity>place_dojo>wall","elasticity","place_dojo","wall","","Este catálogo específico ainda está incompleto e fica marcado para expansão futura.","NEEDS_CONTENT_IN_V099","Lacuna real de catálogo, reservada para expansão aprovada.","Criar proposta de conteúdo para v0.9.9 antes de adicionar exercícios.","Aviso específico e decisão explícita registados em v0.9.7."
"elasticity>place_dojo>mat","elasticity","place_dojo","mat","","Este catálogo específico ainda está incompleto e fica marcado para expansão futura.","NEEDS_CONTENT_IN_V099","Lacuna real de catálogo, reservada para expansão aprovada.","Criar proposta de conteúdo para v0.9.9 antes de adicionar exercícios.","Aviso específico e decisão explícita registados em v0.9.7."
"elasticity>place_tatami>bodyweight","elasticity","place_tatami","bodyweight","","Este catálogo específico ainda está incompleto e fica marcado para expansão futura.","NEEDS_CONTENT_IN_V099","Lacuna real de catálogo, reservada para expansão aprovada.","Criar proposta de conteúdo para v0.9.9 antes de adicionar exercícios.","Aviso específico e decisão explícita registados em v0.9.7."
"elasticity>place_tatami>floor","elasticity","place_tatami","floor","","Este catálogo específico ainda está incompleto e fica marcado para expansão futura.","NEEDS_CONTENT_IN_V099","Lacuna real de catálogo, reservada para expansão aprovada.","Criar proposta de conteúdo para v0.9.9 antes de adicionar exercícios.","Aviso específico e decisão explícita registados em v0.9.7."
"elasticity>place_tatami>wall","elasticity","place_tatami","wall","","Este catálogo específico ainda está incompleto e fica marcado para expansão futura.","NEEDS_CONTENT_IN_V099","Lacuna real de catálogo, reservada para expansão aprovada.","Criar proposta de conteúdo para v0.9.9 antes de adicionar exercícios.","Aviso específico e decisão explícita registados em v0.9.7."
"elasticity>place_tatami>mat","elasticity","place_tatami","mat","","Este catálogo específico ainda está incompleto e fica marcado para expansão futura.","NEEDS_CONTENT_IN_V099","Lacuna real de catálogo, reservada para expansão aprovada.","Criar proposta de conteúdo para v0.9.9 antes de adicionar exercícios.","Aviso específico e decisão explícita registados em v0.9.7."
"elasticity>place_outdoor>bodyweight","elasticity","place_outdoor","bodyweight","","Este catálogo específico ainda está incompleto e fica marcado para expansão futura.","NEEDS_CONTENT_IN_V099","Lacuna real de catálogo, reservada para expansão aprovada.","Criar proposta de conteúdo para v0.9.9 antes de adicionar exercícios.","Aviso específico e decisão explícita registados em v0.9.7."
"elasticity>place_outdoor>floor","elasticity","place_outdoor","floor","","Este catálogo específico ainda está incompleto e fica marcado para expansão futura.","NEEDS_CONTENT_IN_V099","Lacuna real de catálogo, reservada para expansão aprovada.","Criar proposta de conteúdo para v0.9.9 antes de adicionar exercícios.","Aviso específico e decisão explícita registados em v0.9.7."
"elasticity>place_outdoor>wall","elasticity","place_outdoor","wall","","Este catálogo específico ainda está incompleto e fica marcado para expansão futura.","NEEDS_CONTENT_IN_V099","Lacuna real de catálogo, reservada para expansão aprovada.","Criar proposta de conteúdo para v0.9.9 antes de adicionar exercícios.","Aviso específico e decisão explícita registados em v0.9.7."
"elasticity>place_outdoor>mat","elasticity","place_outdoor","mat","","Este catálogo específico ainda está incompleto e fica marcado para expansão futura.","NEEDS_CONTENT_IN_V099","Lacuna real de catálogo, reservada para expansão aprovada.","Criar proposta de conteúdo para v0.9.9 antes de adicionar exercícios.","Aviso específico e decisão explícita registados em v0.9.7."
"elasticity>place_work_travel>bodyweight","elasticity","place_work_travel","bodyweight","","Este catálogo específico ainda está incompleto e fica marcado para expansão futura.","NEEDS_CONTENT_IN_V099","Lacuna real de catálogo, reservada para expansão aprovada.","Criar proposta de conteúdo para v0.9.9 antes de adicionar exercícios.","Aviso específico e decisão explícita registados em v0.9.7."
"elasticity>place_work_travel>floor","elasticity","place_work_travel","floor","","Este catálogo específico ainda está incompleto e fica marcado para expansão futura.","NEEDS_CONTENT_IN_V099","Lacuna real de catálogo, reservada para expansão aprovada.","Criar proposta de conteúdo para v0.9.9 antes de adicionar exercícios.","Aviso específico e decisão explícita registados em v0.9.7."
"elasticity>place_work_travel>wall","elasticity","place_work_travel","wall","","Este catálogo específico ainda está incompleto e fica marcado para expansão futura.","NEEDS_CONTENT_IN_V099","Lacuna real de catálogo, reservada para expansão aprovada.","Criar proposta de conteúdo para v0.9.9 antes de adicionar exercícios.","Aviso específico e decisão explícita registados em v0.9.7."
"elasticity>place_work_travel>mat","elasticity","place_work_travel","mat","","Este catálogo específico ainda está incompleto e fica marcado para expansão futura.","NEEDS_CONTENT_IN_V099","Lacuna real de catálogo, reservada para expansão aprovada.","Criar proposta de conteúdo para v0.9.9 antes de adicionar exercícios.","Aviso específico e decisão explícita registados em v0.9.7."
"elasticity>place_clinic>bodyweight","elasticity","place_clinic","bodyweight","","Este catálogo específico ainda está incompleto e fica marcado para expansão futura.","NEEDS_CONTENT_IN_V099","Lacuna real de catálogo, reservada para expansão aprovada.","Criar proposta de conteúdo para v0.9.9 antes de adicionar exercícios.","Aviso específico e decisão explícita registados em v0.9.7."
"elasticity>place_clinic>floor","elasticity","place_clinic","floor","","Este catálogo específico ainda está incompleto e fica marcado para expansão futura.","NEEDS_CONTENT_IN_V099","Lacuna real de catálogo, reservada para expansão aprovada.","Criar proposta de conteúdo para v0.9.9 antes de adicionar exercícios.","Aviso específico e decisão explícita registados em v0.9.7."
"elasticity>place_clinic>wall","elasticity","place_clinic","wall","","Este catálogo específico ainda está incompleto e fica marcado para expansão futura.","NEEDS_CONTENT_IN_V099","Lacuna real de catálogo, reservada para expansão aprovada.","Criar proposta de conteúdo para v0.9.9 antes de adicionar exercícios.","Aviso específico e decisão explícita registados em v0.9.7."
"elasticity>place_clinic>mat","elasticity","place_clinic","mat","","Este catálogo específico ainda está incompleto e fica marcado para expansão futura.","NEEDS_CONTENT_IN_V099","Lacuna real de catálogo, reservada para expansão aprovada.","Criar proposta de conteúdo para v0.9.9 antes de adicionar exercícios.","Aviso específico e decisão explícita registados em v0.9.7."
"recovery>place_home_no_equipment>bodyweight>light_stretching>light_stretching","recovery","place_home_no_equipment","bodyweight","light_stretching","Ainda não há exercícios específicos para este foco. Mostra alternativas relacionadas quando disponíveis.","ADD_FALLBACK","Existe domínio relacionado onde a UI pode orientar o utilizador.","Ligar fallback coerente do mesmo tipo/local quando aprovado.","Aviso específico e decisão explícita registados em v0.9.7."
"recovery>place_home_no_equipment>floor>light_stretching>light_stretching","recovery","place_home_no_equipment","floor","light_stretching","Ainda não há exercícios específicos para este foco. Mostra alternativas relacionadas quando disponíveis.","ADD_FALLBACK","Existe domínio relacionado onde a UI pode orientar o utilizador.","Ligar fallback coerente do mesmo tipo/local quando aprovado.","Aviso específico e decisão explícita registados em v0.9.7."
"recovery>place_home_no_equipment>wall>light_stretching>light_stretching","recovery","place_home_no_equipment","wall","light_stretching","Ainda não há exercícios específicos para este foco. Mostra alternativas relacionadas quando disponíveis.","ADD_FALLBACK","Existe domínio relacionado onde a UI pode orientar o utilizador.","Ligar fallback coerente do mesmo tipo/local quando aprovado.","Aviso específico e decisão explícita registados em v0.9.7."
"recovery>place_home_no_equipment>mat>light_stretching>light_stretching","recovery","place_home_no_equipment","mat","light_stretching","Ainda não há exercícios específicos para este foco. Mostra alternativas relacionadas quando disponíveis.","ADD_FALLBACK","Existe domínio relacionado onde a UI pode orientar o utilizador.","Ligar fallback coerente do mesmo tipo/local quando aprovado.","Aviso específico e decisão explícita registados em v0.9.7."
"recovery>place_home_equipped>bodyweight>light_stretching>light_stretching","recovery","place_home_equipped","bodyweight","light_stretching","Ainda não há exercícios específicos para este foco. Mostra alternativas relacionadas quando disponíveis.","ADD_FALLBACK","Existe domínio relacionado onde a UI pode orientar o utilizador.","Ligar fallback coerente do mesmo tipo/local quando aprovado.","Aviso específico e decisão explícita registados em v0.9.7."
"recovery>place_home_equipped>floor>light_stretching>light_stretching","recovery","place_home_equipped","floor","light_stretching","Ainda não há exercícios específicos para este foco. Mostra alternativas relacionadas quando disponíveis.","ADD_FALLBACK","Existe domínio relacionado onde a UI pode orientar o utilizador.","Ligar fallback coerente do mesmo tipo/local quando aprovado.","Aviso específico e decisão explícita registados em v0.9.7."
"recovery>place_home_equipped>wall>light_stretching>light_stretching","recovery","place_home_equipped","wall","light_stretching","Ainda não há exercícios específicos para este foco. Mostra alternativas relacionadas quando disponíveis.","ADD_FALLBACK","Existe domínio relacionado onde a UI pode orientar o utilizador.","Ligar fallback coerente do mesmo tipo/local quando aprovado.","Aviso específico e decisão explícita registados em v0.9.7."
"recovery>place_home_equipped>mat>light_stretching>light_stretching","recovery","place_home_equipped","mat","light_stretching","Ainda não há exercícios específicos para este foco. Mostra alternativas relacionadas quando disponíveis.","ADD_FALLBACK","Existe domínio relacionado onde a UI pode orientar o utilizador.","Ligar fallback coerente do mesmo tipo/local quando aprovado.","Aviso específico e decisão explícita registados em v0.9.7."
"recovery>place_gym>bodyweight>light_stretching>light_stretching","recovery","place_gym","bodyweight","light_stretching","Ainda não há exercícios específicos para este foco. Mostra alternativas relacionadas quando disponíveis.","ADD_FALLBACK","Existe domínio relacionado onde a UI pode orientar o utilizador.","Ligar fallback coerente do mesmo tipo/local quando aprovado.","Aviso específico e decisão explícita registados em v0.9.7."
"recovery>place_gym>floor>light_stretching>light_stretching","recovery","place_gym","floor","light_stretching","Ainda não há exercícios específicos para este foco. Mostra alternativas relacionadas quando disponíveis.","ADD_FALLBACK","Existe domínio relacionado onde a UI pode orientar o utilizador.","Ligar fallback coerente do mesmo tipo/local quando aprovado.","Aviso específico e decisão explícita registados em v0.9.7."
"recovery>place_gym>wall>light_stretching>light_stretching","recovery","place_gym","wall","light_stretching","Ainda não há exercícios específicos para este foco. Mostra alternativas relacionadas quando disponíveis.","ADD_FALLBACK","Existe domínio relacionado onde a UI pode orientar o utilizador.","Ligar fallback coerente do mesmo tipo/local quando aprovado.","Aviso específico e decisão explícita registados em v0.9.7."
"recovery>place_gym>mat>light_stretching>light_stretching","recovery","place_gym","mat","light_stretching","Ainda não há exercícios específicos para este foco. Mostra alternativas relacionadas quando disponíveis.","ADD_FALLBACK","Existe domínio relacionado onde a UI pode orientar o utilizador.","Ligar fallback coerente do mesmo tipo/local quando aprovado.","Aviso específico e decisão explícita registados em v0.9.7."
"recovery>place_dojo>bodyweight>light_stretching>light_stretching","recovery","place_dojo","bodyweight","light_stretching","Ainda não há exercícios específicos para este foco. Mostra alternativas relacionadas quando disponíveis.","ADD_FALLBACK","Existe domínio relacionado onde a UI pode orientar o utilizador.","Ligar fallback coerente do mesmo tipo/local quando aprovado.","Aviso específico e decisão explícita registados em v0.9.7."
"recovery>place_dojo>floor>light_stretching>light_stretching","recovery","place_dojo","floor","light_stretching","Ainda não há exercícios específicos para este foco. Mostra alternativas relacionadas quando disponíveis.","ADD_FALLBACK","Existe domínio relacionado onde a UI pode orientar o utilizador.","Ligar fallback coerente do mesmo tipo/local quando aprovado.","Aviso específico e decisão explícita registados em v0.9.7."
"recovery>place_dojo>wall>light_stretching>light_stretching","recovery","place_dojo","wall","light_stretching","Ainda não há exercícios específicos para este foco. Mostra alternativas relacionadas quando disponíveis.","ADD_FALLBACK","Existe domínio relacionado onde a UI pode orientar o utilizador.","Ligar fallback coerente do mesmo tipo/local quando aprovado.","Aviso específico e decisão explícita registados em v0.9.7."
"recovery>place_dojo>mat>light_stretching>light_stretching","recovery","place_dojo","mat","light_stretching","Ainda não há exercícios específicos para este foco. Mostra alternativas relacionadas quando disponíveis.","ADD_FALLBACK","Existe domínio relacionado onde a UI pode orientar o utilizador.","Ligar fallback coerente do mesmo tipo/local quando aprovado.","Aviso específico e decisão explícita registados em v0.9.7."
"recovery>place_tatami>bodyweight>light_stretching>light_stretching","recovery","place_tatami","bodyweight","light_stretching","Ainda não há exercícios específicos para este foco. Mostra alternativas relacionadas quando disponíveis.","ADD_FALLBACK","Existe domínio relacionado onde a UI pode orientar o utilizador.","Ligar fallback coerente do mesmo tipo/local quando aprovado.","Aviso específico e decisão explícita registados em v0.9.7."
"recovery>place_tatami>floor>light_stretching>light_stretching","recovery","place_tatami","floor","light_stretching","Ainda não há exercícios específicos para este foco. Mostra alternativas relacionadas quando disponíveis.","ADD_FALLBACK","Existe domínio relacionado onde a UI pode orientar o utilizador.","Ligar fallback coerente do mesmo tipo/local quando aprovado.","Aviso específico e decisão explícita registados em v0.9.7."
"recovery>place_tatami>wall>light_stretching>light_stretching","recovery","place_tatami","wall","light_stretching","Ainda não há exercícios específicos para este foco. Mostra alternativas relacionadas quando disponíveis.","ADD_FALLBACK","Existe domínio relacionado onde a UI pode orientar o utilizador.","Ligar fallback coerente do mesmo tipo/local quando aprovado.","Aviso específico e decisão explícita registados em v0.9.7."
"recovery>place_tatami>mat>light_stretching>light_stretching","recovery","place_tatami","mat","light_stretching","Ainda não há exercícios específicos para este foco. Mostra alternativas relacionadas quando disponíveis.","ADD_FALLBACK","Existe domínio relacionado onde a UI pode orientar o utilizador.","Ligar fallback coerente do mesmo tipo/local quando aprovado.","Aviso específico e decisão explícita registados em v0.9.7."
"recovery>place_outdoor>bodyweight>light_stretching>light_stretching","recovery","place_outdoor","bodyweight","light_stretching","Ainda não há exercícios específicos para este foco. Mostra alternativas relacionadas quando disponíveis.","ADD_FALLBACK","Existe domínio relacionado onde a UI pode orientar o utilizador.","Ligar fallback coerente do mesmo tipo/local quando aprovado.","Aviso específico e decisão explícita registados em v0.9.7."
"recovery>place_outdoor>floor>light_stretching>light_stretching","recovery","place_outdoor","floor","light_stretching","Ainda não há exercícios específicos para este foco. Mostra alternativas relacionadas quando disponíveis.","ADD_FALLBACK","Existe domínio relacionado onde a UI pode orientar o utilizador.","Ligar fallback coerente do mesmo tipo/local quando aprovado.","Aviso específico e decisão explícita registados em v0.9.7."
"recovery>place_outdoor>wall>light_stretching>light_stretching","recovery","place_outdoor","wall","light_stretching","Ainda não há exercícios específicos para este foco. Mostra alternativas relacionadas quando disponíveis.","ADD_FALLBACK","Existe domínio relacionado onde a UI pode orientar o utilizador.","Ligar fallback coerente do mesmo tipo/local quando aprovado.","Aviso específico e decisão explícita registados em v0.9.7."
"recovery>place_outdoor>mat>light_stretching>light_stretching","recovery","place_outdoor","mat","light_stretching","Ainda não há exercícios específicos para este foco. Mostra alternativas relacionadas quando disponíveis.","ADD_FALLBACK","Existe domínio relacionado onde a UI pode orientar o utilizador.","Ligar fallback coerente do mesmo tipo/local quando aprovado.","Aviso específico e decisão explícita registados em v0.9.7."
"recovery>place_work_travel>bodyweight>light_stretching>light_stretching","recovery","place_work_travel","bodyweight","light_stretching","Ainda não há exercícios específicos para este foco. Mostra alternativas relacionadas quando disponíveis.","ADD_FALLBACK","Existe domínio relacionado onde a UI pode orientar o utilizador.","Ligar fallback coerente do mesmo tipo/local quando aprovado.","Aviso específico e decisão explícita registados em v0.9.7."
"recovery>place_work_travel>floor>light_stretching>light_stretching","recovery","place_work_travel","floor","light_stretching","Ainda não há exercícios específicos para este foco. Mostra alternativas relacionadas quando disponíveis.","ADD_FALLBACK","Existe domínio relacionado onde a UI pode orientar o utilizador.","Ligar fallback coerente do mesmo tipo/local quando aprovado.","Aviso específico e decisão explícita registados em v0.9.7."
"recovery>place_work_travel>wall>light_stretching>light_stretching","recovery","place_work_travel","wall","light_stretching","Ainda não há exercícios específicos para este foco. Mostra alternativas relacionadas quando disponíveis.","ADD_FALLBACK","Existe domínio relacionado onde a UI pode orientar o utilizador.","Ligar fallback coerente do mesmo tipo/local quando aprovado.","Aviso específico e decisão explícita registados em v0.9.7."
"recovery>place_work_travel>mat>light_stretching>light_stretching","recovery","place_work_travel","mat","light_stretching","Ainda não há exercícios específicos para este foco. Mostra alternativas relacionadas quando disponíveis.","ADD_FALLBACK","Existe domínio relacionado onde a UI pode orientar o utilizador.","Ligar fallback coerente do mesmo tipo/local quando aprovado.","Aviso específico e decisão explícita registados em v0.9.7."
"recovery>place_clinic>bodyweight>light_stretching>light_stretching","recovery","place_clinic","bodyweight","light_stretching","Ainda não há exercícios específicos para este foco. Mostra alternativas relacionadas quando disponíveis.","ADD_FALLBACK","Existe domínio relacionado onde a UI pode orientar o utilizador.","Ligar fallback coerente do mesmo tipo/local quando aprovado.","Aviso específico e decisão explícita registados em v0.9.7."
"recovery>place_clinic>floor>light_stretching>light_stretching","recovery","place_clinic","floor","light_stretching","Ainda não há exercícios específicos para este foco. Mostra alternativas relacionadas quando disponíveis.","ADD_FALLBACK","Existe domínio relacionado onde a UI pode orientar o utilizador.","Ligar fallback coerente do mesmo tipo/local quando aprovado.","Aviso específico e decisão explícita registados em v0.9.7."
"recovery>place_clinic>wall>light_stretching>light_stretching","recovery","place_clinic","wall","light_stretching","Ainda não há exercícios específicos para este foco. Mostra alternativas relacionadas quando disponíveis.","ADD_FALLBACK","Existe domínio relacionado onde a UI pode orientar o utilizador.","Ligar fallback coerente do mesmo tipo/local quando aprovado.","Aviso específico e decisão explícita registados em v0.9.7."
"recovery>place_clinic>mat>light_stretching>light_stretching","recovery","place_clinic","mat","light_stretching","Ainda não há exercícios específicos para este foco. Mostra alternativas relacionadas quando disponíveis.","ADD_FALLBACK","Existe domínio relacionado onde a UI pode orientar o utilizador.","Ligar fallback coerente do mesmo tipo/local quando aprovado.","Aviso específico e decisão explícita registados em v0.9.7."
"warmup>place_home_no_equipment>bodyweight","warmup","place_home_no_equipment","bodyweight","","Ainda não há exercícios específicos para este foco. Mostra alternativas relacionadas quando disponíveis.","ADD_FALLBACK","Existe domínio relacionado onde a UI pode orientar o utilizador.","Ligar fallback coerente do mesmo tipo/local quando aprovado.","Aviso específico e decisão explícita registados em v0.9.7."
"warmup>place_home_no_equipment>floor","warmup","place_home_no_equipment","floor","","Ainda não há exercícios específicos para este foco. Mostra alternativas relacionadas quando disponíveis.","ADD_FALLBACK","Existe domínio relacionado onde a UI pode orientar o utilizador.","Ligar fallback coerente do mesmo tipo/local quando aprovado.","Aviso específico e decisão explícita registados em v0.9.7."
"warmup>place_home_no_equipment>wall","warmup","place_home_no_equipment","wall","","Ainda não há exercícios específicos para este foco. Mostra alternativas relacionadas quando disponíveis.","ADD_FALLBACK","Existe domínio relacionado onde a UI pode orientar o utilizador.","Ligar fallback coerente do mesmo tipo/local quando aprovado.","Aviso específico e decisão explícita registados em v0.9.7."
"warmup>place_home_no_equipment>mat","warmup","place_home_no_equipment","mat","","Ainda não há exercícios específicos para este foco. Mostra alternativas relacionadas quando disponíveis.","ADD_FALLBACK","Existe domínio relacionado onde a UI pode orientar o utilizador.","Ligar fallback coerente do mesmo tipo/local quando aprovado.","Aviso específico e decisão explícita registados em v0.9.7."
"warmup>place_home_equipped>bodyweight","warmup","place_home_equipped","bodyweight","","Ainda não há exercícios específicos para este foco. Mostra alternativas relacionadas quando disponíveis.","ADD_FALLBACK","Existe domínio relacionado onde a UI pode orientar o utilizador.","Ligar fallback coerente do mesmo tipo/local quando aprovado.","Aviso específico e decisão explícita registados em v0.9.7."
"warmup>place_home_equipped>floor","warmup","place_home_equipped","floor","","Ainda não há exercícios específicos para este foco. Mostra alternativas relacionadas quando disponíveis.","ADD_FALLBACK","Existe domínio relacionado onde a UI pode orientar o utilizador.","Ligar fallback coerente do mesmo tipo/local quando aprovado.","Aviso específico e decisão explícita registados em v0.9.7."
"warmup>place_home_equipped>wall","warmup","place_home_equipped","wall","","Ainda não há exercícios específicos para este foco. Mostra alternativas relacionadas quando disponíveis.","ADD_FALLBACK","Existe domínio relacionado onde a UI pode orientar o utilizador.","Ligar fallback coerente do mesmo tipo/local quando aprovado.","Aviso específico e decisão explícita registados em v0.9.7."
"warmup>place_home_equipped>mat","warmup","place_home_equipped","mat","","Ainda não há exercícios específicos para este foco. Mostra alternativas relacionadas quando disponíveis.","ADD_FALLBACK","Existe domínio relacionado onde a UI pode orientar o utilizador.","Ligar fallback coerente do mesmo tipo/local quando aprovado.","Aviso específico e decisão explícita registados em v0.9.7."
"warmup>place_gym>bodyweight","warmup","place_gym","bodyweight","","Ainda não há exercícios específicos para este foco. Mostra alternativas relacionadas quando disponíveis.","ADD_FALLBACK","Existe domínio relacionado onde a UI pode orientar o utilizador.","Ligar fallback coerente do mesmo tipo/local quando aprovado.","Aviso específico e decisão explícita registados em v0.9.7."
"warmup>place_gym>floor","warmup","place_gym","floor","","Ainda não há exercícios específicos para este foco. Mostra alternativas relacionadas quando disponíveis.","ADD_FALLBACK","Existe domínio relacionado onde a UI pode orientar o utilizador.","Ligar fallback coerente do mesmo tipo/local quando aprovado.","Aviso específico e decisão explícita registados em v0.9.7."
"warmup>place_gym>wall","warmup","place_gym","wall","","Ainda não há exercícios específicos para este foco. Mostra alternativas relacionadas quando disponíveis.","ADD_FALLBACK","Existe domínio relacionado onde a UI pode orientar o utilizador.","Ligar fallback coerente do mesmo tipo/local quando aprovado.","Aviso específico e decisão explícita registados em v0.9.7."
"warmup>place_gym>mat","warmup","place_gym","mat","","Ainda não há exercícios específicos para este foco. Mostra alternativas relacionadas quando disponíveis.","ADD_FALLBACK","Existe domínio relacionado onde a UI pode orientar o utilizador.","Ligar fallback coerente do mesmo tipo/local quando aprovado.","Aviso específico e decisão explícita registados em v0.9.7."
"warmup>place_dojo>bodyweight","warmup","place_dojo","bodyweight","","Ainda não há exercícios específicos para este foco. Mostra alternativas relacionadas quando disponíveis.","ADD_FALLBACK","Existe domínio relacionado onde a UI pode orientar o utilizador.","Ligar fallback coerente do mesmo tipo/local quando aprovado.","Aviso específico e decisão explícita registados em v0.9.7."
"warmup>place_dojo>floor","warmup","place_dojo","floor","","Ainda não há exercícios específicos para este foco. Mostra alternativas relacionadas quando disponíveis.","ADD_FALLBACK","Existe domínio relacionado onde a UI pode orientar o utilizador.","Ligar fallback coerente do mesmo tipo/local quando aprovado.","Aviso específico e decisão explícita registados em v0.9.7."
"warmup>place_dojo>wall","warmup","place_dojo","wall","","Ainda não há exercícios específicos para este foco. Mostra alternativas relacionadas quando disponíveis.","ADD_FALLBACK","Existe domínio relacionado onde a UI pode orientar o utilizador.","Ligar fallback coerente do mesmo tipo/local quando aprovado.","Aviso específico e decisão explícita registados em v0.9.7."
"warmup>place_dojo>mat","warmup","place_dojo","mat","","Ainda não há exercícios específicos para este foco. Mostra alternativas relacionadas quando disponíveis.","ADD_FALLBACK","Existe domínio relacionado onde a UI pode orientar o utilizador.","Ligar fallback coerente do mesmo tipo/local quando aprovado.","Aviso específico e decisão explícita registados em v0.9.7."
"warmup>place_tatami>bodyweight","warmup","place_tatami","bodyweight","","Ainda não há exercícios específicos para este foco. Mostra alternativas relacionadas quando disponíveis.","ADD_FALLBACK","Existe domínio relacionado onde a UI pode orientar o utilizador.","Ligar fallback coerente do mesmo tipo/local quando aprovado.","Aviso específico e decisão explícita registados em v0.9.7."
"warmup>place_tatami>floor","warmup","place_tatami","floor","","Ainda não há exercícios específicos para este foco. Mostra alternativas relacionadas quando disponíveis.","ADD_FALLBACK","Existe domínio relacionado onde a UI pode orientar o utilizador.","Ligar fallback coerente do mesmo tipo/local quando aprovado.","Aviso específico e decisão explícita registados em v0.9.7."
"warmup>place_tatami>wall","warmup","place_tatami","wall","","Ainda não há exercícios específicos para este foco. Mostra alternativas relacionadas quando disponíveis.","ADD_FALLBACK","Existe domínio relacionado onde a UI pode orientar o utilizador.","Ligar fallback coerente do mesmo tipo/local quando aprovado.","Aviso específico e decisão explícita registados em v0.9.7."
"warmup>place_tatami>mat","warmup","place_tatami","mat","","Ainda não há exercícios específicos para este foco. Mostra alternativas relacionadas quando disponíveis.","ADD_FALLBACK","Existe domínio relacionado onde a UI pode orientar o utilizador.","Ligar fallback coerente do mesmo tipo/local quando aprovado.","Aviso específico e decisão explícita registados em v0.9.7."
"warmup>place_outdoor>bodyweight","warmup","place_outdoor","bodyweight","","Ainda não há exercícios específicos para este foco. Mostra alternativas relacionadas quando disponíveis.","ADD_FALLBACK","Existe domínio relacionado onde a UI pode orientar o utilizador.","Ligar fallback coerente do mesmo tipo/local quando aprovado.","Aviso específico e decisão explícita registados em v0.9.7."
"warmup>place_outdoor>floor","warmup","place_outdoor","floor","","Ainda não há exercícios específicos para este foco. Mostra alternativas relacionadas quando disponíveis.","ADD_FALLBACK","Existe domínio relacionado onde a UI pode orientar o utilizador.","Ligar fallback coerente do mesmo tipo/local quando aprovado.","Aviso específico e decisão explícita registados em v0.9.7."
"warmup>place_outdoor>wall","warmup","place_outdoor","wall","","Ainda não há exercícios específicos para este foco. Mostra alternativas relacionadas quando disponíveis.","ADD_FALLBACK","Existe domínio relacionado onde a UI pode orientar o utilizador.","Ligar fallback coerente do mesmo tipo/local quando aprovado.","Aviso específico e decisão explícita registados em v0.9.7."
"warmup>place_outdoor>mat","warmup","place_outdoor","mat","","Ainda não há exercícios específicos para este foco. Mostra alternativas relacionadas quando disponíveis.","ADD_FALLBACK","Existe domínio relacionado onde a UI pode orientar o utilizador.","Ligar fallback coerente do mesmo tipo/local quando aprovado.","Aviso específico e decisão explícita registados em v0.9.7."
"warmup>place_work_travel>bodyweight","warmup","place_work_travel","bodyweight","","Ainda não há exercícios específicos para este foco. Mostra alternativas relacionadas quando disponíveis.","ADD_FALLBACK","Existe domínio relacionado onde a UI pode orientar o utilizador.","Ligar fallback coerente do mesmo tipo/local quando aprovado.","Aviso específico e decisão explícita registados em v0.9.7."
"warmup>place_work_travel>floor","warmup","place_work_travel","floor","","Ainda não há exercícios específicos para este foco. Mostra alternativas relacionadas quando disponíveis.","ADD_FALLBACK","Existe domínio relacionado onde a UI pode orientar o utilizador.","Ligar fallback coerente do mesmo tipo/local quando aprovado.","Aviso específico e decisão explícita registados em v0.9.7."
"warmup>place_work_travel>wall","warmup","place_work_travel","wall","","Ainda não há exercícios específicos para este foco. Mostra alternativas relacionadas quando disponíveis.","ADD_FALLBACK","Existe domínio relacionado onde a UI pode orientar o utilizador.","Ligar fallback coerente do mesmo tipo/local quando aprovado.","Aviso específico e decisão explícita registados em v0.9.7."
"warmup>place_work_travel>mat","warmup","place_work_travel","mat","","Ainda não há exercícios específicos para este foco. Mostra alternativas relacionadas quando disponíveis.","ADD_FALLBACK","Existe domínio relacionado onde a UI pode orientar o utilizador.","Ligar fallback coerente do mesmo tipo/local quando aprovado.","Aviso específico e decisão explícita registados em v0.9.7."
"warmup>place_clinic>bodyweight","warmup","place_clinic","bodyweight","","Ainda não há exercícios específicos para este foco. Mostra alternativas relacionadas quando disponíveis.","ADD_FALLBACK","Existe domínio relacionado onde a UI pode orientar o utilizador.","Ligar fallback coerente do mesmo tipo/local quando aprovado.","Aviso específico e decisão explícita registados em v0.9.7."
"warmup>place_clinic>floor","warmup","place_clinic","floor","","Ainda não há exercícios específicos para este foco. Mostra alternativas relacionadas quando disponíveis.","ADD_FALLBACK","Existe domínio relacionado onde a UI pode orientar o utilizador.","Ligar fallback coerente do mesmo tipo/local quando aprovado.","Aviso específico e decisão explícita registados em v0.9.7."
"warmup>place_clinic>wall","warmup","place_clinic","wall","","Ainda não há exercícios específicos para este foco. Mostra alternativas relacionadas quando disponíveis.","ADD_FALLBACK","Existe domínio relacionado onde a UI pode orientar o utilizador.","Ligar fallback coerente do mesmo tipo/local quando aprovado.","Aviso específico e decisão explícita registados em v0.9.7."
"warmup>place_clinic>mat","warmup","place_clinic","mat","","Ainda não há exercícios específicos para este foco. Mostra alternativas relacionadas quando disponíveis.","ADD_FALLBACK","Existe domínio relacionado onde a UI pode orientar o utilizador.","Ligar fallback coerente do mesmo tipo/local quando aprovado.","Aviso específico e decisão explícita registados em v0.9.7."
"activation>place_home_no_equipment>bodyweight","activation","place_home_no_equipment","bodyweight","","Ainda não há exercícios específicos para este foco. Mostra alternativas relacionadas quando disponíveis.","ADD_FALLBACK","Existe domínio relacionado onde a UI pode orientar o utilizador.","Ligar fallback coerente do mesmo tipo/local quando aprovado.","Aviso específico e decisão explícita registados em v0.9.7."
"activation>place_home_no_equipment>floor","activation","place_home_no_equipment","floor","","Ainda não há exercícios específicos para este foco. Mostra alternativas relacionadas quando disponíveis.","ADD_FALLBACK","Existe domínio relacionado onde a UI pode orientar o utilizador.","Ligar fallback coerente do mesmo tipo/local quando aprovado.","Aviso específico e decisão explícita registados em v0.9.7."
"activation>place_home_no_equipment>wall","activation","place_home_no_equipment","wall","","Ainda não há exercícios específicos para este foco. Mostra alternativas relacionadas quando disponíveis.","ADD_FALLBACK","Existe domínio relacionado onde a UI pode orientar o utilizador.","Ligar fallback coerente do mesmo tipo/local quando aprovado.","Aviso específico e decisão explícita registados em v0.9.7."
"activation>place_home_no_equipment>mat","activation","place_home_no_equipment","mat","","Ainda não há exercícios específicos para este foco. Mostra alternativas relacionadas quando disponíveis.","ADD_FALLBACK","Existe domínio relacionado onde a UI pode orientar o utilizador.","Ligar fallback coerente do mesmo tipo/local quando aprovado.","Aviso específico e decisão explícita registados em v0.9.7."
"activation>place_home_equipped>bodyweight","activation","place_home_equipped","bodyweight","","Ainda não há exercícios específicos para este foco. Mostra alternativas relacionadas quando disponíveis.","ADD_FALLBACK","Existe domínio relacionado onde a UI pode orientar o utilizador.","Ligar fallback coerente do mesmo tipo/local quando aprovado.","Aviso específico e decisão explícita registados em v0.9.7."
"activation>place_home_equipped>floor","activation","place_home_equipped","floor","","Ainda não há exercícios específicos para este foco. Mostra alternativas relacionadas quando disponíveis.","ADD_FALLBACK","Existe domínio relacionado onde a UI pode orientar o utilizador.","Ligar fallback coerente do mesmo tipo/local quando aprovado.","Aviso específico e decisão explícita registados em v0.9.7."
"activation>place_home_equipped>wall","activation","place_home_equipped","wall","","Ainda não há exercícios específicos para este foco. Mostra alternativas relacionadas quando disponíveis.","ADD_FALLBACK","Existe domínio relacionado onde a UI pode orientar o utilizador.","Ligar fallback coerente do mesmo tipo/local quando aprovado.","Aviso específico e decisão explícita registados em v0.9.7."
"activation>place_home_equipped>mat","activation","place_home_equipped","mat","","Ainda não há exercícios específicos para este foco. Mostra alternativas relacionadas quando disponíveis.","ADD_FALLBACK","Existe domínio relacionado onde a UI pode orientar o utilizador.","Ligar fallback coerente do mesmo tipo/local quando aprovado.","Aviso específico e decisão explícita registados em v0.9.7."
"activation>place_gym>bodyweight","activation","place_gym","bodyweight","","Ainda não há exercícios específicos para este foco. Mostra alternativas relacionadas quando disponíveis.","ADD_FALLBACK","Existe domínio relacionado onde a UI pode orientar o utilizador.","Ligar fallback coerente do mesmo tipo/local quando aprovado.","Aviso específico e decisão explícita registados em v0.9.7."
"activation>place_gym>floor","activation","place_gym","floor","","Ainda não há exercícios específicos para este foco. Mostra alternativas relacionadas quando disponíveis.","ADD_FALLBACK","Existe domínio relacionado onde a UI pode orientar o utilizador.","Ligar fallback coerente do mesmo tipo/local quando aprovado.","Aviso específico e decisão explícita registados em v0.9.7."
"activation>place_gym>wall","activation","place_gym","wall","","Ainda não há exercícios específicos para este foco. Mostra alternativas relacionadas quando disponíveis.","ADD_FALLBACK","Existe domínio relacionado onde a UI pode orientar o utilizador.","Ligar fallback coerente do mesmo tipo/local quando aprovado.","Aviso específico e decisão explícita registados em v0.9.7."
"activation>place_gym>mat","activation","place_gym","mat","","Ainda não há exercícios específicos para este foco. Mostra alternativas relacionadas quando disponíveis.","ADD_FALLBACK","Existe domínio relacionado onde a UI pode orientar o utilizador.","Ligar fallback coerente do mesmo tipo/local quando aprovado.","Aviso específico e decisão explícita registados em v0.9.7."
"activation>place_dojo>bodyweight","activation","place_dojo","bodyweight","","Ainda não há exercícios específicos para este foco. Mostra alternativas relacionadas quando disponíveis.","ADD_FALLBACK","Existe domínio relacionado onde a UI pode orientar o utilizador.","Ligar fallback coerente do mesmo tipo/local quando aprovado.","Aviso específico e decisão explícita registados em v0.9.7."
"activation>place_dojo>floor","activation","place_dojo","floor","","Ainda não há exercícios específicos para este foco. Mostra alternativas relacionadas quando disponíveis.","ADD_FALLBACK","Existe domínio relacionado onde a UI pode orientar o utilizador.","Ligar fallback coerente do mesmo tipo/local quando aprovado.","Aviso específico e decisão explícita registados em v0.9.7."
"activation>place_dojo>wall","activation","place_dojo","wall","","Ainda não há exercícios específicos para este foco. Mostra alternativas relacionadas quando disponíveis.","ADD_FALLBACK","Existe domínio relacionado onde a UI pode orientar o utilizador.","Ligar fallback coerente do mesmo tipo/local quando aprovado.","Aviso específico e decisão explícita registados em v0.9.7."
"activation>place_dojo>mat","activation","place_dojo","mat","","Ainda não há exercícios específicos para este foco. Mostra alternativas relacionadas quando disponíveis.","ADD_FALLBACK","Existe domínio relacionado onde a UI pode orientar o utilizador.","Ligar fallback coerente do mesmo tipo/local quando aprovado.","Aviso específico e decisão explícita registados em v0.9.7."
"activation>place_tatami>bodyweight","activation","place_tatami","bodyweight","","Ainda não há exercícios específicos para este foco. Mostra alternativas relacionadas quando disponíveis.","ADD_FALLBACK","Existe domínio relacionado onde a UI pode orientar o utilizador.","Ligar fallback coerente do mesmo tipo/local quando aprovado.","Aviso específico e decisão explícita registados em v0.9.7."
"activation>place_tatami>floor","activation","place_tatami","floor","","Ainda não há exercícios específicos para este foco. Mostra alternativas relacionadas quando disponíveis.","ADD_FALLBACK","Existe domínio relacionado onde a UI pode orientar o utilizador.","Ligar fallback coerente do mesmo tipo/local quando aprovado.","Aviso específico e decisão explícita registados em v0.9.7."
"activation>place_tatami>wall","activation","place_tatami","wall","","Ainda não há exercícios específicos para este foco. Mostra alternativas relacionadas quando disponíveis.","ADD_FALLBACK","Existe domínio relacionado onde a UI pode orientar o utilizador.","Ligar fallback coerente do mesmo tipo/local quando aprovado.","Aviso específico e decisão explícita registados em v0.9.7."
"activation>place_tatami>mat","activation","place_tatami","mat","","Ainda não há exercícios específicos para este foco. Mostra alternativas relacionadas quando disponíveis.","ADD_FALLBACK","Existe domínio relacionado onde a UI pode orientar o utilizador.","Ligar fallback coerente do mesmo tipo/local quando aprovado.","Aviso específico e decisão explícita registados em v0.9.7."
"activation>place_outdoor>bodyweight","activation","place_outdoor","bodyweight","","Ainda não há exercícios específicos para este foco. Mostra alternativas relacionadas quando disponíveis.","ADD_FALLBACK","Existe domínio relacionado onde a UI pode orientar o utilizador.","Ligar fallback coerente do mesmo tipo/local quando aprovado.","Aviso específico e decisão explícita registados em v0.9.7."
"activation>place_outdoor>floor","activation","place_outdoor","floor","","Ainda não há exercícios específicos para este foco. Mostra alternativas relacionadas quando disponíveis.","ADD_FALLBACK","Existe domínio relacionado onde a UI pode orientar o utilizador.","Ligar fallback coerente do mesmo tipo/local quando aprovado.","Aviso específico e decisão explícita registados em v0.9.7."
"activation>place_outdoor>wall","activation","place_outdoor","wall","","Ainda não há exercícios específicos para este foco. Mostra alternativas relacionadas quando disponíveis.","ADD_FALLBACK","Existe domínio relacionado onde a UI pode orientar o utilizador.","Ligar fallback coerente do mesmo tipo/local quando aprovado.","Aviso específico e decisão explícita registados em v0.9.7."
"activation>place_outdoor>mat","activation","place_outdoor","mat","","Ainda não há exercícios específicos para este foco. Mostra alternativas relacionadas quando disponíveis.","ADD_FALLBACK","Existe domínio relacionado onde a UI pode orientar o utilizador.","Ligar fallback coerente do mesmo tipo/local quando aprovado.","Aviso específico e decisão explícita registados em v0.9.7."
"activation>place_work_travel>bodyweight","activation","place_work_travel","bodyweight","","Ainda não há exercícios específicos para este foco. Mostra alternativas relacionadas quando disponíveis.","ADD_FALLBACK","Existe domínio relacionado onde a UI pode orientar o utilizador.","Ligar fallback coerente do mesmo tipo/local quando aprovado.","Aviso específico e decisão explícita registados em v0.9.7."
"activation>place_work_travel>floor","activation","place_work_travel","floor","","Ainda não há exercícios específicos para este foco. Mostra alternativas relacionadas quando disponíveis.","ADD_FALLBACK","Existe domínio relacionado onde a UI pode orientar o utilizador.","Ligar fallback coerente do mesmo tipo/local quando aprovado.","Aviso específico e decisão explícita registados em v0.9.7."
"activation>place_work_travel>wall","activation","place_work_travel","wall","","Ainda não há exercícios específicos para este foco. Mostra alternativas relacionadas quando disponíveis.","ADD_FALLBACK","Existe domínio relacionado onde a UI pode orientar o utilizador.","Ligar fallback coerente do mesmo tipo/local quando aprovado.","Aviso específico e decisão explícita registados em v0.9.7."
"activation>place_work_travel>mat","activation","place_work_travel","mat","","Ainda não há exercícios específicos para este foco. Mostra alternativas relacionadas quando disponíveis.","ADD_FALLBACK","Existe domínio relacionado onde a UI pode orientar o utilizador.","Ligar fallback coerente do mesmo tipo/local quando aprovado.","Aviso específico e decisão explícita registados em v0.9.7."
"activation>place_clinic>bodyweight","activation","place_clinic","bodyweight","","Ainda não há exercícios específicos para este foco. Mostra alternativas relacionadas quando disponíveis.","ADD_FALLBACK","Existe domínio relacionado onde a UI pode orientar o utilizador.","Ligar fallback coerente do mesmo tipo/local quando aprovado.","Aviso específico e decisão explícita registados em v0.9.7."
"activation>place_clinic>floor","activation","place_clinic","floor","","Ainda não há exercícios específicos para este foco. Mostra alternativas relacionadas quando disponíveis.","ADD_FALLBACK","Existe domínio relacionado onde a UI pode orientar o utilizador.","Ligar fallback coerente do mesmo tipo/local quando aprovado.","Aviso específico e decisão explícita registados em v0.9.7."
"activation>place_clinic>wall","activation","place_clinic","wall","","Ainda não há exercícios específicos para este foco. Mostra alternativas relacionadas quando disponíveis.","ADD_FALLBACK","Existe domínio relacionado onde a UI pode orientar o utilizador.","Ligar fallback coerente do mesmo tipo/local quando aprovado.","Aviso específico e decisão explícita registados em v0.9.7."
"activation>place_clinic>mat","activation","place_clinic","mat","","Ainda não há exercícios específicos para este foco. Mostra alternativas relacionadas quando disponíveis.","ADD_FALLBACK","Existe domínio relacionado onde a UI pode orientar o utilizador.","Ligar fallback coerente do mesmo tipo/local quando aprovado.","Aviso específico e decisão explícita registados em v0.9.7."
"prevention>place_home_no_equipment>bodyweight","prevention","place_home_no_equipment","bodyweight","","Ainda não há exercícios específicos para este foco. Mostra alternativas relacionadas quando disponíveis.","ADD_FALLBACK","Existe domínio relacionado onde a UI pode orientar o utilizador.","Ligar fallback coerente do mesmo tipo/local quando aprovado.","Aviso específico e decisão explícita registados em v0.9.7."
"prevention>place_home_no_equipment>floor","prevention","place_home_no_equipment","floor","","Ainda não há exercícios específicos para este foco. Mostra alternativas relacionadas quando disponíveis.","ADD_FALLBACK","Existe domínio relacionado onde a UI pode orientar o utilizador.","Ligar fallback coerente do mesmo tipo/local quando aprovado.","Aviso específico e decisão explícita registados em v0.9.7."
"prevention>place_home_no_equipment>wall","prevention","place_home_no_equipment","wall","","Ainda não há exercícios específicos para este foco. Mostra alternativas relacionadas quando disponíveis.","ADD_FALLBACK","Existe domínio relacionado onde a UI pode orientar o utilizador.","Ligar fallback coerente do mesmo tipo/local quando aprovado.","Aviso específico e decisão explícita registados em v0.9.7."
"prevention>place_home_no_equipment>mat","prevention","place_home_no_equipment","mat","","Ainda não há exercícios específicos para este foco. Mostra alternativas relacionadas quando disponíveis.","ADD_FALLBACK","Existe domínio relacionado onde a UI pode orientar o utilizador.","Ligar fallback coerente do mesmo tipo/local quando aprovado.","Aviso específico e decisão explícita registados em v0.9.7."
"prevention>place_home_equipped>bodyweight","prevention","place_home_equipped","bodyweight","","Ainda não há exercícios específicos para este foco. Mostra alternativas relacionadas quando disponíveis.","ADD_FALLBACK","Existe domínio relacionado onde a UI pode orientar o utilizador.","Ligar fallback coerente do mesmo tipo/local quando aprovado.","Aviso específico e decisão explícita registados em v0.9.7."
"prevention>place_home_equipped>floor","prevention","place_home_equipped","floor","","Ainda não há exercícios específicos para este foco. Mostra alternativas relacionadas quando disponíveis.","ADD_FALLBACK","Existe domínio relacionado onde a UI pode orientar o utilizador.","Ligar fallback coerente do mesmo tipo/local quando aprovado.","Aviso específico e decisão explícita registados em v0.9.7."
"prevention>place_home_equipped>wall","prevention","place_home_equipped","wall","","Ainda não há exercícios específicos para este foco. Mostra alternativas relacionadas quando disponíveis.","ADD_FALLBACK","Existe domínio relacionado onde a UI pode orientar o utilizador.","Ligar fallback coerente do mesmo tipo/local quando aprovado.","Aviso específico e decisão explícita registados em v0.9.7."
"prevention>place_home_equipped>mat","prevention","place_home_equipped","mat","","Ainda não há exercícios específicos para este foco. Mostra alternativas relacionadas quando disponíveis.","ADD_FALLBACK","Existe domínio relacionado onde a UI pode orientar o utilizador.","Ligar fallback coerente do mesmo tipo/local quando aprovado.","Aviso específico e decisão explícita registados em v0.9.7."
"prevention>place_gym>bodyweight","prevention","place_gym","bodyweight","","Ainda não há exercícios específicos para este foco. Mostra alternativas relacionadas quando disponíveis.","ADD_FALLBACK","Existe domínio relacionado onde a UI pode orientar o utilizador.","Ligar fallback coerente do mesmo tipo/local quando aprovado.","Aviso específico e decisão explícita registados em v0.9.7."
"prevention>place_gym>floor","prevention","place_gym","floor","","Ainda não há exercícios específicos para este foco. Mostra alternativas relacionadas quando disponíveis.","ADD_FALLBACK","Existe domínio relacionado onde a UI pode orientar o utilizador.","Ligar fallback coerente do mesmo tipo/local quando aprovado.","Aviso específico e decisão explícita registados em v0.9.7."
"prevention>place_gym>wall","prevention","place_gym","wall","","Ainda não há exercícios específicos para este foco. Mostra alternativas relacionadas quando disponíveis.","ADD_FALLBACK","Existe domínio relacionado onde a UI pode orientar o utilizador.","Ligar fallback coerente do mesmo tipo/local quando aprovado.","Aviso específico e decisão explícita registados em v0.9.7."
"prevention>place_gym>mat","prevention","place_gym","mat","","Ainda não há exercícios específicos para este foco. Mostra alternativas relacionadas quando disponíveis.","ADD_FALLBACK","Existe domínio relacionado onde a UI pode orientar o utilizador.","Ligar fallback coerente do mesmo tipo/local quando aprovado.","Aviso específico e decisão explícita registados em v0.9.7."
"prevention>place_dojo>bodyweight","prevention","place_dojo","bodyweight","","Ainda não há exercícios específicos para este foco. Mostra alternativas relacionadas quando disponíveis.","ADD_FALLBACK","Existe domínio relacionado onde a UI pode orientar o utilizador.","Ligar fallback coerente do mesmo tipo/local quando aprovado.","Aviso específico e decisão explícita registados em v0.9.7."
"prevention>place_dojo>floor","prevention","place_dojo","floor","","Ainda não há exercícios específicos para este foco. Mostra alternativas relacionadas quando disponíveis.","ADD_FALLBACK","Existe domínio relacionado onde a UI pode orientar o utilizador.","Ligar fallback coerente do mesmo tipo/local quando aprovado.","Aviso específico e decisão explícita registados em v0.9.7."
"prevention>place_dojo>wall","prevention","place_dojo","wall","","Ainda não há exercícios específicos para este foco. Mostra alternativas relacionadas quando disponíveis.","ADD_FALLBACK","Existe domínio relacionado onde a UI pode orientar o utilizador.","Ligar fallback coerente do mesmo tipo/local quando aprovado.","Aviso específico e decisão explícita registados em v0.9.7."
"prevention>place_dojo>mat","prevention","place_dojo","mat","","Ainda não há exercícios específicos para este foco. Mostra alternativas relacionadas quando disponíveis.","ADD_FALLBACK","Existe domínio relacionado onde a UI pode orientar o utilizador.","Ligar fallback coerente do mesmo tipo/local quando aprovado.","Aviso específico e decisão explícita registados em v0.9.7."
"prevention>place_tatami>bodyweight","prevention","place_tatami","bodyweight","","Ainda não há exercícios específicos para este foco. Mostra alternativas relacionadas quando disponíveis.","ADD_FALLBACK","Existe domínio relacionado onde a UI pode orientar o utilizador.","Ligar fallback coerente do mesmo tipo/local quando aprovado.","Aviso específico e decisão explícita registados em v0.9.7."
"prevention>place_tatami>floor","prevention","place_tatami","floor","","Ainda não há exercícios específicos para este foco. Mostra alternativas relacionadas quando disponíveis.","ADD_FALLBACK","Existe domínio relacionado onde a UI pode orientar o utilizador.","Ligar fallback coerente do mesmo tipo/local quando aprovado.","Aviso específico e decisão explícita registados em v0.9.7."
"prevention>place_tatami>wall","prevention","place_tatami","wall","","Ainda não há exercícios específicos para este foco. Mostra alternativas relacionadas quando disponíveis.","ADD_FALLBACK","Existe domínio relacionado onde a UI pode orientar o utilizador.","Ligar fallback coerente do mesmo tipo/local quando aprovado.","Aviso específico e decisão explícita registados em v0.9.7."
"prevention>place_tatami>mat","prevention","place_tatami","mat","","Ainda não há exercícios específicos para este foco. Mostra alternativas relacionadas quando disponíveis.","ADD_FALLBACK","Existe domínio relacionado onde a UI pode orientar o utilizador.","Ligar fallback coerente do mesmo tipo/local quando aprovado.","Aviso específico e decisão explícita registados em v0.9.7."
"prevention>place_outdoor>bodyweight","prevention","place_outdoor","bodyweight","","Ainda não há exercícios específicos para este foco. Mostra alternativas relacionadas quando disponíveis.","ADD_FALLBACK","Existe domínio relacionado onde a UI pode orientar o utilizador.","Ligar fallback coerente do mesmo tipo/local quando aprovado.","Aviso específico e decisão explícita registados em v0.9.7."
"prevention>place_outdoor>floor","prevention","place_outdoor","floor","","Ainda não há exercícios específicos para este foco. Mostra alternativas relacionadas quando disponíveis.","ADD_FALLBACK","Existe domínio relacionado onde a UI pode orientar o utilizador.","Ligar fallback coerente do mesmo tipo/local quando aprovado.","Aviso específico e decisão explícita registados em v0.9.7."
"prevention>place_outdoor>wall","prevention","place_outdoor","wall","","Ainda não há exercícios específicos para este foco. Mostra alternativas relacionadas quando disponíveis.","ADD_FALLBACK","Existe domínio relacionado onde a UI pode orientar o utilizador.","Ligar fallback coerente do mesmo tipo/local quando aprovado.","Aviso específico e decisão explícita registados em v0.9.7."
"prevention>place_outdoor>mat","prevention","place_outdoor","mat","","Ainda não há exercícios específicos para este foco. Mostra alternativas relacionadas quando disponíveis.","ADD_FALLBACK","Existe domínio relacionado onde a UI pode orientar o utilizador.","Ligar fallback coerente do mesmo tipo/local quando aprovado.","Aviso específico e decisão explícita registados em v0.9.7."
"prevention>place_work_travel>bodyweight","prevention","place_work_travel","bodyweight","","Ainda não há exercícios específicos para este foco. Mostra alternativas relacionadas quando disponíveis.","ADD_FALLBACK","Existe domínio relacionado onde a UI pode orientar o utilizador.","Ligar fallback coerente do mesmo tipo/local quando aprovado.","Aviso específico e decisão explícita registados em v0.9.7."
"prevention>place_work_travel>floor","prevention","place_work_travel","floor","","Ainda não há exercícios específicos para este foco. Mostra alternativas relacionadas quando disponíveis.","ADD_FALLBACK","Existe domínio relacionado onde a UI pode orientar o utilizador.","Ligar fallback coerente do mesmo tipo/local quando aprovado.","Aviso específico e decisão explícita registados em v0.9.7."
"prevention>place_work_travel>wall","prevention","place_work_travel","wall","","Ainda não há exercícios específicos para este foco. Mostra alternativas relacionadas quando disponíveis.","ADD_FALLBACK","Existe domínio relacionado onde a UI pode orientar o utilizador.","Ligar fallback coerente do mesmo tipo/local quando aprovado.","Aviso específico e decisão explícita registados em v0.9.7."
"prevention>place_work_travel>mat","prevention","place_work_travel","mat","","Ainda não há exercícios específicos para este foco. Mostra alternativas relacionadas quando disponíveis.","ADD_FALLBACK","Existe domínio relacionado onde a UI pode orientar o utilizador.","Ligar fallback coerente do mesmo tipo/local quando aprovado.","Aviso específico e decisão explícita registados em v0.9.7."
"prevention>place_clinic>bodyweight","prevention","place_clinic","bodyweight","","Ainda não há exercícios específicos para este foco. Mostra alternativas relacionadas quando disponíveis.","ADD_FALLBACK","Existe domínio relacionado onde a UI pode orientar o utilizador.","Ligar fallback coerente do mesmo tipo/local quando aprovado.","Aviso específico e decisão explícita registados em v0.9.7."
"prevention>place_clinic>floor","prevention","place_clinic","floor","","Ainda não há exercícios específicos para este foco. Mostra alternativas relacionadas quando disponíveis.","ADD_FALLBACK","Existe domínio relacionado onde a UI pode orientar o utilizador.","Ligar fallback coerente do mesmo tipo/local quando aprovado.","Aviso específico e decisão explícita registados em v0.9.7."
"prevention>place_clinic>wall","prevention","place_clinic","wall","","Ainda não há exercícios específicos para este foco. Mostra alternativas relacionadas quando disponíveis.","ADD_FALLBACK","Existe domínio relacionado onde a UI pode orientar o utilizador.","Ligar fallback coerente do mesmo tipo/local quando aprovado.","Aviso específico e decisão explícita registados em v0.9.7."
"prevention>place_clinic>mat","prevention","place_clinic","mat","","Ainda não há exercícios específicos para este foco. Mostra alternativas relacionadas quando disponíveis.","ADD_FALLBACK","Existe domínio relacionado onde a UI pode orientar o utilizador.","Ligar fallback coerente do mesmo tipo/local quando aprovado.","Aviso específico e decisão explícita registados em v0.9.7."
