axis,key,label
"training_types","strength","Musculação"
"training_types","cardio","Cardio"
"training_types","martial_arts","Artes marciais"
"training_types","mobility","Mobilidade"
"training_types","elasticity","Elasticidade"
"training_types","recovery","Recuperação"
"training_types","warmup","Aquecimento"
"training_types","activation","Ativação"
"training_types","prevention","Prevenção"
"locations","place_home_no_equipment","Casa sem equipamento"
"locations","place_home_equipped","Casa equipada"
"locations","place_gym","Ginasio"
"locations","place_dojo","Dojo"
"locations","place_tatami","Tatami"
"locations","place_outdoor","Exterior"
"locations","place_work_travel","Trabalho ou viagem"
"locations","place_clinic","Clinica ou fisioterapia"
"equipment","bodyweight","Peso corporal"
"equipment","floor","Chão livre"
"equipment","wall","Parede estável"
"equipment","free_space","Espaço livre"
"equipment","mat","Tapete / colchonete"
"equipment","chair_support","Banco / cadeira / apoio"
"equipment","bench","Banco estável"
"equipment","weighted_backpack","Mochila com peso"
"equipment","water_bottles","Garrafas de água"
"equipment","water_jug","Garrafão de água"
"equipment","stable_step","Degrau / escada estável"
"equipment","sturdy_table","Mesa resistente"
"equipment","broomstick","Cabo de vassoura"
"equipment","towel","Toalha"
"equipment","none","Nenhum equipamento"
"equipment","other","Outro"
"equipment","dumbbells","Halteres"
"equipment","barbell","Barra"
"equipment","plates","Discos"
"equipment","kettlebell","Kettlebell"
"equipment","medicine_ball","Medicine ball"
"equipment","sandbag","Saco de areia"
"equipment","weighted_vest","Colete com peso"
"equipment","ankle_weights","Tornozeleiras com peso"
"equipment","pullup_bar","Barra fixa"
"equipment","parallel_bars","Paralelas"
"equipment","rings","Argolas"
"equipment","trx","TRX / suspensão"
"equipment","bands","Elásticos"
"equipment","mini_bands","Mini bands"
"equipment","ab_wheel","Roda abdominal"
"equipment","jump_rope","Corda de saltar"
"equipment","machine","Máquina multifunções"
"equipment","high_cable","Cabo alto"
"equipment","low_cable","Cabo baixo"
"equipment","adjustable_cable","Polia ajustável"
"equipment","lat_pulldown","Lat pulldown"
"equipment","seated_row_machine","Remo sentado"
"equipment","chest_press_machine","Chest press"
"equipment","shoulder_press_machine","Shoulder press machine"
"equipment","leg_press","Leg press"
"equipment","leg_extension","Extensão de perna"
"equipment","leg_curl","Curl de perna"
"equipment","abductor_machine","Máquina abdutora"
"equipment","adductor_machine","Máquina adutora"
"equipment","smith_machine","Smith machine"
"equipment","squat_rack","Rack / suporte de agachamento"
"equipment","adjustable_bench","Banco regulável"
"equipment","flat_bench","Banco plano"
"equipment","incline_bench","Banco inclinado"
"equipment","decline_bench","Banco declinado"
"equipment","treadmill","Passadeira"
"equipment","bike","Bicicleta"
"equipment","elliptical","Elíptica"
"equipment","rower","Remo ergómetro"
"equipment","stepper","Stepper / escadas"
"equipment","air_bike","Air bike"
"equipment","outdoor_space","Espaço exterior para caminhar/correr"
"equipment","tatami","Tatami / espaço de artes marciais"
"equipment","heavy_bag","Saco de pancada"
"equipment","gloves","Luvas"
"equipment","shin_guards","Caneleiras"
"equipment","pads","Paos / aparadores"
"equipment","gi","Kimono"
"equipment","belt","Cinto / faixa"
"equipment","grappling_dummy","Boneco de grappling"
"equipment","grip_trainer","Grip trainer"
"equipment","foam_roller","Foam roller"
"equipment","massage_ball","Bola de massagem"
"equipment","mobility_band","Elástico de mobilidade"
"equipment","yoga_block","Bloco de yoga"
"equipment","mobility_roller","Rolo de mobilidade"
"equipment","massage_gun","Pistola de massagem"
"surfaces","floor","Chão livre"
"surfaces","mat","Tapete / colchonete"
"surfaces","tatami","Tatami / espaço de artes marciais"
"supports","wall","Parede estável"
"supports","chair_support","Banco / cadeira / apoio"
"supports","bench","Banco estável"
"supports","adjustable_bench","Banco regulável"
"supports","flat_bench","Banco plano"
"supports","incline_bench","Banco inclinado"
"supports","decline_bench","Banco declinado"
"supports","stable_step","Degrau / escada estável"
"supports","sturdy_table","Mesa resistente"
"supports","yoga_block","Bloco de yoga"
"human_contexts","partner","Parceiro"
"body_zones","full_body","Corpo inteiro"
"body_zones","upper","Parte superior"
"body_zones","lower","Parte inferior"
"body_zones","core","Core"
"body_zones","cardio","Cardio"
"body_zones","martial_arts","Artes marciais"
"body_zones","mobility_recovery","Mobilidade e recuperação"
"muscle_groups","neck","Pescoço"
"muscle_groups","traps_scapula","Trapézio / cintura escapular"
"muscle_groups","chest","Peito"
"muscle_groups","back","Costas"
"muscle_groups","shoulders","Ombros"
"muscle_groups","arms","Braços"
"muscle_groups","forearm_hand","Antebraço / punho / mão"
"muscle_groups","hips_glutes","Anca / glúteos"
"muscle_groups","quadriceps","Quadríceps"
"muscle_groups","hamstrings","Posterior de coxa"
"muscle_groups","adductors","Adutores"
"muscle_groups","abductors","Abdutores"
"muscle_groups","calves","Gémeos / sóleo"
"muscle_groups","tibialis","Tibial anterior"
"muscle_groups","feet_ankle","Pés / tornozelo"
"muscle_groups","abdominal","Abdominal"
"muscle_groups","obliques","Oblíquos"
"muscle_groups","transverse_abs","Transverso abdominal"
"muscle_groups","low_back","Lombar"
"muscle_groups","core_stability","Estabilidade do core"
"muscle_groups","anti_rotation","Anti-rotação"
"muscle_groups","anti_extension","Anti-extensão"
"muscle_groups","anti_lateral_flexion","Anti-flexão lateral"
"muscle_groups","cardio_general","Cardio geral"
"muscle_groups","cardio_machine","Máquina de cardio"
"muscle_groups","jump_rope_group","Corda de saltar"
"muscle_groups","outdoor_cardio","Exterior"
"muscle_groups","hiit_group","HIIT"
"muscle_groups","karate","Karate"
"muscle_groups","jiu_jitsu","Jiu-Jitsu"
"muscle_groups","martial_conditioning","Condicionamento para artes marciais"
"muscle_groups","martial_mobility","Mobilidade para artes marciais"
"muscle_groups","grappling_grip","Força de pega para grappling"
"muscle_groups","martial_core","Core para artes marciais"
"muscle_groups","general_mobility","Mobilidade geral"
"muscle_groups","shoulder_mobility","Mobilidade de ombros"
"muscle_groups","hip_mobility","Mobilidade de anca"
"muscle_groups","ankle_mobility","Mobilidade de tornozelo"
"muscle_groups","thoracic_mobility","Mobilidade torácica"
"muscle_groups","stretching","Alongamentos"
"muscle_groups","active_recovery","Recuperação ativa"
"muscle_groups","breathing","Respiração"
"muscle_groups","posture","Postura"
"muscle_groups","custom_workout","Treino personalizado"
"muscles","cervical_stabilizers","cervical stabilizers"
"muscles","anterior_neck","anterior neck"
"muscles","lateral_neck","lateral neck"
"muscles","posterior_neck","posterior neck"
"muscles","upper_traps","upper traps"
"muscles","mid_traps","mid traps"
"muscles","lateral_deltoid","lateral deltoid"
"muscles","lower_traps","lower traps"
"muscles","rhomboids","rhomboids"
"muscles","posterior_deltoid","posterior deltoid"
"muscles","anterior_deltoid","anterior deltoid"
"muscles","deltoid_lateral","deltoid lateral"
"muscles","scapular_stabilizers","scapular stabilizers"
"muscles","teres_minor","teres minor"
"muscles","external_rotators","external rotators"
"muscles","serratus_anterior","serratus anterior"
"muscles","internal_rotators","internal rotators"
"muscles","upper_chest","upper chest"
"muscles","mid_chest","mid chest"
"muscles","lower_chest","lower chest"
"muscles","pectoralis_minor","pectoralis minor"
"muscles","lats","lats"
"muscles","teres_major","teres major"
"muscles","vertical_pulls","vertical pulls"
"muscles","horizontal_rows","horizontal rows"
"muscles","erectors","erectors"
"muscles","quadratus_lumborum","quadratus lumborum"
"muscles","biceps","biceps"
"muscles","brachialis","brachialis"
"muscles","brachioradialis","brachioradialis"
"muscles","triceps_lateral","triceps lateral"
"muscles","triceps_medial","triceps medial"
"muscles","triceps_long","triceps long"
"muscles","forearm_flexors","forearm flexors"
"muscles","wrist","wrist"
"muscles","general_grip","general grip"
"muscles","forearm_extensors","forearm extensors"
"muscles","grip_support","grip support"
"muscles","fingers","fingers"
"muscles","pronators","pronators"
"muscles","supinators","supinators"
"muscles","pinch_grip","pinch grip"
"muscles","anti_lateral_flexion","anti lateral flexion"
"muscles","deep_stability","deep stability"
"muscles","anti_extension","anti extension"
"muscles","transverse_abdominis","transverse abdominis"
"muscles","mid_abs","mid abs"
"muscles","external_obliques","external obliques"
"muscles","internal_obliques","internal obliques"
"muscles","rectus_abdominis","rectus abdominis"
"muscles","upper_abs","upper abs"
"muscles","lower_abs","lower abs"
"muscles","hip_flexors","hip flexors"
"muscles","anti_rotation","anti rotation"
"muscles","glute_max","glute max"
"muscles","rectus_femoris","rectus femoris"
"muscles","vastus_lateralis","vastus lateralis"
"muscles","vastus_medialis","vastus medialis"
"muscles","vastus_intermedius","vastus intermedius"
"muscles","adductors","adductors"
"muscles","glute_med","glute med"
"muscles","biceps_femoris","biceps femoris"
"muscles","semitendinosus","semitendinosus"
"muscles","semimembranosus","semimembranosus"
"muscles","abductors","abductors"
"muscles","glute_min","glute min"
"muscles","calves","calves"
"muscles","ankle","ankle"
"muscles","feet","feet"
"muscles","soleus","soleus"
"muscles","ankle_stability","ankle stability"
"muscles","tibialis_anterior","tibialis anterior"
"muscles","obliques","obliques"
"muscles","quadriceps","quadriceps"
"muscles","hip_external_rotators","hip external rotators"
"muscles","cardiovascular","cardiovascular"
"muscles","treadmill_aerobic","treadmill aerobic"
"muscles","treadmill_intervals","treadmill intervals"
"muscles","treadmill_warmup","treadmill warmup"
"muscles","treadmill_easy","treadmill easy"
"muscles","treadmill_moderate","treadmill moderate"
"muscles","hiit","hiit"
"muscles","karate_technical","karate technical"
"muscles","jiu_jitsu_technical","jiu jitsu technical"
"muscles","mobility","mobility"
"muscles","boxe","boxe"
"muscles","kickboxing","kickboxing"
"muscles","muay_thai","muay thai"
"muscles","judo","judo"
"muscles","taekwondo","taekwondo"
"muscles","defesa_pessoal","defesa pessoal"
"muscles","artes_marciais","artes marciais"
"muscles","elasticidade","elasticidade"
"muscles","recuperacao","recuperacao"
"muscles","aquecimento","aquecimento"
"muscles","ativacao","ativacao"
"muscles","prevencao","prevencao"
"joints","cervical_stabilizers","cervical stabilizers"
"joints","wrist","wrist"
"joints","fingers","fingers"
"joints","hip_flexors","hip flexors"
"joints","ankle","ankle"
"joints","feet","feet"
"joints","hip_external_rotators","hip external rotators"
"modalities","strength","Musculacao"
"modalities","cardio","Cardio"
"modalities","martial_arts","Artes marciais"
"modalities","mobility","Mobilidade"
"modalities","elasticity","Elasticidade"
"modalities","recovery","Recuperacao"
"modalities","warmup","Aquecimento"
"modalities","activation","Ativacao"
"modalities","prevention","Prevencao"
"martial_arts","karate","Karate"
"martial_arts","jiu_jitsu","Jiu-Jitsu"
"martial_arts","martial_conditioning","Condicionamento para artes marciais"
"martial_arts","martial_mobility","Mobilidade para artes marciais"
"technical_focuses","chest_complete","Peito completo"
"technical_focuses","upper_chest","Peito superior"
"technical_focuses","mid_chest","Peito médio"
"technical_focuses","lower_chest","Peito inferior"
"technical_focuses","pectoralis_minor","Peitoral menor"
"technical_focuses","serratus_anterior","Serrátil anterior"
"technical_focuses","back_complete","Costas completas"
"technical_focuses","back_upper","Costas superior"
"technical_focuses","back_mid","Costas média"
"technical_focuses","back_lower","Costas inferior / lombar"
"technical_focuses","back_width","Costas largura"
"technical_focuses","back_thickness","Costas espessura"
"technical_focuses","shoulders_complete","Ombros completos"
"technical_focuses","anterior_deltoid","Deltoide anterior"
"technical_focuses","lateral_deltoid","Deltoide lateral"
"technical_focuses","posterior_deltoid","Deltoide posterior"
"technical_focuses","rotator_cuff","Manguito rotador"
"technical_focuses","external_rotators","Rotadores externos"
"technical_focuses","internal_rotators","Rotadores internos"
"technical_focuses","scapular_stability","Estabilidade escapular"
"technical_focuses","arms_complete","Braços completos"
"technical_focuses","upper_arm","Braço"
"technical_focuses","forearm_hand","Antebraço / punho / mão"
"technical_focuses","biceps_brachii","Bíceps braquial"
"technical_focuses","biceps","Bíceps"
"technical_focuses","brachialis","Braquial"
"technical_focuses","brachioradialis","Braquiorradial"
"technical_focuses","coracobrachialis","Coracobraquial"
"technical_focuses","triceps","Tríceps completo"
"technical_focuses","triceps_long","Tríceps cabeça longa"
"technical_focuses","triceps_lateral","Tríceps cabeça lateral"
"technical_focuses","triceps_medial","Tríceps cabeça medial"
"technical_focuses","forearm_complete","Antebraço completo"
"technical_focuses","forearm_flexors","Flexores do antebraço"
"technical_focuses","forearm_extensors","Extensores do antebraço"
"technical_focuses","pronators","Pronadores"
"technical_focuses","supinators","Supinadores"
"technical_focuses","wrist","Punho"
"technical_focuses","fingers","Dedos"
"technical_focuses","support_grip","Pega de suporte"
"technical_focuses","pinch_grip","Pega de pinça"
"technical_focuses","general_grip","Força de pega geral"
"technical_focuses","traps_complete","Trapézio completo"
"technical_focuses","upper_traps","Trapézio superior"
"technical_focuses","mid_traps","Trapézio médio"
"technical_focuses","lower_traps","Trapézio inferior"
"technical_focuses","neck_complete","Pescoço completo"
"technical_focuses","anterior_neck","Pescoço anterior"
"technical_focuses","posterior_neck","Pescoço posterior"
"technical_focuses","lateral_neck","Pescoço lateral"
"technical_focuses","cervical_stabilizers","Estabilizadores cervicais"
"technical_focuses","core_complete","Core completo"
"technical_focuses","abdominal_zone","Abdominal"
"technical_focuses","lumbar_zone","Lombar"
"technical_focuses","core_stability_zone","Estabilidade do core"
"technical_focuses","abs_complete","Abdominal completo"
"technical_focuses","upper_abs","Abdominal superior"
"technical_focuses","mid_abs","Abdominal médio"
"technical_focuses","lower_abs","Abdominal inferior"
"technical_focuses","lateral_abs","Abdominais laterais / oblíquos"
"technical_focuses","rectus_abdominis","Reto abdominal"
"technical_focuses","external_obliques","Oblíquos externos"
"technical_focuses","internal_obliques","Oblíquos internos"
"technical_focuses","transverse_abdominis","Transverso abdominal"
"technical_focuses","erectors","Eretores da espinha"
"technical_focuses","quadratus_lumborum","Quadrado lombar"
"technical_focuses","anti_rotation","Anti-rotação"
"technical_focuses","anti_extension","Anti-extensão"
"technical_focuses","anti_lateral_flexion","Anti-flexão lateral"
"technical_focuses","deep_stability","Estabilidade profunda"
"technical_focuses","legs_complete","Pernas completas"
"technical_focuses","upper_leg_hip","Acima do joelho / coxa e anca"
"technical_focuses","lower_leg_foot","Abaixo do joelho / perna inferior e pé"
"technical_focuses","thigh_complete","Coxa completa"
"technical_focuses","quadriceps_complete","Quadríceps completo"
"technical_focuses","rectus_femoris","Reto femoral"
"technical_focuses","vastus_lateralis","Vasto lateral"
"technical_focuses","vastus_medialis","Vasto medial"
"technical_focuses","vastus_intermedius","Vasto intermédio"
"technical_focuses","hamstrings_complete","Posterior de coxa completo"
"technical_focuses","biceps_femoris","Bíceps femoral"
"technical_focuses","semitendinosus","Semitendinoso"
"technical_focuses","semimembranosus","Semimembranoso"
"technical_focuses","glutes_complete","Glúteos completo"
"technical_focuses","glute_max","Glúteo máximo"
"technical_focuses","glute_med","Glúteo médio"
"technical_focuses","glute_min","Glúteo mínimo"
"technical_focuses","adductors","Adutores"
"technical_focuses","abductors","Abdutores"
"technical_focuses","hip_flexors","Flexores da anca"
"technical_focuses","hip_external_rotators","Rotadores externos da anca"
"technical_focuses","lower_leg_complete","Perna inferior completa"
"technical_focuses","calves","Gémeos"
"technical_focuses","soleus","Sóleo"
"technical_focuses","tibialis_anterior","Tibial anterior"
"technical_focuses","ankle","Tornozelo"
"technical_focuses","feet","Pés"
"technical_focuses","ankle_stability","Estabilidade do tornozelo"
"technical_focuses","rhomboids","Romboides"
"technical_focuses","scapular_stabilizers","Estabilizadores escapulares"
"technical_focuses","teres_major","Redondo maior"
"technical_focuses","teres_minor","Redondo menor"
"technical_focuses","latissimus_dorsi","Dorsal / latíssimo do dorso"
"technical_focuses","lumbar","Lombar"
"technical_focuses","lumbar_stability","Estabilidade lombar"
"technical_focuses","vertical_pulls","Puxadas verticais"
"technical_focuses","horizontal_rows","Remadas horizontais"
"technical_focuses","no_equipment","Sem equipamento"
"technical_focuses","treadmill","Passadeira"
"technical_focuses","bike","Bicicleta"
"technical_focuses","elliptical","Elíptica"
"technical_focuses","rower","Remo ergómetro"
"technical_focuses","stairs","Stepper / escadas"
"technical_focuses","air_bike","Air bike"
"technical_focuses","jump_rope","Corda de saltar"
"technical_focuses","outdoor_walk","Caminhada exterior"
"technical_focuses","outdoor_run","Corrida exterior"
"technical_focuses","hiit","HIIT"
"technical_focuses","aerobic_endurance","Resistência aeróbia"
"technical_focuses","treadmill_warmup","Aquecimento"
"technical_focuses","treadmill_easy_pace","Ritmo leve"
"technical_focuses","treadmill_moderate_pace","Ritmo moderado"
"technical_focuses","treadmill_intervals","Intervalos / HIIT"
"technical_focuses","karate_complete","Karate completo"
"technical_focuses","kihon","Kihon"
"technical_focuses","kata","Kata"
"technical_focuses","kumite_technical","Kumite técnico"
"technical_focuses","karate_shadow","Sombra de Karate"
"technical_focuses","karate_footwork","Deslocamentos"
"technical_focuses","karate_stances","Bases (dachi)"
"technical_focuses","karate_blocks","Bloqueios"
"technical_focuses","karate_evasions","Esquivas / tai-sabaki"
"technical_focuses","karate_knees","Joelhadas"
"technical_focuses","karate_bag","Trabalho ao saco"
"technical_focuses","karate_guard","Guarda"
"technical_focuses","karate_punches","Socos técnicos"
"technical_focuses","karate_kicks","Pontapés técnicos"
"technical_focuses","karate_mobility","Mobilidade para Karate"
"technical_focuses","karate_conditioning","Condicionamento para Karate"
"technical_focuses","jiu_jitsu_complete","Jiu-Jitsu completo"
"technical_focuses","shrimp","Shrimp / fuga de anca"
"technical_focuses","grappling_bridge","Ponte de grappling"
"technical_focuses","technical_stand_up","Technical stand-up"
"technical_focuses","jiu_jitsu_rolls","Rolamentos"
"technical_focuses","jiu_jitsu_breakfalls","Breakfalls / ukemi"
"technical_focuses","jiu_jitsu_inversions","Inversões"
"technical_focuses","jiu_jitsu_guard","Guarda"
"technical_focuses","guard_passing","Passagem de guarda"
"technical_focuses","jiu_jitsu_grip","Força de pega"
"technical_focuses","jiu_jitsu_core","Core para Jiu-Jitsu"
"technical_focuses","jiu_jitsu_mobility","Mobilidade para Jiu-Jitsu"
"technical_focuses","jiu_jitsu_conditioning","Condicionamento para Jiu-Jitsu"
"technical_focuses","general_mobility","Geral"
"technical_focuses","shoulder_mobility","Ombros"
"technical_focuses","chest_mobility","Peitoral"
"technical_focuses","back_mobility","Dorsal"
"technical_focuses","thoracic_mobility","Coluna torácica"
"technical_focuses","hip_mobility","Anca"
"technical_focuses","hamstring_mobility","Posterior de coxa"
"technical_focuses","glute_mobility","Glúteos"
"technical_focuses","quadriceps_mobility","Quadríceps"
"technical_focuses","ankle_mobility","Tornozelo"
"technical_focuses","calf_mobility","Gémeos"
"technical_focuses","wrist_mobility","Punhos"
"technical_focuses","neck_mobility","Pescoço"
"technical_focuses","easy_walk","Caminhada leve"
"technical_focuses","light_mobility","Mobilidade leve"
"technical_focuses","light_stretching","Alongamentos leves"
"technical_focuses","breathing","Respiração"
"technical_focuses","active_recovery","Recuperação ativa"
"objectives","muscle_gain","Ganhar músculo"
"objectives","strength","Força"
"objectives","endurance","Resistência"
"objectives","cardio","Cardio"
"objectives","mobility","Mobilidade"
"objectives","elasticity","Elasticidade"
"objectives","recovery","Recuperação"
"objectives","martial_arts","Artes marciais"
"objectives","warmup","Aquecimento"
"objectives","activation","Ativação"
"objectives","prevention","Prevenção"
"levels","beginner","Iniciante"
"levels","intermediate","Intermedio"
"levels","advanced","Avancado"
"contexts","pescoco","pescoco"
"contexts","trapezio","trapezio"
"contexts","ombros","ombros"
"contexts","peito","peito"
"contexts","costas","costas"
"contexts","lombar","lombar"
"contexts","biceps","biceps"
"contexts","triceps","triceps"
"contexts","antebraco_pega","antebraco_pega"
"contexts","core","core"
"contexts","pernas","pernas"
"contexts","cardio","cardio"
"contexts","karate","karate"
"contexts","jiu_jitsu","jiu_jitsu"
"contexts","mobilidade","mobilidade"
"contexts","boxe","boxe"
"contexts","kickboxing","kickboxing"
"contexts","muay_thai","muay_thai"
"contexts","judo","judo"
"contexts","taekwondo","taekwondo"
"contexts","defesa_pessoal","defesa_pessoal"
"contexts","artes_marciais","artes_marciais"
"contexts","elasticidade","elasticidade"
"contexts","recuperacao","recuperacao"
"contexts","aquecimento","aquecimento"
"contexts","ativacao","ativacao"
"contexts","prevencao","prevencao"
"visible_filters","chest_complete","Peito completo"
"visible_filters","upper_chest","Peito superior"
"visible_filters","mid_chest","Peito médio"
"visible_filters","lower_chest","Peito inferior"
"visible_filters","pectoralis_minor","Peitoral menor"
"visible_filters","serratus_anterior","Serrátil anterior"
"visible_filters","back_complete","Costas completas"
"visible_filters","back_upper","Costas superior"
"visible_filters","back_mid","Costas média"
"visible_filters","back_lower","Costas inferior / lombar"
"visible_filters","back_width","Costas largura"
"visible_filters","back_thickness","Costas espessura"
"visible_filters","shoulders_complete","Ombros completos"
"visible_filters","anterior_deltoid","Deltoide anterior"
"visible_filters","lateral_deltoid","Deltoide lateral"
"visible_filters","posterior_deltoid","Deltoide posterior"
"visible_filters","rotator_cuff","Manguito rotador"
"visible_filters","external_rotators","Rotadores externos"
"visible_filters","internal_rotators","Rotadores internos"
"visible_filters","scapular_stability","Estabilidade escapular"
"visible_filters","arms_complete","Braços completos"
"visible_filters","upper_arm","Braço"
"visible_filters","forearm_hand","Antebraço / punho / mão"
"visible_filters","biceps_brachii","Bíceps braquial"
"visible_filters","biceps","Bíceps"
"visible_filters","brachialis","Braquial"
"visible_filters","brachioradialis","Braquiorradial"
"visible_filters","coracobrachialis","Coracobraquial"
"visible_filters","triceps","Tríceps completo"
"visible_filters","triceps_long","Tríceps cabeça longa"
"visible_filters","triceps_lateral","Tríceps cabeça lateral"
"visible_filters","triceps_medial","Tríceps cabeça medial"
"visible_filters","forearm_complete","Antebraço completo"
"visible_filters","forearm_flexors","Flexores do antebraço"
"visible_filters","forearm_extensors","Extensores do antebraço"
"visible_filters","pronators","Pronadores"
"visible_filters","supinators","Supinadores"
"visible_filters","wrist","Punho"
"visible_filters","fingers","Dedos"
"visible_filters","support_grip","Pega de suporte"
"visible_filters","pinch_grip","Pega de pinça"
"visible_filters","general_grip","Força de pega geral"
"visible_filters","traps_complete","Trapézio completo"
"visible_filters","upper_traps","Trapézio superior"
"visible_filters","mid_traps","Trapézio médio"
"visible_filters","lower_traps","Trapézio inferior"
"visible_filters","neck_complete","Pescoço completo"
"visible_filters","anterior_neck","Pescoço anterior"
"visible_filters","posterior_neck","Pescoço posterior"
"visible_filters","lateral_neck","Pescoço lateral"
"visible_filters","cervical_stabilizers","Estabilizadores cervicais"
"visible_filters","core_complete","Core completo"
"visible_filters","abdominal_zone","Abdominal"
"visible_filters","lumbar_zone","Lombar"
"visible_filters","core_stability_zone","Estabilidade do core"
"visible_filters","abs_complete","Abdominal completo"
"visible_filters","upper_abs","Abdominal superior"
"visible_filters","mid_abs","Abdominal médio"
"visible_filters","lower_abs","Abdominal inferior"
"visible_filters","lateral_abs","Abdominais laterais / oblíquos"
"visible_filters","rectus_abdominis","Reto abdominal"
"visible_filters","external_obliques","Oblíquos externos"
"visible_filters","internal_obliques","Oblíquos internos"
"visible_filters","transverse_abdominis","Transverso abdominal"
"visible_filters","erectors","Eretores da espinha"
"visible_filters","quadratus_lumborum","Quadrado lombar"
"visible_filters","anti_rotation","Anti-rotação"
"visible_filters","anti_extension","Anti-extensão"
"visible_filters","anti_lateral_flexion","Anti-flexão lateral"
"visible_filters","deep_stability","Estabilidade profunda"
"visible_filters","legs_complete","Pernas completas"
"visible_filters","upper_leg_hip","Acima do joelho / coxa e anca"
"visible_filters","lower_leg_foot","Abaixo do joelho / perna inferior e pé"
"visible_filters","thigh_complete","Coxa completa"
"visible_filters","quadriceps_complete","Quadríceps completo"
"visible_filters","rectus_femoris","Reto femoral"
"visible_filters","vastus_lateralis","Vasto lateral"
"visible_filters","vastus_medialis","Vasto medial"
"visible_filters","vastus_intermedius","Vasto intermédio"
"visible_filters","hamstrings_complete","Posterior de coxa completo"
"visible_filters","biceps_femoris","Bíceps femoral"
"visible_filters","semitendinosus","Semitendinoso"
"visible_filters","semimembranosus","Semimembranoso"
"visible_filters","glutes_complete","Glúteos completo"
"visible_filters","glute_max","Glúteo máximo"
"visible_filters","glute_med","Glúteo médio"
"visible_filters","glute_min","Glúteo mínimo"
"visible_filters","adductors","Adutores"
"visible_filters","abductors","Abdutores"
"visible_filters","hip_flexors","Flexores da anca"
"visible_filters","hip_external_rotators","Rotadores externos da anca"
"visible_filters","lower_leg_complete","Perna inferior completa"
"visible_filters","calves","Gémeos"
"visible_filters","soleus","Sóleo"
"visible_filters","tibialis_anterior","Tibial anterior"
"visible_filters","ankle","Tornozelo"
"visible_filters","feet","Pés"
"visible_filters","ankle_stability","Estabilidade do tornozelo"
"visible_filters","rhomboids","Romboides"
"visible_filters","scapular_stabilizers","Estabilizadores escapulares"
"visible_filters","teres_major","Redondo maior"
"visible_filters","teres_minor","Redondo menor"
"visible_filters","latissimus_dorsi","Dorsal / latíssimo do dorso"
"visible_filters","lumbar","Lombar"
"visible_filters","lumbar_stability","Estabilidade lombar"
"visible_filters","vertical_pulls","Puxadas verticais"
"visible_filters","horizontal_rows","Remadas horizontais"
"visible_filters","no_equipment","Sem equipamento"
"visible_filters","treadmill","Passadeira"
"visible_filters","bike","Bicicleta"
"visible_filters","elliptical","Elíptica"
"visible_filters","rower","Remo ergómetro"
"visible_filters","stairs","Stepper / escadas"
"visible_filters","air_bike","Air bike"
"visible_filters","jump_rope","Corda de saltar"
"visible_filters","outdoor_walk","Caminhada exterior"
"visible_filters","outdoor_run","Corrida exterior"
"visible_filters","hiit","HIIT"
"visible_filters","aerobic_endurance","Resistência aeróbia"
"visible_filters","treadmill_warmup","Aquecimento"
"visible_filters","treadmill_easy_pace","Ritmo leve"
"visible_filters","treadmill_moderate_pace","Ritmo moderado"
"visible_filters","treadmill_intervals","Intervalos / HIIT"
"visible_filters","karate","Karate"
"visible_filters","jiu_jitsu","Jiu-Jitsu"
"visible_filters","martial_conditioning","Condicionamento para artes marciais"
"visible_filters","martial_mobility","Mobilidade para artes marciais"
"visible_filters","karate_complete","Karate completo"
"visible_filters","kihon","Kihon"
"visible_filters","kata","Kata"
"visible_filters","kumite_technical","Kumite técnico"
"visible_filters","karate_shadow","Sombra de Karate"
"visible_filters","karate_footwork","Deslocamentos"
"visible_filters","karate_stances","Bases (dachi)"
"visible_filters","karate_blocks","Bloqueios"
"visible_filters","karate_evasions","Esquivas / tai-sabaki"
"visible_filters","karate_knees","Joelhadas"
"visible_filters","karate_bag","Trabalho ao saco"
"visible_filters","karate_guard","Guarda"
"visible_filters","karate_punches","Socos técnicos"
"visible_filters","karate_kicks","Pontapés técnicos"
"visible_filters","karate_mobility","Mobilidade para Karate"
"visible_filters","karate_conditioning","Condicionamento para Karate"
"visible_filters","jiu_jitsu_complete","Jiu-Jitsu completo"
"visible_filters","shrimp","Shrimp / fuga de anca"
"visible_filters","grappling_bridge","Ponte de grappling"
"visible_filters","technical_stand_up","Technical stand-up"
"visible_filters","jiu_jitsu_rolls","Rolamentos"
"visible_filters","jiu_jitsu_breakfalls","Breakfalls / ukemi"
"visible_filters","jiu_jitsu_inversions","Inversões"
"visible_filters","jiu_jitsu_guard","Guarda"
"visible_filters","guard_passing","Passagem de guarda"
"visible_filters","jiu_jitsu_grip","Força de pega"
"visible_filters","jiu_jitsu_core","Core para Jiu-Jitsu"
"visible_filters","jiu_jitsu_mobility","Mobilidade para Jiu-Jitsu"
"visible_filters","jiu_jitsu_conditioning","Condicionamento para Jiu-Jitsu"
"visible_filters","general_mobility","Geral"
"visible_filters","shoulder_mobility","Ombros"
"visible_filters","chest_mobility","Peitoral"
"visible_filters","back_mobility","Dorsal"
"visible_filters","thoracic_mobility","Coluna torácica"
"visible_filters","hip_mobility","Anca"
"visible_filters","hamstring_mobility","Posterior de coxa"
"visible_filters","glute_mobility","Glúteos"
"visible_filters","quadriceps_mobility","Quadríceps"
"visible_filters","ankle_mobility","Tornozelo"
"visible_filters","calf_mobility","Gémeos"
"visible_filters","wrist_mobility","Punhos"
"visible_filters","neck_mobility","Pescoço"
"visible_filters","easy_walk","Caminhada leve"
"visible_filters","light_mobility","Mobilidade leve"
"visible_filters","light_stretching","Alongamentos leves"
"visible_filters","breathing","Respiração"
"visible_filters","active_recovery","Recuperação ativa"
"internal_filters","full_body","Corpo inteiro"
"internal_filters","upper","Parte superior"
"internal_filters","lower","Parte inferior"
"internal_filters","core","core"
"internal_filters","cardio","cardio"
"internal_filters","martial_arts","Artes marciais"
"internal_filters","mobility_recovery","Mobilidade e recuperação"
"internal_filters","neck","Pescoço"
"internal_filters","traps_scapula","Trapézio / cintura escapular"
"internal_filters","chest","Peito"
"internal_filters","back","Costas"
"internal_filters","shoulders","Ombros"
"internal_filters","arms","Braços"
"internal_filters","forearm_hand","Antebraço / punho / mão"
"internal_filters","hips_glutes","Anca / glúteos"
"internal_filters","quadriceps","quadriceps"
"internal_filters","hamstrings","Posterior de coxa"
"internal_filters","adductors","adductors"
"internal_filters","abductors","abductors"
"internal_filters","calves","calves"
"internal_filters","tibialis","Tibial anterior"
"internal_filters","feet_ankle","Pés / tornozelo"
"internal_filters","abdominal","Abdominal"
"internal_filters","obliques","obliques"
"internal_filters","transverse_abs","Transverso abdominal"
"internal_filters","low_back","Lombar"
"internal_filters","core_stability","Estabilidade do core"
"internal_filters","anti_rotation","anti rotation"
"internal_filters","anti_extension","anti extension"
"internal_filters","anti_lateral_flexion","anti lateral flexion"
"internal_filters","cardio_general","Cardio geral"
"internal_filters","cardio_machine","Máquina de cardio"
"internal_filters","jump_rope_group","Corda de saltar"
"internal_filters","outdoor_cardio","Exterior"
"internal_filters","hiit_group","HIIT"
"internal_filters","karate","karate"
"internal_filters","jiu_jitsu","jiu_jitsu"
"internal_filters","martial_conditioning","Condicionamento para artes marciais"
"internal_filters","martial_mobility","Mobilidade para artes marciais"
"internal_filters","grappling_grip","Força de pega para grappling"
"internal_filters","martial_core","Core para artes marciais"
"internal_filters","general_mobility","Mobilidade geral"
"internal_filters","shoulder_mobility","Mobilidade de ombros"
"internal_filters","hip_mobility","Mobilidade de anca"
"internal_filters","ankle_mobility","Mobilidade de tornozelo"
"internal_filters","thoracic_mobility","Mobilidade torácica"
"internal_filters","stretching","Alongamentos"
"internal_filters","active_recovery","Recuperação ativa"
"internal_filters","breathing","Respiração"
"internal_filters","posture","Postura"
"internal_filters","custom_workout","Treino personalizado"
"internal_filters","cervical_stabilizers","cervical stabilizers"
"internal_filters","anterior_neck","anterior neck"
"internal_filters","lateral_neck","lateral neck"
"internal_filters","posterior_neck","posterior neck"
"internal_filters","upper_traps","upper traps"
"internal_filters","mid_traps","mid traps"
"internal_filters","lateral_deltoid","lateral deltoid"
"internal_filters","lower_traps","lower traps"
"internal_filters","rhomboids","rhomboids"
"internal_filters","posterior_deltoid","posterior deltoid"
"internal_filters","anterior_deltoid","anterior deltoid"
"internal_filters","deltoid_lateral","deltoid lateral"
"internal_filters","scapular_stabilizers","scapular stabilizers"
"internal_filters","teres_minor","teres minor"
"internal_filters","external_rotators","external rotators"
"internal_filters","serratus_anterior","serratus anterior"
"internal_filters","internal_rotators","internal rotators"
"internal_filters","upper_chest","upper chest"
"internal_filters","mid_chest","mid chest"
"internal_filters","lower_chest","lower chest"
"internal_filters","pectoralis_minor","pectoralis minor"
"internal_filters","lats","lats"
"internal_filters","teres_major","teres major"
"internal_filters","vertical_pulls","vertical pulls"
"internal_filters","horizontal_rows","horizontal rows"
"internal_filters","erectors","erectors"
"internal_filters","quadratus_lumborum","quadratus lumborum"
"internal_filters","biceps","biceps"
"internal_filters","brachialis","brachialis"
"internal_filters","brachioradialis","brachioradialis"
"internal_filters","triceps_lateral","triceps lateral"
"internal_filters","triceps_medial","triceps medial"
"internal_filters","triceps_long","triceps long"
"internal_filters","forearm_flexors","forearm flexors"
"internal_filters","wrist","wrist"
"internal_filters","general_grip","general grip"
"internal_filters","forearm_extensors","forearm extensors"
"internal_filters","grip_support","grip support"
"internal_filters","fingers","fingers"
"internal_filters","pronators","pronators"
"internal_filters","supinators","supinators"
"internal_filters","pinch_grip","pinch grip"
"internal_filters","deep_stability","deep stability"
"internal_filters","transverse_abdominis","transverse abdominis"
"internal_filters","mid_abs","mid abs"
"internal_filters","external_obliques","external obliques"
"internal_filters","internal_obliques","internal obliques"
"internal_filters","rectus_abdominis","rectus abdominis"
"internal_filters","upper_abs","upper abs"
"internal_filters","lower_abs","lower abs"
"internal_filters","hip_flexors","hip flexors"
"internal_filters","glute_max","glute max"
"internal_filters","rectus_femoris","rectus femoris"
"internal_filters","vastus_lateralis","vastus lateralis"
"internal_filters","vastus_medialis","vastus medialis"
"internal_filters","vastus_intermedius","vastus intermedius"
"internal_filters","glute_med","glute med"
"internal_filters","biceps_femoris","biceps femoris"
"internal_filters","semitendinosus","semitendinosus"
"internal_filters","semimembranosus","semimembranosus"
"internal_filters","glute_min","glute min"
"internal_filters","ankle","ankle"
"internal_filters","feet","feet"
"internal_filters","soleus","soleus"
"internal_filters","ankle_stability","ankle stability"
"internal_filters","tibialis_anterior","tibialis anterior"
"internal_filters","hip_external_rotators","hip external rotators"
"internal_filters","cardiovascular","cardiovascular"
"internal_filters","treadmill_aerobic","treadmill aerobic"
"internal_filters","treadmill_intervals","treadmill intervals"
"internal_filters","treadmill_warmup","treadmill warmup"
"internal_filters","treadmill_easy","treadmill easy"
"internal_filters","treadmill_moderate","treadmill moderate"
"internal_filters","hiit","hiit"
"internal_filters","karate_technical","karate technical"
"internal_filters","jiu_jitsu_technical","jiu jitsu technical"
"internal_filters","mobility","mobility"
"internal_filters","boxe","boxe"
"internal_filters","kickboxing","kickboxing"
"internal_filters","muay_thai","muay_thai"
"internal_filters","judo","judo"
"internal_filters","taekwondo","taekwondo"
"internal_filters","defesa_pessoal","defesa_pessoal"
"internal_filters","artes_marciais","artes_marciais"
"internal_filters","elasticidade","elasticidade"
"internal_filters","recuperacao","recuperacao"
"internal_filters","aquecimento","aquecimento"
"internal_filters","ativacao","ativacao"
"internal_filters","prevencao","prevencao"
"internal_filters","bodyweight","Peso corporal"
"internal_filters","floor","Chão livre"
"internal_filters","wall","Parede estável"
"internal_filters","free_space","Espaço livre"
"internal_filters","mat","Tapete / colchonete"
"internal_filters","chair_support","Banco / cadeira / apoio"
"internal_filters","bench","Banco estável"
"internal_filters","weighted_backpack","Mochila com peso"
"internal_filters","water_bottles","Garrafas de água"
"internal_filters","water_jug","Garrafão de água"
"internal_filters","stable_step","Degrau / escada estável"
"internal_filters","sturdy_table","Mesa resistente"
"internal_filters","broomstick","Cabo de vassoura"
"internal_filters","towel","Toalha"
"internal_filters","none","Nenhum equipamento"
"internal_filters","other","Outro"
"internal_filters","dumbbells","Halteres"
"internal_filters","barbell","Barra"
"internal_filters","plates","Discos"
"internal_filters","kettlebell","Kettlebell"
"internal_filters","medicine_ball","Medicine ball"
"internal_filters","sandbag","Saco de areia"
"internal_filters","weighted_vest","Colete com peso"
"internal_filters","ankle_weights","Tornozeleiras com peso"
"internal_filters","pullup_bar","Barra fixa"
"internal_filters","parallel_bars","Paralelas"
"internal_filters","rings","Argolas"
"internal_filters","trx","TRX / suspensão"
"internal_filters","bands","Elásticos"
"internal_filters","mini_bands","Mini bands"
"internal_filters","ab_wheel","Roda abdominal"
"internal_filters","jump_rope","Corda de saltar"
"internal_filters","machine","Máquina multifunções"
"internal_filters","high_cable","Cabo alto"
"internal_filters","low_cable","Cabo baixo"
"internal_filters","adjustable_cable","Polia ajustável"
"internal_filters","lat_pulldown","Lat pulldown"
"internal_filters","seated_row_machine","Remo sentado"
"internal_filters","chest_press_machine","Chest press"
"internal_filters","shoulder_press_machine","Shoulder press machine"
"internal_filters","leg_press","Leg press"
"internal_filters","leg_extension","Extensão de perna"
"internal_filters","leg_curl","Curl de perna"
"internal_filters","abductor_machine","Máquina abdutora"
"internal_filters","adductor_machine","Máquina adutora"
"internal_filters","smith_machine","Smith machine"
"internal_filters","squat_rack","Rack / suporte de agachamento"
"internal_filters","adjustable_bench","Banco regulável"
"internal_filters","flat_bench","Banco plano"
"internal_filters","incline_bench","Banco inclinado"
"internal_filters","decline_bench","Banco declinado"
"internal_filters","treadmill","Passadeira"
"internal_filters","bike","Bicicleta"
"internal_filters","elliptical","Elíptica"
"internal_filters","rower","Remo ergómetro"
"internal_filters","stepper","Stepper / escadas"
"internal_filters","air_bike","Air bike"
"internal_filters","outdoor_space","Espaço exterior para caminhar/correr"
"internal_filters","tatami","Tatami / espaço de artes marciais"
"internal_filters","heavy_bag","Saco de pancada"
"internal_filters","gloves","Luvas"
"internal_filters","shin_guards","Caneleiras"
"internal_filters","pads","Paos / aparadores"
"internal_filters","gi","Kimono"
"internal_filters","belt","Cinto / faixa"
"internal_filters","grappling_dummy","Boneco de grappling"
"internal_filters","grip_trainer","Grip trainer"
"internal_filters","foam_roller","Foam roller"
"internal_filters","massage_ball","Bola de massagem"
"internal_filters","mobility_band","Elástico de mobilidade"
"internal_filters","yoga_block","Bloco de yoga"
"internal_filters","mobility_roller","Rolo de mobilidade"
"internal_filters","massage_gun","Pistola de massagem"
"internal_filters","pescoco","pescoco"
"internal_filters","trapezio","trapezio"
"internal_filters","ombros","ombros"
"internal_filters","peito","peito"
"internal_filters","costas","costas"
"internal_filters","lombar","lombar"
"internal_filters","triceps","triceps"
"internal_filters","antebraco_pega","antebraco_pega"
"internal_filters","pernas","pernas"
"internal_filters","mobilidade","mobilidade"
"exercises","isometria_cervical_frontal_leve__pescoco","Isometria cervical frontal leve"
"exercises","isometria_cervical_lateral_leve__pescoco","Isometria cervical lateral leve"
"exercises","chin_tuck__pescoco","Chin tuck"
"exercises","rotacao_cervical_controlada__pescoco","Rotação cervical controlada"
"exercises","isometria_cervical_posterior_leve__pescoco","Isometria cervical posterior leve"
"exercises","encolhimento_de_ombros_com_halteres__trapezio","Encolhimento de ombros com halteres"
"exercises","encolhimento_de_ombros_com_barra__trapezio","Encolhimento de ombros com barra"
"exercises","encolhimento_de_ombros_na_maquina__trapezio","Encolhimento de ombros na máquina"
"exercises","remo_alto_leve__trapezio","Remo alto leve"
"exercises","face_pull_no_cabo__trapezio","Face pull no cabo"
"exercises","press_militar_com_barra_em_pe__ombros","Press militar com barra em pé"
"exercises","press_militar_com_halteres__ombros","Press militar com halteres"
"exercises","press_militar_com_barra__ombros","Press militar com barra"
"exercises","arnold_press__ombros","Arnold press"
"exercises","elevacao_lateral__ombros","Elevação lateral"
"exercises","elevacao_frontal__ombros","Elevação frontal"
"exercises","elevacao_posterior__ombros","Elevação posterior"
"exercises","reverse_fly__ombros","Reverse fly"
"exercises","face_pull_no_cabo__ombros","Face pull no cabo"
"exercises","face_pull_com_elastico__ombros","Face pull com elástico"
"exercises","pull_apart__ombros","Pull-apart"
"exercises","mobilidade_de_ombro_com_elastico__ombros","Mobilidade de ombro com elástico"
"exercises","wall_slides__ombros","Wall slides"
"exercises","rotacao_externa__ombros","Rotação externa"
"exercises","rotacao_externa_com_elastico__ombros","Rotação externa com elástico"
"exercises","rotacao_interna__ombros","Rotação interna"
"exercises","rotacao_interna_com_elastico__ombros","Rotação interna com elástico"
"exercises","y_raise__ombros","Y raise"
"exercises","w_raise__ombros","W raise"
"exercises","scapular_push_up__ombros","Scapular push-up"
"exercises","pike_push_up__ombros","Pike push-up"
"exercises","elevacao_no_plano_da_omoplata__ombros","Elevação no plano da omoplata"
"exercises","flexao_classica__peito","Flexão clássica"
"exercises","flexao_com_joelhos_apoiados__peito","Flexão com joelhos apoiados"
"exercises","flexao_inclinada__peito","Flexão inclinada"
"exercises","flexao_declinada__peito","Flexão declinada"
"exercises","flexao_aberta__peito","Flexão aberta"
"exercises","flexao_arqueiro__peito","Flexão arqueiro"
"exercises","supino_com_barra__peito","Supino com barra"
"exercises","supino_com_halteres__peito","Supino com halteres"
"exercises","supino_inclinado_com_halteres__peito","Supino inclinado com halteres"
"exercises","supino_inclinado_com_barra__peito","Supino inclinado com barra"
"exercises","supino_declinado_com_halteres__peito","Supino declinado com halteres"
"exercises","supino_declinado_com_barra__peito","Supino declinado com barra"
"exercises","supino_declinado_na_maquina__peito","Supino declinado na máquina"
"exercises","aberturas_com_halteres__peito","Aberturas com halteres"
"exercises","aberturas_inclinadas_com_halteres__peito","Aberturas inclinadas com halteres"
"exercises","aberturas_inclinadas_no_cabo__peito","Aberturas inclinadas no cabo"
"exercises","aberturas_inclinadas_com_elastico__peito","Aberturas inclinadas com elástico"
"exercises","squeeze_press__peito","Squeeze press"
"exercises","chest_press__peito","Chest press"
"exercises","dips_para_peito_em_paralelas__peito","Dips para peito em paralelas"
"exercises","dips_assistidos_para_peito_na_maquina__peito","Dips assistidos para peito na máquina"
"exercises","crossover_no_cabo__peito","Crossover no cabo"
"exercises","pullover_com_halter__peito","Pullover com halter"
"exercises","puxada_alta__costas","Puxada alta"
"exercises","puxada_alta_pega_aberta__costas","Puxada alta pega aberta"
"exercises","puxada_alta_pega_neutra__costas","Puxada alta pega neutra"
"exercises","puxada_alta_pega_fechada__costas","Puxada alta pega fechada"
"exercises","remo_baixo_no_cabo__costas","Remo baixo no cabo"
"exercises","remo_sentado__costas","Remo sentado"
"exercises","remo_unilateral_com_halter__costas","Remo unilateral com halter"
"exercises","remo_com_barra__costas","Remo com barra"
"exercises","remo_invertido__costas","Remo invertido"
"exercises","remo_invertido_em_mesa_resistente__costas","Remo invertido em mesa resistente"
"exercises","pull_up__costas","Pull-up"
"exercises","scapular_pull_up__costas","Scapular pull-up"
"exercises","dead_hang_escapular__costas","Dead hang escapular"
"exercises","face_pull_no_cabo__costas","Face pull no cabo"
"exercises","pullover_no_cabo__costas","Pullover no cabo"
"exercises","pullover_com_halter__costas","Pullover com halter"
"exercises","good_morning_sem_carga__costas","Good morning sem carga"
"exercises","puxada_com_bracos_esticados__costas","Puxada com braços esticados"
"exercises","remo_com_elastico__costas","Remo com elástico"
"exercises","hiperextensao_lombar__lombar","Hiperextensão lombar"
"exercises","hiperextensao_no_chao__lombar","Hiperextensão no chão"
"exercises","hiperextensao_no_banco_romano__lombar","Hiperextensão no banco romano"
"exercises","superman_isometrico__lombar","Superman isométrico"
"exercises","extensao_lombar_quadrupede__lombar","Extensão lombar quadrupede"
"exercises","good_morning_com_barra__lombar","Good morning com barra"
"exercises","good_morning_leve_isometrico__lombar","Good morning leve isométrico"
"exercises","extensao_lombar_com_elastico__lombar","Extensão lombar com elástico"
"exercises","curl_com_barra__biceps","Curl com barra"
"exercises","curl_com_halteres__biceps","Curl com halteres"
"exercises","curl_alternado__biceps","Curl alternado"
"exercises","curl_martelo__biceps","Curl martelo"
"exercises","curl_concentrado__biceps","Curl concentrado"
"exercises","curl_inclinado_com_halteres__biceps","Curl inclinado com halteres"
"exercises","curl_inverso__biceps","Curl inverso"
"exercises","curl_inverso_com_halteres__biceps","Curl inverso com halteres"
"exercises","curl_zottman__biceps","Curl Zottman"
"exercises","curl_cruzado_no_corpo__biceps","Curl cruzado no corpo"
"exercises","curl_spider__biceps","Curl spider"
"exercises","curl_no_cabo__biceps","Curl no cabo"
"exercises","curl_com_elastico__biceps","Curl com elástico"
"exercises","curl_21_com_halteres__biceps","Curl 21 com halteres"
"exercises","curl_arrastado_com_halteres__biceps","Curl arrastado com halteres"
"exercises","curl_isometrico__biceps","Curl isométrico"
"exercises","chin_up__biceps","Chin-up"
"exercises","extensao_de_triceps_no_cabo__triceps","Extensão de tríceps no cabo"
"exercises","extensao_acima_da_cabeca_com_halter__triceps","Extensão acima da cabeça com halter"
"exercises","triceps_testa_com_barra_ez__triceps","Tríceps testa com barra EZ"
"exercises","triceps_testa_com_halteres__triceps","Tríceps testa com halteres"
"exercises","extensao_de_triceps_deitado_com_halteres__triceps","Extensão de tríceps deitado com halteres"
"exercises","supino_fechado__triceps","Supino fechado"
"exercises","press_fechado_com_halteres__triceps","Press fechado com halteres"
"exercises","tate_press__triceps","Tate press"
"exercises","fundos_entre_apoios__triceps","Fundos entre apoios"
"exercises","flexao_fechada__triceps","Flexão fechada"
"exercises","flexao_diamante__triceps","Flexão diamante"
"exercises","kickback_de_triceps__triceps","Kickback de tríceps"
"exercises","kickback_no_cabo__triceps","Kickback no cabo"
"exercises","extensao_unilateral_de_triceps__triceps","Extensão unilateral de tríceps"
"exercises","extensao_francesa_com_halter__triceps","Extensão francesa com halter"
"exercises","extensao_francesa_com_barra_ez__triceps","Extensão francesa com barra EZ"
"exercises","extensao_francesa_no_cabo__triceps","Extensão francesa no cabo"
"exercises","dips_para_triceps__triceps","Dips para tríceps"
"exercises","triceps_no_cabo_com_corda__triceps","Tríceps no cabo com corda"
"exercises","triceps_com_elastico__triceps","Tríceps com elástico"
"exercises","wrist_curl__antebraco_pega","Wrist curl"
"exercises","reverse_wrist_curl__antebraco_pega","Reverse wrist curl"
"exercises","farmer_walk__antebraco_pega","Farmer walk"
"exercises","farmer_hold__antebraco_pega","Farmer hold"
"exercises","dead_hang__antebraco_pega","Dead hang"
"exercises","aperto_isometrico__antebraco_pega","Aperto isométrico"
"exercises","curl_inverso__antebraco_pega","Curl inverso"
"exercises","pronacao_com_halter__antebraco_pega","Pronação com halter"
"exercises","supinacao_com_halter__antebraco_pega","Supinação com halter"
"exercises","pinch_grip__antebraco_pega","Pinch grip"
"exercises","plate_hold__antebraco_pega","Plate hold"
"exercises","towel_grip_hold__antebraco_pega","Towel grip hold"
"exercises","finger_curls__antebraco_pega","Finger curls"
"exercises","extensao_de_dedos_com_elastico__antebraco_pega","Extensão de dedos com elástico"
"exercises","desvio_radial_com_halter__antebraco_pega","Desvio radial com halter"
"exercises","desvio_ulnar_com_halter__antebraco_pega","Desvio ulnar com halter"
"exercises","suitcase_carry__antebraco_pega","Suitcase carry"
"exercises","hold_estatico_com_halteres__antebraco_pega","Hold estático com halteres"
"exercises","rotacao_controlada_com_halter_leve__antebraco_pega","Rotação controlada com halter leve"
"exercises","prancha__core","Prancha"
"exercises","prancha_lateral__core","Prancha lateral"
"exercises","crunch__core","Crunch"
"exercises","reverse_crunch__core","Reverse crunch"
"exercises","elevacao_de_pernas__core","Elevação de pernas"
"exercises","elevacao_de_joelhos_suspenso__core","Elevação de joelhos suspenso"
"exercises","dead_bug__core","Dead bug"
"exercises","hollow_hold__core","Hollow hold"
"exercises","mountain_climbers__core","Mountain climbers"
"exercises","pallof_press_no_cabo__core","Pallof press no cabo"
"exercises","pallof_press_com_elastico__core","Pallof press com elástico"
"exercises","russian_twist__core","Russian twist"
"exercises","bicycle_crunch__core","Bicycle crunch"
"exercises","bird_dog__core","Bird dog"
"exercises","side_bend__core","Side bend"
"exercises","vacuum_abdominal__core","Vacuum abdominal"
"exercises","flutter_kicks__core","Flutter kicks"
"exercises","toe_touches__core","Toe touches"
"exercises","superman__core","Superman"
"exercises","lenhador_no_cabo__core","Lenhador no cabo"
"exercises","prancha_com_toque_no_ombro__core","Prancha com toque no ombro"
"exercises","agachamento_com_peso_corporal__pernas","Agachamento com peso corporal"
"exercises","agachamento_para_cadeira__pernas","Agachamento para cadeira"
"exercises","agachamento_goblet__pernas","Agachamento goblet"
"exercises","agachamento_com_halteres_ao_lado__pernas","Agachamento com halteres ao lado"
"exercises","agachamento_com_barra__pernas","Agachamento com barra"
"exercises","agachamento_com_mochila__pernas","Agachamento com mochila"
"exercises","agachamento_com_garrafao__pernas","Agachamento com garrafão"
"exercises","agachamento_sumo__pernas","Agachamento sumo"
"exercises","agachamento_na_maquina_smith__pernas","Agachamento na máquina Smith"
"exercises","agachamento_bulgaro__pernas","Agachamento búlgaro"
"exercises","agachamento_bulgaro_com_apoio__pernas","Agachamento búlgaro com apoio"
"exercises","extensao_de_perna__pernas","Extensão de perna"
"exercises","leg_press__pernas","Leg press"
"exercises","step_up__pernas","Step-up"
"exercises","wall_sit__pernas","Wall sit"
"exercises","lunges__pernas","Lunges"
"exercises","lunges_com_halteres__pernas","Lunges com halteres"
"exercises","lunges_com_mochila__pernas","Lunges com mochila"
"exercises","walking_lunges__pernas","Walking lunges"
"exercises","peso_morto_tradicional__pernas","Peso morto tradicional"
"exercises","peso_morto_romeno_com_halteres__pernas","Peso morto romeno com halteres"
"exercises","curl_de_perna__pernas","Curl de perna"
"exercises","good_morning_leve__pernas","Good morning leve"
"exercises","good_morning_sem_carga__pernas","Good morning sem carga"
"exercises","ponte_de_gluteo__pernas","Ponte de glúteo"
"exercises","hip_thrust__pernas","Hip thrust"
"exercises","hip_thrust_com_apoio__pernas","Hip thrust com apoio"
"exercises","abducao_de_anca__pernas","Abdução de anca"
"exercises","aducao_de_anca__pernas","Adução de anca"
"exercises","kickback_de_gluteo__pernas","Kickback de glúteo"
"exercises","gemeos_em_pe__pernas","Gémeos em pé"
"exercises","gemeos_sentado__pernas","Gémeos sentado"
"exercises","elevacao_de_gemeos_unilateral__pernas","Elevação de gémeos unilateral"
"exercises","soleo_sentado__pernas","Sóleo sentado"
"exercises","saltos_leves__pernas","Saltos leves"
"exercises","elevacao_tibial__pernas","Elevação tibial"
"exercises","short_foot_doming__pernas","Short foot / doming"
"exercises","flexao_ativa_dos_dedos_do_pe__pernas","Flexão ativa dos dedos do pé"
"exercises","dorsiflexao_do_tornozelo_com_elastico__pernas","Dorsiflexão do tornozelo com elástico"
"exercises","inversao_do_tornozelo_com_elastico__pernas","Inversão do tornozelo com elástico"
"exercises","eversao_do_tornozelo_com_elastico__pernas","Eversão do tornozelo com elástico"
"exercises","flexao_da_anca_em_pe_com_elastico__pernas","Flexão da anca em pé com elástico"
"exercises","copenhagen_plank_com_apoio__pernas","Copenhagen plank com apoio"
"exercises","extensao_terminal_do_joelho_com_elastico__pernas","Extensão terminal do joelho com elástico"
"exercises","abducao_de_anca_deitada__pernas","Abdução de anca deitada"
"exercises","clamshell__pernas","Clamshell"
"exercises","curl_nordico_assistido__pernas","Curl nórdico assistido"
"exercises","peso_morto_unilateral_com_halteres__pernas","Peso morto unilateral com halteres"
"exercises","marcha_no_lugar__cardio","Marcha no lugar"
"exercises","jumping_jacks__cardio","Jumping jacks"
"exercises","burpees__cardio","Burpees"
"exercises","skaters__cardio","Skaters"
"exercises","high_knees__cardio","High knees"
"exercises","circuito_cardio_peso_corporal__cardio","Circuito cardio peso corporal"
"exercises","passadeira_caminhada__cardio","Passadeira caminhada"
"exercises","passadeira_caminhada_rapida__cardio","Passadeira caminhada rápida"
"exercises","passadeira_corrida_leve__cardio","Passadeira corrida leve"
"exercises","passadeira_corrida_intervalada__cardio","Passadeira corrida intervalada"
"exercises","passadeira_inclinacao__cardio","Passadeira inclinação"
"exercises","passadeira_inclinacao_moderada__cardio","Passadeira inclinação moderada"
"exercises","passadeira_sprints__cardio","Passadeira sprints"
"exercises","passadeira_sprints_intervalados__cardio","Passadeira sprints intervalados"
"exercises","passadeira_aquecimento__cardio","Passadeira aquecimento"
"exercises","passadeira_cooldown__cardio","Passadeira cooldown"
"exercises","passadeira_resistencia_aerobia__cardio","Passadeira resistência aeróbia"
"exercises","passadeira_ritmo_leve__cardio","Passadeira ritmo leve"
"exercises","passadeira_ritmo_moderado__cardio","Passadeira ritmo moderado"
"exercises","passadeira_intervalos__cardio","Passadeira intervalos"
"exercises","caminhada_na_passadeira__cardio","Caminhada na passadeira"
"exercises","corrida_na_passadeira__cardio","Corrida na passadeira"
"exercises","passadeira_caminhada_com_inclinacao__cardio","Passadeira caminhada com inclinação"
"exercises","bicicleta_ritmo_leve__cardio","Bicicleta ritmo leve"
"exercises","bicicleta_ritmo_moderado__cardio","Bicicleta ritmo moderado"
"exercises","bicicleta_intervalos__cardio","Bicicleta intervalos"
"exercises","bicicleta_resistencia__cardio","Bicicleta resistência"
"exercises","bicicleta_aquecimento__cardio","Bicicleta aquecimento"
"exercises","bicicleta_cooldown__cardio","Bicicleta cooldown"
"exercises","eliptica_ritmo_leve__cardio","Elíptica ritmo leve"
"exercises","eliptica_ritmo_moderado__cardio","Elíptica ritmo moderado"
"exercises","eliptica_intervalos__cardio","Elíptica intervalos"
"exercises","eliptica_resistencia__cardio","Elíptica resistência"
"exercises","eliptica_aquecimento__cardio","Elíptica aquecimento"
"exercises","eliptica_cooldown__cardio","Elíptica cooldown"
"exercises","corda_de_saltar_ritmo_leve__cardio","Corda de saltar ritmo leve"
"exercises","corda_de_saltar_intervalos__cardio","Corda de saltar intervalos"
"exercises","corda_de_saltar_pes_alternados__cardio","Corda de saltar pés alternados"
"exercises","corda_de_saltar_joelhos_altos__cardio","Corda de saltar joelhos altos"
"exercises","corda_de_saltar_double_unders__cardio","Corda de saltar double unders"
"exercises","caminhada_exterior_leve__cardio","Caminhada exterior leve"
"exercises","caminhada_exterior_moderada__cardio","Caminhada exterior moderada"
"exercises","caminhada_exterior_rapida__cardio","Caminhada exterior rápida"
"exercises","caminhada_exterior_em_subida__cardio","Caminhada exterior em subida"
"exercises","corrida_exterior_leve__cardio","Corrida exterior leve"
"exercises","corrida_exterior_moderada__cardio","Corrida exterior moderada"
"exercises","corrida_exterior_intervalada__cardio","Corrida exterior intervalada"
"exercises","sprints_exterior__cardio","Sprints exterior"
"exercises","corrida_em_subida__cardio","Corrida em subida"
"exercises","hiit_peso_corporal__cardio","HIIT peso corporal"
"exercises","hiit_cardio__cardio","HIIT cardio"
"exercises","hiit_passadeira__cardio","HIIT passadeira"
"exercises","hiit_bicicleta__cardio","HIIT bicicleta"
"exercises","hiit_corda__cardio","HIIT corda"
"exercises","hiit_simples__cardio","HIIT simples"
"exercises","circuito_cardio_leve__cardio","Circuito cardio leve"
"exercises","remo_ergometro_ritmo_continuo__cardio","Remo ergómetro ritmo contínuo"
"exercises","remo_ergometro_intervalos__cardio","Remo ergómetro intervalos"
"exercises","stepper_escadas_ritmo_continuo__cardio","Stepper / escadas ritmo contínuo"
"exercises","stepper_escadas_intervalos__cardio","Stepper / escadas intervalos"
"exercises","subida_de_escadas_no_exterior__cardio","Subida de escadas no exterior"
"exercises","air_bike_ritmo_continuo__cardio","Air bike ritmo contínuo"
"exercises","air_bike_intervalos__cardio","Air bike intervalos"
"exercises","shadow_boxing_leve__cardio","Shadow boxing leve"
"exercises","shuttle_runs_corrida_vaivem__cardio","Shuttle runs / corrida vaivém"
"exercises","kihon__karate","Kihon"
"exercises","kata__karate","Kata"
"exercises","kumite_tecnico__karate","Kumite técnico"
"exercises","sombra_de_karate__karate","Sombra de Karate"
"exercises","drills_de_deslocamento__karate","Drills de deslocamento"
"exercises","drills_de_guarda__karate","Drills de guarda"
"exercises","pontapes_tecnicos__karate","Pontapés técnicos"
"exercises","socos_tecnicos__karate","Socos técnicos"
"exercises","mobilidade_de_anca_para_karate__karate","Mobilidade de anca para Karate"
"exercises","mobilidade_de_ombro_para_karate__karate","Mobilidade de ombro para Karate"
"exercises","condicionamento_leve_para_karate__karate","Condicionamento leve para Karate"
"exercises","treino_de_bases_dachi__karate","Treino de bases (dachi)"
"exercises","bloqueios_tecnicos_uke__karate","Bloqueios técnicos (uke)"
"exercises","esquivas_e_tai_sabaki__karate","Esquivas e tai-sabaki"
"exercises","joelhadas_tecnicas__karate","Joelhadas técnicas"
"exercises","trabalho_leve_ao_saco__karate","Trabalho leve ao saco"
"exercises","shrimp_fuga_de_anca__jiu_jitsu","Shrimp / fuga de anca"
"exercises","ponte_de_grappling__jiu_jitsu","Ponte de grappling"
"exercises","technical_stand_up__jiu_jitsu","Technical stand-up"
"exercises","sprawl__jiu_jitsu","Sprawl"
"exercises","drills_de_guarda__jiu_jitsu","Drills de guarda"
"exercises","drills_de_passagem_de_guarda__jiu_jitsu","Drills de passagem de guarda"
"exercises","mobilidade_de_anca_para_jiu_jitsu__jiu_jitsu","Mobilidade de anca para Jiu-Jitsu"
"exercises","mobilidade_de_ombro_para_jiu_jitsu__jiu_jitsu","Mobilidade de ombro para Jiu-Jitsu"
"exercises","forca_de_pega_para_jiu_jitsu__jiu_jitsu","Força de pega para Jiu-Jitsu"
"exercises","core_para_jiu_jitsu__jiu_jitsu","Core para Jiu-Jitsu"
"exercises","condicionamento_leve_para_jiu_jitsu__jiu_jitsu","Condicionamento leve para Jiu-Jitsu"
"exercises","rolamentos_de_solo__jiu_jitsu","Rolamentos de solo"
"exercises","breakfalls_ukemi__jiu_jitsu","Breakfalls (ukemi)"
"exercises","inversao_granby_com_apoio__jiu_jitsu","Inversão granby com apoio"
"exercises","mobilidade_toracica__mobilidade","Mobilidade torácica"
"exercises","mobilidade_de_ombro__mobilidade","Mobilidade de ombro"
"exercises","mobilidade_de_anca__mobilidade","Mobilidade de anca"
"exercises","circulos_de_ombro__mobilidade","Círculos de ombro"
"exercises","alongamento_posterior_do_ombro__mobilidade","Alongamento posterior do ombro"
"exercises","mobilidade_de_ombro_com_toalha__mobilidade","Mobilidade de ombro com toalha"
"exercises","mobilidade_de_ombro_com_cabo_de_vassoura__mobilidade","Mobilidade de ombro com cabo de vassoura"
"exercises","alongamento_peitoral__mobilidade","Alongamento peitoral"
"exercises","alongamento_peitoral_na_parede__mobilidade","Alongamento peitoral na parede"
"exercises","alongamento_peitoral_no_canto__mobilidade","Alongamento peitoral no canto"
"exercises","alongamento_dorsal__mobilidade","Alongamento dorsal"
"exercises","rotacao_toracica_no_chao__mobilidade","Rotação torácica no chão"
"exercises","cat_cow__mobilidade","Cat-cow"
"exercises","open_book__mobilidade","Open book"
"exercises","alongamento_posterior_de_coxa__mobilidade","Alongamento posterior de coxa"
"exercises","alongamento_posterior_sentado__mobilidade","Alongamento posterior sentado"
"exercises","alongamento_posterior_em_pe__mobilidade","Alongamento posterior em pé"
"exercises","tocar_nos_pes_sentado__mobilidade","Tocar nos pés sentado"
"exercises","tocar_nos_pes_em_pe__mobilidade","Tocar nos pés em pé"
"exercises","alongamento_posterior_com_perna_elevada__mobilidade","Alongamento posterior com perna elevada"
"exercises","mobilidade_dinamica_de_posterior__mobilidade","Mobilidade dinâmica de posterior"
"exercises","alongamento_gluteos__mobilidade","Alongamento glúteos"
"exercises","alongamento_de_gluteo_sentado__mobilidade","Alongamento de glúteo sentado"
"exercises","alongamento_figura_4__mobilidade","Alongamento figura 4"
"exercises","pigeon_stretch__mobilidade","Pigeon stretch"
"exercises","alongamento_piriforme__mobilidade","Alongamento piriforme"
"exercises","rotacao_externa_da_anca_no_chao__mobilidade","Rotação externa da anca no chão"
"exercises","mobilidade_90_90__mobilidade","Mobilidade 90/90"
"exercises","mobilidade_dinamica_de_anca__mobilidade","Mobilidade dinâmica de anca"
"exercises","alongamento_quadriceps_em_pe__mobilidade","Alongamento quadríceps em pé"
"exercises","alongamento_quadriceps_de_lado__mobilidade","Alongamento quadríceps de lado"
"exercises","alongamento_gemeos__mobilidade","Alongamento gémeos"
"exercises","alongamento_gemeos_na_parede__mobilidade","Alongamento gémeos na parede"
"exercises","mobilidade_de_tornozelo_na_parede__mobilidade","Mobilidade de tornozelo na parede"
"exercises","circulos_de_tornozelo__mobilidade","Círculos de tornozelo"
"exercises","mobilidade_de_punhos__mobilidade","Mobilidade de punhos"
"exercises","extensao_de_punhos_no_chao__mobilidade","Extensão de punhos no chão"
"exercises","flexao_de_punhos_no_chao__mobilidade","Flexão de punhos no chão"
"exercises","alongamento_cervical_leve__mobilidade","Alongamento cervical leve"
"exercises","mobilidade_leve_de_ombros__mobilidade","Mobilidade leve de ombros"
"exercises","mobilidade_leve_de_anca__mobilidade","Mobilidade leve de anca"
"exercises","respiracao_diafragmatica__mobilidade","Respiração diafragmática"
"exercises","caminhada_leve__mobilidade","Caminhada leve"
"exercises","relaxamento_deitado__mobilidade","Relaxamento deitado"
"exercises","alongamento_pnf_de_isquiotibiais__mobilidade","Alongamento PNF de isquiotibiais"
"exercises","alongamento_pnf_de_peitoral_na_parede__mobilidade","Alongamento PNF de peitoral na parede"
"exercises","alongamento_de_flexores_da_anca_em_afundo__mobilidade","Alongamento de flexores da anca em afundo"
"exercises","alongamento_borboleta_de_adutores__mobilidade","Alongamento borboleta de adutores"
"exercises","alongamento_dinamico_global__mobilidade","Alongamento dinâmico global"
"exercises","alongamento_de_triceps_atras_da_cabeca__mobilidade","Alongamento de tríceps atrás da cabeça"
"exercises","cobra_suave_no_chao__mobilidade","Cobra suave no chão"
"exercises","respiracao_nasal_lenta__mobilidade","Respiração nasal lenta"
"exercises","foam_roller_para_pernas__mobilidade","Foam roller para pernas"
"exercises","foam_roller_para_costas__mobilidade","Foam roller para costas"
"exercises","bola_de_massagem_para_pes_e_gluteos__mobilidade","Bola de massagem para pés e glúteos"
"exercises","arrefecimento_pos_treino_de_forca__mobilidade","Arrefecimento pós-treino de força"
"exercises","arrefecimento_pos_artes_marciais__mobilidade","Arrefecimento pós-artes marciais"
"exercises","aquecimento_dinamico_geral__mobilidade","Aquecimento dinâmico geral"
"exercises","alinhamento_de_base_em_frente_ao_espelho__karate","Alinhamento de base em frente ao espelho"
"exercises","zenkutsu_dachi_estatico__karate","Zenkutsu dachi estático"
"exercises","zenkutsu_dachi_com_avanco__karate","Zenkutsu dachi com avanço"
"exercises","kokutsu_dachi_estatico__karate","Kokutsu dachi estático"
"exercises","kiba_dachi_hold__karate","Kiba dachi hold"
"exercises","guarda_de_kumite_estatica__karate","Guarda de kumite estática"
"exercises","guarda_de_kumite_com_passos_curtos__karate","Guarda de kumite com passos curtos"
"exercises","avanco_e_recuo_em_linha__karate","Avanço e recuo em linha"
"exercises","entrada_em_angulo_de_45_graus__karate","Entrada em ângulo de 45 graus"
"exercises","tai_sabaki_basico__karate","Tai sabaki básico"
"exercises","entrar_tocar_e_sair__karate","Entrar, tocar e sair"
"exercises","oi_zuki_parado_por_fases__karate","Oi zuki parado por fases"
"exercises","oi_zuki_com_avanco__karate","Oi zuki com avanço"
"exercises","gyaku_zuki_parado__karate","Gyaku zuki parado"
"exercises","gyaku_zuki_com_recuo__karate","Gyaku zuki com recuo"
"exercises","kizami_zuki_de_entrada__karate","Kizami zuki de entrada"
"exercises","mae_geri_por_fases__karate","Mae geri por fases"
"exercises","mae_geri_ao_alvo_baixo__karate","Mae geri ao alvo baixo"
"exercises","mawashi_geri_baixo_por_fases__karate","Mawashi geri baixo por fases"
"exercises","mawashi_geri_em_alvo_medio__karate","Mawashi geri em alvo médio"
"exercises","yoko_geri_por_fases__karate","Yoko geri por fases"
"exercises","age_uke_parado__karate","Age uke parado"
"exercises","soto_uke_parado__karate","Soto uke parado"
"exercises","uchi_uke_parado__karate","Uchi uke parado"
"exercises","gedan_barai_com_base__karate","Gedan barai com base"
"exercises","kihon_isolado_por_contagem__karate","Kihon isolado por contagem"
"exercises","kihon_defesa_e_gyaku_zuki__karate","Kihon: defesa e gyaku zuki"
"exercises","kata_por_blocos_de_3_movimentos__karate","Kata por blocos de 3 movimentos"
"exercises","bunkai_basico_com_parceiro__karate","Bunkai básico com parceiro"
"exercises","kumite_tecnico_sem_contacto__karate","Kumite técnico sem contacto"
"exercises","sombra_de_karate_leve__karate","Sombra de Karate leve"
"exercises","sombra_de_karate_por_rounds__karate","Sombra de Karate por rounds"
"exercises","trabalho_leve_ao_saco_com_gyaku_zuki__karate","Trabalho leve ao saco com gyaku zuki"
"exercises","mae_geri_no_saco_leve__karate","Mae geri no saco leve"
"exercises","shrimp_basico_no_solo__jiu_jitsu","Shrimp básico no solo"
"exercises","shrimp_em_sequencia__jiu_jitsu","Shrimp em sequência"
"exercises","ponte_e_rotacao_de_ombro__jiu_jitsu","Ponte e rotação de ombro"
"exercises","technical_stand_up_basico__jiu_jitsu","Technical stand-up básico"
"exercises","technical_stand_up_com_recuo__jiu_jitsu","Technical stand-up com recuo"
"exercises","granby_basico_assistido__jiu_jitsu","Granby básico assistido"
"exercises","troca_de_anca_no_chao__jiu_jitsu","Troca de anca no chão"
"exercises","posicao_de_guarda_fechada_basica__jiu_jitsu","Posição de guarda fechada básica"
"exercises","frames_de_guarda_aberta__jiu_jitsu","Frames de guarda aberta"
"exercises","retencao_de_guarda_com_joelho_dentro__jiu_jitsu","Retenção de guarda com joelho dentro"
"exercises","recuperar_guarda_desde_controlo_lateral_leve__jiu_jitsu","Recuperar guarda desde controlo lateral leve"
"exercises","frames_de_antebraco_no_solo__jiu_jitsu","Frames de antebraço no solo"
"exercises","passagem_por_pressao_em_passos__jiu_jitsu","Passagem por pressão em passos"
"exercises","passagem_por_mobilidade_solo__jiu_jitsu","Passagem por mobilidade solo"
"exercises","controlo_lateral_basico__jiu_jitsu","Controlo lateral básico"
"exercises","montada_com_base_baixa__jiu_jitsu","Montada com base baixa"
"exercises","controlo_das_costas_com_cinto_de_seguranca__jiu_jitsu","Controlo das costas com cinto de segurança"
"exercises","escape_de_controlo_lateral_com_shrimp__jiu_jitsu","Escape de controlo lateral com shrimp"
"exercises","escape_de_montada_ponte_e_rotacao__jiu_jitsu","Escape de montada ponte e rotação"
"exercises","escape_cotovelo_joelho__jiu_jitsu","Escape cotovelo-joelho"
"exercises","sprawl_tecnico__jiu_jitsu","Sprawl técnico"
"exercises","sprawls_intervalados__jiu_jitsu","Sprawls intervalados"
"exercises","passo_de_entrada_no_joelho__jiu_jitsu","Passo de entrada no joelho"
"exercises","single_leg_basico_com_parceiro__jiu_jitsu","Single leg básico com parceiro"
"exercises","double_leg_basico_por_fases__jiu_jitsu","Double leg básico por fases"
"exercises","breakfall_para_tras__jiu_jitsu","Breakfall para trás"
"exercises","breakfall_lateral__jiu_jitsu","Breakfall lateral"
"exercises","grip_fighting_leve__jiu_jitsu","Grip fighting leve"
"exercises","pega_com_toalha_isometrica__jiu_jitsu","Pega com toalha isométrica"
"exercises","remada_com_toalha_para_pega__jiu_jitsu","Remada com toalha para pega"
"exercises","scramble_solo_controlado__jiu_jitsu","Scramble solo controlado"
"exercises","base_de_boxe_estatica__boxe","Base de boxe estática"
"exercises","guarda_alta_basica__boxe","Guarda alta básica"
"exercises","queixo_protegido_em_guarda__boxe","Queixo protegido em guarda"
"exercises","step_drag_para_frente_e_tras__boxe","Step-drag para frente e trás"
"exercises","passo_lateral_com_guarda__boxe","Passo lateral com guarda"
"exercises","pivot_basico__boxe","Pivot básico"
"exercises","entrar_e_sair_com_jab_imaginario__boxe","Entrar e sair com jab imaginário"
"exercises","jab_parado__boxe","Jab parado"
"exercises","jab_com_passo__boxe","Jab com passo"
"exercises","direto_parado__boxe","Direto parado"
"exercises","jab_e_direto_1_2__boxe","Jab e direto 1-2"
"exercises","gancho_curto_por_fases__boxe","Gancho curto por fases"
"exercises","uppercut_curto_por_fases__boxe","Uppercut curto por fases"
"exercises","golpe_ao_corpo_em_sombra__boxe","Golpe ao corpo em sombra"
"exercises","parry_de_jab_com_parceiro__boxe","Parry de jab com parceiro"
"exercises","bloqueio_em_guarda_alta__boxe","Bloqueio em guarda alta"
"exercises","slip_esquerda_direita__boxe","Slip esquerda-direita"
"exercises","roll_por_baixo_de_linha__boxe","Roll por baixo de linha"
"exercises","cobrir_e_sair_em_angulo__boxe","Cobrir e sair em ângulo"
"exercises","sombra_de_boxe_leve__boxe","Sombra de boxe leve"
"exercises","sombra_de_boxe_por_rounds__boxe","Sombra de boxe por rounds"
"exercises","rounds_no_saco_de_boxe_ritmo_leve__boxe","Rounds no saco de boxe ritmo leve"
"exercises","rounds_no_saco_de_boxe_ritmo_moderado__boxe","Rounds no saco de boxe ritmo moderado"
"exercises","1_2_e_saida_lateral__boxe","1-2 e saída lateral"
"exercises","base_de_kickboxing_estatica__kickboxing","Base de kickboxing estática"
"exercises","guarda_de_kickboxing__kickboxing","Guarda de kickboxing"
"exercises","drill_de_distancia_mao_perna__kickboxing","Drill de distância mão-perna"
"exercises","recuperar_base_apos_pontape__kickboxing","Recuperar base após pontapé"
"exercises","jab_de_kickboxing__kickboxing","Jab de kickboxing"
"exercises","direto_de_kickboxing__kickboxing","Direto de kickboxing"
"exercises","low_kick_por_fases__kickboxing","Low kick por fases"
"exercises","low_kick_ao_saco_leve__kickboxing","Low kick ao saco leve"
"exercises","middle_kick_por_fases__kickboxing","Middle kick por fases"
"exercises","high_kick_tecnico_baixo_para_alto__kickboxing","High kick técnico baixo para alto"
"exercises","front_kick_para_distancia__kickboxing","Front kick para distância"
"exercises","side_kick_tecnico__kickboxing","Side kick técnico"
"exercises","jab_direto_low_kick__kickboxing","Jab, direto, low kick"
"exercises","jab_direto_middle_kick__kickboxing","Jab, direto, middle kick"
"exercises","low_kick_para_direto__kickboxing","Low kick para direto"
"exercises","check_de_low_kick_basico__kickboxing","Check de low kick básico"
"exercises","sair_em_angulo_apos_combinacao__kickboxing","Sair em ângulo após combinação"
"exercises","combinacoes_de_kickboxing_no_saco_leve__kickboxing","Combinações de kickboxing no saco leve"
"exercises","rounds_de_kickboxing_no_saco_moderado__kickboxing","Rounds de kickboxing no saco moderado"
"exercises","base_de_muay_thai_estatica__muay_thai","Base de Muay Thai estática"
"exercises","guarda_alta_de_muay_thai__muay_thai","Guarda alta de Muay Thai"
"exercises","transferencia_de_peso_para_check__muay_thai","Transferência de peso para check"
"exercises","low_kick_tecnico_sem_impacto__muay_thai","Low kick técnico sem impacto"
"exercises","low_kick_ao_saco__muay_thai","Low kick ao saco"
"exercises","middle_kick_tecnico__muay_thai","Middle kick técnico"
"exercises","middle_kick_ao_saco__muay_thai","Middle kick ao saco"
"exercises","teep_tecnico__muay_thai","Teep técnico"
"exercises","teep_em_alvo_leve__muay_thai","Teep em alvo leve"
"exercises","check_de_low_kick_em_sombra__muay_thai","Check de low kick em sombra"
"exercises","jab_e_direto_em_guarda_alta__muay_thai","Jab e direto em guarda alta"
"exercises","cotovelo_horizontal_basico__muay_thai","Cotovelo horizontal básico"
"exercises","joelhada_direta_em_sombra__muay_thai","Joelhada direta em sombra"
"exercises","joelhada_no_saco__muay_thai","Joelhada no saco"
"exercises","postura_de_clinch_com_parceiro__muay_thai","Postura de clinch com parceiro"
"exercises","entrada_defensiva_para_clinch__muay_thai","Entrada defensiva para clinch"
"exercises","virar_no_clinch__muay_thai","Virar no clinch"
"exercises","sair_do_clinch__muay_thai","Sair do clinch"
"exercises","round_leve_no_saco_de_muay_thai__muay_thai","Round leve no saco de Muay Thai"
"exercises","round_moderado_no_saco_de_muay_thai__muay_thai","Round moderado no saco de Muay Thai"
"exercises","ukemi_para_tras_por_fases__judo","Ukemi para trás por fases"
"exercises","ukemi_lateral_por_fases__judo","Ukemi lateral por fases"
"exercises","rolamento_frontal_basico__judo","Rolamento frontal básico"
"exercises","levantar_apos_queda__judo","Levantar após queda"
"exercises","postura_natural_de_judo__judo","Postura natural de Judo"
"exercises","kumi_kata_basico__judo","Kumi kata básico"
"exercises","quebra_de_pegada_simples__judo","Quebra de pegada simples"
"exercises","controlo_de_postura_com_pegada__judo","Controlo de postura com pegada"
"exercises","kuzushi_para_a_frente__judo","Kuzushi para a frente"
"exercises","kuzushi_para_tras__judo","Kuzushi para trás"
"exercises","uchikomi_parado__judo","Uchikomi parado"
"exercises","uchikomi_em_movimento__judo","Uchikomi em movimento"
"exercises","o_soto_gari_por_fases__judo","O soto gari por fases"
"exercises","o_goshi_por_fases__judo","O goshi por fases"
"exercises","de_ashi_barai_tecnico__judo","De ashi barai técnico"
"exercises","seoi_nage_entrada_basica__judo","Seoi nage entrada básica"
"exercises","kesa_gatame_basico__judo","Kesa gatame básico"
"exercises","escape_de_imobilizacao_basico__judo","Escape de imobilização básico"
"exercises","transicao_queda_para_controlo__judo","Transição queda para controlo"
"exercises","base_de_taekwondo_estatica__taekwondo","Base de Taekwondo estática"
"exercises","guarda_de_taekwondo__taekwondo","Guarda de Taekwondo"
"exercises","bounce_step_leve__taekwondo","Bounce step leve"
"exercises","entrar_e_sair_da_distancia_de_pontape__taekwondo","Entrar e sair da distância de pontapé"
"exercises","pontape_frontal_por_fases__taekwondo","Pontapé frontal por fases"
"exercises","pontape_circular_baixo__taekwondo","Pontapé circular baixo"
"exercises","pontape_circular_medio_em_alvo__taekwondo","Pontapé circular médio em alvo"
"exercises","pontape_lateral_por_fases__taekwondo","Pontapé lateral por fases"
"exercises","pontape_para_tras_tecnico__taekwondo","Pontapé para trás técnico"
"exercises","pontape_descendente_controlado__taekwondo","Pontapé descendente controlado"
"exercises","hold_de_camara_de_pontape__taekwondo","Hold de câmara de pontapé"
"exercises","extensao_e_recolha_lenta__taekwondo","Extensão e recolha lenta"
"exercises","equilibrio_em_uma_perna__taekwondo","Equilíbrio em uma perna"
"exercises","progressao_de_altura_do_pontape__taekwondo","Progressão de altura do pontapé"
"exercises","sequencia_frontal_e_circular__taekwondo","Sequência frontal e circular"
"exercises","rounds_de_pontapes_tecnicos__taekwondo","Rounds de pontapés técnicos"
"exercises","sombra_de_pontapes__taekwondo","Sombra de pontapés"
"exercises","mapa_rapido_de_saidas__defesa_pessoal","Mapa rápido de saídas"
"exercises","guarda_nao_agressiva__defesa_pessoal","Guarda não agressiva"
"exercises","guarda_defensiva_basica__defesa_pessoal","Guarda defensiva básica"
"exercises","passo_para_tras_e_angulo__defesa_pessoal","Passo para trás e ângulo"
"exercises","barreira_verbal_e_maos_abertas__defesa_pessoal","Barreira verbal e mãos abertas"
"exercises","cobertura_basica_contra_golpes__defesa_pessoal","Cobertura básica contra golpes"
"exercises","sair_da_linha_de_ataque__defesa_pessoal","Sair da linha de ataque"
"exercises","desvio_simples_de_mao__defesa_pessoal","Desvio simples de mão"
"exercises","entrada_defensiva_para_clinch__defesa_pessoal","Entrada defensiva para clinch"
"exercises","palm_strike_e_saida__defesa_pessoal","Palm strike e saída"
"exercises","saida_de_agarre_no_pulso__defesa_pessoal","Saída de agarre no pulso"
"exercises","frame_no_clinch__defesa_pessoal","Frame no clinch"
"exercises","sair_do_clinch_com_frame_e_passo__defesa_pessoal","Sair do clinch com frame e passo"
"exercises","sprawl_funcional__defesa_pessoal","Sprawl funcional"
"exercises","queda_segura_funcional__defesa_pessoal","Queda segura funcional"
"exercises","frames_no_chao_contra_pressao__defesa_pessoal","Frames no chão contra pressão"
"exercises","technical_stand_up_funcional__defesa_pessoal","Technical stand-up funcional"
"exercises","palm_strike_em_alvo__defesa_pessoal","Palm strike em alvo"
"exercises","low_kick_simples_funcional__defesa_pessoal","Low kick simples funcional"
"exercises","joelhada_simples_para_criar_espaco__defesa_pessoal","Joelhada simples para criar espaço"
"exercises","empurrar_e_sair__defesa_pessoal","Empurrar e sair"
"exercises","drill_decisao_de_fuga__defesa_pessoal","Drill decisão de fuga"
"exercises","regra_de_multiplas_ameacas__defesa_pessoal","Regra de múltiplas ameaças"
"exercises","sair_da_parede_com_angulo__defesa_pessoal","Sair da parede com ângulo"
"exercises","boxe__artes_marciais","Boxe"
"exercises","muay_thai__artes_marciais","Muay Thai"
"exercises","jiu_jitsu_bjj__artes_marciais","Jiu-Jitsu / BJJ"
"exercises","judo__artes_marciais","Judo"
"exercises","flexao_e_extensao_cervical_lenta__mobilidade","Flexão e extensão cervical lenta"
"exercises","rotacao_cervical_esquerda_e_direita__mobilidade","Rotação cervical esquerda e direita"
"exercises","inclinacao_lateral_cervical__mobilidade","Inclinação lateral cervical"
"exercises","cars_cervicais_suaves__mobilidade","CARs cervicais suaves"
"exercises","chin_tuck_deitado__mobilidade","Chin tuck deitado"
"exercises","chin_tuck_contra_parede__mobilidade","Chin tuck contra parede"
"exercises","olhar_por_cima_do_ombro_em_guarda__mobilidade","Olhar por cima do ombro em guarda"
"exercises","rotacao_cervical_com_footwork_leve__mobilidade","Rotação cervical com footwork leve"
"exercises","extensao_toracica_no_chao__mobilidade","Extensão torácica no chão"
"exercises","extensao_toracica_sobre_rolo__mobilidade","Extensão torácica sobre rolo"
"exercises","rotacao_toracica_em_quadrupedia__mobilidade","Rotação torácica em quadrupedia"
"exercises","thread_the_needle__mobilidade","Thread the needle"
"exercises","thread_the_needle_com_alcance__mobilidade","Thread the needle com alcance"
"exercises","respiracao_costal_deitada__mobilidade","Respiração costal deitada"
"exercises","respiracao_90_90_com_costelas_baixas__mobilidade","Respiração 90/90 com costelas baixas"
"exercises","wall_angels__mobilidade","Wall angels"
"exercises","elevacao_de_bracos_contra_parede__mobilidade","Elevação de braços contra parede"
"exercises","pelvic_tilts_deitado__mobilidade","Pelvic tilts deitado"
"exercises","pelvic_tilts_em_quadrupedia__mobilidade","Pelvic tilts em quadrupedia"
"exercises","rock_back_com_coluna_neutra__mobilidade","Rock back com coluna neutra"
"exercises","hinge_drill_sem_carga__mobilidade","Hinge drill sem carga"
"exercises","cat_cow_controlado__mobilidade","Cat cow controlado"
"exercises","rotacao_lombar_deitado_joelhos_lado_a_lado__mobilidade","Rotação lombar deitado joelhos lado a lado"
"exercises","dead_bug_com_retroversao__mobilidade","Dead bug com retroversão"
"exercises","respiracao_com_bracing_leve__mobilidade","Respiração com bracing leve"
"exercises","scapular_push_up__mobilidade","Scapular push-up"
"exercises","protracao_e_retracao_em_quadrupedia__mobilidade","Protração e retração em quadrupedia"
"exercises","elevacao_e_depressao_escapular_em_pe__mobilidade","Elevação e depressão escapular em pé"
"exercises","depressao_escapular_na_barra__mobilidade","Depressão escapular na barra"
"exercises","wall_slides_escapulares__mobilidade","Wall slides escapulares"
"exercises","serratus_reach__mobilidade","Serratus reach"
"exercises","prancha_com_protracao_escapular__mobilidade","Prancha com protração escapular"
"exercises","bear_position_scapular_control__mobilidade","Bear position scapular control"
"exercises","scapular_pull_up__mobilidade","Scapular pull-up"
"exercises","cars_escapulares_em_pe__mobilidade","CARs escapulares em pé"
"exercises","flexao_de_ombro_deitado__mobilidade","Flexão de ombro deitado"
"exercises","elevacao_de_bracos_na_parede__mobilidade","Elevação de braços na parede"
"exercises","extensao_de_ombro_com_maos_atras__mobilidade","Extensão de ombro com mãos atrás"
"exercises","shoulder_extension_lift_off__mobilidade","Shoulder extension lift-off"
"exercises","abducao_de_ombro_na_parede__mobilidade","Abdução de ombro na parede"
"exercises","rotacao_externa_com_cotovelo_junto_ao_corpo__mobilidade","Rotação externa com cotovelo junto ao corpo"
"exercises","rotacao_externa_deitado_de_lado__mobilidade","Rotação externa deitado de lado"
"exercises","rotacao_interna_com_cotovelo_junto_ao_corpo__mobilidade","Rotação interna com cotovelo junto ao corpo"
"exercises","shoulder_cars__mobilidade","Shoulder CARs"
"exercises","overhead_hold_sem_carga__mobilidade","Overhead hold sem carga"
"exercises","passagens_com_cabo_de_vassoura__mobilidade","Passagens com cabo de vassoura"
"exercises","shoulder_dislocates_controlados__mobilidade","Shoulder dislocates controlados"
"exercises","guarda_alta_com_respiracao__mobilidade","Guarda alta com respiração"
"exercises","guarda_alta_com_passos_leves__mobilidade","Guarda alta com passos leves"
"exercises","flexao_e_extensao_ativa_do_cotovelo__mobilidade","Flexão e extensão ativa do cotovelo"
"exercises","extensao_terminal_do_cotovelo_leve__mobilidade","Extensão terminal do cotovelo leve"
"exercises","pronacao_e_supinacao_com_cotovelo_fixo__mobilidade","Pronação e supinação com cotovelo fixo"
"exercises","pronacao_e_supinacao_com_halter_leve__mobilidade","Pronação e supinação com halter leve"
"exercises","isometria_leve_de_cotovelo_a_90_graus__mobilidade","Isometria leve de cotovelo a 90 graus"
"exercises","frames_leves_em_quadrupedia__mobilidade","Frames leves em quadrupedia"
"exercises","circulos_de_punho__mobilidade","Círculos de punho"
"exercises","flexao_e_extensao_ativa_do_punho__mobilidade","Flexão e extensão ativa do punho"
"exercises","desvio_radial_e_ulnar_ativo__mobilidade","Desvio radial e ulnar ativo"
"exercises","rocking_de_punho_em_quadrupedia__mobilidade","Rocking de punho em quadrupedia"
"exercises","extensao_de_punho_com_palmas_no_chao__mobilidade","Extensão de punho com palmas no chão"
"exercises","punhos_para_flexoes__mobilidade","Punhos para flexões"
"exercises","abrir_e_fechar_dedos__mobilidade","Abrir e fechar dedos"
"exercises","extensao_dos_dedos_com_elastico__mobilidade","Extensão dos dedos com elástico"
"exercises","ondas_dos_dedos__mobilidade","Ondas dos dedos"
"exercises","aquecimento_de_dedos_para_kimono__mobilidade","Aquecimento de dedos para kimono"
"exercises","punho_e_dedos_antes_de_grappling__mobilidade","Punho e dedos antes de grappling"
"exercises","flexao_de_anca_em_pe_com_apoio__mobilidade","Flexão de anca em pé com apoio"
"exercises","marcha_lenta_com_joelho_alto__mobilidade","Marcha lenta com joelho alto"
"exercises","extensao_de_anca_em_quadrupedia__mobilidade","Extensão de anca em quadrupedia"
"exercises","hip_extension_lift_off__mobilidade","Hip extension lift-off"
"exercises","rotacao_interna_de_anca_sentado__mobilidade","Rotação interna de anca sentado"
"exercises","90_90_lift_off_rotacao_interna__mobilidade","90/90 lift-off rotação interna"
"exercises","rotacao_externa_de_anca_sentado__mobilidade","Rotação externa de anca sentado"
"exercises","pigeon_ativo__mobilidade","Pigeon ativo"
"exercises","rock_back_de_adutores__mobilidade","Rock back de adutores"
"exercises","cossack_squat_assistido__mobilidade","Cossack squat assistido"
"exercises","hip_cars_em_pe_com_apoio__mobilidade","Hip CARs em pé com apoio"
"exercises","hip_cars_em_quadrupedia__mobilidade","Hip CARs em quadrupedia"
"exercises","90_90_switches__mobilidade","90/90 switches"
"exercises","90_90_hold_ativo__mobilidade","90/90 hold ativo"
"exercises","agachamento_profundo_assistido__mobilidade","Agachamento profundo assistido"
"exercises","squat_pry_leve__mobilidade","Squat pry leve"
"exercises","camara_de_pontape_frontal__mobilidade","Câmara de pontapé frontal"
"exercises","camara_de_pontape_circular__mobilidade","Câmara de pontapé circular"
"exercises","recolha_lenta_do_pontape__mobilidade","Recolha lenta do pontapé"
"exercises","hip_heist_lento__mobilidade","Hip heist lento"
"exercises","shin_box_switch__mobilidade","Shin box switch"
"exercises","heel_slides__mobilidade","Heel slides"
"exercises","flexao_de_joelho_em_pe__mobilidade","Flexão de joelho em pé"
"exercises","extensao_ativa_do_joelho_sentado__mobilidade","Extensão ativa do joelho sentado"
"exercises","extensao_terminal_do_joelho_com_elastico__mobilidade","Extensão terminal do joelho com elástico"
"exercises","agachamento_para_cadeira_controlado__mobilidade","Agachamento para cadeira controlado"
"exercises","step_down_controlado__mobilidade","Step down controlado"
"exercises","split_squat_parcial_controlado__mobilidade","Split squat parcial controlado"
"exercises","base_marcial_com_joelho_alinhado__mobilidade","Base marcial com joelho alinhado"
"exercises","knee_to_wall__mobilidade","Knee to wall"
"exercises","rocking_de_tornozelo_em_avanco__mobilidade","Rocking de tornozelo em avanço"
"exercises","flexao_plantar_ativa__mobilidade","Flexão plantar ativa"
"exercises","apontar_e_puxar_o_pe__mobilidade","Apontar e puxar o pé"
"exercises","inversao_e_eversao_ativas__mobilidade","Inversão e eversão ativas"
"exercises","inversao_e_eversao_com_elastico_leve__mobilidade","Inversão e eversão com elástico leve"
"exercises","cars_de_tornozelo__mobilidade","CARs de tornozelo"
"exercises","mobilidade_de_tornozelo_em_agachamento__mobilidade","Mobilidade de tornozelo em agachamento"
"exercises","pogo_prep_leve__mobilidade","Pogo prep leve"
"exercises","pivots_controlados__mobilidade","Pivots controlados"
"exercises","short_foot__mobilidade","Short foot"
"exercises","doming_do_pe__mobilidade","Doming do pé"
"exercises","elevacao_do_dedo_grande__mobilidade","Elevação do dedo grande"
"exercises","elevacao_dos_quatro_dedos__mobilidade","Elevação dos quatro dedos"
"exercises","flexao_dos_dedos_na_toalha__mobilidade","Flexão dos dedos na toalha"
"exercises","mobilidade_do_dedo_grande_na_parede__mobilidade","Mobilidade do dedo grande na parede"
"exercises","pronacao_e_supinacao_controlada_do_pe__mobilidade","Pronação e supinação controlada do pé"
"exercises","equilibrio_unipodal__mobilidade","Equilíbrio unipodal"
"exercises","sit_to_stand_sem_maos__mobilidade","Sit to stand sem mãos"
"exercises","technical_stand_up_lento__mobilidade","Technical stand-up lento"
"exercises","entrar_e_sair_do_agachamento_profundo_assistido__mobilidade","Entrar e sair do agachamento profundo assistido"
"exercises","agachamento_profundo_com_troca_de_peso__mobilidade","Agachamento profundo com troca de peso"
"exercises","bear_crawl_leve__mobilidade","Bear crawl leve"
"exercises","crawling_em_quadrupedia_lento__mobilidade","Crawling em quadrupedia lento"
"exercises","rolamento_lateral_controlado__mobilidade","Rolamento lateral controlado"
"exercises","rolamento_frontal_suave__mobilidade","Rolamento frontal suave"
"exercises","world_greatest_stretch_flow__mobilidade","World greatest stretch flow"
"exercises","90_90_para_agachamento__mobilidade","90/90 para agachamento"
"exercises","flow_guarda_chao_e_levantar__mobilidade","Flow guarda, chão e levantar"
"exercises","camara_de_pontape_frontal_com_apoio__mobilidade","Câmara de pontapé frontal com apoio"
"exercises","camara_de_pontape_circular_com_apoio__mobilidade","Câmara de pontapé circular com apoio"
"exercises","pontape_lento_sem_impacto__mobilidade","Pontapé lento sem impacto"
"exercises","90_90_para_guarda_no_chao__mobilidade","90/90 para guarda no chão"
"exercises","shrimp_lento_de_mobilidade__mobilidade","Shrimp lento de mobilidade"
"exercises","sprawl_lento_por_fases__mobilidade","Sprawl lento por fases"
"exercises","technical_stand_up_lento_por_fases__mobilidade","Technical stand-up lento por fases"
"exercises","postura_de_clinch_sem_parceiro__mobilidade","Postura de clinch sem parceiro"
"exercises","pivot_lento_de_boxe__mobilidade","Pivot lento de boxe"
"exercises","pivot_para_pontape_circular__mobilidade","Pivot para pontapé circular"
"exercises","preparacao_de_punhos_para_ukemi__mobilidade","Preparação de punhos para ukemi"
"exercises","rolamento_suave_de_preparacao__mobilidade","Rolamento suave de preparação"
"exercises","mobilidade__mobilidade","mobilidade"
"exercises","inclinacao_lateral_do_pescoco_sentado__elasticidade","Inclinação lateral do pescoço sentado"
"exercises","inclinacao_lateral_com_mao_atras_das_costas__elasticidade","Inclinação lateral com mão atrás das costas"
"exercises","alongamento_do_trapezio_superior_sentado__elasticidade","Alongamento do trapézio superior sentado"
"exercises","trapezio_superior_com_mao_presa_a_cadeira__elasticidade","Trapézio superior com mão presa à cadeira"
"exercises","alongamento_do_elevador_da_escapula_em_diagonal__elasticidade","Alongamento do elevador da escápula em diagonal"
"exercises","alongamento_suave_dos_escalenos_com_respiracao__elasticidade","Alongamento suave dos escalenos com respiração"
"exercises","relaxamento_suboccipital_deitado__elasticidade","Relaxamento suboccipital deitado"
"exercises","sequencia_cervical_leve_pos_treino__elasticidade","Sequência cervical leve pós-treino"
"exercises","alongamento_de_peito_na_porta__elasticidade","Alongamento de peito na porta"
"exercises","alongamento_unilateral_de_peito_na_porta__elasticidade","Alongamento unilateral de peito na porta"
"exercises","alongamento_de_peito_no_canto__elasticidade","Alongamento de peito no canto"
"exercises","maos_atras_das_costas__elasticidade","Mãos atrás das costas"
"exercises","ombro_anterior_com_maos_apoiadas_atras__elasticidade","Ombro anterior com mãos apoiadas atrás"
"exercises","alongamento_do_biceps_na_parede__elasticidade","Alongamento do bíceps na parede"
"exercises","biceps_com_palma_na_parede_dedos_para_tras__elasticidade","Bíceps com palma na parede dedos para trás"
"exercises","abertura_dinamica_de_bracos__elasticidade","Abertura dinâmica de braços"
"exercises","cooldown_de_peito_pos_empurrar__elasticidade","Cooldown de peito pós-empurrar"
"exercises","child_pose_com_bracos_longos__elasticidade","Child pose com braços longos"
"exercises","child_pose_com_maos_em_banco__elasticidade","Child pose com mãos em banco"
"exercises","child_pose_lateral__elasticidade","Child pose lateral"
"exercises","alongamento_lateral_em_pe__elasticidade","Alongamento lateral em pé"
"exercises","suspensao_passiva_leve_na_barra__elasticidade","Suspensão passiva leve na barra"
"exercises","suspensao_com_pes_apoiados__elasticidade","Suspensão com pés apoiados"
"exercises","alongamento_do_quadrado_lombar_sentado__elasticidade","Alongamento do quadrado lombar sentado"
"exercises","alongamento_lateral_com_respiracao__elasticidade","Alongamento lateral com respiração"
"exercises","cooldown_de_dorsal_pos_puxar__elasticidade","Cooldown de dorsal pós-puxar"
"exercises","braco_cruzado_a_frente_do_peito__elasticidade","Braço cruzado à frente do peito"
"exercises","alongamento_posterior_com_apoio_na_parede__elasticidade","Alongamento posterior com apoio na parede"
"exercises","alongamento_do_deltoide_posterior_sentado__elasticidade","Alongamento do deltoide posterior sentado"
"exercises","abracar_o_proprio_corpo__elasticidade","Abraçar o próprio corpo"
"exercises","alcance_a_frente_com_maos_entrelacadas__elasticidade","Alcance à frente com mãos entrelaçadas"
"exercises","sleeper_stretch_leve__elasticidade","Sleeper stretch leve"
"exercises","cooldown_posterior_do_ombro_pos_puxar__elasticidade","Cooldown posterior do ombro pós-puxar"
"exercises","relaxamento_dos_ombros_pos_guarda_alta__elasticidade","Relaxamento dos ombros pós-guarda alta"
"exercises","triceps_acima_da_cabeca__elasticidade","Tríceps acima da cabeça"
"exercises","triceps_acima_da_cabeca_com_toalha__elasticidade","Tríceps acima da cabeça com toalha"
"exercises","braco_acima_da_cabeca_na_parede__elasticidade","Braço acima da cabeça na parede"
"exercises","child_pose_com_cotovelos_dobrados__elasticidade","Child pose com cotovelos dobrados"
"exercises","respiracao_em_posicao_overhead__elasticidade","Respiração em posição overhead"
"exercises","cooldown_de_triceps_pos_empurrar__elasticidade","Cooldown de tríceps pós-empurrar"
"exercises","alongamento_dos_flexores_do_punho_na_parede__elasticidade","Alongamento dos flexores do punho na parede"
"exercises","palmas_no_chao_dedos_para_tras__elasticidade","Palmas no chão dedos para trás"
"exercises","alongamento_dos_extensores_do_punho__elasticidade","Alongamento dos extensores do punho"
"exercises","dorso_da_mao_no_chao_leve__elasticidade","Dorso da mão no chão leve"
"exercises","relaxamento_de_rotacao_do_antebraco__elasticidade","Relaxamento de rotação do antebraço"
"exercises","alongamento_de_extensao_dos_dedos__elasticidade","Alongamento de extensão dos dedos"
"exercises","alongamento_de_flexao_dos_dedos__elasticidade","Alongamento de flexão dos dedos"
"exercises","shake_out_das_maos__elasticidade","Shake out das mãos"
"exercises","sequencia_pos_pega_para_antebraco__elasticidade","Sequência pós-pega para antebraço"
"exercises","sphinx_pose__elasticidade","Sphinx pose"
"exercises","cobra_leve__elasticidade","Cobra leve"
"exercises","cobra_baixa_com_respiracao__elasticidade","Cobra baixa com respiração"
"exercises","inclinacao_lateral_em_pe__elasticidade","Inclinação lateral em pé"
"exercises","alcance_lateral_sentado__elasticidade","Alcance lateral sentado"
"exercises","respiracao_em_extensao_leve__elasticidade","Respiração em extensão leve"
"exercises","cooldown_abdominal_pos_core__elasticidade","Cooldown abdominal pós-core"
"exercises","figura_4_deitado__elasticidade","Figura 4 deitado"
"exercises","figura_4_sentado__elasticidade","Figura 4 sentado"
"exercises","piriforme_deitado_joelho_ao_peito_cruzado__elasticidade","Piriforme deitado joelho ao peito cruzado"
"exercises","pigeon_passivo_com_apoio__elasticidade","Pigeon passivo com apoio"
"exercises","90_90_passivo_para_gluteo__elasticidade","90/90 passivo para glúteo"
"exercises","pnf_leve_de_gluteo_em_figura_4__elasticidade","PNF leve de glúteo em figura 4"
"exercises","cooldown_de_gluteos_pos_pernas__elasticidade","Cooldown de glúteos pós-pernas"
"exercises","flexor_da_anca_em_meio_ajoelhado__elasticidade","Flexor da anca em meio ajoelhado"
"exercises","flexor_da_anca_com_braco_acima_da_cabeca__elasticidade","Flexor da anca com braço acima da cabeça"
"exercises","couch_stretch_leve__elasticidade","Couch stretch leve"
"exercises","couch_stretch_com_gluteo_contraido__elasticidade","Couch stretch com glúteo contraído"
"exercises","quadriceps_em_pe__elasticidade","Quadríceps em pé"
"exercises","quadriceps_deitado_de_lado__elasticidade","Quadríceps deitado de lado"
"exercises","reto_femoral_em_meio_ajoelhado_com_pe_elevado__elasticidade","Reto femoral em meio ajoelhado com pé elevado"
"exercises","lunge_dinamico_de_flexores_da_anca__elasticidade","Lunge dinâmico de flexores da anca"
"exercises","pnf_leve_dos_flexores_da_anca__elasticidade","PNF leve dos flexores da anca"
"exercises","cooldown_de_quadriceps_pos_pernas__elasticidade","Cooldown de quadríceps pós-pernas"
"exercises","posterior_de_coxa_deitado_com_toalha__elasticidade","Posterior de coxa deitado com toalha"
"exercises","posterior_de_coxa_deitado_unilateral__elasticidade","Posterior de coxa deitado unilateral"
"exercises","posterior_de_coxa_sentado__elasticidade","Posterior de coxa sentado"
"exercises","alongamento_em_pe_com_dobradica_de_anca__elasticidade","Alongamento em pé com dobradiça de anca"
"exercises","perna_elevada_em_banco__elasticidade","Perna elevada em banco"
"exercises","leg_swings_frontais_controlados__elasticidade","Leg swings frontais controlados"
"exercises","pnf_posterior_de_coxa_deitado__elasticidade","PNF posterior de coxa deitado"
"exercises","posterior_de_coxa_para_pontape_frontal__elasticidade","Posterior de coxa para pontapé frontal"
"exercises","cooldown_de_posterior_pos_peso_morto__elasticidade","Cooldown de posterior pós-peso morto"
"exercises","borboleta_sentada__elasticidade","Borboleta sentada"
"exercises","borboleta_com_inclinacao_do_tronco__elasticidade","Borboleta com inclinação do tronco"
"exercises","frog_stretch__elasticidade","Frog stretch"
"exercises","alongamento_lateral_de_adutores__elasticidade","Alongamento lateral de adutores"
"exercises","cossack_passivo__elasticidade","Cossack passivo"
"exercises","rock_back_de_adutores_dinamico__elasticidade","Rock back de adutores dinâmico"
"exercises","pnf_de_adutores_em_borboleta__elasticidade","PNF de adutores em borboleta"
"exercises","abertura_lateral_assistida__elasticidade","Abertura lateral assistida"
"exercises","cooldown_de_adutores_pos_artes_marciais__elasticidade","Cooldown de adutores pós-artes marciais"
"exercises","tfl_em_pe_com_perna_cruzada__elasticidade","TFL em pé com perna cruzada"
"exercises","tfl_contra_parede__elasticidade","TFL contra parede"
"exercises","alongamento_lateral_da_anca_deitado__elasticidade","Alongamento lateral da anca deitado"
"exercises","gluteo_medio_joelho_cruzado_ao_peito__elasticidade","Glúteo médio joelho cruzado ao peito"
"exercises","cadeia_lateral_da_coxa_com_perna_cruzada__elasticidade","Cadeia lateral da coxa com perna cruzada"
"exercises","cooldown_lateral_da_anca_pos_corrida__elasticidade","Cooldown lateral da anca pós-corrida"
"exercises","gemeos_na_parede_com_joelho_estendido__elasticidade","Gémeos na parede com joelho estendido"
"exercises","gemeos_com_apoio_em_degrau_baixo__elasticidade","Gémeos com apoio em degrau baixo"
"exercises","soleo_na_parede_com_joelho_fletido__elasticidade","Sóleo na parede com joelho fletido"
"exercises","alongamento_de_gemeos_em_degrau__elasticidade","Alongamento de gémeos em degrau"
"exercises","rocking_dinamico_de_tornozelo_e_gemeos__elasticidade","Rocking dinâmico de tornozelo e gémeos"
"exercises","alongamento_leve_do_aquiles__elasticidade","Alongamento leve do Aquiles"
"exercises","cooldown_de_gemeos_pos_corrida__elasticidade","Cooldown de gémeos pós-corrida"
"exercises","tibial_anterior_ajoelhado__elasticidade","Tibial anterior ajoelhado"
"exercises","peito_do_pe_sentado_sobre_os_pes__elasticidade","Peito do pé sentado sobre os pés"
"exercises","peito_do_pe_em_pe_com_apoio__elasticidade","Peito do pé em pé com apoio"
"exercises","alongamento_dos_extensores_dos_dedos_do_pe__elasticidade","Alongamento dos extensores dos dedos do pé"
"exercises","cooldown_leve_da_canela_pos_corrida__elasticidade","Cooldown leve da canela pós-corrida"
"exercises","peito_do_pe_para_pontapes__elasticidade","Peito do pé para pontapés"
"exercises","dedos_contra_parede__elasticidade","Dedos contra parede"
"exercises","alongamento_da_planta_do_pe_ajoelhado__elasticidade","Alongamento da planta do pé ajoelhado"
"exercises","alongamento_do_dedo_grande_na_parede__elasticidade","Alongamento do dedo grande na parede"
"exercises","alongamento_dos_flexores_dos_dedos__elasticidade","Alongamento dos flexores dos dedos"
"exercises","bola_de_massagem_na_planta_do_pe__elasticidade","Bola de massagem na planta do pé"
"exercises","sequencia_de_pes_pos_dia_em_pe__elasticidade","Sequência de pés pós-dia em pé"
"exercises","half_split__elasticidade","Half split"
"exercises","half_split_com_pe_fletido__elasticidade","Half split com pé fletido"
"exercises","lunge_profundo_para_abertura_frontal__elasticidade","Lunge profundo para abertura frontal"
"exercises","abertura_frontal_assistida_com_apoios__elasticidade","Abertura frontal assistida com apoios"
"exercises","pnf_em_half_split__elasticidade","PNF em half split"
"exercises","perna_elevada_em_banco_para_pontape_frontal__elasticidade","Perna elevada em banco para pontapé frontal"
"exercises","pontape_frontal_lento_com_amplitude_progressiva__elasticidade","Pontapé frontal lento com amplitude progressiva"
"exercises","abertura_lateral_em_pe_assistida__elasticidade","Abertura lateral em pé assistida"
"exercises","abertura_lateral_com_apoios__elasticidade","Abertura lateral com apoios"
"exercises","frog_stretch_para_side_split__elasticidade","Frog stretch para side split"
"exercises","cossack_passivo_para_side_split__elasticidade","Cossack passivo para side split"
"exercises","pnf_de_adutores_para_side_split__elasticidade","PNF de adutores para side split"
"exercises","adutor_em_banco_para_pontape_circular__elasticidade","Adutor em banco para pontapé circular"
"exercises","pontape_circular_lento_com_amplitude_progressiva__elasticidade","Pontapé circular lento com amplitude progressiva"
"exercises","90_90_passivo_para_guarda__jiu_jitsu","90/90 passivo para guarda"
"exercises","pigeon_passivo_leve_para_guarda__jiu_jitsu","Pigeon passivo leve para guarda"
"exercises","adutores_no_chao_para_guarda_aberta__jiu_jitsu","Adutores no chão para guarda aberta"
"exercises","borboleta_para_butterfly_guard__jiu_jitsu","Borboleta para butterfly guard"
"exercises","posterior_sentado_para_guarda__jiu_jitsu","Posterior sentado para guarda"
"exercises","sentar_sobre_os_pes_com_apoio__jiu_jitsu","Sentar sobre os pés com apoio"
"exercises","alongamentos_leves_pos_rolas__jiu_jitsu","Alongamentos leves pós-rolas"
"exercises","cooldown_de_guarda_pos_bjj__jiu_jitsu","Cooldown de guarda pós-BJJ"
"exercises","elasticidade__elasticidade","elasticidade"
"exercises","mobilidade__elasticidade","mobilidade"
"exercises","caminhada_leve_de_recuperacao__recuperacao","Caminhada leve de recuperação"
"exercises","caminhada_nasal_leve__recuperacao","Caminhada nasal leve"
"exercises","passeio_leve_pos_refeicao__recuperacao","Passeio leve pós-refeição"
"exercises","bicicleta_muito_leve_de_recuperacao__recuperacao","Bicicleta muito leve de recuperação"
"exercises","bicicleta_leve_pos_treino_de_pernas__recuperacao","Bicicleta leve pós-treino de pernas"
"exercises","eliptica_muito_leve_de_recuperacao__recuperacao","Elíptica muito leve de recuperação"
"exercises","air_bike_muito_leve_de_recuperacao__recuperacao","Air bike muito leve de recuperação"
"exercises","remo_ergometro_muito_leve__recuperacao","Remo ergómetro muito leve"
"exercises","cardio_zona_1_em_maquina__recuperacao","Cardio zona 1 em máquina"
"exercises","flush_pos_pernas__recuperacao","Flush pós-pernas"
"exercises","sombra_tecnica_muito_leve__recuperacao","Sombra técnica muito leve"
"exercises","footwork_leve_de_recuperacao__recuperacao","Footwork leve de recuperação"
"exercises","cooldown_na_passadeira__recuperacao","Cooldown na passadeira"
"exercises","cooldown_caminhada_exterior__recuperacao","Cooldown caminhada exterior"
"exercises","cooldown_pos_musculacao_geral__recuperacao","Cooldown pós-musculação geral"
"exercises","cooldown_pos_treino_superior__recuperacao","Cooldown pós-treino superior"
"exercises","cooldown_pos_treino_inferior__recuperacao","Cooldown pós-treino inferior"
"exercises","cooldown_pos_corrida__recuperacao","Cooldown pós-corrida"
"exercises","cooldown_pos_intervalos_intensos__recuperacao","Cooldown pós-intervalos intensos"
"exercises","cooldown_pos_karate__recuperacao","Cooldown pós-Karate"
"exercises","cooldown_pos_bjj__recuperacao","Cooldown pós-BJJ"
"exercises","cooldown_pos_saco__recuperacao","Cooldown pós-saco"
"exercises","reset_respiratorio_sentado__recuperacao","Reset respiratório sentado"
"exercises","reset_articular_pos_treino__recuperacao","Reset articular pós-treino"
"exercises","respiracao_com_expiracao_longa_deitado__recuperacao","Respiração com expiração longa deitado"
"exercises","respiracao_4_entra_6_sai__recuperacao","Respiração 4 entra, 6 sai"
"exercises","respiracao_90_90_na_parede__recuperacao","Respiração 90/90 na parede"
"exercises","respiracao_90_90_com_pes_no_sofa__recuperacao","Respiração 90/90 com pés no sofá"
"exercises","box_breathing_leve__recuperacao","Box breathing leve"
"exercises","caminhada_leve_com_respiracao_nasal__recuperacao","Caminhada leve com respiração nasal"
"exercises","respiracao_costal_lateral__recuperacao","Respiração costal lateral"
"exercises","sequencia_desligar_pos_treino__recuperacao","Sequência desligar pós-treino"
"exercises","cars_leves_de_corpo_inteiro__recuperacao","CARs leves de corpo inteiro"
"exercises","cars_leves_de_ombros_e_anca__recuperacao","CARs leves de ombros e anca"
"exercises","flow_leve_de_mobilidade__recuperacao","Flow leve de mobilidade"
"exercises","reset_articular_matinal__recuperacao","Reset articular matinal"
"exercises","reset_articular_ao_fim_do_dia__recuperacao","Reset articular ao fim do dia"
"exercises","flow_leve_coluna_e_anca__recuperacao","Flow leve coluna e anca"
"exercises","cat_cow_e_90_90_leve__recuperacao","Cat cow e 90/90 leve"
"exercises","flow_leve_de_ombros__recuperacao","Flow leve de ombros"
"exercises","alongamento_estatico_leve_geral__recuperacao","Alongamento estático leve geral"
"exercises","sequencia_leve_pos_treino_superior__recuperacao","Sequência leve pós-treino superior"
"exercises","sequencia_leve_pos_treino_inferior__recuperacao","Sequência leve pós-treino inferior"
"exercises","alongamentos_leves_a_noite__recuperacao","Alongamentos leves à noite"
"exercises","pescoco_e_peito_pos_computador__recuperacao","Pescoço e peito pós-computador"
"exercises","anca_e_posterior_leve__recuperacao","Anca e posterior leve"
"exercises","alongamento_leve_pos_pontapes__recuperacao","Alongamento leve pós-pontapés"
"exercises","foam_roller_nos_quadriceps__recuperacao","Foam roller nos quadríceps"
"exercises","foam_roller_nos_gemeos__recuperacao","Foam roller nos gémeos"
"exercises","foam_roller_nos_gluteos__recuperacao","Foam roller nos glúteos"
"exercises","foam_roller_no_dorsal__recuperacao","Foam roller no dorsal"
"exercises","foam_roller_na_parte_alta_das_costas__recuperacao","Foam roller na parte alta das costas"
"exercises","foam_roller_nos_adutores__recuperacao","Foam roller nos adutores"
"exercises","sequencia_foam_roller_pos_pernas__recuperacao","Sequência foam roller pós-pernas"
"exercises","foam_roller_pos_artes_marciais__recuperacao","Foam roller pós-artes marciais"
"exercises","bola_de_massagem_na_planta_do_pe__recuperacao","Bola de massagem na planta do pé"
"exercises","bola_de_massagem_nos_gluteos__recuperacao","Bola de massagem nos glúteos"
"exercises","bola_de_massagem_no_peitoral_contra_parede__recuperacao","Bola de massagem no peitoral contra parede"
"exercises","bola_no_trapezio_contra_parede__recuperacao","Bola no trapézio contra parede"
"exercises","bola_de_massagem_no_antebraco__recuperacao","Bola de massagem no antebraço"
"exercises","bola_nas_costas_altas_contra_parede__recuperacao","Bola nas costas altas contra parede"
"exercises","pistola_de_massagem_nos_quadriceps__recuperacao","Pistola de massagem nos quadríceps"
"exercises","pistola_de_massagem_nos_gluteos__recuperacao","Pistola de massagem nos glúteos"
"exercises","pistola_de_massagem_nos_gemeos__recuperacao","Pistola de massagem nos gémeos"
"exercises","pistola_de_massagem_no_dorsal__recuperacao","Pistola de massagem no dorsal"
"exercises","pistola_de_massagem_no_deltoide__recuperacao","Pistola de massagem no deltoide"
"exercises","protocolo_seguro_de_pistola_de_massagem__recuperacao","Protocolo seguro de pistola de massagem"
"exercises","calor_leve_para_relaxamento_muscular__recuperacao","Calor leve para relaxamento muscular"
"exercises","duche_quente_pos_treino_leve__recuperacao","Duche quente pós-treino leve"
"exercises","frio_local_curto__recuperacao","Frio local curto"
"exercises","contraste_simples_no_duche__recuperacao","Contraste simples no duche"
"exercises","calor_para_rigidez_matinal__recuperacao","Calor para rigidez matinal"
"exercises","checklist_de_seguranca_para_temperatura__recuperacao","Checklist de segurança para temperatura"
"exercises","shake_out_de_maos_entre_rounds__recuperacao","Shake out de mãos entre rounds"
"exercises","shake_out_pos_barras__recuperacao","Shake out pós-barras"
"exercises","alongamento_leve_de_flexores_do_punho__recuperacao","Alongamento leve de flexores do punho"
"exercises","alongamento_leve_de_extensores_do_punho__recuperacao","Alongamento leve de extensores do punho"
"exercises","extensao_dos_dedos_com_elastico_leve__recuperacao","Extensão dos dedos com elástico leve"
"exercises","sequencia_pos_bjj_para_pega__recuperacao","Sequência pós-BJJ para pega"
"exercises","sequencia_pos_barras_e_farmer_walks__recuperacao","Sequência pós-barras e farmer walks"
"exercises","reset_de_punhos_apos_apoios__recuperacao","Reset de punhos após apoios"
"exercises","recuperacao_dos_pes_apos_dia_em_pe__recuperacao","Recuperação dos pés após dia em pé"
"exercises","libertacao_leve_da_planta_do_pe__recuperacao","Libertação leve da planta do pé"
"exercises","mobilidade_leve_de_tornozelo_pos_treino__recuperacao","Mobilidade leve de tornozelo pós-treino"
"exercises","recuperacao_de_gemeos_pos_corrida__recuperacao","Recuperação de gémeos pós-corrida"
"exercises","recuperacao_de_tibial_anterior_pos_passadeira__recuperacao","Recuperação de tibial anterior pós-passadeira"
"exercises","elevacao_leve_de_pernas__recuperacao","Elevação leve de pernas"
"exercises","sequencia_pos_trabalho_fisico_de_pernas__recuperacao","Sequência pós-trabalho físico de pernas"
"exercises","posicao_de_descarga_lombar_com_pernas_elevadas__recuperacao","Posição de descarga lombar com pernas elevadas"
"exercises","child_pose_leve_para_lombar__recuperacao","Child pose leve para lombar"
"exercises","cat_cow_leve_de_recuperacao__recuperacao","Cat cow leve de recuperação"
"exercises","reset_coluna_pos_computador__recuperacao","Reset coluna pós-computador"
"exercises","reset_de_costas_altas_e_escapulas__recuperacao","Reset de costas altas e escápulas"
"exercises","recuperacao_lombar_pos_dobradica__recuperacao","Recuperação lombar pós-dobradiça"
"exercises","checklist_de_alerta_para_lombar__recuperacao","Checklist de alerta para lombar"
"exercises","sequencia_pos_karate__recuperacao","Sequência pós-Karate"
"exercises","sequencia_pos_bjj__recuperacao","Sequência pós-BJJ"
"exercises","sequencia_pos_saco__recuperacao","Sequência pós-saco"
"exercises","pescoco_e_ombros_pos_grappling__recuperacao","Pescoço e ombros pós-grappling"
"exercises","adutores_e_anca_pos_artes_marciais__recuperacao","Adutores e anca pós-artes marciais"
"exercises","desligar_sistema_nervoso_pos_treino_marcial__recuperacao","Desligar sistema nervoso pós-treino marcial"
"exercises","reset_leve_pos_sparring_tecnico__recuperacao","Reset leve pós-sparring técnico"
"exercises","check_in_de_carga_do_dia__recuperacao","Check-in de carga do dia"
"exercises","semana_de_deload_por_volume__recuperacao","Semana de deload por volume"
"exercises","semana_de_deload_por_intensidade__recuperacao","Semana de deload por intensidade"
"exercises","trocar_sessao_pesada_por_sessao_leve__recuperacao","Trocar sessão pesada por sessão leve"
"exercises","regra_entre_treinos_do_mesmo_musculo__recuperacao","Regra entre treinos do mesmo músculo"
"exercises","regra_entre_treinos_de_artes_marciais__recuperacao","Regra entre treinos de artes marciais"
"exercises","escala_simples_de_prontidao__recuperacao","Escala simples de prontidão"
"exercises","checklist_de_sinais_de_sobrecarga__recuperacao","Checklist de sinais de sobrecarga"
"exercises","rotina_basica_pre_sono__recuperacao","Rotina básica pré-sono"
"exercises","desaceleracao_ao_fim_do_dia__recuperacao","Desaceleração ao fim do dia"
"exercises","mobilidade_leve_antes_de_dormir__recuperacao","Mobilidade leve antes de dormir"
"exercises","respiracao_para_pre_sono__recuperacao","Respiração para pré-sono"
"exercises","recuperacao_apos_treino_tardio__recuperacao","Recuperação após treino tardio"
"exercises","dia_de_descanso_estruturado__recuperacao","Dia de descanso estruturado"
"exercises","triagem_de_dor_muscular_tardia__recuperacao","Triagem de dor muscular tardia"
"exercises","regra_para_dor_articular__recuperacao","Regra para dor articular"
"exercises","regra_para_tendao_irritado__recuperacao","Regra para tendão irritado"
"exercises","regra_para_formigueiro_ou_dormencia__recuperacao","Regra para formigueiro ou dormência"
"exercises","regra_de_parar_em_lesao_aguda__recuperacao","Regra de parar em lesão aguda"
"exercises","sinais_para_avaliacao_profissional__recuperacao","Sinais para avaliação profissional"
"exercises","cardio_leve_geral__aquecimento","Cardio leve geral"
"exercises","marcha_no_lugar_progressiva__aquecimento","Marcha no lugar progressiva"
"exercises","caminhada_leve_pre_treino__aquecimento","Caminhada leve pré-treino"
"exercises","bicicleta_leve_pre_treino__aquecimento","Bicicleta leve pré-treino"
"exercises","passadeira_caminhada_progressiva__aquecimento","Passadeira caminhada progressiva"
"exercises","passadeira_corrida_muito_leve__aquecimento","Passadeira corrida muito leve"
"exercises","corda_leve_de_aquecimento__aquecimento","Corda leve de aquecimento"
"exercises","corda_boxer_step_leve__aquecimento","Corda boxer step leve"
"exercises","sombra_leve_geral__aquecimento","Sombra leve geral"
"exercises","sombra_com_guarda_e_passos_curtos__aquecimento","Sombra com guarda e passos curtos"
"exercises","respiracao_em_rampa_leve__aquecimento","Respiração em rampa leve"
"exercises","caminhada_com_respiracao_progressiva__aquecimento","Caminhada com respiração progressiva"
"exercises","cars_gerais_de_corpo_inteiro__aquecimento","CARs gerais de corpo inteiro"
"exercises","sequencia_pescoco_ombros_anca_e_tornozelos__aquecimento","Sequência pescoço, ombros, anca e tornozelos"
"exercises","pescoco_suave_de_aquecimento__aquecimento","Pescoço suave de aquecimento"
"exercises","circulos_de_ombros__aquecimento","Círculos de ombros"
"exercises","shoulder_cars_leves__aquecimento","Shoulder CARs leves"
"exercises","circulos_de_punho_e_abrir_dedos__aquecimento","Círculos de punho e abrir dedos"
"exercises","rocking_leve_de_punhos__aquecimento","Rocking leve de punhos"
"exercises","cat_cow_leve_pre_treino__aquecimento","Cat cow leve pré-treino"
"exercises","rotacao_toracica_em_quadrupedia__aquecimento","Rotação torácica em quadrupedia"
"exercises","circulos_de_anca_com_apoio__aquecimento","Círculos de anca com apoio"
"exercises","flexao_e_extensao_leve_do_joelho__aquecimento","Flexão e extensão leve do joelho"
"exercises","circulos_de_tornozelo_e_dedos__aquecimento","Círculos de tornozelo e dedos"
"exercises","world_greatest_stretch_dinamico__aquecimento","World greatest stretch dinâmico"
"exercises","flow_dinamico_curto__aquecimento","Flow dinâmico curto"
"exercises","shin_box_switches_dinamicos__aquecimento","Shin box switches dinâmicos"
"exercises","90_90_switches_leves__aquecimento","90/90 switches leves"
"exercises","open_book_dinamico__aquecimento","Open book dinâmico"
"exercises","rotacao_toracica_com_alcance__aquecimento","Rotação torácica com alcance"
"exercises","knee_to_wall_dinamico__aquecimento","Knee to wall dinâmico"
"exercises","rocking_de_tornozelo_em_avanco__aquecimento","Rocking de tornozelo em avanço"
"exercises","leg_swings_frontais_controlados__aquecimento","Leg swings frontais controlados"
"exercises","walkouts_de_posterior_leves__aquecimento","Walkouts de posterior leves"
"exercises","rock_back_de_adutores_dinamico__aquecimento","Rock back de adutores dinâmico"
"exercises","cossack_parcial_dinamico__aquecimento","Cossack parcial dinâmico"
"exercises","wall_slides_dinamicos__aquecimento","Wall slides dinâmicos"
"exercises","agachamento_assistido_dinamico__aquecimento","Agachamento assistido dinâmico"
"exercises","glute_bridge_de_ativacao__ativacao","Glute bridge de ativação"
"exercises","glute_bridge_com_pausa_no_topo__ativacao","Glute bridge com pausa no topo"
"exercises","clam_shell_leve__ativacao","Clam shell leve"
"exercises","lateral_band_walk__ativacao","Lateral band walk"
"exercises","monster_walk_leve__ativacao","Monster walk leve"
"exercises","rotacao_externa_de_anca_com_mini_band__ativacao","Rotação externa de anca com mini band"
"exercises","hip_airplane_assistido__ativacao","Hip airplane assistido"
"exercises","marcha_de_joelho_alto_controlada__ativacao","Marcha de joelho alto controlada"
"exercises","camara_de_pontape_frontal_ativa__ativacao","Câmara de pontapé frontal ativa"
"exercises","adductor_squeeze_leve__ativacao","Adductor squeeze leve"
"exercises","copenhagen_regressao_curta__ativacao","Copenhagen regressão curta"
"exercises","equilibrio_unipodal_com_joelho_alto__ativacao","Equilíbrio unipodal com joelho alto"
"exercises","agachamento_com_pausa_leve__ativacao","Agachamento com pausa leve"
"exercises","squat_to_stand_leve__ativacao","Squat to stand leve"
"exercises","camara_de_pontape_circular_ativa__ativacao","Câmara de pontapé circular ativa"
"exercises","respiracao_com_bracing_leve__ativacao","Respiração com bracing leve"
"exercises","brace_em_pe_antes_de_carga__ativacao","Brace em pé antes de carga"
"exercises","prancha_curta_de_ativacao__ativacao","Prancha curta de ativação"
"exercises","hollow_hold_leve__ativacao","Hollow hold leve"
"exercises","pallof_press_leve__ativacao","Pallof press leve"
"exercises","dead_bug_de_ativacao__ativacao","Dead bug de ativação"
"exercises","dead_bug_com_expiracao__ativacao","Dead bug com expiração"
"exercises","bird_dog_de_ativacao__ativacao","Bird dog de ativação"
"exercises","side_plank_curta__ativacao","Side plank curta"
"exercises","side_plank_com_joelhos_apoiados__ativacao","Side plank com joelhos apoiados"
"exercises","mcgill_curl_up_leve__ativacao","McGill curl-up leve"
"exercises","rotacao_toracica_com_core_ativo__ativacao","Rotação torácica com core ativo"
"exercises","bear_hold_curto__ativacao","Bear hold curto"
"exercises","scapular_push_up_leve__ativacao","Scapular push-up leve"
"exercises","prancha_com_protracao_escapular__ativacao","Prancha com protração escapular"
"exercises","band_pull_apart_leve__ativacao","Band pull-apart leve"
"exercises","retracao_escapular_em_pe__ativacao","Retração escapular em pé"
"exercises","scapular_pull_up_leve__ativacao","Scapular pull-up leve"
"exercises","depressao_escapular_com_elastico__ativacao","Depressão escapular com elástico"
"exercises","wall_slides_com_foco_em_escapula__ativacao","Wall slides com foco em escápula"
"exercises","y_raise_leve__ativacao","Y raise leve"
"exercises","prone_y_t_w_leve__ativacao","Prone Y T W leve"
"exercises","serratus_wall_slide__ativacao","Serratus wall slide"
"exercises","face_pull_leve_de_ativacao__ativacao","Face pull leve de ativação"
"exercises","guarda_alta_com_serratil_ativo__ativacao","Guarda alta com serrátil ativo"
"exercises","rotacao_externa_com_elastico_leve__ativacao","Rotação externa com elástico leve"
"exercises","rotacao_externa_deitado_de_lado_leve__ativacao","Rotação externa deitado de lado leve"
"exercises","rotacao_interna_com_elastico_leve__ativacao","Rotação interna com elástico leve"
"exercises","isometria_de_rotacao_externa_na_parede__ativacao","Isometria de rotação externa na parede"
"exercises","isometria_de_rotacao_interna_na_parede__ativacao","Isometria de rotação interna na parede"
"exercises","overhead_hold_leve__ativacao","Overhead hold leve"
"exercises","bottoms_up_carry_leve__ativacao","Bottoms-up carry leve"
"exercises","push_up_plus_regressivo__ativacao","Push-up plus regressivo"
"exercises","straight_arm_pulldown_leve__ativacao","Straight arm pulldown leve"
"exercises","jab_leve_no_ar_com_guarda__ativacao","Jab leve no ar com guarda"
"exercises","sombra_so_de_maos_leve__ativacao","Sombra só de mãos leve"
"exercises","frames_leves_em_quadrupedia__ativacao","Frames leves em quadrupedia"
"exercises","rocking_de_punhos_para_apoio__aquecimento","Rocking de punhos para apoio"
"exercises","punhos_para_flexoes_na_parede__aquecimento","Punhos para flexões na parede"
"exercises","punhos_e_dedos_para_grappling__aquecimento","Punhos e dedos para grappling"
"exercises","aquecimento_de_pega_com_kimono__aquecimento","Aquecimento de pega com kimono"
"exercises","pega_leve_em_toalha__aquecimento","Pega leve em toalha"
"exercises","aquecimento_de_pega_para_barras__aquecimento","Aquecimento de pega para barras"
"exercises","extensao_de_dedos_com_elastico_leve__aquecimento","Extensão de dedos com elástico leve"
"exercises","pronacao_e_supinacao_ativa__aquecimento","Pronação e supinação ativa"
"exercises","pronacao_e_supinacao_com_halter_leve__aquecimento","Pronação e supinação com halter leve"
"exercises","alinhamento_de_punho_na_parede__aquecimento","Alinhamento de punho na parede"
"exercises","toques_leves_no_saco_para_punhos__aquecimento","Toques leves no saco para punhos"
"exercises","checklist_de_maos_antes_de_contacto__aquecimento","Checklist de mãos antes de contacto"
"exercises","short_foot_de_aquecimento__aquecimento","Short foot de aquecimento"
"exercises","doming_do_pe__aquecimento","Doming do pé"
"exercises","toe_yoga__aquecimento","Toe yoga"
"exercises","knee_to_wall_pre_agachamento__aquecimento","Knee to wall pré-agachamento"
"exercises","equilibrio_unipodal__aquecimento","Equilíbrio unipodal"
"exercises","elevacao_de_tibial_na_parede__aquecimento","Elevação de tibial na parede"
"exercises","toe_raises_em_pe__aquecimento","Toe raises em pé"
"exercises","calf_raises_leves__aquecimento","Calf raises leves"
"exercises","soleus_raises_leves__aquecimento","Soleus raises leves"
"exercises","pogo_prep_baixo__aquecimento","Pogo prep baixo"
"exercises","pivots_controlados__aquecimento","Pivots controlados"
"exercises","base_marcial_com_troca_de_peso__aquecimento","Base marcial com troca de peso"
"exercises","circuito_leve_de_ombro_preventivo__prevencao","Circuito leve de ombro preventivo"
"exercises","rotacao_externa_progressiva_leve__prevencao","Rotação externa progressiva leve"
"exercises","face_pull_preventivo_leve__prevencao","Face pull preventivo leve"
"exercises","y_t_w_preventivo__prevencao","Y T W preventivo"
"exercises","isometria_leve_de_flexao_do_cotovelo__prevencao","Isometria leve de flexão do cotovelo"
"exercises","isometria_leve_de_extensao_do_cotovelo__prevencao","Isometria leve de extensão do cotovelo"
"exercises","circuito_punho_cotovelo_leve__prevencao","Circuito punho-cotovelo leve"
"exercises","sequencia_preventiva_para_striking__prevencao","Sequência preventiva para striking"
"exercises","sequencia_preventiva_para_grappling__prevencao","Sequência preventiva para grappling"
"exercises","wall_slide_e_rotacao_externa__prevencao","Wall slide e rotação externa"
"exercises","scapular_push_up_preventivo__prevencao","Scapular push-up preventivo"
"exercises","rotacao_externa_isometrica_semanal__prevencao","Rotação externa isométrica semanal"
"exercises","hinge_drill_com_cabo_de_vassoura__prevencao","Hinge drill com cabo de vassoura"
"exercises","dead_bug_preventivo__prevencao","Dead bug preventivo"
"exercises","hip_airplane_assistido_preventivo__prevencao","Hip airplane assistido preventivo"
"exercises","step_down_controlado__prevencao","Step down controlado"
"exercises","agachamento_para_caixa_controlado__prevencao","Agachamento para caixa controlado"
"exercises","copenhagen_regressao_de_joelho_apoiado__prevencao","Copenhagen regressão de joelho apoiado"
"exercises","adductor_squeeze_preventivo__prevencao","Adductor squeeze preventivo"
"exercises","hip_hinge_unilateral_assistido__prevencao","Hip hinge unilateral assistido"
"exercises","nordic_regressao_isometrica__prevencao","Nordic regressão isométrica"
"exercises","monster_walk_preventivo__prevencao","Monster walk preventivo"
"exercises","split_squat_controlado__prevencao","Split squat controlado"
"exercises","bird_dog_e_shrimp_leve__prevencao","Bird dog e shrimp leve"
"exercises","equilibrio_unipodal_preventivo__prevencao","Equilíbrio unipodal preventivo"
"exercises","short_foot_preventivo__prevencao","Short foot preventivo"
"exercises","toe_yoga_preventivo__prevencao","Toe yoga preventivo"
"exercises","elevacao_de_tibial_progressiva__prevencao","Elevação de tibial progressiva"
"exercises","calf_raise_controlado__prevencao","Calf raise controlado"
"exercises","soleus_raise_controlado__prevencao","Soleus raise controlado"
"exercises","isometria_de_gemeos_em_meia_ponta__prevencao","Isometria de gémeos em meia ponta"
"exercises","aterragem_suave_de_baixa_altura__prevencao","Aterragem suave de baixa altura"
"exercises","circuito_perna_inferior_para_corrida__prevencao","Circuito perna inferior para corrida"
"exercises","circuito_tornozelo_para_footwork_marcial__prevencao","Circuito tornozelo para footwork marcial"
"exercises","aquecimento_especifico_para_agachamento__aquecimento","Aquecimento específico para agachamento"
"exercises","squat_sem_carga_com_pausa__aquecimento","Squat sem carga com pausa"
"exercises","aquecimento_especifico_para_hinge__aquecimento","Aquecimento específico para hinge"
"exercises","good_morning_sem_carga__aquecimento","Good morning sem carga"
"exercises","aquecimento_especifico_para_empurrar__aquecimento","Aquecimento específico para empurrar"
"exercises","flexao_inclinada_leve__aquecimento","Flexão inclinada leve"
"exercises","aquecimento_especifico_para_puxar__aquecimento","Aquecimento específico para puxar"
"exercises","remada_elastico_leve__aquecimento","Remada elástico leve"
"exercises","aquecimento_especifico_para_lunge__aquecimento","Aquecimento específico para lunge"
"exercises","aquecimento_especifico_para_carries__aquecimento","Aquecimento específico para carries"
"exercises","aquecimento_especifico_para_rotacao__aquecimento","Aquecimento específico para rotação"
"exercises","aterragem_e_pogo_prep__aquecimento","Aterragem e pogo prep"
"exercises","series_de_aproximacao__aquecimento","Séries de aproximação"
"exercises","serie_tecnica_com_40_a_60_por_cento_da_carga__aquecimento","Série técnica com 40 a 60 por cento da carga"
"exercises","aquecimento_para_supino__aquecimento","Aquecimento para supino"
"exercises","aquecimento_para_flexoes__aquecimento","Aquecimento para flexões"
"exercises","aquecimento_para_remadas__aquecimento","Aquecimento para remadas"
"exercises","aquecimento_para_barras__aquecimento","Aquecimento para barras"
"exercises","aquecimento_para_ombro__aquecimento","Aquecimento para ombro"
"exercises","aquecimento_para_bracos__aquecimento","Aquecimento para braços"
"exercises","aquecimento_para_dia_de_squat__aquecimento","Aquecimento para dia de squat"
"exercises","aquecimento_para_dia_de_deadlift__aquecimento","Aquecimento para dia de deadlift"
"exercises","aquecimento_para_treino_de_core__aquecimento","Aquecimento para treino de core"
"exercises","ramp_up_para_press_vertical__aquecimento","Ramp-up para press vertical"
"exercises","entrada_progressiva_no_cardio__aquecimento","Entrada progressiva no cardio"
"exercises","aquecimento_para_corrida_exterior__aquecimento","Aquecimento para corrida exterior"
"exercises","aquecimento_para_passadeira__aquecimento","Aquecimento para passadeira"
"exercises","aquecimento_para_corda__aquecimento","Aquecimento para corda"
"exercises","corda_progressiva_por_blocos__aquecimento","Corda progressiva por blocos"
"exercises","aquecimento_para_hiit_peso_corporal__aquecimento","Aquecimento para HIIT peso corporal"
"exercises","ramp_up_de_hiit_em_maquina__aquecimento","Ramp-up de HIIT em máquina"
"exercises","aquecimento_para_sprints__aquecimento","Aquecimento para sprints"
"exercises","aceleracoes_progressivas__aquecimento","Acelerações progressivas"
"exercises","aquecimento_para_mudancas_de_direcao__aquecimento","Aquecimento para mudanças de direção"
"exercises","aquecimento_para_bicicleta_ou_eliptica__aquecimento","Aquecimento para bicicleta ou elíptica"
"exercises","aquecimento_para_remo_ergometro__aquecimento","Aquecimento para remo ergómetro"
"exercises","aquecimento_marcial_geral__aquecimento","Aquecimento marcial geral"
"exercises","aquecimento_para_karate__aquecimento","Aquecimento para Karate"
"exercises","bases_de_karate_progressivas__aquecimento","Bases de Karate progressivas"
"exercises","aquecimento_para_bjj__aquecimento","Aquecimento para BJJ"
"exercises","solo_leve_de_bjj__aquecimento","Solo leve de BJJ"
"exercises","aquecimento_para_boxe__aquecimento","Aquecimento para Boxe"
"exercises","footwork_de_boxe_progressivo__aquecimento","Footwork de Boxe progressivo"
"exercises","aquecimento_para_kickboxing_e_muay_thai__aquecimento","Aquecimento para Kickboxing e Muay Thai"
"exercises","checks_e_teeps_leves__aquecimento","Checks e teeps leves"
"exercises","aquecimento_para_judo__aquecimento","Aquecimento para Judo"
"exercises","ukemi_progressivo__aquecimento","Ukemi progressivo"
"exercises","aquecimento_para_taekwondo__aquecimento","Aquecimento para Taekwondo"
"exercises","camaras_de_pontape_progressivas__aquecimento","Câmaras de pontapé progressivas"
"exercises","aquecimento_para_defesa_pessoal_funcional__aquecimento","Aquecimento para defesa pessoal funcional"
"exercises","guarda_saida_e_levantar_do_chao__aquecimento","Guarda, saída e levantar do chão"
"exercises","primer_neural_geral_curto__aquecimento","Primer neural geral curto"
"exercises","repeticoes_rapidas_submaximas__aquecimento","Repetições rápidas submáximas"
"exercises","equilibrio_unilateral_como_primer__aquecimento","Equilíbrio unilateral como primer"
"exercises","reacao_leve_com_comandos__aquecimento","Reação leve com comandos"
"exercises","ensaio_tecnico_do_exercicio_principal__aquecimento","Ensaio técnico do exercício principal"
"exercises","potenciacao_leve_para_forca__aquecimento","Potenciação leve para força"
"exercises","timing_marcial_leve__aquecimento","Timing marcial leve"
"exercises","agilidade_progressiva_com_cones__aquecimento","Agilidade progressiva com cones"
"exercises","passos_laterais_progressivos__aquecimento","Passos laterais progressivos"
"exercises","aceleracao_tecnica_curta__aquecimento","Aceleração técnica curta"
"exercises","preparacao_para_ombros_rigidos__prevencao","Preparação para ombros rígidos"
"exercises","preparacao_para_lombar_rigida__prevencao","Preparação para lombar rígida"
"exercises","preparacao_para_joelho_sensivel__prevencao","Preparação para joelho sensível"
"exercises","preparacao_para_anca_rigida__prevencao","Preparação para anca rígida"
"exercises","preparacao_para_gemeos_tensos__prevencao","Preparação para gémeos tensos"
"exercises","preparacao_quando_a_pega_esta_cansada__prevencao","Preparação quando a pega está cansada"
"exercises","preparacao_pos_computador_antes_de_treinar__prevencao","Preparação pós-computador antes de treinar"
"exercises","aquecimento_adaptado_a_dias_de_calor__prevencao","Aquecimento adaptado a dias de calor"
"exercises","wall_slides_pos_computador_pre_treino__prevencao","Wall slides pós-computador pré-treino"
"exercises","respiracao_e_pelvic_tilts_pre_treino__prevencao","Respiração e pelvic tilts pré-treino"
"exercises","check_in_geral_antes_do_treino__aquecimento","Check-in geral antes do treino"
"exercises","check_de_dor_articular__aquecimento","Check de dor articular"
"exercises","check_de_tendoes__aquecimento","Check de tendões"
"exercises","check_antes_de_contacto_marcial__aquecimento","Check antes de contacto marcial"
"exercises","check_antes_de_hiit_ou_sprints__aquecimento","Check antes de HIIT ou sprints"
"exercises","check_antes_de_forca_pesada__aquecimento","Check antes de força pesada"
"exercises","check_do_intervalo_desde_o_ultimo_treino__aquecimento","Check do intervalo desde o último treino"
"exercises","ajuste_do_plano_pelo_estado_do_dia__aquecimento","Ajuste do plano pelo estado do dia"
"aliases","isometria_cervical_frontal_leve","isometria_cervical_frontal_leve"
"aliases","isometria_cervical_frontal_leve__pescoco","isometria_cervical_frontal_leve"
"aliases","isometria_cervical_lateral_leve","isometria_cervical_lateral_leve"
"aliases","isometria_cervical_lateral_leve__pescoco","isometria_cervical_lateral_leve"
"aliases","chin_tuck","chin_tuck"
"aliases","chin_tuck__pescoco","chin_tuck"
"aliases","rotacao_cervical_controlada","rotacao_cervical_controlada"
"aliases","rotacao_cervical_controlada__pescoco","rotacao_cervical_controlada"
"aliases","isometria_cervical_posterior_leve","isometria_cervical_posterior_leve"
"aliases","isometria_cervical_posterior_leve__pescoco","isometria_cervical_posterior_leve"
"aliases","encolhimento_de_ombros_com_halteres","encolhimento_de_ombros_com_halteres"
"aliases","encolhimento_de_ombros_com_halteres__trapezio","encolhimento_de_ombros_com_halteres"
"aliases","encolhimento_de_ombros_com_barra","encolhimento_de_ombros_com_barra"
"aliases","encolhimento_de_ombros_com_barra__trapezio","encolhimento_de_ombros_com_barra"
"aliases","encolhimento_de_ombros_na_maquina","encolhimento_de_ombros_na_maquina"
"aliases","encolhimento_de_ombros_na_maquina__trapezio","encolhimento_de_ombros_na_maquina"
"aliases","remo_alto_leve","remo_alto_leve"
"aliases","remo_alto_leve__trapezio","remo_alto_leve"
"aliases","face_pull_no_cabo","face_pull_no_cabo"
"aliases","face_pull_no_cabo__trapezio","face_pull_no_cabo"
"aliases","press_militar_com_barra_em_pe","press_militar_com_barra_em_pe"
"aliases","press_militar_com_barra_em_pe__ombros","press_militar_com_barra_em_pe"
"aliases","press_militar_com_halteres","press_militar_com_halteres"
"aliases","press_militar_com_halteres__ombros","press_militar_com_halteres"
"aliases","press_militar_com_barra","press_militar_com_barra"
"aliases","press_militar_com_barra__ombros","press_militar_com_barra"
"aliases","arnold_press","arnold_press"
"aliases","arnold_press__ombros","arnold_press"
"aliases","elevacao_lateral","elevacao_lateral"
"aliases","elevacao_lateral__ombros","elevacao_lateral"
"aliases","elevacao_frontal","elevacao_frontal"
"aliases","elevacao_frontal__ombros","elevacao_frontal"
"aliases","elevacao_posterior","elevacao_posterior"
"aliases","elevacao_posterior__ombros","elevacao_posterior"
"aliases","reverse_fly","reverse_fly"
"aliases","reverse_fly__ombros","reverse_fly"
"aliases","face_pull_no_cabo__ombros","face_pull_no_cabo"
"aliases","face_pull_com_elastico","face_pull_com_elastico"
"aliases","face_pull_com_elastico__ombros","face_pull_com_elastico"
"aliases","pull_apart","pull_apart"
"aliases","pull_apart__ombros","pull_apart"
"aliases","mobilidade_de_ombro_com_elastico","mobilidade_de_ombro_com_elastico"
"aliases","mobilidade_de_ombro_com_elastico__ombros","mobilidade_de_ombro_com_elastico"
"aliases","wall_slides","wall_slides"
"aliases","wall_slides__ombros","wall_slides"
"aliases","rotacao_externa","rotacao_externa"
"aliases","rotacao_externa__ombros","rotacao_externa"
"aliases","rotacao_externa_com_elastico","rotacao_externa_com_elastico"
"aliases","rotacao_externa_com_elastico__ombros","rotacao_externa_com_elastico"
"aliases","rotacao_interna","rotacao_interna"
"aliases","rotacao_interna__ombros","rotacao_interna"
"aliases","rotacao_interna_com_elastico","rotacao_interna_com_elastico"
"aliases","rotacao_interna_com_elastico__ombros","rotacao_interna_com_elastico"
"aliases","y_raise","y_raise"
"aliases","y_raise__ombros","y_raise"
"aliases","w_raise","w_raise"
"aliases","w_raise__ombros","w_raise"
"aliases","scapular_push_up","scapular_push_up"
"aliases","scapular_push_up__ombros","scapular_push_up"
"aliases","pike_push_up","pike_push_up"
"aliases","pike_push_up__ombros","pike_push_up"
"aliases","elevacao_no_plano_da_omoplata","elevacao_no_plano_da_omoplata"
"aliases","elevacao_no_plano_da_omoplata__ombros","elevacao_no_plano_da_omoplata"
"aliases","push_up","push_up"
"aliases","flexao_classica","push_up"
"aliases","flexao_classica__peito","push_up"
"aliases","pushup","push_up"
"aliases","flexao_bracos","push_up"
"aliases","flexao_com_joelhos_apoiados","flexao_com_joelhos_apoiados"
"aliases","flexao_com_joelhos_apoiados__peito","flexao_com_joelhos_apoiados"
"aliases","flexao_inclinada","flexao_inclinada"
"aliases","flexao_inclinada__peito","flexao_inclinada"
"aliases","flexao_declinada","flexao_declinada"
"aliases","flexao_declinada__peito","flexao_declinada"
"aliases","flexao_aberta","flexao_aberta"
"aliases","flexao_aberta__peito","flexao_aberta"
"aliases","flexao_arqueiro","flexao_arqueiro"
"aliases","flexao_arqueiro__peito","flexao_arqueiro"
"aliases","supino_com_barra","supino_com_barra"
"aliases","supino_com_barra__peito","supino_com_barra"
"aliases","supino_com_halteres","supino_com_halteres"
"aliases","supino_com_halteres__peito","supino_com_halteres"
"aliases","supino_inclinado_com_halteres","supino_inclinado_com_halteres"
"aliases","supino_inclinado_com_halteres__peito","supino_inclinado_com_halteres"
"aliases","supino_inclinado_com_barra","supino_inclinado_com_barra"
"aliases","supino_inclinado_com_barra__peito","supino_inclinado_com_barra"
"aliases","supino_declinado_com_halteres","supino_declinado_com_halteres"
"aliases","supino_declinado_com_halteres__peito","supino_declinado_com_halteres"
"aliases","supino_declinado_com_barra","supino_declinado_com_barra"
"aliases","supino_declinado_com_barra__peito","supino_declinado_com_barra"
"aliases","supino_declinado_na_maquina","supino_declinado_na_maquina"
"aliases","supino_declinado_na_maquina__peito","supino_declinado_na_maquina"
"aliases","aberturas_com_halteres","aberturas_com_halteres"
"aliases","aberturas_com_halteres__peito","aberturas_com_halteres"
"aliases","aberturas_inclinadas_com_halteres","aberturas_inclinadas_com_halteres"
"aliases","aberturas_inclinadas_com_halteres__peito","aberturas_inclinadas_com_halteres"
"aliases","aberturas_inclinadas_no_cabo","aberturas_inclinadas_no_cabo"
"aliases","aberturas_inclinadas_no_cabo__peito","aberturas_inclinadas_no_cabo"
"aliases","aberturas_inclinadas_com_elastico","aberturas_inclinadas_com_elastico"
"aliases","aberturas_inclinadas_com_elastico__peito","aberturas_inclinadas_com_elastico"
"aliases","squeeze_press","squeeze_press"
"aliases","squeeze_press__peito","squeeze_press"
"aliases","chest_press","chest_press"
"aliases","chest_press__peito","chest_press"
"aliases","dips_para_peito_em_paralelas","dips_para_peito_em_paralelas"
"aliases","dips_para_peito_em_paralelas__peito","dips_para_peito_em_paralelas"
"aliases","dips_assistidos_para_peito_na_maquina","dips_assistidos_para_peito_na_maquina"
"aliases","dips_assistidos_para_peito_na_maquina__peito","dips_assistidos_para_peito_na_maquina"
"aliases","crossover_no_cabo","crossover_no_cabo"
"aliases","crossover_no_cabo__peito","crossover_no_cabo"
"aliases","pullover_com_halter","pullover_com_halter"
"aliases","pullover_com_halter__peito","pullover_com_halter"
"aliases","puxada_alta","puxada_alta"
"aliases","puxada_alta__costas","puxada_alta"
"aliases","puxada_alta_pega_aberta","puxada_alta_pega_aberta"
"aliases","puxada_alta_pega_aberta__costas","puxada_alta_pega_aberta"
"aliases","puxada_alta_pega_neutra","puxada_alta_pega_neutra"
"aliases","puxada_alta_pega_neutra__costas","puxada_alta_pega_neutra"
"aliases","puxada_alta_pega_fechada","puxada_alta_pega_fechada"
"aliases","puxada_alta_pega_fechada__costas","puxada_alta_pega_fechada"
"aliases","remo_baixo_no_cabo","remo_baixo_no_cabo"
"aliases","remo_baixo_no_cabo__costas","remo_baixo_no_cabo"
"aliases","remo_sentado","remo_sentado"
"aliases","remo_sentado__costas","remo_sentado"
"aliases","remo_unilateral_com_halter","remo_unilateral_com_halter"
"aliases","remo_unilateral_com_halter__costas","remo_unilateral_com_halter"
"aliases","remo_com_barra","remo_com_barra"
"aliases","remo_com_barra__costas","remo_com_barra"
"aliases","remo_invertido","remo_invertido"
"aliases","remo_invertido__costas","remo_invertido"
"aliases","remo_invertido_em_mesa_resistente","remo_invertido_em_mesa_resistente"
"aliases","remo_invertido_em_mesa_resistente__costas","remo_invertido_em_mesa_resistente"
"aliases","pull_up","pull_up"
"aliases","pull_up__costas","pull_up"
"aliases","scapular_pull_up","scapular_pull_up"
"aliases","scapular_pull_up__costas","scapular_pull_up"
"aliases","dead_hang_escapular","dead_hang_escapular"
"aliases","dead_hang_escapular__costas","dead_hang_escapular"
"aliases","face_pull_no_cabo__costas","face_pull_no_cabo"
"aliases","pullover_no_cabo","pullover_no_cabo"
"aliases","pullover_no_cabo__costas","pullover_no_cabo"
"aliases","pullover_com_halter__costas","pullover_com_halter"
"aliases","good_morning_sem_carga","good_morning_sem_carga"
"aliases","good_morning_sem_carga__costas","good_morning_sem_carga"
"aliases","puxada_com_bracos_esticados","puxada_com_bracos_esticados"
"aliases","puxada_com_bracos_esticados__costas","puxada_com_bracos_esticados"
"aliases","remo_com_elastico","remo_com_elastico"
"aliases","remo_com_elastico__costas","remo_com_elastico"
"aliases","hiperextensao_lombar","hiperextensao_lombar"
"aliases","hiperextensao_lombar__lombar","hiperextensao_lombar"
"aliases","hiperextensao_no_chao","hiperextensao_no_chao"
"aliases","hiperextensao_no_chao__lombar","hiperextensao_no_chao"
"aliases","hiperextensao_no_banco_romano","hiperextensao_no_banco_romano"
"aliases","hiperextensao_no_banco_romano__lombar","hiperextensao_no_banco_romano"
"aliases","superman_isometrico","superman_isometrico"
"aliases","superman_isometrico__lombar","superman_isometrico"
"aliases","extensao_lombar_quadrupede","extensao_lombar_quadrupede"
"aliases","extensao_lombar_quadrupede__lombar","extensao_lombar_quadrupede"
"aliases","good_morning_com_barra","good_morning_com_barra"
"aliases","good_morning_com_barra__lombar","good_morning_com_barra"
"aliases","good_morning_leve_isometrico","good_morning_leve_isometrico"
"aliases","good_morning_leve_isometrico__lombar","good_morning_leve_isometrico"
"aliases","extensao_lombar_com_elastico","extensao_lombar_com_elastico"
"aliases","extensao_lombar_com_elastico__lombar","extensao_lombar_com_elastico"
"aliases","curl_com_barra","curl_com_barra"
"aliases","curl_com_barra__biceps","curl_com_barra"
"aliases","curl_com_halteres","curl_com_halteres"
"aliases","curl_com_halteres__biceps","curl_com_halteres"
"aliases","curl_alternado","curl_alternado"
"aliases","curl_alternado__biceps","curl_alternado"
"aliases","curl_martelo","curl_martelo"
"aliases","curl_martelo__biceps","curl_martelo"
"aliases","curl_concentrado","curl_concentrado"
"aliases","curl_concentrado__biceps","curl_concentrado"
"aliases","curl_inclinado_com_halteres","curl_inclinado_com_halteres"
"aliases","curl_inclinado_com_halteres__biceps","curl_inclinado_com_halteres"
"aliases","curl_inverso","curl_inverso"
"aliases","curl_inverso__biceps","curl_inverso"
"aliases","curl_inverso_com_halteres","curl_inverso_com_halteres"
"aliases","curl_inverso_com_halteres__biceps","curl_inverso_com_halteres"
"aliases","curl_zottman","curl_zottman"
"aliases","curl_zottman__biceps","curl_zottman"
"aliases","curl_cruzado_no_corpo","curl_cruzado_no_corpo"
"aliases","curl_cruzado_no_corpo__biceps","curl_cruzado_no_corpo"
"aliases","curl_spider","curl_spider"
"aliases","curl_spider__biceps","curl_spider"
"aliases","curl_no_cabo","curl_no_cabo"
"aliases","curl_no_cabo__biceps","curl_no_cabo"
"aliases","curl_com_elastico","curl_com_elastico"
"aliases","curl_com_elastico__biceps","curl_com_elastico"
"aliases","curl_21_com_halteres","curl_21_com_halteres"
"aliases","curl_21_com_halteres__biceps","curl_21_com_halteres"
"aliases","curl_arrastado_com_halteres","curl_arrastado_com_halteres"
"aliases","curl_arrastado_com_halteres__biceps","curl_arrastado_com_halteres"
"aliases","curl_isometrico","curl_isometrico"
"aliases","curl_isometrico__biceps","curl_isometrico"
"aliases","chin_up","chin_up"
"aliases","chin_up__biceps","chin_up"
"aliases","extensao_de_triceps_no_cabo","extensao_de_triceps_no_cabo"
"aliases","extensao_de_triceps_no_cabo__triceps","extensao_de_triceps_no_cabo"
"aliases","extensao_acima_da_cabeca_com_halter","extensao_acima_da_cabeca_com_halter"
"aliases","extensao_acima_da_cabeca_com_halter__triceps","extensao_acima_da_cabeca_com_halter"
"aliases","triceps_testa_com_barra_ez","triceps_testa_com_barra_ez"
"aliases","triceps_testa_com_barra_ez__triceps","triceps_testa_com_barra_ez"
"aliases","triceps_testa_com_halteres","triceps_testa_com_halteres"
"aliases","triceps_testa_com_halteres__triceps","triceps_testa_com_halteres"
"aliases","extensao_de_triceps_deitado_com_halteres","extensao_de_triceps_deitado_com_halteres"
"aliases","extensao_de_triceps_deitado_com_halteres__triceps","extensao_de_triceps_deitado_com_halteres"
"aliases","supino_fechado","supino_fechado"
"aliases","supino_fechado__triceps","supino_fechado"
"aliases","press_fechado_com_halteres","press_fechado_com_halteres"
"aliases","press_fechado_com_halteres__triceps","press_fechado_com_halteres"
"aliases","tate_press","tate_press"
"aliases","tate_press__triceps","tate_press"
"aliases","fundos_entre_apoios","fundos_entre_apoios"
"aliases","fundos_entre_apoios__triceps","fundos_entre_apoios"
"aliases","flexao_fechada","flexao_fechada"
"aliases","flexao_fechada__triceps","flexao_fechada"
"aliases","flexao_diamante","flexao_diamante"
"aliases","flexao_diamante__triceps","flexao_diamante"
"aliases","kickback_de_triceps","kickback_de_triceps"
"aliases","kickback_de_triceps__triceps","kickback_de_triceps"
"aliases","kickback_no_cabo","kickback_no_cabo"
"aliases","kickback_no_cabo__triceps","kickback_no_cabo"
"aliases","extensao_unilateral_de_triceps","extensao_unilateral_de_triceps"
"aliases","extensao_unilateral_de_triceps__triceps","extensao_unilateral_de_triceps"
"aliases","extensao_francesa_com_halter","extensao_francesa_com_halter"
"aliases","extensao_francesa_com_halter__triceps","extensao_francesa_com_halter"
"aliases","extensao_francesa_com_barra_ez","extensao_francesa_com_barra_ez"
"aliases","extensao_francesa_com_barra_ez__triceps","extensao_francesa_com_barra_ez"
"aliases","extensao_francesa_no_cabo","extensao_francesa_no_cabo"
"aliases","extensao_francesa_no_cabo__triceps","extensao_francesa_no_cabo"
"aliases","dips_para_triceps","dips_para_triceps"
"aliases","dips_para_triceps__triceps","dips_para_triceps"
"aliases","triceps_no_cabo_com_corda","triceps_no_cabo_com_corda"
"aliases","triceps_no_cabo_com_corda__triceps","triceps_no_cabo_com_corda"
"aliases","triceps_com_elastico","triceps_com_elastico"
"aliases","triceps_com_elastico__triceps","triceps_com_elastico"
"aliases","wrist_curl","wrist_curl"
"aliases","wrist_curl__antebraco_pega","wrist_curl"
"aliases","reverse_wrist_curl","reverse_wrist_curl"
"aliases","reverse_wrist_curl__antebraco_pega","reverse_wrist_curl"
"aliases","farmer_walk","farmer_walk"
"aliases","farmer_walk__antebraco_pega","farmer_walk"
"aliases","farmer_hold","farmer_hold"
"aliases","farmer_hold__antebraco_pega","farmer_hold"
"aliases","dead_hang","dead_hang"
"aliases","dead_hang__antebraco_pega","dead_hang"
"aliases","aperto_isometrico","aperto_isometrico"
"aliases","aperto_isometrico__antebraco_pega","aperto_isometrico"
"aliases","curl_inverso__antebraco_pega","curl_inverso"
"aliases","pronacao_com_halter","pronacao_com_halter"
"aliases","pronacao_com_halter__antebraco_pega","pronacao_com_halter"
"aliases","supinacao_com_halter","supinacao_com_halter"
"aliases","supinacao_com_halter__antebraco_pega","supinacao_com_halter"
"aliases","pinch_grip","pinch_grip"
"aliases","pinch_grip__antebraco_pega","pinch_grip"
"aliases","plate_hold","plate_hold"
"aliases","plate_hold__antebraco_pega","plate_hold"
"aliases","towel_grip_hold","towel_grip_hold"
"aliases","towel_grip_hold__antebraco_pega","towel_grip_hold"
"aliases","finger_curls","finger_curls"
"aliases","finger_curls__antebraco_pega","finger_curls"
"aliases","extensao_de_dedos_com_elastico","extensao_de_dedos_com_elastico"
"aliases","extensao_de_dedos_com_elastico__antebraco_pega","extensao_de_dedos_com_elastico"
"aliases","desvio_radial_com_halter","desvio_radial_com_halter"
"aliases","desvio_radial_com_halter__antebraco_pega","desvio_radial_com_halter"
"aliases","desvio_ulnar_com_halter","desvio_ulnar_com_halter"
"aliases","desvio_ulnar_com_halter__antebraco_pega","desvio_ulnar_com_halter"
"aliases","suitcase_carry","suitcase_carry"
"aliases","suitcase_carry__antebraco_pega","suitcase_carry"
"aliases","hold_estatico_com_halteres","hold_estatico_com_halteres"
"aliases","hold_estatico_com_halteres__antebraco_pega","hold_estatico_com_halteres"
"aliases","rotacao_controlada_com_halter_leve","rotacao_controlada_com_halter_leve"
"aliases","rotacao_controlada_com_halter_leve__antebraco_pega","rotacao_controlada_com_halter_leve"
"aliases","prancha","prancha"
"aliases","prancha__core","prancha"
"aliases","prancha_lateral","prancha_lateral"
"aliases","prancha_lateral__core","prancha_lateral"
"aliases","crunch","crunch"
"aliases","crunch__core","crunch"
"aliases","reverse_crunch","reverse_crunch"
"aliases","reverse_crunch__core","reverse_crunch"
"aliases","elevacao_de_pernas","elevacao_de_pernas"
"aliases","elevacao_de_pernas__core","elevacao_de_pernas"
"aliases","elevacao_de_joelhos_suspenso","elevacao_de_joelhos_suspenso"
"aliases","elevacao_de_joelhos_suspenso__core","elevacao_de_joelhos_suspenso"
"aliases","dead_bug","dead_bug"
"aliases","dead_bug__core","dead_bug"
"aliases","hollow_hold","hollow_hold"
"aliases","hollow_hold__core","hollow_hold"
"aliases","mountain_climbers","mountain_climbers"
"aliases","mountain_climbers__core","mountain_climbers"
"aliases","pallof_press_no_cabo","pallof_press_no_cabo"
"aliases","pallof_press_no_cabo__core","pallof_press_no_cabo"
"aliases","pallof_press_com_elastico","pallof_press_com_elastico"
"aliases","pallof_press_com_elastico__core","pallof_press_com_elastico"
"aliases","russian_twist","russian_twist"
"aliases","russian_twist__core","russian_twist"
"aliases","bicycle_crunch","bicycle_crunch"
"aliases","bicycle_crunch__core","bicycle_crunch"
"aliases","bird_dog","bird_dog"
"aliases","bird_dog__core","bird_dog"
"aliases","side_bend","side_bend"
"aliases","side_bend__core","side_bend"
"aliases","vacuum_abdominal","vacuum_abdominal"
"aliases","vacuum_abdominal__core","vacuum_abdominal"
"aliases","flutter_kicks","flutter_kicks"
"aliases","flutter_kicks__core","flutter_kicks"
"aliases","toe_touches","toe_touches"
"aliases","toe_touches__core","toe_touches"
"aliases","superman","superman"
"aliases","superman__core","superman"
"aliases","lenhador_no_cabo","lenhador_no_cabo"
"aliases","lenhador_no_cabo__core","lenhador_no_cabo"
"aliases","prancha_com_toque_no_ombro","prancha_com_toque_no_ombro"
"aliases","prancha_com_toque_no_ombro__core","prancha_com_toque_no_ombro"
"aliases","agachamento_com_peso_corporal","agachamento_com_peso_corporal"
"aliases","agachamento_com_peso_corporal__pernas","agachamento_com_peso_corporal"
"aliases","agachamento_para_cadeira","agachamento_para_cadeira"
"aliases","agachamento_para_cadeira__pernas","agachamento_para_cadeira"
"aliases","agachamento_goblet","agachamento_goblet"
"aliases","agachamento_goblet__pernas","agachamento_goblet"
"aliases","agachamento_com_halteres_ao_lado","agachamento_com_halteres_ao_lado"
"aliases","agachamento_com_halteres_ao_lado__pernas","agachamento_com_halteres_ao_lado"
"aliases","agachamento_com_barra","agachamento_com_barra"
"aliases","agachamento_com_barra__pernas","agachamento_com_barra"
"aliases","agachamento_com_mochila","agachamento_com_mochila"
"aliases","agachamento_com_mochila__pernas","agachamento_com_mochila"
"aliases","agachamento_com_garrafao","agachamento_com_garrafao"
"aliases","agachamento_com_garrafao__pernas","agachamento_com_garrafao"
"aliases","agachamento_sumo","agachamento_sumo"
"aliases","agachamento_sumo__pernas","agachamento_sumo"
"aliases","agachamento_na_maquina_smith","agachamento_na_maquina_smith"
"aliases","agachamento_na_maquina_smith__pernas","agachamento_na_maquina_smith"
"aliases","agachamento_bulgaro","agachamento_bulgaro"
"aliases","agachamento_bulgaro__pernas","agachamento_bulgaro"
"aliases","agachamento_bulgaro_com_apoio","agachamento_bulgaro_com_apoio"
"aliases","agachamento_bulgaro_com_apoio__pernas","agachamento_bulgaro_com_apoio"
"aliases","extensao_de_perna","extensao_de_perna"
"aliases","extensao_de_perna__pernas","extensao_de_perna"
"aliases","leg_press","leg_press"
"aliases","leg_press__pernas","leg_press"
"aliases","step_up","step_up"
"aliases","step_up__pernas","step_up"
"aliases","wall_sit","wall_sit"
"aliases","wall_sit__pernas","wall_sit"
"aliases","lunges","lunges"
"aliases","lunges__pernas","lunges"
"aliases","lunges_com_halteres","lunges_com_halteres"
"aliases","lunges_com_halteres__pernas","lunges_com_halteres"
"aliases","lunges_com_mochila","lunges_com_mochila"
"aliases","lunges_com_mochila__pernas","lunges_com_mochila"
"aliases","walking_lunges","walking_lunges"
"aliases","walking_lunges__pernas","walking_lunges"
"aliases","peso_morto_tradicional","peso_morto_tradicional"
"aliases","peso_morto_tradicional__pernas","peso_morto_tradicional"
"aliases","peso_morto_romeno_com_halteres","peso_morto_romeno_com_halteres"
"aliases","peso_morto_romeno_com_halteres__pernas","peso_morto_romeno_com_halteres"
"aliases","curl_de_perna","curl_de_perna"
"aliases","curl_de_perna__pernas","curl_de_perna"
"aliases","good_morning_leve","good_morning_leve"
"aliases","good_morning_leve__pernas","good_morning_leve"
"aliases","good_morning_sem_carga__pernas","good_morning_sem_carga"
"aliases","glute_bridge","glute_bridge"
"aliases","ponte_de_gluteo","glute_bridge"
"aliases","ponte_de_gluteo__pernas","glute_bridge"
"aliases","ponte_gluteo","glute_bridge"
"aliases","hip_thrust","hip_thrust"
"aliases","hip_thrust__pernas","hip_thrust"
"aliases","hip_thrust_com_apoio","hip_thrust_com_apoio"
"aliases","hip_thrust_com_apoio__pernas","hip_thrust_com_apoio"
"aliases","abducao_de_anca","abducao_de_anca"
"aliases","abducao_de_anca__pernas","abducao_de_anca"
"aliases","aducao_de_anca","aducao_de_anca"
"aliases","aducao_de_anca__pernas","aducao_de_anca"
"aliases","kickback_de_gluteo","kickback_de_gluteo"
"aliases","kickback_de_gluteo__pernas","kickback_de_gluteo"
"aliases","gemeos_em_pe","gemeos_em_pe"
"aliases","gemeos_em_pe__pernas","gemeos_em_pe"
"aliases","gemeos_sentado","gemeos_sentado"
"aliases","gemeos_sentado__pernas","gemeos_sentado"
"aliases","elevacao_de_gemeos_unilateral","elevacao_de_gemeos_unilateral"
"aliases","elevacao_de_gemeos_unilateral__pernas","elevacao_de_gemeos_unilateral"
"aliases","soleo_sentado","soleo_sentado"
"aliases","soleo_sentado__pernas","soleo_sentado"
"aliases","saltos_leves","saltos_leves"
"aliases","saltos_leves__pernas","saltos_leves"
"aliases","elevacao_tibial","elevacao_tibial"
"aliases","elevacao_tibial__pernas","elevacao_tibial"
"aliases","short_foot_doming","short_foot_doming"
"aliases","short_foot_doming__pernas","short_foot_doming"
"aliases","flexao_ativa_dos_dedos_do_pe","flexao_ativa_dos_dedos_do_pe"
"aliases","flexao_ativa_dos_dedos_do_pe__pernas","flexao_ativa_dos_dedos_do_pe"
"aliases","dorsiflexao_do_tornozelo_com_elastico","dorsiflexao_do_tornozelo_com_elastico"
"aliases","dorsiflexao_do_tornozelo_com_elastico__pernas","dorsiflexao_do_tornozelo_com_elastico"
"aliases","inversao_do_tornozelo_com_elastico","inversao_do_tornozelo_com_elastico"
"aliases","inversao_do_tornozelo_com_elastico__pernas","inversao_do_tornozelo_com_elastico"
"aliases","eversao_do_tornozelo_com_elastico","eversao_do_tornozelo_com_elastico"
"aliases","eversao_do_tornozelo_com_elastico__pernas","eversao_do_tornozelo_com_elastico"
"aliases","flexao_da_anca_em_pe_com_elastico","flexao_da_anca_em_pe_com_elastico"
"aliases","flexao_da_anca_em_pe_com_elastico__pernas","flexao_da_anca_em_pe_com_elastico"
"aliases","copenhagen_plank_com_apoio","copenhagen_plank_com_apoio"
"aliases","copenhagen_plank_com_apoio__pernas","copenhagen_plank_com_apoio"
"aliases","extensao_terminal_do_joelho_com_elastico","extensao_terminal_do_joelho_com_elastico"
"aliases","extensao_terminal_do_joelho_com_elastico__pernas","extensao_terminal_do_joelho_com_elastico"
"aliases","abducao_de_anca_deitada","abducao_de_anca_deitada"
"aliases","abducao_de_anca_deitada__pernas","abducao_de_anca_deitada"
"aliases","clamshell","clamshell"
"aliases","clamshell__pernas","clamshell"
"aliases","curl_nordico_assistido","curl_nordico_assistido"
"aliases","curl_nordico_assistido__pernas","curl_nordico_assistido"
"aliases","peso_morto_unilateral_com_halteres","peso_morto_unilateral_com_halteres"
"aliases","peso_morto_unilateral_com_halteres__pernas","peso_morto_unilateral_com_halteres"
"aliases","marcha_no_lugar","marcha_no_lugar"
"aliases","marcha_no_lugar__cardio","marcha_no_lugar"
"aliases","jumping_jacks","jumping_jacks"
"aliases","jumping_jacks__cardio","jumping_jacks"
"aliases","burpees","burpees"
"aliases","burpees__cardio","burpees"
"aliases","skaters","skaters"
"aliases","skaters__cardio","skaters"
"aliases","high_knees","high_knees"
"aliases","high_knees__cardio","high_knees"
"aliases","circuito_cardio_peso_corporal","circuito_cardio_peso_corporal"
"aliases","circuito_cardio_peso_corporal__cardio","circuito_cardio_peso_corporal"
"aliases","passadeira_caminhada","passadeira_caminhada"
"aliases","passadeira_caminhada__cardio","passadeira_caminhada"
"aliases","passadeira_caminhada_rapida","passadeira_caminhada_rapida"
"aliases","passadeira_caminhada_rapida__cardio","passadeira_caminhada_rapida"
"aliases","passadeira_corrida_leve","passadeira_corrida_leve"
"aliases","passadeira_corrida_leve__cardio","passadeira_corrida_leve"
"aliases","passadeira_corrida_intervalada","passadeira_corrida_intervalada"
"aliases","passadeira_corrida_intervalada__cardio","passadeira_corrida_intervalada"
"aliases","passadeira_inclinacao","passadeira_inclinacao"
"aliases","passadeira_inclinacao__cardio","passadeira_inclinacao"
"aliases","passadeira_inclinacao_moderada","passadeira_inclinacao_moderada"
"aliases","passadeira_inclinacao_moderada__cardio","passadeira_inclinacao_moderada"
"aliases","passadeira_sprints","passadeira_sprints"
"aliases","passadeira_sprints__cardio","passadeira_sprints"
"aliases","passadeira_sprints_intervalados","passadeira_sprints_intervalados"
"aliases","passadeira_sprints_intervalados__cardio","passadeira_sprints_intervalados"
"aliases","treadmill_warmup","treadmill_warmup"
"aliases","passadeira_aquecimento","treadmill_warmup"
"aliases","passadeira_aquecimento__cardio","treadmill_warmup"
"aliases","treadmill_cooldown","treadmill_cooldown"
"aliases","passadeira_cooldown","treadmill_cooldown"
"aliases","passadeira_cooldown__cardio","treadmill_cooldown"
"aliases","treadmill_aerobic_endurance","treadmill_aerobic_endurance"
"aliases","passadeira_resistencia_aerobia","treadmill_aerobic_endurance"
"aliases","passadeira_resistencia_aerobia__cardio","treadmill_aerobic_endurance"
"aliases","treadmill_easy_pace","treadmill_easy_pace"
"aliases","passadeira_ritmo_leve","treadmill_easy_pace"
"aliases","passadeira_ritmo_leve__cardio","treadmill_easy_pace"
"aliases","treadmill_moderate_pace","treadmill_moderate_pace"
"aliases","passadeira_ritmo_moderado","treadmill_moderate_pace"
"aliases","passadeira_ritmo_moderado__cardio","treadmill_moderate_pace"
"aliases","treadmill_intervals","treadmill_intervals"
"aliases","passadeira_intervalos","treadmill_intervals"
"aliases","passadeira_intervalos__cardio","treadmill_intervals"
"aliases","treadmill_walk","treadmill_walk"
"aliases","caminhada_na_passadeira","treadmill_walk"
"aliases","caminhada_na_passadeira__cardio","treadmill_walk"
"aliases","treadmill_run","treadmill_run"
"aliases","corrida_na_passadeira","treadmill_run"
"aliases","corrida_na_passadeira__cardio","treadmill_run"
"aliases","treadmill_incline_walk","treadmill_incline_walk"
"aliases","passadeira_caminhada_com_inclinacao","treadmill_incline_walk"
"aliases","passadeira_caminhada_com_inclinacao__cardio","treadmill_incline_walk"
"aliases","bicicleta_ritmo_leve","bicicleta_ritmo_leve"
"aliases","bicicleta_ritmo_leve__cardio","bicicleta_ritmo_leve"
"aliases","bicicleta_ritmo_moderado","bicicleta_ritmo_moderado"
"aliases","bicicleta_ritmo_moderado__cardio","bicicleta_ritmo_moderado"
"aliases","bicicleta_intervalos","bicicleta_intervalos"
"aliases","bicicleta_intervalos__cardio","bicicleta_intervalos"
"aliases","bicicleta_resistencia","bicicleta_resistencia"
"aliases","bicicleta_resistencia__cardio","bicicleta_resistencia"
"aliases","bicicleta_aquecimento","bicicleta_aquecimento"
"aliases","bicicleta_aquecimento__cardio","bicicleta_aquecimento"
"aliases","bicicleta_cooldown","bicicleta_cooldown"
"aliases","bicicleta_cooldown__cardio","bicicleta_cooldown"
"aliases","eliptica_ritmo_leve","eliptica_ritmo_leve"
"aliases","eliptica_ritmo_leve__cardio","eliptica_ritmo_leve"
"aliases","eliptica_ritmo_moderado","eliptica_ritmo_moderado"
"aliases","eliptica_ritmo_moderado__cardio","eliptica_ritmo_moderado"
"aliases","eliptica_intervalos","eliptica_intervalos"
"aliases","eliptica_intervalos__cardio","eliptica_intervalos"
"aliases","eliptica_resistencia","eliptica_resistencia"
"aliases","eliptica_resistencia__cardio","eliptica_resistencia"
"aliases","eliptica_aquecimento","eliptica_aquecimento"
"aliases","eliptica_aquecimento__cardio","eliptica_aquecimento"
"aliases","eliptica_cooldown","eliptica_cooldown"
"aliases","eliptica_cooldown__cardio","eliptica_cooldown"
"aliases","corda_de_saltar_ritmo_leve","corda_de_saltar_ritmo_leve"
"aliases","corda_de_saltar_ritmo_leve__cardio","corda_de_saltar_ritmo_leve"
"aliases","corda_de_saltar_intervalos","corda_de_saltar_intervalos"
"aliases","corda_de_saltar_intervalos__cardio","corda_de_saltar_intervalos"
"aliases","corda_de_saltar_pes_alternados","corda_de_saltar_pes_alternados"
"aliases","corda_de_saltar_pes_alternados__cardio","corda_de_saltar_pes_alternados"
"aliases","corda_de_saltar_joelhos_altos","corda_de_saltar_joelhos_altos"
"aliases","corda_de_saltar_joelhos_altos__cardio","corda_de_saltar_joelhos_altos"
"aliases","corda_de_saltar_double_unders","corda_de_saltar_double_unders"
"aliases","corda_de_saltar_double_unders__cardio","corda_de_saltar_double_unders"
"aliases","caminhada_exterior_leve","caminhada_exterior_leve"
"aliases","caminhada_exterior_leve__cardio","caminhada_exterior_leve"
"aliases","caminhada_exterior_moderada","caminhada_exterior_moderada"
"aliases","caminhada_exterior_moderada__cardio","caminhada_exterior_moderada"
"aliases","caminhada_exterior_rapida","caminhada_exterior_rapida"
"aliases","caminhada_exterior_rapida__cardio","caminhada_exterior_rapida"
"aliases","caminhada_exterior_em_subida","caminhada_exterior_em_subida"
"aliases","caminhada_exterior_em_subida__cardio","caminhada_exterior_em_subida"
"aliases","corrida_exterior_leve","corrida_exterior_leve"
"aliases","corrida_exterior_leve__cardio","corrida_exterior_leve"
"aliases","corrida_exterior_moderada","corrida_exterior_moderada"
"aliases","corrida_exterior_moderada__cardio","corrida_exterior_moderada"
"aliases","corrida_exterior_intervalada","corrida_exterior_intervalada"
"aliases","corrida_exterior_intervalada__cardio","corrida_exterior_intervalada"
"aliases","sprints_exterior","sprints_exterior"
"aliases","sprints_exterior__cardio","sprints_exterior"
"aliases","corrida_em_subida","corrida_em_subida"
"aliases","corrida_em_subida__cardio","corrida_em_subida"
"aliases","hiit_peso_corporal","hiit_peso_corporal"
"aliases","hiit_peso_corporal__cardio","hiit_peso_corporal"
"aliases","hiit_cardio","hiit_cardio"
"aliases","hiit_cardio__cardio","hiit_cardio"
"aliases","treadmill_hiit","treadmill_hiit"
"aliases","hiit_passadeira","treadmill_hiit"
"aliases","hiit_passadeira__cardio","treadmill_hiit"
"aliases","hiit_bicicleta","hiit_bicicleta"
"aliases","hiit_bicicleta__cardio","hiit_bicicleta"
"aliases","hiit_corda","hiit_corda"
"aliases","hiit_corda__cardio","hiit_corda"
"aliases","hiit_simples","hiit_simples"
"aliases","hiit_simples__cardio","hiit_simples"
"aliases","circuito_cardio_leve","circuito_cardio_leve"
"aliases","circuito_cardio_leve__cardio","circuito_cardio_leve"
"aliases","remo_ergometro_ritmo_continuo","remo_ergometro_ritmo_continuo"
"aliases","remo_ergometro_ritmo_continuo__cardio","remo_ergometro_ritmo_continuo"
"aliases","remo_ergometro_intervalos","remo_ergometro_intervalos"
"aliases","remo_ergometro_intervalos__cardio","remo_ergometro_intervalos"
"aliases","stepper_escadas_ritmo_continuo","stepper_escadas_ritmo_continuo"
"aliases","stepper_escadas_ritmo_continuo__cardio","stepper_escadas_ritmo_continuo"
"aliases","stepper_escadas_intervalos","stepper_escadas_intervalos"
"aliases","stepper_escadas_intervalos__cardio","stepper_escadas_intervalos"
"aliases","subida_de_escadas_no_exterior","subida_de_escadas_no_exterior"
"aliases","subida_de_escadas_no_exterior__cardio","subida_de_escadas_no_exterior"
"aliases","air_bike_ritmo_continuo","air_bike_ritmo_continuo"
"aliases","air_bike_ritmo_continuo__cardio","air_bike_ritmo_continuo"
"aliases","air_bike_intervalos","air_bike_intervalos"
"aliases","air_bike_intervalos__cardio","air_bike_intervalos"
"aliases","shadow_boxing_leve","shadow_boxing_leve"
"aliases","shadow_boxing_leve__cardio","shadow_boxing_leve"
"aliases","shuttle_runs_corrida_vaivem","shuttle_runs_corrida_vaivem"
"aliases","shuttle_runs_corrida_vaivem__cardio","shuttle_runs_corrida_vaivem"
"aliases","kihon","kihon"
"aliases","kihon__karate","kihon"
"aliases","kata","kata"
"aliases","kata__karate","kata"
"aliases","kumite_tecnico","kumite_tecnico"
"aliases","kumite_tecnico__karate","kumite_tecnico"
"aliases","sombra_de_karate","sombra_de_karate"
"aliases","sombra_de_karate__karate","sombra_de_karate"
"aliases","drills_de_deslocamento","drills_de_deslocamento"
"aliases","drills_de_deslocamento__karate","drills_de_deslocamento"
"aliases","drills_de_guarda","drills_de_guarda"
"aliases","drills_de_guarda__karate","drills_de_guarda"
"aliases","pontapes_tecnicos","pontapes_tecnicos"
"aliases","pontapes_tecnicos__karate","pontapes_tecnicos"
"aliases","socos_tecnicos","socos_tecnicos"
"aliases","socos_tecnicos__karate","socos_tecnicos"
"aliases","mobilidade_de_anca_para_karate","mobilidade_de_anca_para_karate"
"aliases","mobilidade_de_anca_para_karate__karate","mobilidade_de_anca_para_karate"
"aliases","mobilidade_de_ombro_para_karate","mobilidade_de_ombro_para_karate"
"aliases","mobilidade_de_ombro_para_karate__karate","mobilidade_de_ombro_para_karate"
"aliases","condicionamento_leve_para_karate","condicionamento_leve_para_karate"
"aliases","condicionamento_leve_para_karate__karate","condicionamento_leve_para_karate"
"aliases","treino_de_bases_dachi","treino_de_bases_dachi"
"aliases","treino_de_bases_dachi__karate","treino_de_bases_dachi"
"aliases","bloqueios_tecnicos_uke","bloqueios_tecnicos_uke"
"aliases","bloqueios_tecnicos_uke__karate","bloqueios_tecnicos_uke"
"aliases","esquivas_e_tai_sabaki","esquivas_e_tai_sabaki"
"aliases","esquivas_e_tai_sabaki__karate","esquivas_e_tai_sabaki"
"aliases","joelhadas_tecnicas","joelhadas_tecnicas"
"aliases","joelhadas_tecnicas__karate","joelhadas_tecnicas"
"aliases","trabalho_leve_ao_saco","trabalho_leve_ao_saco"
"aliases","trabalho_leve_ao_saco__karate","trabalho_leve_ao_saco"
"aliases","shrimp_fuga_de_anca","shrimp_fuga_de_anca"
"aliases","shrimp_fuga_de_anca__jiu_jitsu","shrimp_fuga_de_anca"
"aliases","ponte_de_grappling","ponte_de_grappling"
"aliases","ponte_de_grappling__jiu_jitsu","ponte_de_grappling"
"aliases","technical_stand_up_lento","technical_stand_up_lento"
"aliases","technical_stand_up","technical_stand_up_lento"
"aliases","technical_stand_up__jiu_jitsu","technical_stand_up_lento"
"aliases","levantamento_tecnico","technical_stand_up_lento"
"aliases","sprawl","sprawl"
"aliases","sprawl__jiu_jitsu","sprawl"
"aliases","drills_de_guarda__jiu_jitsu","drills_de_guarda"
"aliases","drills_de_passagem_de_guarda","drills_de_passagem_de_guarda"
"aliases","drills_de_passagem_de_guarda__jiu_jitsu","drills_de_passagem_de_guarda"
"aliases","mobilidade_de_anca_para_jiu_jitsu","mobilidade_de_anca_para_jiu_jitsu"
"aliases","mobilidade_de_anca_para_jiu_jitsu__jiu_jitsu","mobilidade_de_anca_para_jiu_jitsu"
"aliases","mobilidade_de_ombro_para_jiu_jitsu","mobilidade_de_ombro_para_jiu_jitsu"
"aliases","mobilidade_de_ombro_para_jiu_jitsu__jiu_jitsu","mobilidade_de_ombro_para_jiu_jitsu"
"aliases","forca_de_pega_para_jiu_jitsu","forca_de_pega_para_jiu_jitsu"
"aliases","forca_de_pega_para_jiu_jitsu__jiu_jitsu","forca_de_pega_para_jiu_jitsu"
"aliases","core_para_jiu_jitsu","core_para_jiu_jitsu"
"aliases","core_para_jiu_jitsu__jiu_jitsu","core_para_jiu_jitsu"
"aliases","condicionamento_leve_para_jiu_jitsu","condicionamento_leve_para_jiu_jitsu"
"aliases","condicionamento_leve_para_jiu_jitsu__jiu_jitsu","condicionamento_leve_para_jiu_jitsu"
"aliases","rolamentos_de_solo","rolamentos_de_solo"
"aliases","rolamentos_de_solo__jiu_jitsu","rolamentos_de_solo"
"aliases","breakfalls_ukemi","breakfalls_ukemi"
"aliases","breakfalls_ukemi__jiu_jitsu","breakfalls_ukemi"
"aliases","inversao_granby_com_apoio","inversao_granby_com_apoio"
"aliases","inversao_granby_com_apoio__jiu_jitsu","inversao_granby_com_apoio"
"aliases","mobilidade_toracica","mobilidade_toracica"
"aliases","mobilidade_toracica__mobilidade","mobilidade_toracica"
"aliases","mobilidade_de_ombro","mobilidade_de_ombro"
"aliases","mobilidade_de_ombro__mobilidade","mobilidade_de_ombro"
"aliases","mobilidade_de_anca","mobilidade_de_anca"
"aliases","mobilidade_de_anca__mobilidade","mobilidade_de_anca"
"aliases","circulos_de_ombro","circulos_de_ombro"
"aliases","circulos_de_ombro__mobilidade","circulos_de_ombro"
"aliases","alongamento_posterior_do_ombro","alongamento_posterior_do_ombro"
"aliases","alongamento_posterior_do_ombro__mobilidade","alongamento_posterior_do_ombro"
"aliases","mobilidade_de_ombro_com_toalha","mobilidade_de_ombro_com_toalha"
"aliases","mobilidade_de_ombro_com_toalha__mobilidade","mobilidade_de_ombro_com_toalha"
"aliases","mobilidade_de_ombro_com_cabo_de_vassoura","mobilidade_de_ombro_com_cabo_de_vassoura"
"aliases","mobilidade_de_ombro_com_cabo_de_vassoura__mobilidade","mobilidade_de_ombro_com_cabo_de_vassoura"
"aliases","alongamento_peitoral","alongamento_peitoral"
"aliases","alongamento_peitoral__mobilidade","alongamento_peitoral"
"aliases","alongamento_peitoral_na_parede","alongamento_peitoral_na_parede"
"aliases","alongamento_peitoral_na_parede__mobilidade","alongamento_peitoral_na_parede"
"aliases","alongamento_peitoral_no_canto","alongamento_peitoral_no_canto"
"aliases","alongamento_peitoral_no_canto__mobilidade","alongamento_peitoral_no_canto"
"aliases","alongamento_dorsal","alongamento_dorsal"
"aliases","alongamento_dorsal__mobilidade","alongamento_dorsal"
"aliases","rotacao_toracica_no_chao","rotacao_toracica_no_chao"
"aliases","rotacao_toracica_no_chao__mobilidade","rotacao_toracica_no_chao"
"aliases","cat_cow","cat_cow"
"aliases","cat_cow__mobilidade","cat_cow"
"aliases","open_book","open_book"
"aliases","open_book__mobilidade","open_book"
"aliases","alongamento_posterior_de_coxa","alongamento_posterior_de_coxa"
"aliases","alongamento_posterior_de_coxa__mobilidade","alongamento_posterior_de_coxa"
"aliases","alongamento_posterior_sentado","alongamento_posterior_sentado"
"aliases","alongamento_posterior_sentado__mobilidade","alongamento_posterior_sentado"
"aliases","alongamento_posterior_em_pe","alongamento_posterior_em_pe"
"aliases","alongamento_posterior_em_pe__mobilidade","alongamento_posterior_em_pe"
"aliases","tocar_nos_pes_sentado","tocar_nos_pes_sentado"
"aliases","tocar_nos_pes_sentado__mobilidade","tocar_nos_pes_sentado"
"aliases","tocar_nos_pes_em_pe","tocar_nos_pes_em_pe"
"aliases","tocar_nos_pes_em_pe__mobilidade","tocar_nos_pes_em_pe"
"aliases","alongamento_posterior_com_perna_elevada","alongamento_posterior_com_perna_elevada"
"aliases","alongamento_posterior_com_perna_elevada__mobilidade","alongamento_posterior_com_perna_elevada"
"aliases","mobilidade_dinamica_de_posterior","mobilidade_dinamica_de_posterior"
"aliases","mobilidade_dinamica_de_posterior__mobilidade","mobilidade_dinamica_de_posterior"
"aliases","alongamento_gluteos","alongamento_gluteos"
"aliases","alongamento_gluteos__mobilidade","alongamento_gluteos"
"aliases","alongamento_de_gluteo_sentado","alongamento_de_gluteo_sentado"
"aliases","alongamento_de_gluteo_sentado__mobilidade","alongamento_de_gluteo_sentado"
"aliases","alongamento_figura_4","alongamento_figura_4"
"aliases","alongamento_figura_4__mobilidade","alongamento_figura_4"
"aliases","pigeon_stretch","pigeon_stretch"
"aliases","pigeon_stretch__mobilidade","pigeon_stretch"
"aliases","alongamento_piriforme","alongamento_piriforme"
"aliases","alongamento_piriforme__mobilidade","alongamento_piriforme"
"aliases","rotacao_externa_da_anca_no_chao","rotacao_externa_da_anca_no_chao"
"aliases","rotacao_externa_da_anca_no_chao__mobilidade","rotacao_externa_da_anca_no_chao"
"aliases","mobilidade_90_90","mobilidade_90_90"
"aliases","mobilidade_90_90__mobilidade","mobilidade_90_90"
"aliases","mobilidade_dinamica_de_anca","mobilidade_dinamica_de_anca"
"aliases","mobilidade_dinamica_de_anca__mobilidade","mobilidade_dinamica_de_anca"
"aliases","alongamento_quadriceps_em_pe","alongamento_quadriceps_em_pe"
"aliases","alongamento_quadriceps_em_pe__mobilidade","alongamento_quadriceps_em_pe"
"aliases","alongamento_quadriceps_de_lado","alongamento_quadriceps_de_lado"
"aliases","alongamento_quadriceps_de_lado__mobilidade","alongamento_quadriceps_de_lado"
"aliases","alongamento_gemeos","alongamento_gemeos"
"aliases","alongamento_gemeos__mobilidade","alongamento_gemeos"
"aliases","alongamento_gemeos_na_parede","alongamento_gemeos_na_parede"
"aliases","alongamento_gemeos_na_parede__mobilidade","alongamento_gemeos_na_parede"
"aliases","mobilidade_de_tornozelo_na_parede","mobilidade_de_tornozelo_na_parede"
"aliases","mobilidade_de_tornozelo_na_parede__mobilidade","mobilidade_de_tornozelo_na_parede"
"aliases","circulos_de_tornozelo","circulos_de_tornozelo"
"aliases","circulos_de_tornozelo__mobilidade","circulos_de_tornozelo"
"aliases","mobilidade_de_punhos","mobilidade_de_punhos"
"aliases","mobilidade_de_punhos__mobilidade","mobilidade_de_punhos"
"aliases","extensao_de_punhos_no_chao","extensao_de_punhos_no_chao"
"aliases","extensao_de_punhos_no_chao__mobilidade","extensao_de_punhos_no_chao"
"aliases","flexao_de_punhos_no_chao","flexao_de_punhos_no_chao"
"aliases","flexao_de_punhos_no_chao__mobilidade","flexao_de_punhos_no_chao"
"aliases","alongamento_cervical_leve","alongamento_cervical_leve"
"aliases","alongamento_cervical_leve__mobilidade","alongamento_cervical_leve"
"aliases","mobilidade_leve_de_ombros","mobilidade_leve_de_ombros"
"aliases","mobilidade_leve_de_ombros__mobilidade","mobilidade_leve_de_ombros"
"aliases","mobilidade_leve_de_anca","mobilidade_leve_de_anca"
"aliases","mobilidade_leve_de_anca__mobilidade","mobilidade_leve_de_anca"
"aliases","respiracao_diafragmatica","respiracao_diafragmatica"
"aliases","respiracao_diafragmatica__mobilidade","respiracao_diafragmatica"
"aliases","caminhada_leve","caminhada_leve"
"aliases","caminhada_leve__mobilidade","caminhada_leve"
"aliases","relaxamento_deitado","relaxamento_deitado"
"aliases","relaxamento_deitado__mobilidade","relaxamento_deitado"
"aliases","alongamento_pnf_de_isquiotibiais","alongamento_pnf_de_isquiotibiais"
"aliases","alongamento_pnf_de_isquiotibiais__mobilidade","alongamento_pnf_de_isquiotibiais"
"aliases","alongamento_pnf_de_peitoral_na_parede","alongamento_pnf_de_peitoral_na_parede"
"aliases","alongamento_pnf_de_peitoral_na_parede__mobilidade","alongamento_pnf_de_peitoral_na_parede"
"aliases","alongamento_de_flexores_da_anca_em_afundo","alongamento_de_flexores_da_anca_em_afundo"
"aliases","alongamento_de_flexores_da_anca_em_afundo__mobilidade","alongamento_de_flexores_da_anca_em_afundo"
"aliases","alongamento_borboleta_de_adutores","alongamento_borboleta_de_adutores"
"aliases","alongamento_borboleta_de_adutores__mobilidade","alongamento_borboleta_de_adutores"
"aliases","alongamento_dinamico_global","alongamento_dinamico_global"
"aliases","alongamento_dinamico_global__mobilidade","alongamento_dinamico_global"
"aliases","alongamento_de_triceps_atras_da_cabeca","alongamento_de_triceps_atras_da_cabeca"
"aliases","alongamento_de_triceps_atras_da_cabeca__mobilidade","alongamento_de_triceps_atras_da_cabeca"
"aliases","cobra_suave_no_chao","cobra_suave_no_chao"
"aliases","cobra_suave_no_chao__mobilidade","cobra_suave_no_chao"
"aliases","respiracao_nasal_lenta","respiracao_nasal_lenta"
"aliases","respiracao_nasal_lenta__mobilidade","respiracao_nasal_lenta"
"aliases","foam_roller_para_pernas","foam_roller_para_pernas"
"aliases","foam_roller_para_pernas__mobilidade","foam_roller_para_pernas"
"aliases","foam_roller_para_costas","foam_roller_para_costas"
"aliases","foam_roller_para_costas__mobilidade","foam_roller_para_costas"
"aliases","bola_de_massagem_para_pes_e_gluteos","bola_de_massagem_para_pes_e_gluteos"
"aliases","bola_de_massagem_para_pes_e_gluteos__mobilidade","bola_de_massagem_para_pes_e_gluteos"
"aliases","arrefecimento_pos_treino_de_forca","arrefecimento_pos_treino_de_forca"
"aliases","arrefecimento_pos_treino_de_forca__mobilidade","arrefecimento_pos_treino_de_forca"
"aliases","arrefecimento_pos_artes_marciais","arrefecimento_pos_artes_marciais"
"aliases","arrefecimento_pos_artes_marciais__mobilidade","arrefecimento_pos_artes_marciais"
"aliases","aquecimento_dinamico_geral","aquecimento_dinamico_geral"
"aliases","aquecimento_dinamico_geral__mobilidade","aquecimento_dinamico_geral"
"aliases","alinhamento_de_base_em_frente_ao_espelho","alinhamento_de_base_em_frente_ao_espelho"
"aliases","alinhamento_de_base_em_frente_ao_espelho__karate","alinhamento_de_base_em_frente_ao_espelho"
"aliases","zenkutsu_dachi_estatico","zenkutsu_dachi_estatico"
"aliases","zenkutsu_dachi_estatico__karate","zenkutsu_dachi_estatico"
"aliases","zenkutsu_dachi_com_avanco","zenkutsu_dachi_com_avanco"
"aliases","zenkutsu_dachi_com_avanco__karate","zenkutsu_dachi_com_avanco"
"aliases","kokutsu_dachi_estatico","kokutsu_dachi_estatico"
"aliases","kokutsu_dachi_estatico__karate","kokutsu_dachi_estatico"
"aliases","kiba_dachi_hold","kiba_dachi_hold"
"aliases","kiba_dachi_hold__karate","kiba_dachi_hold"
"aliases","guarda_de_kumite_estatica","guarda_de_kumite_estatica"
"aliases","guarda_de_kumite_estatica__karate","guarda_de_kumite_estatica"
"aliases","guarda_de_kumite_com_passos_curtos","guarda_de_kumite_com_passos_curtos"
"aliases","guarda_de_kumite_com_passos_curtos__karate","guarda_de_kumite_com_passos_curtos"
"aliases","avanco_e_recuo_em_linha","avanco_e_recuo_em_linha"
"aliases","avanco_e_recuo_em_linha__karate","avanco_e_recuo_em_linha"
"aliases","entrada_em_angulo_de_45_graus","entrada_em_angulo_de_45_graus"
"aliases","entrada_em_angulo_de_45_graus__karate","entrada_em_angulo_de_45_graus"
"aliases","tai_sabaki_basico","tai_sabaki_basico"
"aliases","tai_sabaki_basico__karate","tai_sabaki_basico"
"aliases","entrar_tocar_e_sair","entrar_tocar_e_sair"
"aliases","entrar_tocar_e_sair__karate","entrar_tocar_e_sair"
"aliases","oi_zuki_parado_por_fases","oi_zuki_parado_por_fases"
"aliases","oi_zuki_parado_por_fases__karate","oi_zuki_parado_por_fases"
"aliases","oi_zuki_com_avanco","oi_zuki_com_avanco"
"aliases","oi_zuki_com_avanco__karate","oi_zuki_com_avanco"
"aliases","gyaku_zuki_parado","gyaku_zuki_parado"
"aliases","gyaku_zuki_parado__karate","gyaku_zuki_parado"
"aliases","gyaku_zuki_com_recuo","gyaku_zuki_com_recuo"
"aliases","gyaku_zuki_com_recuo__karate","gyaku_zuki_com_recuo"
"aliases","kizami_zuki_de_entrada","kizami_zuki_de_entrada"
"aliases","kizami_zuki_de_entrada__karate","kizami_zuki_de_entrada"
"aliases","mae_geri_por_fases","mae_geri_por_fases"
"aliases","mae_geri_por_fases__karate","mae_geri_por_fases"
"aliases","mae_geri_ao_alvo_baixo","mae_geri_ao_alvo_baixo"
"aliases","mae_geri_ao_alvo_baixo__karate","mae_geri_ao_alvo_baixo"
"aliases","mawashi_geri_baixo_por_fases","mawashi_geri_baixo_por_fases"
"aliases","mawashi_geri_baixo_por_fases__karate","mawashi_geri_baixo_por_fases"
"aliases","mawashi_geri_em_alvo_medio","mawashi_geri_em_alvo_medio"
"aliases","mawashi_geri_em_alvo_medio__karate","mawashi_geri_em_alvo_medio"
"aliases","yoko_geri_por_fases","yoko_geri_por_fases"
"aliases","yoko_geri_por_fases__karate","yoko_geri_por_fases"
"aliases","age_uke_parado","age_uke_parado"
"aliases","age_uke_parado__karate","age_uke_parado"
"aliases","soto_uke_parado","soto_uke_parado"
"aliases","soto_uke_parado__karate","soto_uke_parado"
"aliases","uchi_uke_parado","uchi_uke_parado"
"aliases","uchi_uke_parado__karate","uchi_uke_parado"
"aliases","gedan_barai_com_base","gedan_barai_com_base"
"aliases","gedan_barai_com_base__karate","gedan_barai_com_base"
"aliases","kihon_isolado_por_contagem","kihon_isolado_por_contagem"
"aliases","kihon_isolado_por_contagem__karate","kihon_isolado_por_contagem"
"aliases","kihon_defesa_e_gyaku_zuki","kihon_defesa_e_gyaku_zuki"
"aliases","kihon_defesa_e_gyaku_zuki__karate","kihon_defesa_e_gyaku_zuki"
"aliases","kata_por_blocos_de_3_movimentos","kata_por_blocos_de_3_movimentos"
"aliases","kata_por_blocos_de_3_movimentos__karate","kata_por_blocos_de_3_movimentos"
"aliases","bunkai_basico_com_parceiro","bunkai_basico_com_parceiro"
"aliases","bunkai_basico_com_parceiro__karate","bunkai_basico_com_parceiro"
"aliases","kumite_tecnico_sem_contacto","kumite_tecnico_sem_contacto"
"aliases","kumite_tecnico_sem_contacto__karate","kumite_tecnico_sem_contacto"
"aliases","sombra_de_karate_leve","sombra_de_karate_leve"
"aliases","sombra_de_karate_leve__karate","sombra_de_karate_leve"
"aliases","sombra_de_karate_por_rounds","sombra_de_karate_por_rounds"
"aliases","sombra_de_karate_por_rounds__karate","sombra_de_karate_por_rounds"
"aliases","trabalho_leve_ao_saco_com_gyaku_zuki","trabalho_leve_ao_saco_com_gyaku_zuki"
"aliases","trabalho_leve_ao_saco_com_gyaku_zuki__karate","trabalho_leve_ao_saco_com_gyaku_zuki"
"aliases","mae_geri_no_saco_leve","mae_geri_no_saco_leve"
"aliases","mae_geri_no_saco_leve__karate","mae_geri_no_saco_leve"
"aliases","shrimp_basico_no_solo","shrimp_basico_no_solo"
"aliases","shrimp_basico_no_solo__jiu_jitsu","shrimp_basico_no_solo"
"aliases","shrimp_em_sequencia","shrimp_em_sequencia"
"aliases","shrimp_em_sequencia__jiu_jitsu","shrimp_em_sequencia"
"aliases","ponte_e_rotacao_de_ombro","ponte_e_rotacao_de_ombro"
"aliases","ponte_e_rotacao_de_ombro__jiu_jitsu","ponte_e_rotacao_de_ombro"
"aliases","technical_stand_up_basico","technical_stand_up_lento"
"aliases","technical_stand_up_basico__jiu_jitsu","technical_stand_up_lento"
"aliases","technical_stand_up_com_recuo","technical_stand_up_lento"
"aliases","technical_stand_up_com_recuo__jiu_jitsu","technical_stand_up_lento"
"aliases","granby_basico_assistido","granby_basico_assistido"
"aliases","granby_basico_assistido__jiu_jitsu","granby_basico_assistido"
"aliases","troca_de_anca_no_chao","troca_de_anca_no_chao"
"aliases","troca_de_anca_no_chao__jiu_jitsu","troca_de_anca_no_chao"
"aliases","posicao_de_guarda_fechada_basica","posicao_de_guarda_fechada_basica"
"aliases","posicao_de_guarda_fechada_basica__jiu_jitsu","posicao_de_guarda_fechada_basica"
"aliases","frames_de_guarda_aberta","frames_de_guarda_aberta"
"aliases","frames_de_guarda_aberta__jiu_jitsu","frames_de_guarda_aberta"
"aliases","retencao_de_guarda_com_joelho_dentro","retencao_de_guarda_com_joelho_dentro"
"aliases","retencao_de_guarda_com_joelho_dentro__jiu_jitsu","retencao_de_guarda_com_joelho_dentro"
"aliases","recuperar_guarda_desde_controlo_lateral_leve","recuperar_guarda_desde_controlo_lateral_leve"
"aliases","recuperar_guarda_desde_controlo_lateral_leve__jiu_jitsu","recuperar_guarda_desde_controlo_lateral_leve"
"aliases","frames_de_antebraco_no_solo","frames_de_antebraco_no_solo"
"aliases","frames_de_antebraco_no_solo__jiu_jitsu","frames_de_antebraco_no_solo"
"aliases","passagem_por_pressao_em_passos","passagem_por_pressao_em_passos"
"aliases","passagem_por_pressao_em_passos__jiu_jitsu","passagem_por_pressao_em_passos"
"aliases","passagem_por_mobilidade_solo","passagem_por_mobilidade_solo"
"aliases","passagem_por_mobilidade_solo__jiu_jitsu","passagem_por_mobilidade_solo"
"aliases","controlo_lateral_basico","controlo_lateral_basico"
"aliases","controlo_lateral_basico__jiu_jitsu","controlo_lateral_basico"
"aliases","montada_com_base_baixa","montada_com_base_baixa"
"aliases","montada_com_base_baixa__jiu_jitsu","montada_com_base_baixa"
"aliases","controlo_das_costas_com_cinto_de_seguranca","controlo_das_costas_com_cinto_de_seguranca"
"aliases","controlo_das_costas_com_cinto_de_seguranca__jiu_jitsu","controlo_das_costas_com_cinto_de_seguranca"
"aliases","escape_de_controlo_lateral_com_shrimp","escape_de_controlo_lateral_com_shrimp"
"aliases","escape_de_controlo_lateral_com_shrimp__jiu_jitsu","escape_de_controlo_lateral_com_shrimp"
"aliases","escape_de_montada_ponte_e_rotacao","escape_de_montada_ponte_e_rotacao"
"aliases","escape_de_montada_ponte_e_rotacao__jiu_jitsu","escape_de_montada_ponte_e_rotacao"
"aliases","escape_cotovelo_joelho","escape_cotovelo_joelho"
"aliases","escape_cotovelo_joelho__jiu_jitsu","escape_cotovelo_joelho"
"aliases","sprawl_tecnico","sprawl_tecnico"
"aliases","sprawl_tecnico__jiu_jitsu","sprawl_tecnico"
"aliases","sprawls_intervalados","sprawls_intervalados"
"aliases","sprawls_intervalados__jiu_jitsu","sprawls_intervalados"
"aliases","passo_de_entrada_no_joelho","passo_de_entrada_no_joelho"
"aliases","passo_de_entrada_no_joelho__jiu_jitsu","passo_de_entrada_no_joelho"
"aliases","single_leg_basico_com_parceiro","single_leg_basico_com_parceiro"
"aliases","single_leg_basico_com_parceiro__jiu_jitsu","single_leg_basico_com_parceiro"
"aliases","double_leg_basico_por_fases","double_leg_basico_por_fases"
"aliases","double_leg_basico_por_fases__jiu_jitsu","double_leg_basico_por_fases"
"aliases","breakfall_para_tras","breakfall_para_tras"
"aliases","breakfall_para_tras__jiu_jitsu","breakfall_para_tras"
"aliases","breakfall_lateral","breakfall_lateral"
"aliases","breakfall_lateral__jiu_jitsu","breakfall_lateral"
"aliases","grip_fighting_leve","grip_fighting_leve"
"aliases","grip_fighting_leve__jiu_jitsu","grip_fighting_leve"
"aliases","pega_com_toalha_isometrica","pega_com_toalha_isometrica"
"aliases","pega_com_toalha_isometrica__jiu_jitsu","pega_com_toalha_isometrica"
"aliases","remada_com_toalha_para_pega","remada_com_toalha_para_pega"
"aliases","remada_com_toalha_para_pega__jiu_jitsu","remada_com_toalha_para_pega"
"aliases","scramble_solo_controlado","scramble_solo_controlado"
"aliases","scramble_solo_controlado__jiu_jitsu","scramble_solo_controlado"
"aliases","base_de_boxe_estatica","base_de_boxe_estatica"
"aliases","base_de_boxe_estatica__boxe","base_de_boxe_estatica"
"aliases","guarda_alta_basica","guarda_alta_basica"
"aliases","guarda_alta_basica__boxe","guarda_alta_basica"
"aliases","queixo_protegido_em_guarda","queixo_protegido_em_guarda"
"aliases","queixo_protegido_em_guarda__boxe","queixo_protegido_em_guarda"
"aliases","step_drag_para_frente_e_tras","step_drag_para_frente_e_tras"
"aliases","step_drag_para_frente_e_tras__boxe","step_drag_para_frente_e_tras"
"aliases","passo_lateral_com_guarda","passo_lateral_com_guarda"
"aliases","passo_lateral_com_guarda__boxe","passo_lateral_com_guarda"
"aliases","pivot_basico","pivot_basico"
"aliases","pivot_basico__boxe","pivot_basico"
"aliases","entrar_e_sair_com_jab_imaginario","entrar_e_sair_com_jab_imaginario"
"aliases","entrar_e_sair_com_jab_imaginario__boxe","entrar_e_sair_com_jab_imaginario"
"aliases","jab_parado","jab_parado"
"aliases","jab_parado__boxe","jab_parado"
"aliases","jab_com_passo","jab_com_passo"
"aliases","jab_com_passo__boxe","jab_com_passo"
"aliases","direto_parado","direto_parado"
"aliases","direto_parado__boxe","direto_parado"
"aliases","jab_e_direto_1_2","jab_e_direto_1_2"
"aliases","jab_e_direto_1_2__boxe","jab_e_direto_1_2"
"aliases","gancho_curto_por_fases","gancho_curto_por_fases"
"aliases","gancho_curto_por_fases__boxe","gancho_curto_por_fases"
"aliases","uppercut_curto_por_fases","uppercut_curto_por_fases"
"aliases","uppercut_curto_por_fases__boxe","uppercut_curto_por_fases"
"aliases","golpe_ao_corpo_em_sombra","golpe_ao_corpo_em_sombra"
"aliases","golpe_ao_corpo_em_sombra__boxe","golpe_ao_corpo_em_sombra"
"aliases","parry_de_jab_com_parceiro","parry_de_jab_com_parceiro"
"aliases","parry_de_jab_com_parceiro__boxe","parry_de_jab_com_parceiro"
"aliases","bloqueio_em_guarda_alta","bloqueio_em_guarda_alta"
"aliases","bloqueio_em_guarda_alta__boxe","bloqueio_em_guarda_alta"
"aliases","slip_esquerda_direita","slip_esquerda_direita"
"aliases","slip_esquerda_direita__boxe","slip_esquerda_direita"
"aliases","roll_por_baixo_de_linha","roll_por_baixo_de_linha"
"aliases","roll_por_baixo_de_linha__boxe","roll_por_baixo_de_linha"
"aliases","cobrir_e_sair_em_angulo","cobrir_e_sair_em_angulo"
"aliases","cobrir_e_sair_em_angulo__boxe","cobrir_e_sair_em_angulo"
"aliases","sombra_de_boxe_leve","sombra_de_boxe_leve"
"aliases","sombra_de_boxe_leve__boxe","sombra_de_boxe_leve"
"aliases","sombra_de_boxe_por_rounds","sombra_de_boxe_por_rounds"
"aliases","sombra_de_boxe_por_rounds__boxe","sombra_de_boxe_por_rounds"
"aliases","rounds_no_saco_de_boxe_ritmo_leve","rounds_no_saco_de_boxe_ritmo_leve"
"aliases","rounds_no_saco_de_boxe_ritmo_leve__boxe","rounds_no_saco_de_boxe_ritmo_leve"
"aliases","rounds_no_saco_de_boxe_ritmo_moderado","rounds_no_saco_de_boxe_ritmo_moderado"
"aliases","rounds_no_saco_de_boxe_ritmo_moderado__boxe","rounds_no_saco_de_boxe_ritmo_moderado"
"aliases","1_2_e_saida_lateral","1_2_e_saida_lateral"
"aliases","1_2_e_saida_lateral__boxe","1_2_e_saida_lateral"
"aliases","base_de_kickboxing_estatica","base_de_kickboxing_estatica"
"aliases","base_de_kickboxing_estatica__kickboxing","base_de_kickboxing_estatica"
"aliases","guarda_de_kickboxing","guarda_de_kickboxing"
"aliases","guarda_de_kickboxing__kickboxing","guarda_de_kickboxing"
"aliases","drill_de_distancia_mao_perna","drill_de_distancia_mao_perna"
"aliases","drill_de_distancia_mao_perna__kickboxing","drill_de_distancia_mao_perna"
"aliases","recuperar_base_apos_pontape","recuperar_base_apos_pontape"
"aliases","recuperar_base_apos_pontape__kickboxing","recuperar_base_apos_pontape"
"aliases","jab_de_kickboxing","jab_de_kickboxing"
"aliases","jab_de_kickboxing__kickboxing","jab_de_kickboxing"
"aliases","direto_de_kickboxing","direto_de_kickboxing"
"aliases","direto_de_kickboxing__kickboxing","direto_de_kickboxing"
"aliases","low_kick_por_fases","low_kick_por_fases"
"aliases","low_kick_por_fases__kickboxing","low_kick_por_fases"
"aliases","low_kick_ao_saco_leve","low_kick_ao_saco_leve"
"aliases","low_kick_ao_saco_leve__kickboxing","low_kick_ao_saco_leve"
"aliases","middle_kick_por_fases","middle_kick_por_fases"
"aliases","middle_kick_por_fases__kickboxing","middle_kick_por_fases"
"aliases","high_kick_tecnico_baixo_para_alto","high_kick_tecnico_baixo_para_alto"
"aliases","high_kick_tecnico_baixo_para_alto__kickboxing","high_kick_tecnico_baixo_para_alto"
"aliases","front_kick_para_distancia","front_kick_para_distancia"
"aliases","front_kick_para_distancia__kickboxing","front_kick_para_distancia"
"aliases","side_kick_tecnico","side_kick_tecnico"
"aliases","side_kick_tecnico__kickboxing","side_kick_tecnico"
"aliases","jab_direto_low_kick","jab_direto_low_kick"
"aliases","jab_direto_low_kick__kickboxing","jab_direto_low_kick"
"aliases","jab_direto_middle_kick","jab_direto_middle_kick"
"aliases","jab_direto_middle_kick__kickboxing","jab_direto_middle_kick"
"aliases","low_kick_para_direto","low_kick_para_direto"
"aliases","low_kick_para_direto__kickboxing","low_kick_para_direto"
"aliases","check_de_low_kick_basico","check_de_low_kick_basico"
"aliases","check_de_low_kick_basico__kickboxing","check_de_low_kick_basico"
"aliases","sair_em_angulo_apos_combinacao","sair_em_angulo_apos_combinacao"
"aliases","sair_em_angulo_apos_combinacao__kickboxing","sair_em_angulo_apos_combinacao"
"aliases","combinacoes_de_kickboxing_no_saco_leve","combinacoes_de_kickboxing_no_saco_leve"
"aliases","combinacoes_de_kickboxing_no_saco_leve__kickboxing","combinacoes_de_kickboxing_no_saco_leve"
"aliases","rounds_de_kickboxing_no_saco_moderado","rounds_de_kickboxing_no_saco_moderado"
"aliases","rounds_de_kickboxing_no_saco_moderado__kickboxing","rounds_de_kickboxing_no_saco_moderado"
"aliases","base_de_muay_thai_estatica","base_de_muay_thai_estatica"
"aliases","base_de_muay_thai_estatica__muay_thai","base_de_muay_thai_estatica"
"aliases","guarda_alta_de_muay_thai","guarda_alta_de_muay_thai"
"aliases","guarda_alta_de_muay_thai__muay_thai","guarda_alta_de_muay_thai"
"aliases","transferencia_de_peso_para_check","transferencia_de_peso_para_check"
"aliases","transferencia_de_peso_para_check__muay_thai","transferencia_de_peso_para_check"
"aliases","low_kick_tecnico_sem_impacto","low_kick_tecnico_sem_impacto"
"aliases","low_kick_tecnico_sem_impacto__muay_thai","low_kick_tecnico_sem_impacto"
"aliases","low_kick_ao_saco","low_kick_ao_saco"
"aliases","low_kick_ao_saco__muay_thai","low_kick_ao_saco"
"aliases","middle_kick_tecnico","middle_kick_tecnico"
"aliases","middle_kick_tecnico__muay_thai","middle_kick_tecnico"
"aliases","middle_kick_ao_saco","middle_kick_ao_saco"
"aliases","middle_kick_ao_saco__muay_thai","middle_kick_ao_saco"
"aliases","teep_tecnico","teep_tecnico"
"aliases","teep_tecnico__muay_thai","teep_tecnico"
"aliases","teep_em_alvo_leve","teep_em_alvo_leve"
"aliases","teep_em_alvo_leve__muay_thai","teep_em_alvo_leve"
"aliases","check_de_low_kick_em_sombra","check_de_low_kick_em_sombra"
"aliases","check_de_low_kick_em_sombra__muay_thai","check_de_low_kick_em_sombra"
"aliases","jab_e_direto_em_guarda_alta","jab_e_direto_em_guarda_alta"
"aliases","jab_e_direto_em_guarda_alta__muay_thai","jab_e_direto_em_guarda_alta"
"aliases","cotovelo_horizontal_basico","cotovelo_horizontal_basico"
"aliases","cotovelo_horizontal_basico__muay_thai","cotovelo_horizontal_basico"
"aliases","joelhada_direta_em_sombra","joelhada_direta_em_sombra"
"aliases","joelhada_direta_em_sombra__muay_thai","joelhada_direta_em_sombra"
"aliases","joelhada_no_saco","joelhada_no_saco"
"aliases","joelhada_no_saco__muay_thai","joelhada_no_saco"
"aliases","postura_de_clinch_com_parceiro","postura_de_clinch_com_parceiro"
"aliases","postura_de_clinch_com_parceiro__muay_thai","postura_de_clinch_com_parceiro"
"aliases","entrada_defensiva_para_clinch","entrada_defensiva_para_clinch"
"aliases","entrada_defensiva_para_clinch__muay_thai","entrada_defensiva_para_clinch"
"aliases","virar_no_clinch","virar_no_clinch"
"aliases","virar_no_clinch__muay_thai","virar_no_clinch"
"aliases","sair_do_clinch","sair_do_clinch"
"aliases","sair_do_clinch__muay_thai","sair_do_clinch"
"aliases","round_leve_no_saco_de_muay_thai","round_leve_no_saco_de_muay_thai"
"aliases","round_leve_no_saco_de_muay_thai__muay_thai","round_leve_no_saco_de_muay_thai"
"aliases","round_moderado_no_saco_de_muay_thai","round_moderado_no_saco_de_muay_thai"
"aliases","round_moderado_no_saco_de_muay_thai__muay_thai","round_moderado_no_saco_de_muay_thai"
"aliases","ukemi_para_tras_por_fases","ukemi_para_tras_por_fases"
"aliases","ukemi_para_tras_por_fases__judo","ukemi_para_tras_por_fases"
"aliases","ukemi_lateral_por_fases","ukemi_lateral_por_fases"
"aliases","ukemi_lateral_por_fases__judo","ukemi_lateral_por_fases"
"aliases","rolamento_frontal_basico","rolamento_frontal_basico"
"aliases","rolamento_frontal_basico__judo","rolamento_frontal_basico"
"aliases","levantar_apos_queda","levantar_apos_queda"
"aliases","levantar_apos_queda__judo","levantar_apos_queda"
"aliases","postura_natural_de_judo","postura_natural_de_judo"
"aliases","postura_natural_de_judo__judo","postura_natural_de_judo"
"aliases","kumi_kata_basico","kumi_kata_basico"
"aliases","kumi_kata_basico__judo","kumi_kata_basico"
"aliases","quebra_de_pegada_simples","quebra_de_pegada_simples"
"aliases","quebra_de_pegada_simples__judo","quebra_de_pegada_simples"
"aliases","controlo_de_postura_com_pegada","controlo_de_postura_com_pegada"
"aliases","controlo_de_postura_com_pegada__judo","controlo_de_postura_com_pegada"
"aliases","kuzushi_para_a_frente","kuzushi_para_a_frente"
"aliases","kuzushi_para_a_frente__judo","kuzushi_para_a_frente"
"aliases","kuzushi_para_tras","kuzushi_para_tras"
"aliases","kuzushi_para_tras__judo","kuzushi_para_tras"
"aliases","uchikomi_parado","uchikomi_parado"
"aliases","uchikomi_parado__judo","uchikomi_parado"
"aliases","uchikomi_em_movimento","uchikomi_em_movimento"
"aliases","uchikomi_em_movimento__judo","uchikomi_em_movimento"
"aliases","o_soto_gari_por_fases","o_soto_gari_por_fases"
"aliases","o_soto_gari_por_fases__judo","o_soto_gari_por_fases"
"aliases","o_goshi_por_fases","o_goshi_por_fases"
"aliases","o_goshi_por_fases__judo","o_goshi_por_fases"
"aliases","de_ashi_barai_tecnico","de_ashi_barai_tecnico"
"aliases","de_ashi_barai_tecnico__judo","de_ashi_barai_tecnico"
"aliases","seoi_nage_entrada_basica","seoi_nage_entrada_basica"
"aliases","seoi_nage_entrada_basica__judo","seoi_nage_entrada_basica"
"aliases","kesa_gatame_basico","kesa_gatame_basico"
"aliases","kesa_gatame_basico__judo","kesa_gatame_basico"
"aliases","escape_de_imobilizacao_basico","escape_de_imobilizacao_basico"
"aliases","escape_de_imobilizacao_basico__judo","escape_de_imobilizacao_basico"
"aliases","transicao_queda_para_controlo","transicao_queda_para_controlo"
"aliases","transicao_queda_para_controlo__judo","transicao_queda_para_controlo"
"aliases","base_de_taekwondo_estatica","base_de_taekwondo_estatica"
"aliases","base_de_taekwondo_estatica__taekwondo","base_de_taekwondo_estatica"
"aliases","guarda_de_taekwondo","guarda_de_taekwondo"
"aliases","guarda_de_taekwondo__taekwondo","guarda_de_taekwondo"
"aliases","bounce_step_leve","bounce_step_leve"
"aliases","bounce_step_leve__taekwondo","bounce_step_leve"
"aliases","entrar_e_sair_da_distancia_de_pontape","entrar_e_sair_da_distancia_de_pontape"
"aliases","entrar_e_sair_da_distancia_de_pontape__taekwondo","entrar_e_sair_da_distancia_de_pontape"
"aliases","pontape_frontal_por_fases","pontape_frontal_por_fases"
"aliases","pontape_frontal_por_fases__taekwondo","pontape_frontal_por_fases"
"aliases","pontape_circular_baixo","pontape_circular_baixo"
"aliases","pontape_circular_baixo__taekwondo","pontape_circular_baixo"
"aliases","pontape_circular_medio_em_alvo","pontape_circular_medio_em_alvo"
"aliases","pontape_circular_medio_em_alvo__taekwondo","pontape_circular_medio_em_alvo"
"aliases","pontape_lateral_por_fases","pontape_lateral_por_fases"
"aliases","pontape_lateral_por_fases__taekwondo","pontape_lateral_por_fases"
"aliases","pontape_para_tras_tecnico","pontape_para_tras_tecnico"
"aliases","pontape_para_tras_tecnico__taekwondo","pontape_para_tras_tecnico"
"aliases","pontape_descendente_controlado","pontape_descendente_controlado"
"aliases","pontape_descendente_controlado__taekwondo","pontape_descendente_controlado"
"aliases","hold_de_camara_de_pontape","hold_de_camara_de_pontape"
"aliases","hold_de_camara_de_pontape__taekwondo","hold_de_camara_de_pontape"
"aliases","extensao_e_recolha_lenta","extensao_e_recolha_lenta"
"aliases","extensao_e_recolha_lenta__taekwondo","extensao_e_recolha_lenta"
"aliases","equilibrio_em_uma_perna","equilibrio_em_uma_perna"
"aliases","equilibrio_em_uma_perna__taekwondo","equilibrio_em_uma_perna"
"aliases","progressao_de_altura_do_pontape","progressao_de_altura_do_pontape"
"aliases","progressao_de_altura_do_pontape__taekwondo","progressao_de_altura_do_pontape"
"aliases","sequencia_frontal_e_circular","sequencia_frontal_e_circular"
"aliases","sequencia_frontal_e_circular__taekwondo","sequencia_frontal_e_circular"
"aliases","rounds_de_pontapes_tecnicos","rounds_de_pontapes_tecnicos"
"aliases","rounds_de_pontapes_tecnicos__taekwondo","rounds_de_pontapes_tecnicos"
"aliases","sombra_de_pontapes","sombra_de_pontapes"
"aliases","sombra_de_pontapes__taekwondo","sombra_de_pontapes"
"aliases","mapa_rapido_de_saidas","mapa_rapido_de_saidas"
"aliases","mapa_rapido_de_saidas__defesa_pessoal","mapa_rapido_de_saidas"
"aliases","guarda_nao_agressiva","guarda_nao_agressiva"
"aliases","guarda_nao_agressiva__defesa_pessoal","guarda_nao_agressiva"
"aliases","guarda_defensiva_basica","guarda_defensiva_basica"
"aliases","guarda_defensiva_basica__defesa_pessoal","guarda_defensiva_basica"
"aliases","passo_para_tras_e_angulo","passo_para_tras_e_angulo"
"aliases","passo_para_tras_e_angulo__defesa_pessoal","passo_para_tras_e_angulo"
"aliases","barreira_verbal_e_maos_abertas","barreira_verbal_e_maos_abertas"
"aliases","barreira_verbal_e_maos_abertas__defesa_pessoal","barreira_verbal_e_maos_abertas"
"aliases","cobertura_basica_contra_golpes","cobertura_basica_contra_golpes"
"aliases","cobertura_basica_contra_golpes__defesa_pessoal","cobertura_basica_contra_golpes"
"aliases","sair_da_linha_de_ataque","sair_da_linha_de_ataque"
"aliases","sair_da_linha_de_ataque__defesa_pessoal","sair_da_linha_de_ataque"
"aliases","desvio_simples_de_mao","desvio_simples_de_mao"
"aliases","desvio_simples_de_mao__defesa_pessoal","desvio_simples_de_mao"
"aliases","entrada_defensiva_para_clinch__defesa_pessoal","entrada_defensiva_para_clinch"
"aliases","palm_strike_e_saida","palm_strike_e_saida"
"aliases","palm_strike_e_saida__defesa_pessoal","palm_strike_e_saida"
"aliases","saida_de_agarre_no_pulso","saida_de_agarre_no_pulso"
"aliases","saida_de_agarre_no_pulso__defesa_pessoal","saida_de_agarre_no_pulso"
"aliases","frame_no_clinch","frame_no_clinch"
"aliases","frame_no_clinch__defesa_pessoal","frame_no_clinch"
"aliases","sair_do_clinch_com_frame_e_passo","sair_do_clinch_com_frame_e_passo"
"aliases","sair_do_clinch_com_frame_e_passo__defesa_pessoal","sair_do_clinch_com_frame_e_passo"
"aliases","sprawl_funcional","sprawl_funcional"
"aliases","sprawl_funcional__defesa_pessoal","sprawl_funcional"
"aliases","queda_segura_funcional","queda_segura_funcional"
"aliases","queda_segura_funcional__defesa_pessoal","queda_segura_funcional"
"aliases","frames_no_chao_contra_pressao","frames_no_chao_contra_pressao"
"aliases","frames_no_chao_contra_pressao__defesa_pessoal","frames_no_chao_contra_pressao"
"aliases","technical_stand_up_funcional","technical_stand_up_lento"
"aliases","technical_stand_up_funcional__defesa_pessoal","technical_stand_up_lento"
"aliases","palm_strike_em_alvo","palm_strike_em_alvo"
"aliases","palm_strike_em_alvo__defesa_pessoal","palm_strike_em_alvo"
"aliases","low_kick_simples_funcional","low_kick_simples_funcional"
"aliases","low_kick_simples_funcional__defesa_pessoal","low_kick_simples_funcional"
"aliases","joelhada_simples_para_criar_espaco","joelhada_simples_para_criar_espaco"
"aliases","joelhada_simples_para_criar_espaco__defesa_pessoal","joelhada_simples_para_criar_espaco"
"aliases","empurrar_e_sair","empurrar_e_sair"
"aliases","empurrar_e_sair__defesa_pessoal","empurrar_e_sair"
"aliases","drill_decisao_de_fuga","drill_decisao_de_fuga"
"aliases","drill_decisao_de_fuga__defesa_pessoal","drill_decisao_de_fuga"
"aliases","regra_de_multiplas_ameacas","regra_de_multiplas_ameacas"
"aliases","regra_de_multiplas_ameacas__defesa_pessoal","regra_de_multiplas_ameacas"
"aliases","sair_da_parede_com_angulo","sair_da_parede_com_angulo"
"aliases","sair_da_parede_com_angulo__defesa_pessoal","sair_da_parede_com_angulo"
"aliases","boxe","boxe"
"aliases","boxe__artes_marciais","boxe"
"aliases","muay_thai","muay_thai"
"aliases","muay_thai__artes_marciais","muay_thai"
"aliases","jiu_jitsu_bjj","jiu_jitsu_bjj"
"aliases","jiu_jitsu_bjj__artes_marciais","jiu_jitsu_bjj"
"aliases","judo","judo"
"aliases","judo__artes_marciais","judo"
"aliases","flexao_e_extensao_cervical_lenta","flexao_e_extensao_cervical_lenta"
"aliases","flexao_e_extensao_cervical_lenta__mobilidade","flexao_e_extensao_cervical_lenta"
"aliases","rotacao_cervical_esquerda_e_direita","rotacao_cervical_esquerda_e_direita"
"aliases","rotacao_cervical_esquerda_e_direita__mobilidade","rotacao_cervical_esquerda_e_direita"
"aliases","inclinacao_lateral_cervical","inclinacao_lateral_cervical"
"aliases","inclinacao_lateral_cervical__mobilidade","inclinacao_lateral_cervical"
"aliases","cars_cervicais_suaves","cars_cervicais_suaves"
"aliases","cars_cervicais_suaves__mobilidade","cars_cervicais_suaves"
"aliases","chin_tuck_deitado","chin_tuck_deitado"
"aliases","chin_tuck_deitado__mobilidade","chin_tuck_deitado"
"aliases","chin_tuck_contra_parede","chin_tuck_contra_parede"
"aliases","chin_tuck_contra_parede__mobilidade","chin_tuck_contra_parede"
"aliases","olhar_por_cima_do_ombro_em_guarda","olhar_por_cima_do_ombro_em_guarda"
"aliases","olhar_por_cima_do_ombro_em_guarda__mobilidade","olhar_por_cima_do_ombro_em_guarda"
"aliases","rotacao_cervical_com_footwork_leve","rotacao_cervical_com_footwork_leve"
"aliases","rotacao_cervical_com_footwork_leve__mobilidade","rotacao_cervical_com_footwork_leve"
"aliases","extensao_toracica_no_chao","extensao_toracica_no_chao"
"aliases","extensao_toracica_no_chao__mobilidade","extensao_toracica_no_chao"
"aliases","extensao_toracica_sobre_rolo","extensao_toracica_sobre_rolo"
"aliases","extensao_toracica_sobre_rolo__mobilidade","extensao_toracica_sobre_rolo"
"aliases","rotacao_toracica_em_quadrupedia","rotacao_toracica_em_quadrupedia"
"aliases","rotacao_toracica_em_quadrupedia__mobilidade","rotacao_toracica_em_quadrupedia"
"aliases","thread_the_needle","thread_the_needle"
"aliases","thread_the_needle__mobilidade","thread_the_needle"
"aliases","thread_the_needle_com_alcance","thread_the_needle_com_alcance"
"aliases","thread_the_needle_com_alcance__mobilidade","thread_the_needle_com_alcance"
"aliases","respiracao_costal_deitada","respiracao_costal_deitada"
"aliases","respiracao_costal_deitada__mobilidade","respiracao_costal_deitada"
"aliases","respiracao_90_90_com_costelas_baixas","respiracao_90_90_com_costelas_baixas"
"aliases","respiracao_90_90_com_costelas_baixas__mobilidade","respiracao_90_90_com_costelas_baixas"
"aliases","wall_angels","wall_angels"
"aliases","wall_angels__mobilidade","wall_angels"
"aliases","elevacao_de_bracos_contra_parede","elevacao_de_bracos_contra_parede"
"aliases","elevacao_de_bracos_contra_parede__mobilidade","elevacao_de_bracos_contra_parede"
"aliases","pelvic_tilts_deitado","pelvic_tilts_deitado"
"aliases","pelvic_tilts_deitado__mobilidade","pelvic_tilts_deitado"
"aliases","pelvic_tilts_em_quadrupedia","pelvic_tilts_em_quadrupedia"
"aliases","pelvic_tilts_em_quadrupedia__mobilidade","pelvic_tilts_em_quadrupedia"
"aliases","rock_back_com_coluna_neutra","rock_back_com_coluna_neutra"
"aliases","rock_back_com_coluna_neutra__mobilidade","rock_back_com_coluna_neutra"
"aliases","hinge_drill_sem_carga","hinge_drill_sem_carga"
"aliases","hinge_drill_sem_carga__mobilidade","hinge_drill_sem_carga"
"aliases","cat_cow_controlado","cat_cow_controlado"
"aliases","cat_cow_controlado__mobilidade","cat_cow_controlado"
"aliases","rotacao_lombar_deitado_joelhos_lado_a_lado","rotacao_lombar_deitado_joelhos_lado_a_lado"
"aliases","rotacao_lombar_deitado_joelhos_lado_a_lado__mobilidade","rotacao_lombar_deitado_joelhos_lado_a_lado"
"aliases","dead_bug_com_retroversao","dead_bug_com_retroversao"
"aliases","dead_bug_com_retroversao__mobilidade","dead_bug_com_retroversao"
"aliases","respiracao_com_bracing_leve","respiracao_com_bracing_leve"
"aliases","respiracao_com_bracing_leve__mobilidade","respiracao_com_bracing_leve"
"aliases","scapular_push_up__mobilidade","scapular_push_up"
"aliases","protracao_e_retracao_em_quadrupedia","protracao_e_retracao_em_quadrupedia"
"aliases","protracao_e_retracao_em_quadrupedia__mobilidade","protracao_e_retracao_em_quadrupedia"
"aliases","elevacao_e_depressao_escapular_em_pe","elevacao_e_depressao_escapular_em_pe"
"aliases","elevacao_e_depressao_escapular_em_pe__mobilidade","elevacao_e_depressao_escapular_em_pe"
"aliases","depressao_escapular_na_barra","depressao_escapular_na_barra"
"aliases","depressao_escapular_na_barra__mobilidade","depressao_escapular_na_barra"
"aliases","wall_slides_escapulares","wall_slides_escapulares"
"aliases","wall_slides_escapulares__mobilidade","wall_slides_escapulares"
"aliases","serratus_reach","serratus_reach"
"aliases","serratus_reach__mobilidade","serratus_reach"
"aliases","prancha_com_protracao_escapular","prancha_com_protracao_escapular"
"aliases","prancha_com_protracao_escapular__mobilidade","prancha_com_protracao_escapular"
"aliases","bear_position_scapular_control","bear_position_scapular_control"
"aliases","bear_position_scapular_control__mobilidade","bear_position_scapular_control"
"aliases","scapular_pull_up__mobilidade","scapular_pull_up"
"aliases","cars_escapulares_em_pe","cars_escapulares_em_pe"
"aliases","cars_escapulares_em_pe__mobilidade","cars_escapulares_em_pe"
"aliases","flexao_de_ombro_deitado","flexao_de_ombro_deitado"
"aliases","flexao_de_ombro_deitado__mobilidade","flexao_de_ombro_deitado"
"aliases","elevacao_de_bracos_na_parede","elevacao_de_bracos_na_parede"
"aliases","elevacao_de_bracos_na_parede__mobilidade","elevacao_de_bracos_na_parede"
"aliases","extensao_de_ombro_com_maos_atras","extensao_de_ombro_com_maos_atras"
"aliases","extensao_de_ombro_com_maos_atras__mobilidade","extensao_de_ombro_com_maos_atras"
"aliases","shoulder_extension_lift_off","shoulder_extension_lift_off"
"aliases","shoulder_extension_lift_off__mobilidade","shoulder_extension_lift_off"
"aliases","abducao_de_ombro_na_parede","abducao_de_ombro_na_parede"
"aliases","abducao_de_ombro_na_parede__mobilidade","abducao_de_ombro_na_parede"
"aliases","rotacao_externa_com_cotovelo_junto_ao_corpo","rotacao_externa_com_cotovelo_junto_ao_corpo"
"aliases","rotacao_externa_com_cotovelo_junto_ao_corpo__mobilidade","rotacao_externa_com_cotovelo_junto_ao_corpo"
"aliases","rotacao_externa_deitado_de_lado","rotacao_externa_deitado_de_lado"
"aliases","rotacao_externa_deitado_de_lado__mobilidade","rotacao_externa_deitado_de_lado"
"aliases","rotacao_interna_com_cotovelo_junto_ao_corpo","rotacao_interna_com_cotovelo_junto_ao_corpo"
"aliases","rotacao_interna_com_cotovelo_junto_ao_corpo__mobilidade","rotacao_interna_com_cotovelo_junto_ao_corpo"
"aliases","shoulder_cars","shoulder_cars"
"aliases","shoulder_cars__mobilidade","shoulder_cars"
"aliases","overhead_hold_sem_carga","overhead_hold_sem_carga"
"aliases","overhead_hold_sem_carga__mobilidade","overhead_hold_sem_carga"
"aliases","passagens_com_cabo_de_vassoura","passagens_com_cabo_de_vassoura"
"aliases","passagens_com_cabo_de_vassoura__mobilidade","passagens_com_cabo_de_vassoura"
"aliases","shoulder_dislocates_controlados","shoulder_dislocates_controlados"
"aliases","shoulder_dislocates_controlados__mobilidade","shoulder_dislocates_controlados"
"aliases","guarda_alta_com_respiracao","guarda_alta_com_respiracao"
"aliases","guarda_alta_com_respiracao__mobilidade","guarda_alta_com_respiracao"
"aliases","guarda_alta_com_passos_leves","guarda_alta_com_passos_leves"
"aliases","guarda_alta_com_passos_leves__mobilidade","guarda_alta_com_passos_leves"
"aliases","flexao_e_extensao_ativa_do_cotovelo","flexao_e_extensao_ativa_do_cotovelo"
"aliases","flexao_e_extensao_ativa_do_cotovelo__mobilidade","flexao_e_extensao_ativa_do_cotovelo"
"aliases","extensao_terminal_do_cotovelo_leve","extensao_terminal_do_cotovelo_leve"
"aliases","extensao_terminal_do_cotovelo_leve__mobilidade","extensao_terminal_do_cotovelo_leve"
"aliases","pronacao_e_supinacao_com_cotovelo_fixo","pronacao_e_supinacao_com_cotovelo_fixo"
"aliases","pronacao_e_supinacao_com_cotovelo_fixo__mobilidade","pronacao_e_supinacao_com_cotovelo_fixo"
"aliases","pronacao_e_supinacao_com_halter_leve","pronacao_e_supinacao_com_halter_leve"
"aliases","pronacao_e_supinacao_com_halter_leve__mobilidade","pronacao_e_supinacao_com_halter_leve"
"aliases","isometria_leve_de_cotovelo_a_90_graus","isometria_leve_de_cotovelo_a_90_graus"
"aliases","isometria_leve_de_cotovelo_a_90_graus__mobilidade","isometria_leve_de_cotovelo_a_90_graus"
"aliases","frames_leves_em_quadrupedia","frames_leves_em_quadrupedia"
"aliases","frames_leves_em_quadrupedia__mobilidade","frames_leves_em_quadrupedia"
"aliases","circulos_de_punho","circulos_de_punho"
"aliases","circulos_de_punho__mobilidade","circulos_de_punho"
"aliases","flexao_e_extensao_ativa_do_punho","flexao_e_extensao_ativa_do_punho"
"aliases","flexao_e_extensao_ativa_do_punho__mobilidade","flexao_e_extensao_ativa_do_punho"
"aliases","desvio_radial_e_ulnar_ativo","desvio_radial_e_ulnar_ativo"
"aliases","desvio_radial_e_ulnar_ativo__mobilidade","desvio_radial_e_ulnar_ativo"
"aliases","rocking_de_punho_em_quadrupedia","rocking_de_punho_em_quadrupedia"
"aliases","rocking_de_punho_em_quadrupedia__mobilidade","rocking_de_punho_em_quadrupedia"
"aliases","extensao_de_punho_com_palmas_no_chao","extensao_de_punho_com_palmas_no_chao"
"aliases","extensao_de_punho_com_palmas_no_chao__mobilidade","extensao_de_punho_com_palmas_no_chao"
"aliases","punhos_para_flexoes","punhos_para_flexoes"
"aliases","punhos_para_flexoes__mobilidade","punhos_para_flexoes"
"aliases","abrir_e_fechar_dedos","abrir_e_fechar_dedos"
"aliases","abrir_e_fechar_dedos__mobilidade","abrir_e_fechar_dedos"
"aliases","extensao_dos_dedos_com_elastico","extensao_dos_dedos_com_elastico"
"aliases","extensao_dos_dedos_com_elastico__mobilidade","extensao_dos_dedos_com_elastico"
"aliases","ondas_dos_dedos","ondas_dos_dedos"
"aliases","ondas_dos_dedos__mobilidade","ondas_dos_dedos"
"aliases","aquecimento_de_dedos_para_kimono","aquecimento_de_dedos_para_kimono"
"aliases","aquecimento_de_dedos_para_kimono__mobilidade","aquecimento_de_dedos_para_kimono"
"aliases","punho_e_dedos_antes_de_grappling","punho_e_dedos_antes_de_grappling"
"aliases","punho_e_dedos_antes_de_grappling__mobilidade","punho_e_dedos_antes_de_grappling"
"aliases","flexao_de_anca_em_pe_com_apoio","flexao_de_anca_em_pe_com_apoio"
"aliases","flexao_de_anca_em_pe_com_apoio__mobilidade","flexao_de_anca_em_pe_com_apoio"
"aliases","marcha_lenta_com_joelho_alto","marcha_lenta_com_joelho_alto"
"aliases","marcha_lenta_com_joelho_alto__mobilidade","marcha_lenta_com_joelho_alto"
"aliases","extensao_de_anca_em_quadrupedia","extensao_de_anca_em_quadrupedia"
"aliases","extensao_de_anca_em_quadrupedia__mobilidade","extensao_de_anca_em_quadrupedia"
"aliases","hip_extension_lift_off","hip_extension_lift_off"
"aliases","hip_extension_lift_off__mobilidade","hip_extension_lift_off"
"aliases","rotacao_interna_de_anca_sentado","rotacao_interna_de_anca_sentado"
"aliases","rotacao_interna_de_anca_sentado__mobilidade","rotacao_interna_de_anca_sentado"
"aliases","90_90_lift_off_rotacao_interna","90_90_lift_off_rotacao_interna"
"aliases","90_90_lift_off_rotacao_interna__mobilidade","90_90_lift_off_rotacao_interna"
"aliases","rotacao_externa_de_anca_sentado","rotacao_externa_de_anca_sentado"
"aliases","rotacao_externa_de_anca_sentado__mobilidade","rotacao_externa_de_anca_sentado"
"aliases","pigeon_ativo","pigeon_ativo"
"aliases","pigeon_ativo__mobilidade","pigeon_ativo"
"aliases","rock_back_de_adutores","rock_back_de_adutores"
"aliases","rock_back_de_adutores__mobilidade","rock_back_de_adutores"
"aliases","cossack_squat_assistido","cossack_squat_assistido"
"aliases","cossack_squat_assistido__mobilidade","cossack_squat_assistido"
"aliases","hip_cars_em_pe_com_apoio","hip_cars_em_pe_com_apoio"
"aliases","hip_cars_em_pe_com_apoio__mobilidade","hip_cars_em_pe_com_apoio"
"aliases","hip_cars_em_quadrupedia","hip_cars_em_quadrupedia"
"aliases","hip_cars_em_quadrupedia__mobilidade","hip_cars_em_quadrupedia"
"aliases","90_90_switches","90_90_switches"
"aliases","90_90_switches__mobilidade","90_90_switches"
"aliases","90_90_hold_ativo","90_90_hold_ativo"
"aliases","90_90_hold_ativo__mobilidade","90_90_hold_ativo"
"aliases","agachamento_profundo_assistido","agachamento_profundo_assistido"
"aliases","agachamento_profundo_assistido__mobilidade","agachamento_profundo_assistido"
"aliases","squat_pry_leve","squat_pry_leve"
"aliases","squat_pry_leve__mobilidade","squat_pry_leve"
"aliases","camara_de_pontape_frontal","camara_de_pontape_frontal"
"aliases","camara_de_pontape_frontal__mobilidade","camara_de_pontape_frontal"
"aliases","camara_de_pontape_circular","camara_de_pontape_circular"
"aliases","camara_de_pontape_circular__mobilidade","camara_de_pontape_circular"
"aliases","recolha_lenta_do_pontape","recolha_lenta_do_pontape"
"aliases","recolha_lenta_do_pontape__mobilidade","recolha_lenta_do_pontape"
"aliases","hip_heist_lento","hip_heist_lento"
"aliases","hip_heist_lento__mobilidade","hip_heist_lento"
"aliases","shin_box_switch","shin_box_switch"
"aliases","shin_box_switch__mobilidade","shin_box_switch"
"aliases","heel_slides","heel_slides"
"aliases","heel_slides__mobilidade","heel_slides"
"aliases","flexao_de_joelho_em_pe","flexao_de_joelho_em_pe"
"aliases","flexao_de_joelho_em_pe__mobilidade","flexao_de_joelho_em_pe"
"aliases","extensao_ativa_do_joelho_sentado","extensao_ativa_do_joelho_sentado"
"aliases","extensao_ativa_do_joelho_sentado__mobilidade","extensao_ativa_do_joelho_sentado"
"aliases","extensao_terminal_do_joelho_com_elastico__mobilidade","extensao_terminal_do_joelho_com_elastico"
"aliases","agachamento_para_cadeira_controlado","agachamento_para_cadeira_controlado"
"aliases","agachamento_para_cadeira_controlado__mobilidade","agachamento_para_cadeira_controlado"
"aliases","step_down_controlado","step_down_controlado"
"aliases","step_down_controlado__mobilidade","step_down_controlado"
"aliases","split_squat_parcial_controlado","split_squat_parcial_controlado"
"aliases","split_squat_parcial_controlado__mobilidade","split_squat_parcial_controlado"
"aliases","base_marcial_com_joelho_alinhado","base_marcial_com_joelho_alinhado"
"aliases","base_marcial_com_joelho_alinhado__mobilidade","base_marcial_com_joelho_alinhado"
"aliases","knee_to_wall","knee_to_wall"
"aliases","knee_to_wall__mobilidade","knee_to_wall"
"aliases","rocking_de_tornozelo_em_avanco","rocking_de_tornozelo_em_avanco"
"aliases","rocking_de_tornozelo_em_avanco__mobilidade","rocking_de_tornozelo_em_avanco"
"aliases","flexao_plantar_ativa","flexao_plantar_ativa"
"aliases","flexao_plantar_ativa__mobilidade","flexao_plantar_ativa"
"aliases","apontar_e_puxar_o_pe","apontar_e_puxar_o_pe"
"aliases","apontar_e_puxar_o_pe__mobilidade","apontar_e_puxar_o_pe"
"aliases","inversao_e_eversao_ativas","inversao_e_eversao_ativas"
"aliases","inversao_e_eversao_ativas__mobilidade","inversao_e_eversao_ativas"
"aliases","inversao_e_eversao_com_elastico_leve","inversao_e_eversao_com_elastico_leve"
"aliases","inversao_e_eversao_com_elastico_leve__mobilidade","inversao_e_eversao_com_elastico_leve"
"aliases","cars_de_tornozelo","cars_de_tornozelo"
"aliases","cars_de_tornozelo__mobilidade","cars_de_tornozelo"
"aliases","mobilidade_de_tornozelo_em_agachamento","mobilidade_de_tornozelo_em_agachamento"
"aliases","mobilidade_de_tornozelo_em_agachamento__mobilidade","mobilidade_de_tornozelo_em_agachamento"
"aliases","pogo_prep_leve","pogo_prep_leve"
"aliases","pogo_prep_leve__mobilidade","pogo_prep_leve"
"aliases","pivots_controlados","pivots_controlados"
"aliases","pivots_controlados__mobilidade","pivots_controlados"
"aliases","short_foot","short_foot"
"aliases","short_foot__mobilidade","short_foot"
"aliases","doming_do_pe","doming_do_pe"
"aliases","doming_do_pe__mobilidade","doming_do_pe"
"aliases","elevacao_do_dedo_grande","elevacao_do_dedo_grande"
"aliases","elevacao_do_dedo_grande__mobilidade","elevacao_do_dedo_grande"
"aliases","elevacao_dos_quatro_dedos","elevacao_dos_quatro_dedos"
"aliases","elevacao_dos_quatro_dedos__mobilidade","elevacao_dos_quatro_dedos"
"aliases","flexao_dos_dedos_na_toalha","flexao_dos_dedos_na_toalha"
"aliases","flexao_dos_dedos_na_toalha__mobilidade","flexao_dos_dedos_na_toalha"
"aliases","mobilidade_do_dedo_grande_na_parede","mobilidade_do_dedo_grande_na_parede"
"aliases","mobilidade_do_dedo_grande_na_parede__mobilidade","mobilidade_do_dedo_grande_na_parede"
"aliases","pronacao_e_supinacao_controlada_do_pe","pronacao_e_supinacao_controlada_do_pe"
"aliases","pronacao_e_supinacao_controlada_do_pe__mobilidade","pronacao_e_supinacao_controlada_do_pe"
"aliases","equilibrio_unipodal","equilibrio_unipodal"
"aliases","equilibrio_unipodal__mobilidade","equilibrio_unipodal"
"aliases","sit_to_stand_sem_maos","sit_to_stand_sem_maos"
"aliases","sit_to_stand_sem_maos__mobilidade","sit_to_stand_sem_maos"
"aliases","technical_stand_up_lento__mobilidade","technical_stand_up_lento"
"aliases","entrar_e_sair_do_agachamento_profundo_assistido","entrar_e_sair_do_agachamento_profundo_assistido"
"aliases","entrar_e_sair_do_agachamento_profundo_assistido__mobilidade","entrar_e_sair_do_agachamento_profundo_assistido"
"aliases","agachamento_profundo_com_troca_de_peso","agachamento_profundo_com_troca_de_peso"
"aliases","agachamento_profundo_com_troca_de_peso__mobilidade","agachamento_profundo_com_troca_de_peso"
"aliases","bear_crawl_leve","bear_crawl_leve"
"aliases","bear_crawl_leve__mobilidade","bear_crawl_leve"
"aliases","crawling_em_quadrupedia_lento","crawling_em_quadrupedia_lento"
"aliases","crawling_em_quadrupedia_lento__mobilidade","crawling_em_quadrupedia_lento"
"aliases","rolamento_lateral_controlado","rolamento_lateral_controlado"
"aliases","rolamento_lateral_controlado__mobilidade","rolamento_lateral_controlado"
"aliases","rolamento_frontal_suave","rolamento_frontal_suave"
"aliases","rolamento_frontal_suave__mobilidade","rolamento_frontal_suave"
"aliases","world_greatest_stretch_flow","world_greatest_stretch_flow"
"aliases","world_greatest_stretch_flow__mobilidade","world_greatest_stretch_flow"
"aliases","90_90_para_agachamento","90_90_para_agachamento"
"aliases","90_90_para_agachamento__mobilidade","90_90_para_agachamento"
"aliases","flow_guarda_chao_e_levantar","flow_guarda_chao_e_levantar"
"aliases","flow_guarda_chao_e_levantar__mobilidade","flow_guarda_chao_e_levantar"
"aliases","camara_de_pontape_frontal_com_apoio","camara_de_pontape_frontal_com_apoio"
"aliases","camara_de_pontape_frontal_com_apoio__mobilidade","camara_de_pontape_frontal_com_apoio"
"aliases","camara_de_pontape_circular_com_apoio","camara_de_pontape_circular_com_apoio"
"aliases","camara_de_pontape_circular_com_apoio__mobilidade","camara_de_pontape_circular_com_apoio"
"aliases","pontape_lento_sem_impacto","pontape_lento_sem_impacto"
"aliases","pontape_lento_sem_impacto__mobilidade","pontape_lento_sem_impacto"
"aliases","90_90_para_guarda_no_chao","90_90_para_guarda_no_chao"
"aliases","90_90_para_guarda_no_chao__mobilidade","90_90_para_guarda_no_chao"
"aliases","shrimp_lento_de_mobilidade","shrimp_lento_de_mobilidade"
"aliases","shrimp_lento_de_mobilidade__mobilidade","shrimp_lento_de_mobilidade"
"aliases","sprawl_lento_por_fases","sprawl_lento_por_fases"
"aliases","sprawl_lento_por_fases__mobilidade","sprawl_lento_por_fases"
"aliases","technical_stand_up_lento_por_fases","technical_stand_up_lento"
"aliases","technical_stand_up_lento_por_fases__mobilidade","technical_stand_up_lento"
"aliases","postura_de_clinch_sem_parceiro","postura_de_clinch_sem_parceiro"
"aliases","postura_de_clinch_sem_parceiro__mobilidade","postura_de_clinch_sem_parceiro"
"aliases","pivot_lento_de_boxe","pivot_lento_de_boxe"
"aliases","pivot_lento_de_boxe__mobilidade","pivot_lento_de_boxe"
"aliases","pivot_para_pontape_circular","pivot_para_pontape_circular"
"aliases","pivot_para_pontape_circular__mobilidade","pivot_para_pontape_circular"
"aliases","preparacao_de_punhos_para_ukemi","preparacao_de_punhos_para_ukemi"
"aliases","preparacao_de_punhos_para_ukemi__mobilidade","preparacao_de_punhos_para_ukemi"
"aliases","rolamento_suave_de_preparacao","rolamento_suave_de_preparacao"
"aliases","rolamento_suave_de_preparacao__mobilidade","rolamento_suave_de_preparacao"
"aliases","mobilidade","mobilidade"
"aliases","mobilidade__mobilidade","mobilidade"
"aliases","inclinacao_lateral_do_pescoco_sentado","inclinacao_lateral_do_pescoco_sentado"
"aliases","inclinacao_lateral_do_pescoco_sentado__elasticidade","inclinacao_lateral_do_pescoco_sentado"
"aliases","inclinacao_lateral_com_mao_atras_das_costas","inclinacao_lateral_com_mao_atras_das_costas"
"aliases","inclinacao_lateral_com_mao_atras_das_costas__elasticidade","inclinacao_lateral_com_mao_atras_das_costas"
"aliases","alongamento_do_trapezio_superior_sentado","alongamento_do_trapezio_superior_sentado"
"aliases","alongamento_do_trapezio_superior_sentado__elasticidade","alongamento_do_trapezio_superior_sentado"
"aliases","trapezio_superior_com_mao_presa_a_cadeira","trapezio_superior_com_mao_presa_a_cadeira"
"aliases","trapezio_superior_com_mao_presa_a_cadeira__elasticidade","trapezio_superior_com_mao_presa_a_cadeira"
"aliases","alongamento_do_elevador_da_escapula_em_diagonal","alongamento_do_elevador_da_escapula_em_diagonal"
"aliases","alongamento_do_elevador_da_escapula_em_diagonal__elasticidade","alongamento_do_elevador_da_escapula_em_diagonal"
"aliases","alongamento_suave_dos_escalenos_com_respiracao","alongamento_suave_dos_escalenos_com_respiracao"
"aliases","alongamento_suave_dos_escalenos_com_respiracao__elasticidade","alongamento_suave_dos_escalenos_com_respiracao"
"aliases","relaxamento_suboccipital_deitado","relaxamento_suboccipital_deitado"
"aliases","relaxamento_suboccipital_deitado__elasticidade","relaxamento_suboccipital_deitado"
"aliases","sequencia_cervical_leve_pos_treino","sequencia_cervical_leve_pos_treino"
"aliases","sequencia_cervical_leve_pos_treino__elasticidade","sequencia_cervical_leve_pos_treino"
"aliases","alongamento_de_peito_na_porta","alongamento_de_peito_na_porta"
"aliases","alongamento_de_peito_na_porta__elasticidade","alongamento_de_peito_na_porta"
"aliases","alongamento_unilateral_de_peito_na_porta","alongamento_unilateral_de_peito_na_porta"
"aliases","alongamento_unilateral_de_peito_na_porta__elasticidade","alongamento_unilateral_de_peito_na_porta"
"aliases","alongamento_de_peito_no_canto","alongamento_de_peito_no_canto"
"aliases","alongamento_de_peito_no_canto__elasticidade","alongamento_de_peito_no_canto"
"aliases","maos_atras_das_costas","maos_atras_das_costas"
"aliases","maos_atras_das_costas__elasticidade","maos_atras_das_costas"
"aliases","ombro_anterior_com_maos_apoiadas_atras","ombro_anterior_com_maos_apoiadas_atras"
"aliases","ombro_anterior_com_maos_apoiadas_atras__elasticidade","ombro_anterior_com_maos_apoiadas_atras"
"aliases","alongamento_do_biceps_na_parede","alongamento_do_biceps_na_parede"
"aliases","alongamento_do_biceps_na_parede__elasticidade","alongamento_do_biceps_na_parede"
"aliases","biceps_com_palma_na_parede_dedos_para_tras","biceps_com_palma_na_parede_dedos_para_tras"
"aliases","biceps_com_palma_na_parede_dedos_para_tras__elasticidade","biceps_com_palma_na_parede_dedos_para_tras"
"aliases","abertura_dinamica_de_bracos","abertura_dinamica_de_bracos"
"aliases","abertura_dinamica_de_bracos__elasticidade","abertura_dinamica_de_bracos"
"aliases","cooldown_de_peito_pos_empurrar","cooldown_de_peito_pos_empurrar"
"aliases","cooldown_de_peito_pos_empurrar__elasticidade","cooldown_de_peito_pos_empurrar"
"aliases","child_pose_com_bracos_longos","child_pose_com_bracos_longos"
"aliases","child_pose_com_bracos_longos__elasticidade","child_pose_com_bracos_longos"
"aliases","child_pose_com_maos_em_banco","child_pose_com_maos_em_banco"
"aliases","child_pose_com_maos_em_banco__elasticidade","child_pose_com_maos_em_banco"
"aliases","child_pose_lateral","child_pose_lateral"
"aliases","child_pose_lateral__elasticidade","child_pose_lateral"
"aliases","alongamento_lateral_em_pe","alongamento_lateral_em_pe"
"aliases","alongamento_lateral_em_pe__elasticidade","alongamento_lateral_em_pe"
"aliases","suspensao_passiva_leve_na_barra","suspensao_passiva_leve_na_barra"
"aliases","suspensao_passiva_leve_na_barra__elasticidade","suspensao_passiva_leve_na_barra"
"aliases","suspensao_com_pes_apoiados","suspensao_com_pes_apoiados"
"aliases","suspensao_com_pes_apoiados__elasticidade","suspensao_com_pes_apoiados"
"aliases","alongamento_do_quadrado_lombar_sentado","alongamento_do_quadrado_lombar_sentado"
"aliases","alongamento_do_quadrado_lombar_sentado__elasticidade","alongamento_do_quadrado_lombar_sentado"
"aliases","alongamento_lateral_com_respiracao","alongamento_lateral_com_respiracao"
"aliases","alongamento_lateral_com_respiracao__elasticidade","alongamento_lateral_com_respiracao"
"aliases","cooldown_de_dorsal_pos_puxar","cooldown_de_dorsal_pos_puxar"
"aliases","cooldown_de_dorsal_pos_puxar__elasticidade","cooldown_de_dorsal_pos_puxar"
"aliases","braco_cruzado_a_frente_do_peito","braco_cruzado_a_frente_do_peito"
"aliases","braco_cruzado_a_frente_do_peito__elasticidade","braco_cruzado_a_frente_do_peito"
"aliases","alongamento_posterior_com_apoio_na_parede","alongamento_posterior_com_apoio_na_parede"
"aliases","alongamento_posterior_com_apoio_na_parede__elasticidade","alongamento_posterior_com_apoio_na_parede"
"aliases","alongamento_do_deltoide_posterior_sentado","alongamento_do_deltoide_posterior_sentado"
"aliases","alongamento_do_deltoide_posterior_sentado__elasticidade","alongamento_do_deltoide_posterior_sentado"
"aliases","abracar_o_proprio_corpo","abracar_o_proprio_corpo"
"aliases","abracar_o_proprio_corpo__elasticidade","abracar_o_proprio_corpo"
"aliases","alcance_a_frente_com_maos_entrelacadas","alcance_a_frente_com_maos_entrelacadas"
"aliases","alcance_a_frente_com_maos_entrelacadas__elasticidade","alcance_a_frente_com_maos_entrelacadas"
"aliases","sleeper_stretch_leve","sleeper_stretch_leve"
"aliases","sleeper_stretch_leve__elasticidade","sleeper_stretch_leve"
"aliases","cooldown_posterior_do_ombro_pos_puxar","cooldown_posterior_do_ombro_pos_puxar"
"aliases","cooldown_posterior_do_ombro_pos_puxar__elasticidade","cooldown_posterior_do_ombro_pos_puxar"
"aliases","relaxamento_dos_ombros_pos_guarda_alta","relaxamento_dos_ombros_pos_guarda_alta"
"aliases","relaxamento_dos_ombros_pos_guarda_alta__elasticidade","relaxamento_dos_ombros_pos_guarda_alta"
"aliases","triceps_acima_da_cabeca","triceps_acima_da_cabeca"
"aliases","triceps_acima_da_cabeca__elasticidade","triceps_acima_da_cabeca"
"aliases","triceps_acima_da_cabeca_com_toalha","triceps_acima_da_cabeca_com_toalha"
"aliases","triceps_acima_da_cabeca_com_toalha__elasticidade","triceps_acima_da_cabeca_com_toalha"
"aliases","braco_acima_da_cabeca_na_parede","braco_acima_da_cabeca_na_parede"
"aliases","braco_acima_da_cabeca_na_parede__elasticidade","braco_acima_da_cabeca_na_parede"
"aliases","child_pose_com_cotovelos_dobrados","child_pose_com_cotovelos_dobrados"
"aliases","child_pose_com_cotovelos_dobrados__elasticidade","child_pose_com_cotovelos_dobrados"
"aliases","respiracao_em_posicao_overhead","respiracao_em_posicao_overhead"
"aliases","respiracao_em_posicao_overhead__elasticidade","respiracao_em_posicao_overhead"
"aliases","cooldown_de_triceps_pos_empurrar","cooldown_de_triceps_pos_empurrar"
"aliases","cooldown_de_triceps_pos_empurrar__elasticidade","cooldown_de_triceps_pos_empurrar"
"aliases","alongamento_dos_flexores_do_punho_na_parede","alongamento_dos_flexores_do_punho_na_parede"
"aliases","alongamento_dos_flexores_do_punho_na_parede__elasticidade","alongamento_dos_flexores_do_punho_na_parede"
"aliases","palmas_no_chao_dedos_para_tras","palmas_no_chao_dedos_para_tras"
"aliases","palmas_no_chao_dedos_para_tras__elasticidade","palmas_no_chao_dedos_para_tras"
"aliases","alongamento_dos_extensores_do_punho","alongamento_dos_extensores_do_punho"
"aliases","alongamento_dos_extensores_do_punho__elasticidade","alongamento_dos_extensores_do_punho"
"aliases","dorso_da_mao_no_chao_leve","dorso_da_mao_no_chao_leve"
"aliases","dorso_da_mao_no_chao_leve__elasticidade","dorso_da_mao_no_chao_leve"
"aliases","relaxamento_de_rotacao_do_antebraco","relaxamento_de_rotacao_do_antebraco"
"aliases","relaxamento_de_rotacao_do_antebraco__elasticidade","relaxamento_de_rotacao_do_antebraco"
"aliases","alongamento_de_extensao_dos_dedos","alongamento_de_extensao_dos_dedos"
"aliases","alongamento_de_extensao_dos_dedos__elasticidade","alongamento_de_extensao_dos_dedos"
"aliases","alongamento_de_flexao_dos_dedos","alongamento_de_flexao_dos_dedos"
"aliases","alongamento_de_flexao_dos_dedos__elasticidade","alongamento_de_flexao_dos_dedos"
"aliases","shake_out_das_maos","shake_out_das_maos"
"aliases","shake_out_das_maos__elasticidade","shake_out_das_maos"
"aliases","sequencia_pos_pega_para_antebraco","sequencia_pos_pega_para_antebraco"
"aliases","sequencia_pos_pega_para_antebraco__elasticidade","sequencia_pos_pega_para_antebraco"
"aliases","sphinx_pose","sphinx_pose"
"aliases","sphinx_pose__elasticidade","sphinx_pose"
"aliases","cobra_leve","cobra_leve"
"aliases","cobra_leve__elasticidade","cobra_leve"
"aliases","cobra_baixa_com_respiracao","cobra_baixa_com_respiracao"
"aliases","cobra_baixa_com_respiracao__elasticidade","cobra_baixa_com_respiracao"
"aliases","inclinacao_lateral_em_pe","inclinacao_lateral_em_pe"
"aliases","inclinacao_lateral_em_pe__elasticidade","inclinacao_lateral_em_pe"
"aliases","alcance_lateral_sentado","alcance_lateral_sentado"
"aliases","alcance_lateral_sentado__elasticidade","alcance_lateral_sentado"
"aliases","respiracao_em_extensao_leve","respiracao_em_extensao_leve"
"aliases","respiracao_em_extensao_leve__elasticidade","respiracao_em_extensao_leve"
"aliases","cooldown_abdominal_pos_core","cooldown_abdominal_pos_core"
"aliases","cooldown_abdominal_pos_core__elasticidade","cooldown_abdominal_pos_core"
"aliases","figura_4_deitado","figura_4_deitado"
"aliases","figura_4_deitado__elasticidade","figura_4_deitado"
"aliases","figura_4_sentado","figura_4_sentado"
"aliases","figura_4_sentado__elasticidade","figura_4_sentado"
"aliases","piriforme_deitado_joelho_ao_peito_cruzado","piriforme_deitado_joelho_ao_peito_cruzado"
"aliases","piriforme_deitado_joelho_ao_peito_cruzado__elasticidade","piriforme_deitado_joelho_ao_peito_cruzado"
"aliases","pigeon_passivo_com_apoio","pigeon_passivo_com_apoio"
"aliases","pigeon_passivo_com_apoio__elasticidade","pigeon_passivo_com_apoio"
"aliases","90_90_passivo_para_gluteo","90_90_passivo_para_gluteo"
"aliases","90_90_passivo_para_gluteo__elasticidade","90_90_passivo_para_gluteo"
"aliases","pnf_leve_de_gluteo_em_figura_4","pnf_leve_de_gluteo_em_figura_4"
"aliases","pnf_leve_de_gluteo_em_figura_4__elasticidade","pnf_leve_de_gluteo_em_figura_4"
"aliases","cooldown_de_gluteos_pos_pernas","cooldown_de_gluteos_pos_pernas"
"aliases","cooldown_de_gluteos_pos_pernas__elasticidade","cooldown_de_gluteos_pos_pernas"
"aliases","flexor_da_anca_em_meio_ajoelhado","flexor_da_anca_em_meio_ajoelhado"
"aliases","flexor_da_anca_em_meio_ajoelhado__elasticidade","flexor_da_anca_em_meio_ajoelhado"
"aliases","flexor_da_anca_com_braco_acima_da_cabeca","flexor_da_anca_com_braco_acima_da_cabeca"
"aliases","flexor_da_anca_com_braco_acima_da_cabeca__elasticidade","flexor_da_anca_com_braco_acima_da_cabeca"
"aliases","couch_stretch_leve","couch_stretch_leve"
"aliases","couch_stretch_leve__elasticidade","couch_stretch_leve"
"aliases","couch_stretch_com_gluteo_contraido","couch_stretch_com_gluteo_contraido"
"aliases","couch_stretch_com_gluteo_contraido__elasticidade","couch_stretch_com_gluteo_contraido"
"aliases","quadriceps_em_pe","quadriceps_em_pe"
"aliases","quadriceps_em_pe__elasticidade","quadriceps_em_pe"
"aliases","quadriceps_deitado_de_lado","quadriceps_deitado_de_lado"
"aliases","quadriceps_deitado_de_lado__elasticidade","quadriceps_deitado_de_lado"
"aliases","reto_femoral_em_meio_ajoelhado_com_pe_elevado","reto_femoral_em_meio_ajoelhado_com_pe_elevado"
"aliases","reto_femoral_em_meio_ajoelhado_com_pe_elevado__elasticidade","reto_femoral_em_meio_ajoelhado_com_pe_elevado"
"aliases","lunge_dinamico_de_flexores_da_anca","lunge_dinamico_de_flexores_da_anca"
"aliases","lunge_dinamico_de_flexores_da_anca__elasticidade","lunge_dinamico_de_flexores_da_anca"
"aliases","pnf_leve_dos_flexores_da_anca","pnf_leve_dos_flexores_da_anca"
"aliases","pnf_leve_dos_flexores_da_anca__elasticidade","pnf_leve_dos_flexores_da_anca"
"aliases","cooldown_de_quadriceps_pos_pernas","cooldown_de_quadriceps_pos_pernas"
"aliases","cooldown_de_quadriceps_pos_pernas__elasticidade","cooldown_de_quadriceps_pos_pernas"
"aliases","posterior_de_coxa_deitado_com_toalha","posterior_de_coxa_deitado_com_toalha"
"aliases","posterior_de_coxa_deitado_com_toalha__elasticidade","posterior_de_coxa_deitado_com_toalha"
"aliases","posterior_de_coxa_deitado_unilateral","posterior_de_coxa_deitado_unilateral"
"aliases","posterior_de_coxa_deitado_unilateral__elasticidade","posterior_de_coxa_deitado_unilateral"
"aliases","posterior_de_coxa_sentado","posterior_de_coxa_sentado"
"aliases","posterior_de_coxa_sentado__elasticidade","posterior_de_coxa_sentado"
"aliases","alongamento_em_pe_com_dobradica_de_anca","alongamento_em_pe_com_dobradica_de_anca"
"aliases","alongamento_em_pe_com_dobradica_de_anca__elasticidade","alongamento_em_pe_com_dobradica_de_anca"
"aliases","perna_elevada_em_banco","perna_elevada_em_banco"
"aliases","perna_elevada_em_banco__elasticidade","perna_elevada_em_banco"
"aliases","leg_swings_frontais_controlados","leg_swings_frontais_controlados"
"aliases","leg_swings_frontais_controlados__elasticidade","leg_swings_frontais_controlados"
"aliases","pnf_posterior_de_coxa_deitado","pnf_posterior_de_coxa_deitado"
"aliases","pnf_posterior_de_coxa_deitado__elasticidade","pnf_posterior_de_coxa_deitado"
"aliases","posterior_de_coxa_para_pontape_frontal","posterior_de_coxa_para_pontape_frontal"
"aliases","posterior_de_coxa_para_pontape_frontal__elasticidade","posterior_de_coxa_para_pontape_frontal"
"aliases","cooldown_de_posterior_pos_peso_morto","cooldown_de_posterior_pos_peso_morto"
"aliases","cooldown_de_posterior_pos_peso_morto__elasticidade","cooldown_de_posterior_pos_peso_morto"
"aliases","borboleta_sentada","borboleta_sentada"
"aliases","borboleta_sentada__elasticidade","borboleta_sentada"
"aliases","borboleta_com_inclinacao_do_tronco","borboleta_com_inclinacao_do_tronco"
"aliases","borboleta_com_inclinacao_do_tronco__elasticidade","borboleta_com_inclinacao_do_tronco"
"aliases","frog_stretch","frog_stretch"
"aliases","frog_stretch__elasticidade","frog_stretch"
"aliases","alongamento_lateral_de_adutores","alongamento_lateral_de_adutores"
"aliases","alongamento_lateral_de_adutores__elasticidade","alongamento_lateral_de_adutores"
"aliases","cossack_passivo","cossack_passivo"
"aliases","cossack_passivo__elasticidade","cossack_passivo"
"aliases","rock_back_de_adutores_dinamico","rock_back_de_adutores_dinamico"
"aliases","rock_back_de_adutores_dinamico__elasticidade","rock_back_de_adutores_dinamico"
"aliases","pnf_de_adutores_em_borboleta","pnf_de_adutores_em_borboleta"
"aliases","pnf_de_adutores_em_borboleta__elasticidade","pnf_de_adutores_em_borboleta"
"aliases","abertura_lateral_assistida","abertura_lateral_assistida"
"aliases","abertura_lateral_assistida__elasticidade","abertura_lateral_assistida"
"aliases","cooldown_de_adutores_pos_artes_marciais","cooldown_de_adutores_pos_artes_marciais"
"aliases","cooldown_de_adutores_pos_artes_marciais__elasticidade","cooldown_de_adutores_pos_artes_marciais"
"aliases","tfl_em_pe_com_perna_cruzada","tfl_em_pe_com_perna_cruzada"
"aliases","tfl_em_pe_com_perna_cruzada__elasticidade","tfl_em_pe_com_perna_cruzada"
"aliases","tfl_contra_parede","tfl_contra_parede"
"aliases","tfl_contra_parede__elasticidade","tfl_contra_parede"
"aliases","alongamento_lateral_da_anca_deitado","alongamento_lateral_da_anca_deitado"
"aliases","alongamento_lateral_da_anca_deitado__elasticidade","alongamento_lateral_da_anca_deitado"
"aliases","gluteo_medio_joelho_cruzado_ao_peito","gluteo_medio_joelho_cruzado_ao_peito"
"aliases","gluteo_medio_joelho_cruzado_ao_peito__elasticidade","gluteo_medio_joelho_cruzado_ao_peito"
"aliases","cadeia_lateral_da_coxa_com_perna_cruzada","cadeia_lateral_da_coxa_com_perna_cruzada"
"aliases","cadeia_lateral_da_coxa_com_perna_cruzada__elasticidade","cadeia_lateral_da_coxa_com_perna_cruzada"
"aliases","cooldown_lateral_da_anca_pos_corrida","cooldown_lateral_da_anca_pos_corrida"
"aliases","cooldown_lateral_da_anca_pos_corrida__elasticidade","cooldown_lateral_da_anca_pos_corrida"
"aliases","gemeos_na_parede_com_joelho_estendido","gemeos_na_parede_com_joelho_estendido"
"aliases","gemeos_na_parede_com_joelho_estendido__elasticidade","gemeos_na_parede_com_joelho_estendido"
"aliases","gemeos_com_apoio_em_degrau_baixo","gemeos_com_apoio_em_degrau_baixo"
"aliases","gemeos_com_apoio_em_degrau_baixo__elasticidade","gemeos_com_apoio_em_degrau_baixo"
"aliases","soleo_na_parede_com_joelho_fletido","soleo_na_parede_com_joelho_fletido"
"aliases","soleo_na_parede_com_joelho_fletido__elasticidade","soleo_na_parede_com_joelho_fletido"
"aliases","alongamento_de_gemeos_em_degrau","alongamento_de_gemeos_em_degrau"
"aliases","alongamento_de_gemeos_em_degrau__elasticidade","alongamento_de_gemeos_em_degrau"
"aliases","rocking_dinamico_de_tornozelo_e_gemeos","rocking_dinamico_de_tornozelo_e_gemeos"
"aliases","rocking_dinamico_de_tornozelo_e_gemeos__elasticidade","rocking_dinamico_de_tornozelo_e_gemeos"
"aliases","alongamento_leve_do_aquiles","alongamento_leve_do_aquiles"
"aliases","alongamento_leve_do_aquiles__elasticidade","alongamento_leve_do_aquiles"
"aliases","cooldown_de_gemeos_pos_corrida","cooldown_de_gemeos_pos_corrida"
"aliases","cooldown_de_gemeos_pos_corrida__elasticidade","cooldown_de_gemeos_pos_corrida"
"aliases","tibial_anterior_ajoelhado","tibial_anterior_ajoelhado"
"aliases","tibial_anterior_ajoelhado__elasticidade","tibial_anterior_ajoelhado"
"aliases","peito_do_pe_sentado_sobre_os_pes","peito_do_pe_sentado_sobre_os_pes"
"aliases","peito_do_pe_sentado_sobre_os_pes__elasticidade","peito_do_pe_sentado_sobre_os_pes"
"aliases","peito_do_pe_em_pe_com_apoio","peito_do_pe_em_pe_com_apoio"
"aliases","peito_do_pe_em_pe_com_apoio__elasticidade","peito_do_pe_em_pe_com_apoio"
"aliases","alongamento_dos_extensores_dos_dedos_do_pe","alongamento_dos_extensores_dos_dedos_do_pe"
"aliases","alongamento_dos_extensores_dos_dedos_do_pe__elasticidade","alongamento_dos_extensores_dos_dedos_do_pe"
"aliases","cooldown_leve_da_canela_pos_corrida","cooldown_leve_da_canela_pos_corrida"
"aliases","cooldown_leve_da_canela_pos_corrida__elasticidade","cooldown_leve_da_canela_pos_corrida"
"aliases","peito_do_pe_para_pontapes","peito_do_pe_para_pontapes"
"aliases","peito_do_pe_para_pontapes__elasticidade","peito_do_pe_para_pontapes"
"aliases","dedos_contra_parede","dedos_contra_parede"
"aliases","dedos_contra_parede__elasticidade","dedos_contra_parede"
"aliases","alongamento_da_planta_do_pe_ajoelhado","alongamento_da_planta_do_pe_ajoelhado"
"aliases","alongamento_da_planta_do_pe_ajoelhado__elasticidade","alongamento_da_planta_do_pe_ajoelhado"
"aliases","alongamento_do_dedo_grande_na_parede","alongamento_do_dedo_grande_na_parede"
"aliases","alongamento_do_dedo_grande_na_parede__elasticidade","alongamento_do_dedo_grande_na_parede"
"aliases","alongamento_dos_flexores_dos_dedos","alongamento_dos_flexores_dos_dedos"
"aliases","alongamento_dos_flexores_dos_dedos__elasticidade","alongamento_dos_flexores_dos_dedos"
"aliases","bola_de_massagem_na_planta_do_pe","bola_de_massagem_na_planta_do_pe"
"aliases","bola_de_massagem_na_planta_do_pe__elasticidade","bola_de_massagem_na_planta_do_pe"
"aliases","sequencia_de_pes_pos_dia_em_pe","sequencia_de_pes_pos_dia_em_pe"
"aliases","sequencia_de_pes_pos_dia_em_pe__elasticidade","sequencia_de_pes_pos_dia_em_pe"
"aliases","half_split","half_split"
"aliases","half_split__elasticidade","half_split"
"aliases","half_split_com_pe_fletido","half_split_com_pe_fletido"
"aliases","half_split_com_pe_fletido__elasticidade","half_split_com_pe_fletido"
"aliases","lunge_profundo_para_abertura_frontal","lunge_profundo_para_abertura_frontal"
"aliases","lunge_profundo_para_abertura_frontal__elasticidade","lunge_profundo_para_abertura_frontal"
"aliases","abertura_frontal_assistida_com_apoios","abertura_frontal_assistida_com_apoios"
"aliases","abertura_frontal_assistida_com_apoios__elasticidade","abertura_frontal_assistida_com_apoios"
"aliases","pnf_em_half_split","pnf_em_half_split"
"aliases","pnf_em_half_split__elasticidade","pnf_em_half_split"
"aliases","perna_elevada_em_banco_para_pontape_frontal","perna_elevada_em_banco_para_pontape_frontal"
"aliases","perna_elevada_em_banco_para_pontape_frontal__elasticidade","perna_elevada_em_banco_para_pontape_frontal"
"aliases","pontape_frontal_lento_com_amplitude_progressiva","pontape_frontal_lento_com_amplitude_progressiva"
"aliases","pontape_frontal_lento_com_amplitude_progressiva__elasticidade","pontape_frontal_lento_com_amplitude_progressiva"
"aliases","abertura_lateral_em_pe_assistida","abertura_lateral_em_pe_assistida"
"aliases","abertura_lateral_em_pe_assistida__elasticidade","abertura_lateral_em_pe_assistida"
"aliases","abertura_lateral_com_apoios","abertura_lateral_com_apoios"
"aliases","abertura_lateral_com_apoios__elasticidade","abertura_lateral_com_apoios"
"aliases","frog_stretch_para_side_split","frog_stretch_para_side_split"
"aliases","frog_stretch_para_side_split__elasticidade","frog_stretch_para_side_split"
"aliases","cossack_passivo_para_side_split","cossack_passivo_para_side_split"
"aliases","cossack_passivo_para_side_split__elasticidade","cossack_passivo_para_side_split"
"aliases","pnf_de_adutores_para_side_split","pnf_de_adutores_para_side_split"
"aliases","pnf_de_adutores_para_side_split__elasticidade","pnf_de_adutores_para_side_split"
"aliases","adutor_em_banco_para_pontape_circular","adutor_em_banco_para_pontape_circular"
"aliases","adutor_em_banco_para_pontape_circular__elasticidade","adutor_em_banco_para_pontape_circular"
"aliases","pontape_circular_lento_com_amplitude_progressiva","pontape_circular_lento_com_amplitude_progressiva"
"aliases","pontape_circular_lento_com_amplitude_progressiva__elasticidade","pontape_circular_lento_com_amplitude_progressiva"
"aliases","90_90_passivo_para_guarda","90_90_passivo_para_guarda"
"aliases","90_90_passivo_para_guarda__jiu_jitsu","90_90_passivo_para_guarda"
"aliases","pigeon_passivo_leve_para_guarda","pigeon_passivo_leve_para_guarda"
"aliases","pigeon_passivo_leve_para_guarda__jiu_jitsu","pigeon_passivo_leve_para_guarda"
"aliases","adutores_no_chao_para_guarda_aberta","adutores_no_chao_para_guarda_aberta"
"aliases","adutores_no_chao_para_guarda_aberta__jiu_jitsu","adutores_no_chao_para_guarda_aberta"
"aliases","borboleta_para_butterfly_guard","borboleta_para_butterfly_guard"
"aliases","borboleta_para_butterfly_guard__jiu_jitsu","borboleta_para_butterfly_guard"
"aliases","posterior_sentado_para_guarda","posterior_sentado_para_guarda"
"aliases","posterior_sentado_para_guarda__jiu_jitsu","posterior_sentado_para_guarda"
"aliases","sentar_sobre_os_pes_com_apoio","sentar_sobre_os_pes_com_apoio"
"aliases","sentar_sobre_os_pes_com_apoio__jiu_jitsu","sentar_sobre_os_pes_com_apoio"
"aliases","alongamentos_leves_pos_rolas","alongamentos_leves_pos_rolas"
"aliases","alongamentos_leves_pos_rolas__jiu_jitsu","alongamentos_leves_pos_rolas"
"aliases","cooldown_de_guarda_pos_bjj","cooldown_de_guarda_pos_bjj"
"aliases","cooldown_de_guarda_pos_bjj__jiu_jitsu","cooldown_de_guarda_pos_bjj"
"aliases","elasticidade","elasticidade"
"aliases","elasticidade__elasticidade","elasticidade"
"aliases","mobilidade__elasticidade","mobilidade"
"aliases","caminhada_leve_de_recuperacao","caminhada_leve_de_recuperacao"
"aliases","caminhada_leve_de_recuperacao__recuperacao","caminhada_leve_de_recuperacao"
"aliases","caminhada_nasal_leve","caminhada_nasal_leve"
"aliases","caminhada_nasal_leve__recuperacao","caminhada_nasal_leve"
"aliases","passeio_leve_pos_refeicao","passeio_leve_pos_refeicao"
"aliases","passeio_leve_pos_refeicao__recuperacao","passeio_leve_pos_refeicao"
"aliases","bicicleta_muito_leve_de_recuperacao","bicicleta_muito_leve_de_recuperacao"
"aliases","bicicleta_muito_leve_de_recuperacao__recuperacao","bicicleta_muito_leve_de_recuperacao"
"aliases","bicicleta_leve_pos_treino_de_pernas","bicicleta_leve_pos_treino_de_pernas"
"aliases","bicicleta_leve_pos_treino_de_pernas__recuperacao","bicicleta_leve_pos_treino_de_pernas"
"aliases","eliptica_muito_leve_de_recuperacao","eliptica_muito_leve_de_recuperacao"
"aliases","eliptica_muito_leve_de_recuperacao__recuperacao","eliptica_muito_leve_de_recuperacao"
"aliases","air_bike_muito_leve_de_recuperacao","air_bike_muito_leve_de_recuperacao"
"aliases","air_bike_muito_leve_de_recuperacao__recuperacao","air_bike_muito_leve_de_recuperacao"
"aliases","remo_ergometro_muito_leve","remo_ergometro_muito_leve"
"aliases","remo_ergometro_muito_leve__recuperacao","remo_ergometro_muito_leve"
"aliases","cardio_zona_1_em_maquina","cardio_zona_1_em_maquina"
"aliases","cardio_zona_1_em_maquina__recuperacao","cardio_zona_1_em_maquina"
"aliases","flush_pos_pernas","flush_pos_pernas"
"aliases","flush_pos_pernas__recuperacao","flush_pos_pernas"
"aliases","sombra_tecnica_muito_leve","sombra_tecnica_muito_leve"
"aliases","sombra_tecnica_muito_leve__recuperacao","sombra_tecnica_muito_leve"
"aliases","footwork_leve_de_recuperacao","footwork_leve_de_recuperacao"
"aliases","footwork_leve_de_recuperacao__recuperacao","footwork_leve_de_recuperacao"
"aliases","cooldown_na_passadeira","cooldown_na_passadeira"
"aliases","cooldown_na_passadeira__recuperacao","cooldown_na_passadeira"
"aliases","cooldown_caminhada_exterior","cooldown_caminhada_exterior"
"aliases","cooldown_caminhada_exterior__recuperacao","cooldown_caminhada_exterior"
"aliases","cooldown_pos_musculacao_geral","cooldown_pos_musculacao_geral"
"aliases","cooldown_pos_musculacao_geral__recuperacao","cooldown_pos_musculacao_geral"
"aliases","cooldown_pos_treino_superior","cooldown_pos_treino_superior"
"aliases","cooldown_pos_treino_superior__recuperacao","cooldown_pos_treino_superior"
"aliases","cooldown_pos_treino_inferior","cooldown_pos_treino_inferior"
"aliases","cooldown_pos_treino_inferior__recuperacao","cooldown_pos_treino_inferior"
"aliases","cooldown_pos_corrida","cooldown_pos_corrida"
"aliases","cooldown_pos_corrida__recuperacao","cooldown_pos_corrida"
"aliases","cooldown_pos_intervalos_intensos","cooldown_pos_intervalos_intensos"
"aliases","cooldown_pos_intervalos_intensos__recuperacao","cooldown_pos_intervalos_intensos"
"aliases","cooldown_pos_karate","cooldown_pos_karate"
"aliases","cooldown_pos_karate__recuperacao","cooldown_pos_karate"
"aliases","cooldown_pos_bjj","cooldown_pos_bjj"
"aliases","cooldown_pos_bjj__recuperacao","cooldown_pos_bjj"
"aliases","cooldown_pos_saco","cooldown_pos_saco"
"aliases","cooldown_pos_saco__recuperacao","cooldown_pos_saco"
"aliases","reset_respiratorio_sentado","reset_respiratorio_sentado"
"aliases","reset_respiratorio_sentado__recuperacao","reset_respiratorio_sentado"
"aliases","reset_articular_pos_treino","reset_articular_pos_treino"
"aliases","reset_articular_pos_treino__recuperacao","reset_articular_pos_treino"
"aliases","respiracao_com_expiracao_longa_deitado","respiracao_com_expiracao_longa_deitado"
"aliases","respiracao_com_expiracao_longa_deitado__recuperacao","respiracao_com_expiracao_longa_deitado"
"aliases","respiracao_4_entra_6_sai","respiracao_4_entra_6_sai"
"aliases","respiracao_4_entra_6_sai__recuperacao","respiracao_4_entra_6_sai"
"aliases","respiracao_90_90_na_parede","respiracao_90_90_na_parede"
"aliases","respiracao_90_90_na_parede__recuperacao","respiracao_90_90_na_parede"
"aliases","respiracao_90_90_com_pes_no_sofa","respiracao_90_90_com_pes_no_sofa"
"aliases","respiracao_90_90_com_pes_no_sofa__recuperacao","respiracao_90_90_com_pes_no_sofa"
"aliases","box_breathing_leve","box_breathing_leve"
"aliases","box_breathing_leve__recuperacao","box_breathing_leve"
"aliases","caminhada_leve_com_respiracao_nasal","caminhada_leve_com_respiracao_nasal"
"aliases","caminhada_leve_com_respiracao_nasal__recuperacao","caminhada_leve_com_respiracao_nasal"
"aliases","respiracao_costal_lateral","respiracao_costal_lateral"
"aliases","respiracao_costal_lateral__recuperacao","respiracao_costal_lateral"
"aliases","sequencia_desligar_pos_treino","sequencia_desligar_pos_treino"
"aliases","sequencia_desligar_pos_treino__recuperacao","sequencia_desligar_pos_treino"
"aliases","cars_leves_de_corpo_inteiro","cars_leves_de_corpo_inteiro"
"aliases","cars_leves_de_corpo_inteiro__recuperacao","cars_leves_de_corpo_inteiro"
"aliases","cars_leves_de_ombros_e_anca","cars_leves_de_ombros_e_anca"
"aliases","cars_leves_de_ombros_e_anca__recuperacao","cars_leves_de_ombros_e_anca"
"aliases","flow_leve_de_mobilidade","flow_leve_de_mobilidade"
"aliases","flow_leve_de_mobilidade__recuperacao","flow_leve_de_mobilidade"
"aliases","reset_articular_matinal","reset_articular_matinal"
"aliases","reset_articular_matinal__recuperacao","reset_articular_matinal"
"aliases","reset_articular_ao_fim_do_dia","reset_articular_ao_fim_do_dia"
"aliases","reset_articular_ao_fim_do_dia__recuperacao","reset_articular_ao_fim_do_dia"
"aliases","flow_leve_coluna_e_anca","flow_leve_coluna_e_anca"
"aliases","flow_leve_coluna_e_anca__recuperacao","flow_leve_coluna_e_anca"
"aliases","cat_cow_e_90_90_leve","cat_cow_e_90_90_leve"
"aliases","cat_cow_e_90_90_leve__recuperacao","cat_cow_e_90_90_leve"
"aliases","flow_leve_de_ombros","flow_leve_de_ombros"
"aliases","flow_leve_de_ombros__recuperacao","flow_leve_de_ombros"
"aliases","alongamento_estatico_leve_geral","alongamento_estatico_leve_geral"
"aliases","alongamento_estatico_leve_geral__recuperacao","alongamento_estatico_leve_geral"
"aliases","sequencia_leve_pos_treino_superior","sequencia_leve_pos_treino_superior"
"aliases","sequencia_leve_pos_treino_superior__recuperacao","sequencia_leve_pos_treino_superior"
"aliases","sequencia_leve_pos_treino_inferior","sequencia_leve_pos_treino_inferior"
"aliases","sequencia_leve_pos_treino_inferior__recuperacao","sequencia_leve_pos_treino_inferior"
"aliases","alongamentos_leves_a_noite","alongamentos_leves_a_noite"
"aliases","alongamentos_leves_a_noite__recuperacao","alongamentos_leves_a_noite"
"aliases","pescoco_e_peito_pos_computador","pescoco_e_peito_pos_computador"
"aliases","pescoco_e_peito_pos_computador__recuperacao","pescoco_e_peito_pos_computador"
"aliases","anca_e_posterior_leve","anca_e_posterior_leve"
"aliases","anca_e_posterior_leve__recuperacao","anca_e_posterior_leve"
"aliases","alongamento_leve_pos_pontapes","alongamento_leve_pos_pontapes"
"aliases","alongamento_leve_pos_pontapes__recuperacao","alongamento_leve_pos_pontapes"
"aliases","foam_roller_nos_quadriceps","foam_roller_nos_quadriceps"
"aliases","foam_roller_nos_quadriceps__recuperacao","foam_roller_nos_quadriceps"
"aliases","foam_roller_nos_gemeos","foam_roller_nos_gemeos"
"aliases","foam_roller_nos_gemeos__recuperacao","foam_roller_nos_gemeos"
"aliases","foam_roller_nos_gluteos","foam_roller_nos_gluteos"
"aliases","foam_roller_nos_gluteos__recuperacao","foam_roller_nos_gluteos"
"aliases","foam_roller_no_dorsal","foam_roller_no_dorsal"
"aliases","foam_roller_no_dorsal__recuperacao","foam_roller_no_dorsal"
"aliases","foam_roller_na_parte_alta_das_costas","foam_roller_na_parte_alta_das_costas"
"aliases","foam_roller_na_parte_alta_das_costas__recuperacao","foam_roller_na_parte_alta_das_costas"
"aliases","foam_roller_nos_adutores","foam_roller_nos_adutores"
"aliases","foam_roller_nos_adutores__recuperacao","foam_roller_nos_adutores"
"aliases","sequencia_foam_roller_pos_pernas","sequencia_foam_roller_pos_pernas"
"aliases","sequencia_foam_roller_pos_pernas__recuperacao","sequencia_foam_roller_pos_pernas"
"aliases","foam_roller_pos_artes_marciais","foam_roller_pos_artes_marciais"
"aliases","foam_roller_pos_artes_marciais__recuperacao","foam_roller_pos_artes_marciais"
"aliases","bola_de_massagem_na_planta_do_pe__recuperacao","bola_de_massagem_na_planta_do_pe"
"aliases","bola_de_massagem_nos_gluteos","bola_de_massagem_nos_gluteos"
"aliases","bola_de_massagem_nos_gluteos__recuperacao","bola_de_massagem_nos_gluteos"
"aliases","bola_de_massagem_no_peitoral_contra_parede","bola_de_massagem_no_peitoral_contra_parede"
"aliases","bola_de_massagem_no_peitoral_contra_parede__recuperacao","bola_de_massagem_no_peitoral_contra_parede"
"aliases","bola_no_trapezio_contra_parede","bola_no_trapezio_contra_parede"
"aliases","bola_no_trapezio_contra_parede__recuperacao","bola_no_trapezio_contra_parede"
"aliases","bola_de_massagem_no_antebraco","bola_de_massagem_no_antebraco"
"aliases","bola_de_massagem_no_antebraco__recuperacao","bola_de_massagem_no_antebraco"
"aliases","bola_nas_costas_altas_contra_parede","bola_nas_costas_altas_contra_parede"
"aliases","bola_nas_costas_altas_contra_parede__recuperacao","bola_nas_costas_altas_contra_parede"
"aliases","pistola_de_massagem_nos_quadriceps","pistola_de_massagem_nos_quadriceps"
"aliases","pistola_de_massagem_nos_quadriceps__recuperacao","pistola_de_massagem_nos_quadriceps"
"aliases","pistola_de_massagem_nos_gluteos","pistola_de_massagem_nos_gluteos"
"aliases","pistola_de_massagem_nos_gluteos__recuperacao","pistola_de_massagem_nos_gluteos"
"aliases","pistola_de_massagem_nos_gemeos","pistola_de_massagem_nos_gemeos"
"aliases","pistola_de_massagem_nos_gemeos__recuperacao","pistola_de_massagem_nos_gemeos"
"aliases","pistola_de_massagem_no_dorsal","pistola_de_massagem_no_dorsal"
"aliases","pistola_de_massagem_no_dorsal__recuperacao","pistola_de_massagem_no_dorsal"
"aliases","pistola_de_massagem_no_deltoide","pistola_de_massagem_no_deltoide"
"aliases","pistola_de_massagem_no_deltoide__recuperacao","pistola_de_massagem_no_deltoide"
"aliases","protocolo_seguro_de_pistola_de_massagem","protocolo_seguro_de_pistola_de_massagem"
"aliases","protocolo_seguro_de_pistola_de_massagem__recuperacao","protocolo_seguro_de_pistola_de_massagem"
"aliases","calor_leve_para_relaxamento_muscular","calor_leve_para_relaxamento_muscular"
"aliases","calor_leve_para_relaxamento_muscular__recuperacao","calor_leve_para_relaxamento_muscular"
"aliases","duche_quente_pos_treino_leve","duche_quente_pos_treino_leve"
"aliases","duche_quente_pos_treino_leve__recuperacao","duche_quente_pos_treino_leve"
"aliases","frio_local_curto","frio_local_curto"
"aliases","frio_local_curto__recuperacao","frio_local_curto"
"aliases","contraste_simples_no_duche","contraste_simples_no_duche"
"aliases","contraste_simples_no_duche__recuperacao","contraste_simples_no_duche"
"aliases","calor_para_rigidez_matinal","calor_para_rigidez_matinal"
"aliases","calor_para_rigidez_matinal__recuperacao","calor_para_rigidez_matinal"
"aliases","checklist_de_seguranca_para_temperatura","checklist_de_seguranca_para_temperatura"
"aliases","checklist_de_seguranca_para_temperatura__recuperacao","checklist_de_seguranca_para_temperatura"
"aliases","shake_out_de_maos_entre_rounds","shake_out_de_maos_entre_rounds"
"aliases","shake_out_de_maos_entre_rounds__recuperacao","shake_out_de_maos_entre_rounds"
"aliases","shake_out_pos_barras","shake_out_pos_barras"
"aliases","shake_out_pos_barras__recuperacao","shake_out_pos_barras"
"aliases","alongamento_leve_de_flexores_do_punho","alongamento_leve_de_flexores_do_punho"
"aliases","alongamento_leve_de_flexores_do_punho__recuperacao","alongamento_leve_de_flexores_do_punho"
"aliases","alongamento_leve_de_extensores_do_punho","alongamento_leve_de_extensores_do_punho"
"aliases","alongamento_leve_de_extensores_do_punho__recuperacao","alongamento_leve_de_extensores_do_punho"
"aliases","extensao_dos_dedos_com_elastico_leve","extensao_dos_dedos_com_elastico_leve"
"aliases","extensao_dos_dedos_com_elastico_leve__recuperacao","extensao_dos_dedos_com_elastico_leve"
"aliases","sequencia_pos_bjj_para_pega","sequencia_pos_bjj_para_pega"
"aliases","sequencia_pos_bjj_para_pega__recuperacao","sequencia_pos_bjj_para_pega"
"aliases","sequencia_pos_barras_e_farmer_walks","sequencia_pos_barras_e_farmer_walks"
"aliases","sequencia_pos_barras_e_farmer_walks__recuperacao","sequencia_pos_barras_e_farmer_walks"
"aliases","reset_de_punhos_apos_apoios","reset_de_punhos_apos_apoios"
"aliases","reset_de_punhos_apos_apoios__recuperacao","reset_de_punhos_apos_apoios"
"aliases","recuperacao_dos_pes_apos_dia_em_pe","recuperacao_dos_pes_apos_dia_em_pe"
"aliases","recuperacao_dos_pes_apos_dia_em_pe__recuperacao","recuperacao_dos_pes_apos_dia_em_pe"
"aliases","libertacao_leve_da_planta_do_pe","libertacao_leve_da_planta_do_pe"
"aliases","libertacao_leve_da_planta_do_pe__recuperacao","libertacao_leve_da_planta_do_pe"
"aliases","mobilidade_leve_de_tornozelo_pos_treino","mobilidade_leve_de_tornozelo_pos_treino"
"aliases","mobilidade_leve_de_tornozelo_pos_treino__recuperacao","mobilidade_leve_de_tornozelo_pos_treino"
"aliases","recuperacao_de_gemeos_pos_corrida","recuperacao_de_gemeos_pos_corrida"
"aliases","recuperacao_de_gemeos_pos_corrida__recuperacao","recuperacao_de_gemeos_pos_corrida"
"aliases","recuperacao_de_tibial_anterior_pos_passadeira","recuperacao_de_tibial_anterior_pos_passadeira"
"aliases","recuperacao_de_tibial_anterior_pos_passadeira__recuperacao","recuperacao_de_tibial_anterior_pos_passadeira"
"aliases","elevacao_leve_de_pernas","elevacao_leve_de_pernas"
"aliases","elevacao_leve_de_pernas__recuperacao","elevacao_leve_de_pernas"
"aliases","sequencia_pos_trabalho_fisico_de_pernas","sequencia_pos_trabalho_fisico_de_pernas"
"aliases","sequencia_pos_trabalho_fisico_de_pernas__recuperacao","sequencia_pos_trabalho_fisico_de_pernas"
"aliases","posicao_de_descarga_lombar_com_pernas_elevadas","posicao_de_descarga_lombar_com_pernas_elevadas"
"aliases","posicao_de_descarga_lombar_com_pernas_elevadas__recuperacao","posicao_de_descarga_lombar_com_pernas_elevadas"
"aliases","child_pose_leve_para_lombar","child_pose_leve_para_lombar"
"aliases","child_pose_leve_para_lombar__recuperacao","child_pose_leve_para_lombar"
"aliases","cat_cow_leve_de_recuperacao","cat_cow_leve_de_recuperacao"
"aliases","cat_cow_leve_de_recuperacao__recuperacao","cat_cow_leve_de_recuperacao"
"aliases","reset_coluna_pos_computador","reset_coluna_pos_computador"
"aliases","reset_coluna_pos_computador__recuperacao","reset_coluna_pos_computador"
"aliases","reset_de_costas_altas_e_escapulas","reset_de_costas_altas_e_escapulas"
"aliases","reset_de_costas_altas_e_escapulas__recuperacao","reset_de_costas_altas_e_escapulas"
"aliases","recuperacao_lombar_pos_dobradica","recuperacao_lombar_pos_dobradica"
"aliases","recuperacao_lombar_pos_dobradica__recuperacao","recuperacao_lombar_pos_dobradica"
"aliases","checklist_de_alerta_para_lombar","checklist_de_alerta_para_lombar"
"aliases","checklist_de_alerta_para_lombar__recuperacao","checklist_de_alerta_para_lombar"
"aliases","sequencia_pos_karate","sequencia_pos_karate"
"aliases","sequencia_pos_karate__recuperacao","sequencia_pos_karate"
"aliases","sequencia_pos_bjj","sequencia_pos_bjj"
"aliases","sequencia_pos_bjj__recuperacao","sequencia_pos_bjj"
"aliases","sequencia_pos_saco","sequencia_pos_saco"
"aliases","sequencia_pos_saco__recuperacao","sequencia_pos_saco"
"aliases","pescoco_e_ombros_pos_grappling","pescoco_e_ombros_pos_grappling"
"aliases","pescoco_e_ombros_pos_grappling__recuperacao","pescoco_e_ombros_pos_grappling"
"aliases","adutores_e_anca_pos_artes_marciais","adutores_e_anca_pos_artes_marciais"
"aliases","adutores_e_anca_pos_artes_marciais__recuperacao","adutores_e_anca_pos_artes_marciais"
"aliases","desligar_sistema_nervoso_pos_treino_marcial","desligar_sistema_nervoso_pos_treino_marcial"
"aliases","desligar_sistema_nervoso_pos_treino_marcial__recuperacao","desligar_sistema_nervoso_pos_treino_marcial"
"aliases","reset_leve_pos_sparring_tecnico","reset_leve_pos_sparring_tecnico"
"aliases","reset_leve_pos_sparring_tecnico__recuperacao","reset_leve_pos_sparring_tecnico"
"aliases","check_in_de_carga_do_dia","check_in_de_carga_do_dia"
"aliases","check_in_de_carga_do_dia__recuperacao","check_in_de_carga_do_dia"
"aliases","semana_de_deload_por_volume","semana_de_deload_por_volume"
"aliases","semana_de_deload_por_volume__recuperacao","semana_de_deload_por_volume"
"aliases","semana_de_deload_por_intensidade","semana_de_deload_por_intensidade"
"aliases","semana_de_deload_por_intensidade__recuperacao","semana_de_deload_por_intensidade"
"aliases","trocar_sessao_pesada_por_sessao_leve","trocar_sessao_pesada_por_sessao_leve"
"aliases","trocar_sessao_pesada_por_sessao_leve__recuperacao","trocar_sessao_pesada_por_sessao_leve"
"aliases","regra_entre_treinos_do_mesmo_musculo","regra_entre_treinos_do_mesmo_musculo"
"aliases","regra_entre_treinos_do_mesmo_musculo__recuperacao","regra_entre_treinos_do_mesmo_musculo"
"aliases","regra_entre_treinos_de_artes_marciais","regra_entre_treinos_de_artes_marciais"
"aliases","regra_entre_treinos_de_artes_marciais__recuperacao","regra_entre_treinos_de_artes_marciais"
"aliases","escala_simples_de_prontidao","escala_simples_de_prontidao"
"aliases","escala_simples_de_prontidao__recuperacao","escala_simples_de_prontidao"
"aliases","checklist_de_sinais_de_sobrecarga","checklist_de_sinais_de_sobrecarga"
"aliases","checklist_de_sinais_de_sobrecarga__recuperacao","checklist_de_sinais_de_sobrecarga"
"aliases","rotina_basica_pre_sono","rotina_basica_pre_sono"
"aliases","rotina_basica_pre_sono__recuperacao","rotina_basica_pre_sono"
"aliases","desaceleracao_ao_fim_do_dia","desaceleracao_ao_fim_do_dia"
"aliases","desaceleracao_ao_fim_do_dia__recuperacao","desaceleracao_ao_fim_do_dia"
"aliases","mobilidade_leve_antes_de_dormir","mobilidade_leve_antes_de_dormir"
"aliases","mobilidade_leve_antes_de_dormir__recuperacao","mobilidade_leve_antes_de_dormir"
"aliases","respiracao_para_pre_sono","respiracao_para_pre_sono"
"aliases","respiracao_para_pre_sono__recuperacao","respiracao_para_pre_sono"
"aliases","recuperacao_apos_treino_tardio","recuperacao_apos_treino_tardio"
"aliases","recuperacao_apos_treino_tardio__recuperacao","recuperacao_apos_treino_tardio"
"aliases","dia_de_descanso_estruturado","dia_de_descanso_estruturado"
"aliases","dia_de_descanso_estruturado__recuperacao","dia_de_descanso_estruturado"
"aliases","triagem_de_dor_muscular_tardia","triagem_de_dor_muscular_tardia"
"aliases","triagem_de_dor_muscular_tardia__recuperacao","triagem_de_dor_muscular_tardia"
"aliases","regra_para_dor_articular","regra_para_dor_articular"
"aliases","regra_para_dor_articular__recuperacao","regra_para_dor_articular"
"aliases","regra_para_tendao_irritado","regra_para_tendao_irritado"
"aliases","regra_para_tendao_irritado__recuperacao","regra_para_tendao_irritado"
"aliases","regra_para_formigueiro_ou_dormencia","regra_para_formigueiro_ou_dormencia"
"aliases","regra_para_formigueiro_ou_dormencia__recuperacao","regra_para_formigueiro_ou_dormencia"
"aliases","regra_de_parar_em_lesao_aguda","regra_de_parar_em_lesao_aguda"
"aliases","regra_de_parar_em_lesao_aguda__recuperacao","regra_de_parar_em_lesao_aguda"
"aliases","sinais_para_avaliacao_profissional","sinais_para_avaliacao_profissional"
"aliases","sinais_para_avaliacao_profissional__recuperacao","sinais_para_avaliacao_profissional"
"aliases","cardio_leve_geral","cardio_leve_geral"
"aliases","cardio_leve_geral__aquecimento","cardio_leve_geral"
"aliases","marcha_no_lugar_progressiva","marcha_no_lugar_progressiva"
"aliases","marcha_no_lugar_progressiva__aquecimento","marcha_no_lugar_progressiva"
"aliases","caminhada_leve_pre_treino","caminhada_leve_pre_treino"
"aliases","caminhada_leve_pre_treino__aquecimento","caminhada_leve_pre_treino"
"aliases","bicicleta_leve_pre_treino","bicicleta_leve_pre_treino"
"aliases","bicicleta_leve_pre_treino__aquecimento","bicicleta_leve_pre_treino"
"aliases","passadeira_caminhada_progressiva","passadeira_caminhada_progressiva"
"aliases","passadeira_caminhada_progressiva__aquecimento","passadeira_caminhada_progressiva"
"aliases","passadeira_corrida_muito_leve","passadeira_corrida_muito_leve"
"aliases","passadeira_corrida_muito_leve__aquecimento","passadeira_corrida_muito_leve"
"aliases","corda_leve_de_aquecimento","corda_leve_de_aquecimento"
"aliases","corda_leve_de_aquecimento__aquecimento","corda_leve_de_aquecimento"
"aliases","corda_boxer_step_leve","corda_boxer_step_leve"
"aliases","corda_boxer_step_leve__aquecimento","corda_boxer_step_leve"
"aliases","sombra_leve_geral","sombra_leve_geral"
"aliases","sombra_leve_geral__aquecimento","sombra_leve_geral"
"aliases","sombra_com_guarda_e_passos_curtos","sombra_com_guarda_e_passos_curtos"
"aliases","sombra_com_guarda_e_passos_curtos__aquecimento","sombra_com_guarda_e_passos_curtos"
"aliases","respiracao_em_rampa_leve","respiracao_em_rampa_leve"
"aliases","respiracao_em_rampa_leve__aquecimento","respiracao_em_rampa_leve"
"aliases","caminhada_com_respiracao_progressiva","caminhada_com_respiracao_progressiva"
"aliases","caminhada_com_respiracao_progressiva__aquecimento","caminhada_com_respiracao_progressiva"
"aliases","cars_gerais_de_corpo_inteiro","cars_gerais_de_corpo_inteiro"
"aliases","cars_gerais_de_corpo_inteiro__aquecimento","cars_gerais_de_corpo_inteiro"
"aliases","sequencia_pescoco_ombros_anca_e_tornozelos","sequencia_pescoco_ombros_anca_e_tornozelos"
"aliases","sequencia_pescoco_ombros_anca_e_tornozelos__aquecimento","sequencia_pescoco_ombros_anca_e_tornozelos"
"aliases","pescoco_suave_de_aquecimento","pescoco_suave_de_aquecimento"
"aliases","pescoco_suave_de_aquecimento__aquecimento","pescoco_suave_de_aquecimento"
"aliases","circulos_de_ombros","circulos_de_ombros"
"aliases","circulos_de_ombros__aquecimento","circulos_de_ombros"
"aliases","shoulder_cars_leves","shoulder_cars_leves"
"aliases","shoulder_cars_leves__aquecimento","shoulder_cars_leves"
"aliases","circulos_de_punho_e_abrir_dedos","circulos_de_punho_e_abrir_dedos"
"aliases","circulos_de_punho_e_abrir_dedos__aquecimento","circulos_de_punho_e_abrir_dedos"
"aliases","rocking_leve_de_punhos","rocking_leve_de_punhos"
"aliases","rocking_leve_de_punhos__aquecimento","rocking_leve_de_punhos"
"aliases","cat_cow_leve_pre_treino","cat_cow_leve_pre_treino"
"aliases","cat_cow_leve_pre_treino__aquecimento","cat_cow_leve_pre_treino"
"aliases","rotacao_toracica_em_quadrupedia__aquecimento","rotacao_toracica_em_quadrupedia"
"aliases","circulos_de_anca_com_apoio","circulos_de_anca_com_apoio"
"aliases","circulos_de_anca_com_apoio__aquecimento","circulos_de_anca_com_apoio"
"aliases","flexao_e_extensao_leve_do_joelho","flexao_e_extensao_leve_do_joelho"
"aliases","flexao_e_extensao_leve_do_joelho__aquecimento","flexao_e_extensao_leve_do_joelho"
"aliases","circulos_de_tornozelo_e_dedos","circulos_de_tornozelo_e_dedos"
"aliases","circulos_de_tornozelo_e_dedos__aquecimento","circulos_de_tornozelo_e_dedos"
"aliases","world_greatest_stretch_dinamico","world_greatest_stretch_dinamico"
"aliases","world_greatest_stretch_dinamico__aquecimento","world_greatest_stretch_dinamico"
"aliases","flow_dinamico_curto","flow_dinamico_curto"
"aliases","flow_dinamico_curto__aquecimento","flow_dinamico_curto"
"aliases","shin_box_switches_dinamicos","shin_box_switches_dinamicos"
"aliases","shin_box_switches_dinamicos__aquecimento","shin_box_switches_dinamicos"
"aliases","90_90_switches_leves","90_90_switches_leves"
"aliases","90_90_switches_leves__aquecimento","90_90_switches_leves"
"aliases","open_book_dinamico","open_book_dinamico"
"aliases","open_book_dinamico__aquecimento","open_book_dinamico"
"aliases","rotacao_toracica_com_alcance","rotacao_toracica_com_alcance"
"aliases","rotacao_toracica_com_alcance__aquecimento","rotacao_toracica_com_alcance"
"aliases","knee_to_wall_dinamico","knee_to_wall_dinamico"
"aliases","knee_to_wall_dinamico__aquecimento","knee_to_wall_dinamico"
"aliases","rocking_de_tornozelo_em_avanco__aquecimento","rocking_de_tornozelo_em_avanco"
"aliases","leg_swings_frontais_controlados__aquecimento","leg_swings_frontais_controlados"
"aliases","walkouts_de_posterior_leves","walkouts_de_posterior_leves"
"aliases","walkouts_de_posterior_leves__aquecimento","walkouts_de_posterior_leves"
"aliases","rock_back_de_adutores_dinamico__aquecimento","rock_back_de_adutores_dinamico"
"aliases","cossack_parcial_dinamico","cossack_parcial_dinamico"
"aliases","cossack_parcial_dinamico__aquecimento","cossack_parcial_dinamico"
"aliases","wall_slides_dinamicos","wall_slides_dinamicos"
"aliases","wall_slides_dinamicos__aquecimento","wall_slides_dinamicos"
"aliases","agachamento_assistido_dinamico","agachamento_assistido_dinamico"
"aliases","agachamento_assistido_dinamico__aquecimento","agachamento_assistido_dinamico"
"aliases","glute_bridge_de_ativacao","glute_bridge_de_ativacao"
"aliases","glute_bridge_de_ativacao__ativacao","glute_bridge_de_ativacao"
"aliases","glute_bridge_com_pausa_no_topo","glute_bridge_com_pausa_no_topo"
"aliases","glute_bridge_com_pausa_no_topo__ativacao","glute_bridge_com_pausa_no_topo"
"aliases","clam_shell_leve","clam_shell_leve"
"aliases","clam_shell_leve__ativacao","clam_shell_leve"
"aliases","lateral_band_walk","lateral_band_walk"
"aliases","lateral_band_walk__ativacao","lateral_band_walk"
"aliases","monster_walk_leve","monster_walk_leve"
"aliases","monster_walk_leve__ativacao","monster_walk_leve"
"aliases","rotacao_externa_de_anca_com_mini_band","rotacao_externa_de_anca_com_mini_band"
"aliases","rotacao_externa_de_anca_com_mini_band__ativacao","rotacao_externa_de_anca_com_mini_band"
"aliases","hip_airplane_assistido","hip_airplane_assistido"
"aliases","hip_airplane_assistido__ativacao","hip_airplane_assistido"
"aliases","marcha_de_joelho_alto_controlada","marcha_de_joelho_alto_controlada"
"aliases","marcha_de_joelho_alto_controlada__ativacao","marcha_de_joelho_alto_controlada"
"aliases","camara_de_pontape_frontal_ativa","camara_de_pontape_frontal_ativa"
"aliases","camara_de_pontape_frontal_ativa__ativacao","camara_de_pontape_frontal_ativa"
"aliases","adductor_squeeze_leve","adductor_squeeze_leve"
"aliases","adductor_squeeze_leve__ativacao","adductor_squeeze_leve"
"aliases","copenhagen_regressao_curta","copenhagen_regressao_curta"
"aliases","copenhagen_regressao_curta__ativacao","copenhagen_regressao_curta"
"aliases","equilibrio_unipodal_com_joelho_alto","equilibrio_unipodal_com_joelho_alto"
"aliases","equilibrio_unipodal_com_joelho_alto__ativacao","equilibrio_unipodal_com_joelho_alto"
"aliases","agachamento_com_pausa_leve","agachamento_com_pausa_leve"
"aliases","agachamento_com_pausa_leve__ativacao","agachamento_com_pausa_leve"
"aliases","squat_to_stand_leve","squat_to_stand_leve"
"aliases","squat_to_stand_leve__ativacao","squat_to_stand_leve"
"aliases","camara_de_pontape_circular_ativa","camara_de_pontape_circular_ativa"
"aliases","camara_de_pontape_circular_ativa__ativacao","camara_de_pontape_circular_ativa"
"aliases","respiracao_com_bracing_leve__ativacao","respiracao_com_bracing_leve"
"aliases","brace_em_pe_antes_de_carga","brace_em_pe_antes_de_carga"
"aliases","brace_em_pe_antes_de_carga__ativacao","brace_em_pe_antes_de_carga"
"aliases","prancha_curta_de_ativacao","prancha_curta_de_ativacao"
"aliases","prancha_curta_de_ativacao__ativacao","prancha_curta_de_ativacao"
"aliases","hollow_hold_leve","hollow_hold_leve"
"aliases","hollow_hold_leve__ativacao","hollow_hold_leve"
"aliases","pallof_press_leve","pallof_press_leve"
"aliases","pallof_press_leve__ativacao","pallof_press_leve"
"aliases","dead_bug_de_ativacao","dead_bug_de_ativacao"
"aliases","dead_bug_de_ativacao__ativacao","dead_bug_de_ativacao"
"aliases","dead_bug_com_expiracao","dead_bug_com_expiracao"
"aliases","dead_bug_com_expiracao__ativacao","dead_bug_com_expiracao"
"aliases","bird_dog_de_ativacao","bird_dog_de_ativacao"
"aliases","bird_dog_de_ativacao__ativacao","bird_dog_de_ativacao"
"aliases","side_plank_curta","side_plank_curta"
"aliases","side_plank_curta__ativacao","side_plank_curta"
"aliases","side_plank_com_joelhos_apoiados","side_plank_com_joelhos_apoiados"
"aliases","side_plank_com_joelhos_apoiados__ativacao","side_plank_com_joelhos_apoiados"
"aliases","mcgill_curl_up_leve","mcgill_curl_up_leve"
"aliases","mcgill_curl_up_leve__ativacao","mcgill_curl_up_leve"
"aliases","rotacao_toracica_com_core_ativo","rotacao_toracica_com_core_ativo"
"aliases","rotacao_toracica_com_core_ativo__ativacao","rotacao_toracica_com_core_ativo"
"aliases","bear_hold_curto","bear_hold_curto"
"aliases","bear_hold_curto__ativacao","bear_hold_curto"
"aliases","scapular_push_up_leve","scapular_push_up_leve"
"aliases","scapular_push_up_leve__ativacao","scapular_push_up_leve"
"aliases","prancha_com_protracao_escapular__ativacao","prancha_com_protracao_escapular"
"aliases","band_pull_apart_leve","band_pull_apart_leve"
"aliases","band_pull_apart_leve__ativacao","band_pull_apart_leve"
"aliases","retracao_escapular_em_pe","retracao_escapular_em_pe"
"aliases","retracao_escapular_em_pe__ativacao","retracao_escapular_em_pe"
"aliases","scapular_pull_up_leve","scapular_pull_up_leve"
"aliases","scapular_pull_up_leve__ativacao","scapular_pull_up_leve"
"aliases","depressao_escapular_com_elastico","depressao_escapular_com_elastico"
"aliases","depressao_escapular_com_elastico__ativacao","depressao_escapular_com_elastico"
"aliases","wall_slides_com_foco_em_escapula","wall_slides_com_foco_em_escapula"
"aliases","wall_slides_com_foco_em_escapula__ativacao","wall_slides_com_foco_em_escapula"
"aliases","y_raise_leve","y_raise_leve"
"aliases","y_raise_leve__ativacao","y_raise_leve"
"aliases","prone_y_t_w_leve","prone_y_t_w_leve"
"aliases","prone_y_t_w_leve__ativacao","prone_y_t_w_leve"
"aliases","serratus_wall_slide","serratus_wall_slide"
"aliases","serratus_wall_slide__ativacao","serratus_wall_slide"
"aliases","face_pull_leve_de_ativacao","face_pull_leve_de_ativacao"
"aliases","face_pull_leve_de_ativacao__ativacao","face_pull_leve_de_ativacao"
"aliases","guarda_alta_com_serratil_ativo","guarda_alta_com_serratil_ativo"
"aliases","guarda_alta_com_serratil_ativo__ativacao","guarda_alta_com_serratil_ativo"
"aliases","rotacao_externa_com_elastico_leve","rotacao_externa_com_elastico_leve"
"aliases","rotacao_externa_com_elastico_leve__ativacao","rotacao_externa_com_elastico_leve"
"aliases","rotacao_externa_deitado_de_lado_leve","rotacao_externa_deitado_de_lado_leve"
"aliases","rotacao_externa_deitado_de_lado_leve__ativacao","rotacao_externa_deitado_de_lado_leve"
"aliases","rotacao_interna_com_elastico_leve","rotacao_interna_com_elastico_leve"
"aliases","rotacao_interna_com_elastico_leve__ativacao","rotacao_interna_com_elastico_leve"
"aliases","isometria_de_rotacao_externa_na_parede","isometria_de_rotacao_externa_na_parede"
"aliases","isometria_de_rotacao_externa_na_parede__ativacao","isometria_de_rotacao_externa_na_parede"
"aliases","isometria_de_rotacao_interna_na_parede","isometria_de_rotacao_interna_na_parede"
"aliases","isometria_de_rotacao_interna_na_parede__ativacao","isometria_de_rotacao_interna_na_parede"
"aliases","overhead_hold_leve","overhead_hold_leve"
"aliases","overhead_hold_leve__ativacao","overhead_hold_leve"
"aliases","bottoms_up_carry_leve","bottoms_up_carry_leve"
"aliases","bottoms_up_carry_leve__ativacao","bottoms_up_carry_leve"
"aliases","push_up_plus_regressivo","push_up_plus_regressivo"
"aliases","push_up_plus_regressivo__ativacao","push_up_plus_regressivo"
"aliases","straight_arm_pulldown_leve","straight_arm_pulldown_leve"
"aliases","straight_arm_pulldown_leve__ativacao","straight_arm_pulldown_leve"
"aliases","jab_leve_no_ar_com_guarda","jab_leve_no_ar_com_guarda"
"aliases","jab_leve_no_ar_com_guarda__ativacao","jab_leve_no_ar_com_guarda"
"aliases","sombra_so_de_maos_leve","sombra_so_de_maos_leve"
"aliases","sombra_so_de_maos_leve__ativacao","sombra_so_de_maos_leve"
"aliases","frames_leves_em_quadrupedia__ativacao","frames_leves_em_quadrupedia"
"aliases","rocking_de_punhos_para_apoio","rocking_de_punhos_para_apoio"
"aliases","rocking_de_punhos_para_apoio__aquecimento","rocking_de_punhos_para_apoio"
"aliases","punhos_para_flexoes_na_parede","punhos_para_flexoes_na_parede"
"aliases","punhos_para_flexoes_na_parede__aquecimento","punhos_para_flexoes_na_parede"
"aliases","punhos_e_dedos_para_grappling","punhos_e_dedos_para_grappling"
"aliases","punhos_e_dedos_para_grappling__aquecimento","punhos_e_dedos_para_grappling"
"aliases","aquecimento_de_pega_com_kimono","aquecimento_de_pega_com_kimono"
"aliases","aquecimento_de_pega_com_kimono__aquecimento","aquecimento_de_pega_com_kimono"
"aliases","pega_leve_em_toalha","pega_leve_em_toalha"
"aliases","pega_leve_em_toalha__aquecimento","pega_leve_em_toalha"
"aliases","aquecimento_de_pega_para_barras","aquecimento_de_pega_para_barras"
"aliases","aquecimento_de_pega_para_barras__aquecimento","aquecimento_de_pega_para_barras"
"aliases","extensao_de_dedos_com_elastico_leve","extensao_de_dedos_com_elastico_leve"
"aliases","extensao_de_dedos_com_elastico_leve__aquecimento","extensao_de_dedos_com_elastico_leve"
"aliases","pronacao_e_supinacao_ativa","pronacao_e_supinacao_ativa"
"aliases","pronacao_e_supinacao_ativa__aquecimento","pronacao_e_supinacao_ativa"
"aliases","pronacao_e_supinacao_com_halter_leve__aquecimento","pronacao_e_supinacao_com_halter_leve"
"aliases","alinhamento_de_punho_na_parede","alinhamento_de_punho_na_parede"
"aliases","alinhamento_de_punho_na_parede__aquecimento","alinhamento_de_punho_na_parede"
"aliases","toques_leves_no_saco_para_punhos","toques_leves_no_saco_para_punhos"
"aliases","toques_leves_no_saco_para_punhos__aquecimento","toques_leves_no_saco_para_punhos"
"aliases","checklist_de_maos_antes_de_contacto","checklist_de_maos_antes_de_contacto"
"aliases","checklist_de_maos_antes_de_contacto__aquecimento","checklist_de_maos_antes_de_contacto"
"aliases","short_foot_de_aquecimento","short_foot_de_aquecimento"
"aliases","short_foot_de_aquecimento__aquecimento","short_foot_de_aquecimento"
"aliases","doming_do_pe__aquecimento","doming_do_pe"
"aliases","toe_yoga","toe_yoga"
"aliases","toe_yoga__aquecimento","toe_yoga"
"aliases","knee_to_wall_pre_agachamento","knee_to_wall_pre_agachamento"
"aliases","knee_to_wall_pre_agachamento__aquecimento","knee_to_wall_pre_agachamento"
"aliases","equilibrio_unipodal__aquecimento","equilibrio_unipodal"
"aliases","elevacao_de_tibial_na_parede","elevacao_de_tibial_na_parede"
"aliases","elevacao_de_tibial_na_parede__aquecimento","elevacao_de_tibial_na_parede"
"aliases","toe_raises_em_pe","toe_raises_em_pe"
"aliases","toe_raises_em_pe__aquecimento","toe_raises_em_pe"
"aliases","calf_raises_leves","calf_raises_leves"
"aliases","calf_raises_leves__aquecimento","calf_raises_leves"
"aliases","soleus_raises_leves","soleus_raises_leves"
"aliases","soleus_raises_leves__aquecimento","soleus_raises_leves"
"aliases","pogo_prep_baixo","pogo_prep_baixo"
"aliases","pogo_prep_baixo__aquecimento","pogo_prep_baixo"
"aliases","pivots_controlados__aquecimento","pivots_controlados"
"aliases","base_marcial_com_troca_de_peso","base_marcial_com_troca_de_peso"
"aliases","base_marcial_com_troca_de_peso__aquecimento","base_marcial_com_troca_de_peso"
"aliases","circuito_leve_de_ombro_preventivo","circuito_leve_de_ombro_preventivo"
"aliases","circuito_leve_de_ombro_preventivo__prevencao","circuito_leve_de_ombro_preventivo"
"aliases","rotacao_externa_progressiva_leve","rotacao_externa_progressiva_leve"
"aliases","rotacao_externa_progressiva_leve__prevencao","rotacao_externa_progressiva_leve"
"aliases","face_pull_preventivo_leve","face_pull_preventivo_leve"
"aliases","face_pull_preventivo_leve__prevencao","face_pull_preventivo_leve"
"aliases","y_t_w_preventivo","y_t_w_preventivo"
"aliases","y_t_w_preventivo__prevencao","y_t_w_preventivo"
"aliases","isometria_leve_de_flexao_do_cotovelo","isometria_leve_de_flexao_do_cotovelo"
"aliases","isometria_leve_de_flexao_do_cotovelo__prevencao","isometria_leve_de_flexao_do_cotovelo"
"aliases","isometria_leve_de_extensao_do_cotovelo","isometria_leve_de_extensao_do_cotovelo"
"aliases","isometria_leve_de_extensao_do_cotovelo__prevencao","isometria_leve_de_extensao_do_cotovelo"
"aliases","circuito_punho_cotovelo_leve","circuito_punho_cotovelo_leve"
"aliases","circuito_punho_cotovelo_leve__prevencao","circuito_punho_cotovelo_leve"
"aliases","sequencia_preventiva_para_striking","sequencia_preventiva_para_striking"
"aliases","sequencia_preventiva_para_striking__prevencao","sequencia_preventiva_para_striking"
"aliases","sequencia_preventiva_para_grappling","sequencia_preventiva_para_grappling"
"aliases","sequencia_preventiva_para_grappling__prevencao","sequencia_preventiva_para_grappling"
"aliases","wall_slide_e_rotacao_externa","wall_slide_e_rotacao_externa"
"aliases","wall_slide_e_rotacao_externa__prevencao","wall_slide_e_rotacao_externa"
"aliases","scapular_push_up_preventivo","scapular_push_up_preventivo"
"aliases","scapular_push_up_preventivo__prevencao","scapular_push_up_preventivo"
"aliases","rotacao_externa_isometrica_semanal","rotacao_externa_isometrica_semanal"
"aliases","rotacao_externa_isometrica_semanal__prevencao","rotacao_externa_isometrica_semanal"
"aliases","hinge_drill_com_cabo_de_vassoura","hinge_drill_com_cabo_de_vassoura"
"aliases","hinge_drill_com_cabo_de_vassoura__prevencao","hinge_drill_com_cabo_de_vassoura"
"aliases","dead_bug_preventivo","dead_bug_preventivo"
"aliases","dead_bug_preventivo__prevencao","dead_bug_preventivo"
"aliases","hip_airplane_assistido_preventivo","hip_airplane_assistido_preventivo"
"aliases","hip_airplane_assistido_preventivo__prevencao","hip_airplane_assistido_preventivo"
"aliases","step_down_controlado__prevencao","step_down_controlado"
"aliases","agachamento_para_caixa_controlado","agachamento_para_caixa_controlado"
"aliases","agachamento_para_caixa_controlado__prevencao","agachamento_para_caixa_controlado"
"aliases","copenhagen_regressao_de_joelho_apoiado","copenhagen_regressao_de_joelho_apoiado"
"aliases","copenhagen_regressao_de_joelho_apoiado__prevencao","copenhagen_regressao_de_joelho_apoiado"
"aliases","adductor_squeeze_preventivo","adductor_squeeze_preventivo"
"aliases","adductor_squeeze_preventivo__prevencao","adductor_squeeze_preventivo"
"aliases","hip_hinge_unilateral_assistido","hip_hinge_unilateral_assistido"
"aliases","hip_hinge_unilateral_assistido__prevencao","hip_hinge_unilateral_assistido"
"aliases","nordic_regressao_isometrica","nordic_regressao_isometrica"
"aliases","nordic_regressao_isometrica__prevencao","nordic_regressao_isometrica"
"aliases","monster_walk_preventivo","monster_walk_preventivo"
"aliases","monster_walk_preventivo__prevencao","monster_walk_preventivo"
"aliases","split_squat_controlado","split_squat_controlado"
"aliases","split_squat_controlado__prevencao","split_squat_controlado"
"aliases","bird_dog_e_shrimp_leve","bird_dog_e_shrimp_leve"
"aliases","bird_dog_e_shrimp_leve__prevencao","bird_dog_e_shrimp_leve"
"aliases","equilibrio_unipodal_preventivo","equilibrio_unipodal_preventivo"
"aliases","equilibrio_unipodal_preventivo__prevencao","equilibrio_unipodal_preventivo"
"aliases","short_foot_preventivo","short_foot_preventivo"
"aliases","short_foot_preventivo__prevencao","short_foot_preventivo"
"aliases","toe_yoga_preventivo","toe_yoga_preventivo"
"aliases","toe_yoga_preventivo__prevencao","toe_yoga_preventivo"
"aliases","elevacao_de_tibial_progressiva","elevacao_de_tibial_progressiva"
"aliases","elevacao_de_tibial_progressiva__prevencao","elevacao_de_tibial_progressiva"
"aliases","calf_raise_controlado","calf_raise_controlado"
"aliases","calf_raise_controlado__prevencao","calf_raise_controlado"
"aliases","soleus_raise_controlado","soleus_raise_controlado"
"aliases","soleus_raise_controlado__prevencao","soleus_raise_controlado"
"aliases","isometria_de_gemeos_em_meia_ponta","isometria_de_gemeos_em_meia_ponta"
"aliases","isometria_de_gemeos_em_meia_ponta__prevencao","isometria_de_gemeos_em_meia_ponta"
"aliases","aterragem_suave_de_baixa_altura","aterragem_suave_de_baixa_altura"
"aliases","aterragem_suave_de_baixa_altura__prevencao","aterragem_suave_de_baixa_altura"
"aliases","circuito_perna_inferior_para_corrida","circuito_perna_inferior_para_corrida"
"aliases","circuito_perna_inferior_para_corrida__prevencao","circuito_perna_inferior_para_corrida"
"aliases","circuito_tornozelo_para_footwork_marcial","circuito_tornozelo_para_footwork_marcial"
"aliases","circuito_tornozelo_para_footwork_marcial__prevencao","circuito_tornozelo_para_footwork_marcial"
"aliases","aquecimento_especifico_para_agachamento","aquecimento_especifico_para_agachamento"
"aliases","aquecimento_especifico_para_agachamento__aquecimento","aquecimento_especifico_para_agachamento"
"aliases","squat_sem_carga_com_pausa","squat_sem_carga_com_pausa"
"aliases","squat_sem_carga_com_pausa__aquecimento","squat_sem_carga_com_pausa"
"aliases","aquecimento_especifico_para_hinge","aquecimento_especifico_para_hinge"
"aliases","aquecimento_especifico_para_hinge__aquecimento","aquecimento_especifico_para_hinge"
"aliases","good_morning_sem_carga__aquecimento","good_morning_sem_carga"
"aliases","aquecimento_especifico_para_empurrar","aquecimento_especifico_para_empurrar"
"aliases","aquecimento_especifico_para_empurrar__aquecimento","aquecimento_especifico_para_empurrar"
"aliases","flexao_inclinada_leve","flexao_inclinada_leve"
"aliases","flexao_inclinada_leve__aquecimento","flexao_inclinada_leve"
"aliases","aquecimento_especifico_para_puxar","aquecimento_especifico_para_puxar"
"aliases","aquecimento_especifico_para_puxar__aquecimento","aquecimento_especifico_para_puxar"
"aliases","remada_elastico_leve","remada_elastico_leve"
"aliases","remada_elastico_leve__aquecimento","remada_elastico_leve"
"aliases","aquecimento_especifico_para_lunge","aquecimento_especifico_para_lunge"
"aliases","aquecimento_especifico_para_lunge__aquecimento","aquecimento_especifico_para_lunge"
"aliases","aquecimento_especifico_para_carries","aquecimento_especifico_para_carries"
"aliases","aquecimento_especifico_para_carries__aquecimento","aquecimento_especifico_para_carries"
"aliases","aquecimento_especifico_para_rotacao","aquecimento_especifico_para_rotacao"
"aliases","aquecimento_especifico_para_rotacao__aquecimento","aquecimento_especifico_para_rotacao"
"aliases","aterragem_e_pogo_prep","aterragem_e_pogo_prep"
"aliases","aterragem_e_pogo_prep__aquecimento","aterragem_e_pogo_prep"
"aliases","series_de_aproximacao","series_de_aproximacao"
"aliases","series_de_aproximacao__aquecimento","series_de_aproximacao"
"aliases","serie_tecnica_com_40_a_60_por_cento_da_carga","serie_tecnica_com_40_a_60_por_cento_da_carga"
"aliases","serie_tecnica_com_40_a_60_por_cento_da_carga__aquecimento","serie_tecnica_com_40_a_60_por_cento_da_carga"
"aliases","aquecimento_para_supino","aquecimento_para_supino"
"aliases","aquecimento_para_supino__aquecimento","aquecimento_para_supino"
"aliases","aquecimento_para_flexoes","aquecimento_para_flexoes"
"aliases","aquecimento_para_flexoes__aquecimento","aquecimento_para_flexoes"
"aliases","aquecimento_para_remadas","aquecimento_para_remadas"
"aliases","aquecimento_para_remadas__aquecimento","aquecimento_para_remadas"
"aliases","aquecimento_para_barras","aquecimento_para_barras"
"aliases","aquecimento_para_barras__aquecimento","aquecimento_para_barras"
"aliases","aquecimento_para_ombro","aquecimento_para_ombro"
"aliases","aquecimento_para_ombro__aquecimento","aquecimento_para_ombro"
"aliases","aquecimento_para_bracos","aquecimento_para_bracos"
"aliases","aquecimento_para_bracos__aquecimento","aquecimento_para_bracos"
"aliases","aquecimento_para_dia_de_squat","aquecimento_para_dia_de_squat"
"aliases","aquecimento_para_dia_de_squat__aquecimento","aquecimento_para_dia_de_squat"
"aliases","aquecimento_para_dia_de_deadlift","aquecimento_para_dia_de_deadlift"
"aliases","aquecimento_para_dia_de_deadlift__aquecimento","aquecimento_para_dia_de_deadlift"
"aliases","aquecimento_para_treino_de_core","aquecimento_para_treino_de_core"
"aliases","aquecimento_para_treino_de_core__aquecimento","aquecimento_para_treino_de_core"
"aliases","ramp_up_para_press_vertical","ramp_up_para_press_vertical"
"aliases","ramp_up_para_press_vertical__aquecimento","ramp_up_para_press_vertical"
"aliases","entrada_progressiva_no_cardio","entrada_progressiva_no_cardio"
"aliases","entrada_progressiva_no_cardio__aquecimento","entrada_progressiva_no_cardio"
"aliases","aquecimento_para_corrida_exterior","aquecimento_para_corrida_exterior"
"aliases","aquecimento_para_corrida_exterior__aquecimento","aquecimento_para_corrida_exterior"
"aliases","aquecimento_para_passadeira","aquecimento_para_passadeira"
"aliases","aquecimento_para_passadeira__aquecimento","aquecimento_para_passadeira"
"aliases","aquecimento_para_corda","aquecimento_para_corda"
"aliases","aquecimento_para_corda__aquecimento","aquecimento_para_corda"
"aliases","corda_progressiva_por_blocos","corda_progressiva_por_blocos"
"aliases","corda_progressiva_por_blocos__aquecimento","corda_progressiva_por_blocos"
"aliases","aquecimento_para_hiit_peso_corporal","aquecimento_para_hiit_peso_corporal"
"aliases","aquecimento_para_hiit_peso_corporal__aquecimento","aquecimento_para_hiit_peso_corporal"
"aliases","ramp_up_de_hiit_em_maquina","ramp_up_de_hiit_em_maquina"
"aliases","ramp_up_de_hiit_em_maquina__aquecimento","ramp_up_de_hiit_em_maquina"
"aliases","aquecimento_para_sprints","aquecimento_para_sprints"
"aliases","aquecimento_para_sprints__aquecimento","aquecimento_para_sprints"
"aliases","aceleracoes_progressivas","aceleracoes_progressivas"
"aliases","aceleracoes_progressivas__aquecimento","aceleracoes_progressivas"
"aliases","aquecimento_para_mudancas_de_direcao","aquecimento_para_mudancas_de_direcao"
"aliases","aquecimento_para_mudancas_de_direcao__aquecimento","aquecimento_para_mudancas_de_direcao"
"aliases","aquecimento_para_bicicleta_ou_eliptica","aquecimento_para_bicicleta_ou_eliptica"
"aliases","aquecimento_para_bicicleta_ou_eliptica__aquecimento","aquecimento_para_bicicleta_ou_eliptica"
"aliases","aquecimento_para_remo_ergometro","aquecimento_para_remo_ergometro"
"aliases","aquecimento_para_remo_ergometro__aquecimento","aquecimento_para_remo_ergometro"
"aliases","aquecimento_marcial_geral","aquecimento_marcial_geral"
"aliases","aquecimento_marcial_geral__aquecimento","aquecimento_marcial_geral"
"aliases","aquecimento_para_karate","aquecimento_para_karate"
"aliases","aquecimento_para_karate__aquecimento","aquecimento_para_karate"
"aliases","bases_de_karate_progressivas","bases_de_karate_progressivas"
"aliases","bases_de_karate_progressivas__aquecimento","bases_de_karate_progressivas"
"aliases","aquecimento_para_bjj","aquecimento_para_bjj"
"aliases","aquecimento_para_bjj__aquecimento","aquecimento_para_bjj"
"aliases","solo_leve_de_bjj","solo_leve_de_bjj"
"aliases","solo_leve_de_bjj__aquecimento","solo_leve_de_bjj"
"aliases","aquecimento_para_boxe","aquecimento_para_boxe"
"aliases","aquecimento_para_boxe__aquecimento","aquecimento_para_boxe"
"aliases","footwork_de_boxe_progressivo","footwork_de_boxe_progressivo"
"aliases","footwork_de_boxe_progressivo__aquecimento","footwork_de_boxe_progressivo"
"aliases","aquecimento_para_kickboxing_e_muay_thai","aquecimento_para_kickboxing_e_muay_thai"
"aliases","aquecimento_para_kickboxing_e_muay_thai__aquecimento","aquecimento_para_kickboxing_e_muay_thai"
"aliases","checks_e_teeps_leves","checks_e_teeps_leves"
"aliases","checks_e_teeps_leves__aquecimento","checks_e_teeps_leves"
"aliases","aquecimento_para_judo","aquecimento_para_judo"
"aliases","aquecimento_para_judo__aquecimento","aquecimento_para_judo"
"aliases","ukemi_progressivo","ukemi_progressivo"
"aliases","ukemi_progressivo__aquecimento","ukemi_progressivo"
"aliases","aquecimento_para_taekwondo","aquecimento_para_taekwondo"
"aliases","aquecimento_para_taekwondo__aquecimento","aquecimento_para_taekwondo"
"aliases","camaras_de_pontape_progressivas","camaras_de_pontape_progressivas"
"aliases","camaras_de_pontape_progressivas__aquecimento","camaras_de_pontape_progressivas"
"aliases","aquecimento_para_defesa_pessoal_funcional","aquecimento_para_defesa_pessoal_funcional"
"aliases","aquecimento_para_defesa_pessoal_funcional__aquecimento","aquecimento_para_defesa_pessoal_funcional"
"aliases","guarda_saida_e_levantar_do_chao","guarda_saida_e_levantar_do_chao"
"aliases","guarda_saida_e_levantar_do_chao__aquecimento","guarda_saida_e_levantar_do_chao"
"aliases","primer_neural_geral_curto","primer_neural_geral_curto"
"aliases","primer_neural_geral_curto__aquecimento","primer_neural_geral_curto"
"aliases","repeticoes_rapidas_submaximas","repeticoes_rapidas_submaximas"
"aliases","repeticoes_rapidas_submaximas__aquecimento","repeticoes_rapidas_submaximas"
"aliases","equilibrio_unilateral_como_primer","equilibrio_unilateral_como_primer"
"aliases","equilibrio_unilateral_como_primer__aquecimento","equilibrio_unilateral_como_primer"
"aliases","reacao_leve_com_comandos","reacao_leve_com_comandos"
"aliases","reacao_leve_com_comandos__aquecimento","reacao_leve_com_comandos"
"aliases","ensaio_tecnico_do_exercicio_principal","ensaio_tecnico_do_exercicio_principal"
"aliases","ensaio_tecnico_do_exercicio_principal__aquecimento","ensaio_tecnico_do_exercicio_principal"
"aliases","potenciacao_leve_para_forca","potenciacao_leve_para_forca"
"aliases","potenciacao_leve_para_forca__aquecimento","potenciacao_leve_para_forca"
"aliases","timing_marcial_leve","timing_marcial_leve"
"aliases","timing_marcial_leve__aquecimento","timing_marcial_leve"
"aliases","agilidade_progressiva_com_cones","agilidade_progressiva_com_cones"
"aliases","agilidade_progressiva_com_cones__aquecimento","agilidade_progressiva_com_cones"
"aliases","passos_laterais_progressivos","passos_laterais_progressivos"
"aliases","passos_laterais_progressivos__aquecimento","passos_laterais_progressivos"
"aliases","aceleracao_tecnica_curta","aceleracao_tecnica_curta"
"aliases","aceleracao_tecnica_curta__aquecimento","aceleracao_tecnica_curta"
"aliases","preparacao_para_ombros_rigidos","preparacao_para_ombros_rigidos"
"aliases","preparacao_para_ombros_rigidos__prevencao","preparacao_para_ombros_rigidos"
"aliases","preparacao_para_lombar_rigida","preparacao_para_lombar_rigida"
"aliases","preparacao_para_lombar_rigida__prevencao","preparacao_para_lombar_rigida"
"aliases","preparacao_para_joelho_sensivel","preparacao_para_joelho_sensivel"
"aliases","preparacao_para_joelho_sensivel__prevencao","preparacao_para_joelho_sensivel"
"aliases","preparacao_para_anca_rigida","preparacao_para_anca_rigida"
"aliases","preparacao_para_anca_rigida__prevencao","preparacao_para_anca_rigida"
"aliases","preparacao_para_gemeos_tensos","preparacao_para_gemeos_tensos"
"aliases","preparacao_para_gemeos_tensos__prevencao","preparacao_para_gemeos_tensos"
"aliases","preparacao_quando_a_pega_esta_cansada","preparacao_quando_a_pega_esta_cansada"
"aliases","preparacao_quando_a_pega_esta_cansada__prevencao","preparacao_quando_a_pega_esta_cansada"
"aliases","preparacao_pos_computador_antes_de_treinar","preparacao_pos_computador_antes_de_treinar"
"aliases","preparacao_pos_computador_antes_de_treinar__prevencao","preparacao_pos_computador_antes_de_treinar"
"aliases","aquecimento_adaptado_a_dias_de_calor","aquecimento_adaptado_a_dias_de_calor"
"aliases","aquecimento_adaptado_a_dias_de_calor__prevencao","aquecimento_adaptado_a_dias_de_calor"
"aliases","wall_slides_pos_computador_pre_treino","wall_slides_pos_computador_pre_treino"
"aliases","wall_slides_pos_computador_pre_treino__prevencao","wall_slides_pos_computador_pre_treino"
"aliases","respiracao_e_pelvic_tilts_pre_treino","respiracao_e_pelvic_tilts_pre_treino"
"aliases","respiracao_e_pelvic_tilts_pre_treino__prevencao","respiracao_e_pelvic_tilts_pre_treino"
"aliases","check_in_geral_antes_do_treino","check_in_geral_antes_do_treino"
"aliases","check_in_geral_antes_do_treino__aquecimento","check_in_geral_antes_do_treino"
"aliases","check_de_dor_articular","check_de_dor_articular"
"aliases","check_de_dor_articular__aquecimento","check_de_dor_articular"
"aliases","check_de_tendoes","check_de_tendoes"
"aliases","check_de_tendoes__aquecimento","check_de_tendoes"
"aliases","check_antes_de_contacto_marcial","check_antes_de_contacto_marcial"
"aliases","check_antes_de_contacto_marcial__aquecimento","check_antes_de_contacto_marcial"
"aliases","check_antes_de_hiit_ou_sprints","check_antes_de_hiit_ou_sprints"
"aliases","check_antes_de_hiit_ou_sprints__aquecimento","check_antes_de_hiit_ou_sprints"
"aliases","check_antes_de_forca_pesada","check_antes_de_forca_pesada"
"aliases","check_antes_de_forca_pesada__aquecimento","check_antes_de_forca_pesada"
"aliases","check_do_intervalo_desde_o_ultimo_treino","check_do_intervalo_desde_o_ultimo_treino"
"aliases","check_do_intervalo_desde_o_ultimo_treino__aquecimento","check_do_intervalo_desde_o_ultimo_treino"
"aliases","ajuste_do_plano_pelo_estado_do_dia","ajuste_do_plano_pelo_estado_do_dia"
"aliases","ajuste_do_plano_pelo_estado_do_dia__aquecimento","ajuste_do_plano_pelo_estado_do_dia"
