id,type_key,location_key,equipment_key,region_key,group_key,subzone_key,focus_key,cardio_focus_key,martial_art_key,status,result_count,fallback_count,notice,issue
"strength>place_home_no_equipment>bodyweight>full_body","strength","place_home_no_equipment","bodyweight","full_body","","","","","","okEmptyWithExplicitNotice","0","0","Não há exercícios disponíveis para este foco com as capacidades atuais. Ativa Mostrar todos para ver o equipamento/local em falta.",""
"strength>place_home_no_equipment>floor>full_body","strength","place_home_no_equipment","floor","full_body","","","","","","okEmptyWithExplicitNotice","0","0","Não há exercícios disponíveis para este foco com as capacidades atuais. Ativa Mostrar todos para ver o equipamento/local em falta.",""
"strength>place_home_no_equipment>wall>full_body","strength","place_home_no_equipment","wall","full_body","","","","","","okEmptyWithExplicitNotice","0","0","Não há exercícios disponíveis para este foco com as capacidades atuais. Ativa Mostrar todos para ver o equipamento/local em falta.",""
"strength>place_home_no_equipment>bodyweight>upper","strength","place_home_no_equipment","bodyweight","upper","","","","","","okWithResults","17","0","Mostra exercicios compativeis.",""
"strength>place_home_no_equipment>bodyweight>upper>neck","strength","place_home_no_equipment","bodyweight","upper","neck","","","","","okWithResults","5","0","Mostra exercicios compativeis.",""
"strength>place_home_no_equipment>bodyweight>upper>neck>neck_complete","strength","place_home_no_equipment","bodyweight","upper","neck","neck_complete","","","","okEmptyWithExplicitNotice","0","0","Não há exercícios disponíveis para este foco com as capacidades atuais. Ativa Mostrar todos para ver o equipamento/local em falta.",""
"strength>place_home_no_equipment>bodyweight>upper>neck>anterior_neck","strength","place_home_no_equipment","bodyweight","upper","neck","anterior_neck","","","","okEmptyWithExplicitNotice","0","0","Não há exercícios disponíveis para este foco com as capacidades atuais. Ativa Mostrar todos para ver o equipamento/local em falta.",""
"strength>place_home_no_equipment>bodyweight>upper>neck>posterior_neck","strength","place_home_no_equipment","bodyweight","upper","neck","posterior_neck","","","","okEmptyWithExplicitNotice","0","0","Não há exercícios disponíveis para este foco com as capacidades atuais. Ativa Mostrar todos para ver o equipamento/local em falta.",""
"strength>place_home_no_equipment>bodyweight>upper>neck>lateral_neck","strength","place_home_no_equipment","bodyweight","upper","neck","lateral_neck","","","","okEmptyWithExplicitNotice","0","0","Não há exercícios disponíveis para este foco com as capacidades atuais. Ativa Mostrar todos para ver o equipamento/local em falta.",""
"strength>place_home_no_equipment>bodyweight>upper>neck>cervical_stabilizers","strength","place_home_no_equipment","bodyweight","upper","neck","cervical_stabilizers","","","","okEmptyWithExplicitNotice","0","0","Não há exercícios disponíveis para este foco com as capacidades atuais. Ativa Mostrar todos para ver o equipamento/local em falta.",""
"strength>place_home_no_equipment>bodyweight>upper>traps_scapula","strength","place_home_no_equipment","bodyweight","upper","traps_scapula","","","","","okEmptyWithExplicitNotice","0","0","Não há exercícios disponíveis para este foco com as capacidades atuais. Ativa Mostrar todos para ver o equipamento/local em falta.",""
"strength>place_home_no_equipment>bodyweight>upper>traps_scapula>traps_complete","strength","place_home_no_equipment","bodyweight","upper","traps_scapula","traps_complete","","","","okEmptyWithExplicitNotice","0","0","Não há exercícios disponíveis para este foco com as capacidades atuais. Ativa Mostrar todos para ver o equipamento/local em falta.",""
"strength>place_home_no_equipment>bodyweight>upper>traps_scapula>upper_traps","strength","place_home_no_equipment","bodyweight","upper","traps_scapula","upper_traps","","","","okEmptyWithExplicitNotice","0","0","Não há exercícios disponíveis para este foco com as capacidades atuais. Ativa Mostrar todos para ver o equipamento/local em falta.",""
"strength>place_home_no_equipment>bodyweight>upper>traps_scapula>mid_traps","strength","place_home_no_equipment","bodyweight","upper","traps_scapula","mid_traps","","","","okEmptyWithExplicitNotice","0","0","Não há exercícios disponíveis para este foco com as capacidades atuais. Ativa Mostrar todos para ver o equipamento/local em falta.",""
"strength>place_home_no_equipment>bodyweight>upper>traps_scapula>lower_traps","strength","place_home_no_equipment","bodyweight","upper","traps_scapula","lower_traps","","","","okEmptyWithExplicitNotice","0","0","Não há exercícios disponíveis para este foco com as capacidades atuais. Ativa Mostrar todos para ver o equipamento/local em falta.",""
"strength>place_home_no_equipment>bodyweight>upper>traps_scapula>scapular_stability","strength","place_home_no_equipment","bodyweight","upper","traps_scapula","scapular_stability","","","","okEmptyWithExplicitNotice","0","0","Não há exercícios disponíveis para este foco com as capacidades atuais. Ativa Mostrar todos para ver o equipamento/local em falta.",""
"strength>place_home_no_equipment>bodyweight>upper>chest","strength","place_home_no_equipment","bodyweight","upper","chest","","","","","okWithResults","4","0","Mostra exercicios compativeis.",""
"strength>place_home_no_equipment>bodyweight>upper>chest>chest_complete","strength","place_home_no_equipment","bodyweight","upper","chest","chest_complete","","","","okEmptyWithExplicitNotice","0","0","Não há exercícios disponíveis para este foco com as capacidades atuais. Ativa Mostrar todos para ver o equipamento/local em falta.",""
"strength>place_home_no_equipment>bodyweight>upper>chest>upper_chest","strength","place_home_no_equipment","bodyweight","upper","chest","upper_chest","","","","okWithResults","3","0","Mostra exercicios compativeis.",""
"strength>place_home_no_equipment>bodyweight>upper>chest>mid_chest","strength","place_home_no_equipment","bodyweight","upper","chest","mid_chest","","","","okWithResults","3","0","Mostra exercicios compativeis.",""
"strength>place_home_no_equipment>bodyweight>upper>chest>lower_chest","strength","place_home_no_equipment","bodyweight","upper","chest","lower_chest","","","","okWithResults","3","0","Mostra exercicios compativeis.",""
"strength>place_home_no_equipment>bodyweight>upper>chest>pectoralis_minor","strength","place_home_no_equipment","bodyweight","upper","chest","pectoralis_minor","","","","okWithResults","3","0","Mostra exercicios compativeis.",""
"strength>place_home_no_equipment>bodyweight>upper>chest>serratus_anterior","strength","place_home_no_equipment","bodyweight","upper","chest","serratus_anterior","","","","okWithResults","4","0","Mostra exercicios compativeis.",""
"strength>place_home_no_equipment>bodyweight>upper>back","strength","place_home_no_equipment","bodyweight","upper","back","","","","","okWithResults","4","0","Mostra exercicios compativeis.",""
"strength>place_home_no_equipment>bodyweight>upper>back>back_complete","strength","place_home_no_equipment","bodyweight","upper","back","back_complete","","","","okEmptyWithExplicitNotice","0","0","Não há exercícios disponíveis para este foco com as capacidades atuais. Ativa Mostrar todos para ver o equipamento/local em falta.",""
"strength>place_home_no_equipment>bodyweight>upper>back>back_upper","strength","place_home_no_equipment","bodyweight","upper","back","back_upper","","","","okEmptyWithExplicitNotice","0","0","Não há exercícios disponíveis para este foco com as capacidades atuais. Ativa Mostrar todos para ver o equipamento/local em falta.",""
"strength>place_home_no_equipment>bodyweight>upper>back>back_upper>upper_traps","strength","place_home_no_equipment","bodyweight","upper","back","back_upper","upper_traps","","","okEmptyWithExplicitNotice","0","0","Não há exercícios disponíveis para este foco com as capacidades atuais. Ativa Mostrar todos para ver o equipamento/local em falta.",""
"strength>place_home_no_equipment>bodyweight>upper>back>back_upper>mid_traps","strength","place_home_no_equipment","bodyweight","upper","back","back_upper","mid_traps","","","okEmptyWithExplicitNotice","0","0","Não há exercícios disponíveis para este foco com as capacidades atuais. Ativa Mostrar todos para ver o equipamento/local em falta.",""
"strength>place_home_no_equipment>bodyweight>upper>back>back_upper>lower_traps","strength","place_home_no_equipment","bodyweight","upper","back","back_upper","lower_traps","","","okEmptyWithExplicitNotice","0","0","Não há exercícios disponíveis para este foco com as capacidades atuais. Ativa Mostrar todos para ver o equipamento/local em falta.",""
"strength>place_home_no_equipment>bodyweight>upper>back>back_upper>rhomboids","strength","place_home_no_equipment","bodyweight","upper","back","back_upper","rhomboids","","","okEmptyWithExplicitNotice","0","0","Não há exercícios disponíveis para este foco com as capacidades atuais. Ativa Mostrar todos para ver o equipamento/local em falta.",""
"strength>place_home_no_equipment>bodyweight>upper>back>back_upper>posterior_deltoid","strength","place_home_no_equipment","bodyweight","upper","back","back_upper","posterior_deltoid","","","okEmptyWithExplicitNotice","0","0","Não há exercícios disponíveis para este foco com as capacidades atuais. Ativa Mostrar todos para ver o equipamento/local em falta.",""
"strength>place_home_no_equipment>bodyweight>upper>back>back_upper>scapular_stabilizers","strength","place_home_no_equipment","bodyweight","upper","back","back_upper","scapular_stabilizers","","","okEmptyWithExplicitNotice","0","0","Não há exercícios disponíveis para este foco com as capacidades atuais. Ativa Mostrar todos para ver o equipamento/local em falta.",""
"strength>place_home_no_equipment>bodyweight>upper>back>back_mid","strength","place_home_no_equipment","bodyweight","upper","back","back_mid","","","","okEmptyWithExplicitNotice","0","0","Não há exercícios disponíveis para este foco com as capacidades atuais. Ativa Mostrar todos para ver o equipamento/local em falta.",""
"strength>place_home_no_equipment>bodyweight>upper>back>back_mid>rhomboids","strength","place_home_no_equipment","bodyweight","upper","back","back_mid","rhomboids","","","okEmptyWithExplicitNotice","0","0","Não há exercícios disponíveis para este foco com as capacidades atuais. Ativa Mostrar todos para ver o equipamento/local em falta.",""
"strength>place_home_no_equipment>bodyweight>upper>back>back_mid>mid_traps","strength","place_home_no_equipment","bodyweight","upper","back","back_mid","mid_traps","","","okEmptyWithExplicitNotice","0","0","Não há exercícios disponíveis para este foco com as capacidades atuais. Ativa Mostrar todos para ver o equipamento/local em falta.",""
"strength>place_home_no_equipment>bodyweight>upper>back>back_mid>teres_major","strength","place_home_no_equipment","bodyweight","upper","back","back_mid","teres_major","","","okEmptyWithExplicitNotice","0","0","Não há exercícios disponíveis para este foco com as capacidades atuais. Ativa Mostrar todos para ver o equipamento/local em falta.",""
"strength>place_home_no_equipment>bodyweight>upper>back>back_mid>teres_minor","strength","place_home_no_equipment","bodyweight","upper","back","back_mid","teres_minor","","","okEmptyWithExplicitNotice","0","0","Não há exercícios disponíveis para este foco com as capacidades atuais. Ativa Mostrar todos para ver o equipamento/local em falta.",""
"strength>place_home_no_equipment>bodyweight>upper>back>back_mid>latissimus_dorsi","strength","place_home_no_equipment","bodyweight","upper","back","back_mid","latissimus_dorsi","","","okEmptyWithExplicitNotice","0","0","Não há exercícios disponíveis para este foco com as capacidades atuais. Ativa Mostrar todos para ver o equipamento/local em falta.",""
"strength>place_home_no_equipment>bodyweight>upper>back>back_lower","strength","place_home_no_equipment","bodyweight","upper","back","back_lower","","","","okEmptyWithExplicitNotice","0","0","Não há exercícios disponíveis para este foco com as capacidades atuais. Ativa Mostrar todos para ver o equipamento/local em falta.",""
"strength>place_home_no_equipment>bodyweight>upper>back>back_lower>erectors","strength","place_home_no_equipment","bodyweight","upper","back","back_lower","erectors","","","okEmptyWithExplicitNotice","0","0","Não há exercícios disponíveis para este foco com as capacidades atuais. Ativa Mostrar todos para ver o equipamento/local em falta.",""
"strength>place_home_no_equipment>bodyweight>upper>back>back_lower>lumbar","strength","place_home_no_equipment","bodyweight","upper","back","back_lower","lumbar","","","okEmptyWithExplicitNotice","0","0","Não há exercícios disponíveis para este foco com as capacidades atuais. Ativa Mostrar todos para ver o equipamento/local em falta.",""
"strength>place_home_no_equipment>bodyweight>upper>back>back_lower>quadratus_lumborum","strength","place_home_no_equipment","bodyweight","upper","back","back_lower","quadratus_lumborum","","","okEmptyWithExplicitNotice","0","0","Não há exercícios disponíveis para este foco com as capacidades atuais. Ativa Mostrar todos para ver o equipamento/local em falta.",""
"strength>place_home_no_equipment>bodyweight>upper>back>back_lower>lumbar_stability","strength","place_home_no_equipment","bodyweight","upper","back","back_lower","lumbar_stability","","","okEmptyWithExplicitNotice","0","0","Não há exercícios disponíveis para este foco com as capacidades atuais. Ativa Mostrar todos para ver o equipamento/local em falta.",""
"strength>place_home_no_equipment>bodyweight>upper>back>back_width","strength","place_home_no_equipment","bodyweight","upper","back","back_width","","","","okEmptyWithExplicitNotice","0","0","Não há exercícios disponíveis para este foco com as capacidades atuais. Ativa Mostrar todos para ver o equipamento/local em falta.",""
"strength>place_home_no_equipment>bodyweight>upper>back>back_width>latissimus_dorsi","strength","place_home_no_equipment","bodyweight","upper","back","back_width","latissimus_dorsi","","","okEmptyWithExplicitNotice","0","0","Não há exercícios disponíveis para este foco com as capacidades atuais. Ativa Mostrar todos para ver o equipamento/local em falta.",""
"strength>place_home_no_equipment>bodyweight>upper>back>back_width>teres_major","strength","place_home_no_equipment","bodyweight","upper","back","back_width","teres_major","","","okEmptyWithExplicitNotice","0","0","Não há exercícios disponíveis para este foco com as capacidades atuais. Ativa Mostrar todos para ver o equipamento/local em falta.",""
"strength>place_home_no_equipment>bodyweight>upper>back>back_width>vertical_pulls","strength","place_home_no_equipment","bodyweight","upper","back","back_width","vertical_pulls","","","okEmptyWithExplicitNotice","0","0","Não há exercícios disponíveis para este foco com as capacidades atuais. Ativa Mostrar todos para ver o equipamento/local em falta.",""
"strength>place_home_no_equipment>bodyweight>upper>back>back_thickness","strength","place_home_no_equipment","bodyweight","upper","back","back_thickness","","","","okEmptyWithExplicitNotice","0","0","Não há exercícios disponíveis para este foco com as capacidades atuais. Ativa Mostrar todos para ver o equipamento/local em falta.",""
"strength>place_home_no_equipment>bodyweight>upper>back>back_thickness>rhomboids","strength","place_home_no_equipment","bodyweight","upper","back","back_thickness","rhomboids","","","okEmptyWithExplicitNotice","0","0","Não há exercícios disponíveis para este foco com as capacidades atuais. Ativa Mostrar todos para ver o equipamento/local em falta.",""
"strength>place_home_no_equipment>bodyweight>upper>back>back_thickness>mid_traps","strength","place_home_no_equipment","bodyweight","upper","back","back_thickness","mid_traps","","","okEmptyWithExplicitNotice","0","0","Não há exercícios disponíveis para este foco com as capacidades atuais. Ativa Mostrar todos para ver o equipamento/local em falta.",""
"strength>place_home_no_equipment>bodyweight>upper>back>back_thickness>lower_traps","strength","place_home_no_equipment","bodyweight","upper","back","back_thickness","lower_traps","","","okEmptyWithExplicitNotice","0","0","Não há exercícios disponíveis para este foco com as capacidades atuais. Ativa Mostrar todos para ver o equipamento/local em falta.",""
"strength>place_home_no_equipment>bodyweight>upper>back>back_thickness>horizontal_rows","strength","place_home_no_equipment","bodyweight","upper","back","back_thickness","horizontal_rows","","","okEmptyWithExplicitNotice","0","0","Não há exercícios disponíveis para este foco com as capacidades atuais. Ativa Mostrar todos para ver o equipamento/local em falta.",""
"strength>place_home_no_equipment>bodyweight>upper>shoulders","strength","place_home_no_equipment","bodyweight","upper","shoulders","","","","","okWithResults","3","0","Mostra exercicios compativeis.",""
"strength>place_home_no_equipment>bodyweight>upper>shoulders>shoulders_complete","strength","place_home_no_equipment","bodyweight","upper","shoulders","shoulders_complete","","","","okEmptyWithExplicitNotice","0","0","Não há exercícios disponíveis para este foco com as capacidades atuais. Ativa Mostrar todos para ver o equipamento/local em falta.",""
"strength>place_home_no_equipment>bodyweight>upper>shoulders>anterior_deltoid","strength","place_home_no_equipment","bodyweight","upper","shoulders","anterior_deltoid","","","","okEmptyWithExplicitNotice","0","0","Não há exercícios disponíveis para este foco com as capacidades atuais. Ativa Mostrar todos para ver o equipamento/local em falta.",""
"strength>place_home_no_equipment>bodyweight>upper>shoulders>lateral_deltoid","strength","place_home_no_equipment","bodyweight","upper","shoulders","lateral_deltoid","","","","okEmptyWithExplicitNotice","0","0","Não há exercícios disponíveis para este foco com as capacidades atuais. Ativa Mostrar todos para ver o equipamento/local em falta.",""
"strength>place_home_no_equipment>bodyweight>upper>shoulders>posterior_deltoid","strength","place_home_no_equipment","bodyweight","upper","shoulders","posterior_deltoid","","","","okEmptyWithExplicitNotice","0","0","Não há exercícios disponíveis para este foco com as capacidades atuais. Ativa Mostrar todos para ver o equipamento/local em falta.",""
"strength>place_home_no_equipment>bodyweight>upper>shoulders>rotator_cuff","strength","place_home_no_equipment","bodyweight","upper","shoulders","rotator_cuff","","","","okEmptyWithExplicitNotice","0","0","Não há exercícios disponíveis para este foco com as capacidades atuais. Ativa Mostrar todos para ver o equipamento/local em falta.",""
"strength>place_home_no_equipment>bodyweight>upper>shoulders>external_rotators","strength","place_home_no_equipment","bodyweight","upper","shoulders","external_rotators","","","","okEmptyWithExplicitNotice","0","0","Não há exercícios disponíveis para este foco com as capacidades atuais. Ativa Mostrar todos para ver o equipamento/local em falta.",""
"strength>place_home_no_equipment>bodyweight>upper>shoulders>internal_rotators","strength","place_home_no_equipment","bodyweight","upper","shoulders","internal_rotators","","","","okEmptyWithExplicitNotice","0","0","Não há exercícios disponíveis para este foco com as capacidades atuais. Ativa Mostrar todos para ver o equipamento/local em falta.",""
"strength>place_home_no_equipment>bodyweight>upper>shoulders>scapular_stability","strength","place_home_no_equipment","bodyweight","upper","shoulders","scapular_stability","","","","okEmptyWithExplicitNotice","0","0","Não há exercícios disponíveis para este foco com as capacidades atuais. Ativa Mostrar todos para ver o equipamento/local em falta.",""
"strength>place_home_no_equipment>bodyweight>upper>arms","strength","place_home_no_equipment","bodyweight","upper","arms","","","","","okWithResults","2","0","Mostra exercicios compativeis.",""
"strength>place_home_no_equipment>bodyweight>upper>arms>arms_complete","strength","place_home_no_equipment","bodyweight","upper","arms","arms_complete","","","","okEmptyWithExplicitNotice","0","0","Não há exercícios disponíveis para este foco com as capacidades atuais. Ativa Mostrar todos para ver o equipamento/local em falta.",""
"strength>place_home_no_equipment>bodyweight>upper>arms>upper_arm","strength","place_home_no_equipment","bodyweight","upper","arms","upper_arm","","","","okEmptyWithExplicitNotice","0","0","Não há exercícios disponíveis para este foco com as capacidades atuais. Ativa Mostrar todos para ver o equipamento/local em falta.",""
"strength>place_home_no_equipment>bodyweight>upper>arms>upper_arm>biceps_brachii","strength","place_home_no_equipment","bodyweight","upper","arms","upper_arm","biceps_brachii","","","okEmptyWithExplicitNotice","0","0","Não há exercícios disponíveis para este foco com as capacidades atuais. Ativa Mostrar todos para ver o equipamento/local em falta.",""
"strength>place_home_no_equipment>bodyweight>upper>arms>upper_arm>brachialis","strength","place_home_no_equipment","bodyweight","upper","arms","upper_arm","brachialis","","","okEmptyWithExplicitNotice","0","0","Não há exercícios disponíveis para este foco com as capacidades atuais. Ativa Mostrar todos para ver o equipamento/local em falta.",""
"strength>place_home_no_equipment>bodyweight>upper>arms>upper_arm>brachioradialis","strength","place_home_no_equipment","bodyweight","upper","arms","upper_arm","brachioradialis","","","okEmptyWithExplicitNotice","0","0","Não há exercícios disponíveis para este foco com as capacidades atuais. Ativa Mostrar todos para ver o equipamento/local em falta.",""
"strength>place_home_no_equipment>bodyweight>upper>arms>upper_arm>triceps","strength","place_home_no_equipment","bodyweight","upper","arms","upper_arm","triceps","","","okWithResults","2","0","Mostra exercicios compativeis.",""
"strength>place_home_no_equipment>bodyweight>upper>arms>upper_arm>triceps_long","strength","place_home_no_equipment","bodyweight","upper","arms","upper_arm","triceps_long","","","okEmptyWithExplicitNotice","0","0","Não há exercícios disponíveis para este foco com as capacidades atuais. Ativa Mostrar todos para ver o equipamento/local em falta.",""
"strength>place_home_no_equipment>bodyweight>upper>arms>upper_arm>triceps_lateral","strength","place_home_no_equipment","bodyweight","upper","arms","upper_arm","triceps_lateral","","","okEmptyWithExplicitNotice","0","0","Não há exercícios disponíveis para este foco com as capacidades atuais. Ativa Mostrar todos para ver o equipamento/local em falta.",""
"strength>place_home_no_equipment>bodyweight>upper>arms>upper_arm>triceps_medial","strength","place_home_no_equipment","bodyweight","upper","arms","upper_arm","triceps_medial","","","okEmptyWithExplicitNotice","0","0","Não há exercícios disponíveis para este foco com as capacidades atuais. Ativa Mostrar todos para ver o equipamento/local em falta.",""
"strength>place_home_no_equipment>bodyweight>upper>arms>forearm_hand","strength","place_home_no_equipment","bodyweight","upper","arms","forearm_hand","","","","okEmptyWithExplicitNotice","0","0","Não há exercícios disponíveis para este foco com as capacidades atuais. Ativa Mostrar todos para ver o equipamento/local em falta.",""
"strength>place_home_no_equipment>bodyweight>upper>arms>forearm_hand>forearm_complete","strength","place_home_no_equipment","bodyweight","upper","arms","forearm_hand","forearm_complete","","","okEmptyWithExplicitNotice","0","0","Não há exercícios disponíveis para este foco com as capacidades atuais. Ativa Mostrar todos para ver o equipamento/local em falta.",""
"strength>place_home_no_equipment>bodyweight>upper>arms>forearm_hand>forearm_flexors","strength","place_home_no_equipment","bodyweight","upper","arms","forearm_hand","forearm_flexors","","","okEmptyWithExplicitNotice","0","0","Não há exercícios disponíveis para este foco com as capacidades atuais. Ativa Mostrar todos para ver o equipamento/local em falta.",""
"strength>place_home_no_equipment>bodyweight>upper>arms>forearm_hand>forearm_extensors","strength","place_home_no_equipment","bodyweight","upper","arms","forearm_hand","forearm_extensors","","","okEmptyWithExplicitNotice","0","0","Não há exercícios disponíveis para este foco com as capacidades atuais. Ativa Mostrar todos para ver o equipamento/local em falta.",""
"strength>place_home_no_equipment>bodyweight>upper>arms>forearm_hand>pronators","strength","place_home_no_equipment","bodyweight","upper","arms","forearm_hand","pronators","","","okEmptyWithExplicitNotice","0","0","Não há exercícios disponíveis para este foco com as capacidades atuais. Ativa Mostrar todos para ver o equipamento/local em falta.",""
"strength>place_home_no_equipment>bodyweight>upper>arms>forearm_hand>supinators","strength","place_home_no_equipment","bodyweight","upper","arms","forearm_hand","supinators","","","okEmptyWithExplicitNotice","0","0","Não há exercícios disponíveis para este foco com as capacidades atuais. Ativa Mostrar todos para ver o equipamento/local em falta.",""
"strength>place_home_no_equipment>bodyweight>upper>arms>forearm_hand>wrist","strength","place_home_no_equipment","bodyweight","upper","arms","forearm_hand","wrist","","","okEmptyWithExplicitNotice","0","0","Não há exercícios disponíveis para este foco com as capacidades atuais. Ativa Mostrar todos para ver o equipamento/local em falta.",""
"strength>place_home_no_equipment>bodyweight>upper>arms>forearm_hand>fingers","strength","place_home_no_equipment","bodyweight","upper","arms","forearm_hand","fingers","","","okEmptyWithExplicitNotice","0","0","Não há exercícios disponíveis para este foco com as capacidades atuais. Ativa Mostrar todos para ver o equipamento/local em falta.",""
"strength>place_home_no_equipment>bodyweight>upper>arms>forearm_hand>support_grip","strength","place_home_no_equipment","bodyweight","upper","arms","forearm_hand","support_grip","","","okEmptyWithExplicitNotice","0","0","Não há exercícios disponíveis para este foco com as capacidades atuais. Ativa Mostrar todos para ver o equipamento/local em falta.",""
"strength>place_home_no_equipment>bodyweight>upper>arms>forearm_hand>pinch_grip","strength","place_home_no_equipment","bodyweight","upper","arms","forearm_hand","pinch_grip","","","okEmptyWithExplicitNotice","0","0","Não há exercícios disponíveis para este foco com as capacidades atuais. Ativa Mostrar todos para ver o equipamento/local em falta.",""
"strength>place_home_no_equipment>bodyweight>upper>arms>forearm_hand>general_grip","strength","place_home_no_equipment","bodyweight","upper","arms","forearm_hand","general_grip","","","okEmptyWithExplicitNotice","0","0","Não há exercícios disponíveis para este foco com as capacidades atuais. Ativa Mostrar todos para ver o equipamento/local em falta.",""
"strength>place_home_no_equipment>bodyweight>upper>forearm_hand","strength","place_home_no_equipment","bodyweight","upper","forearm_hand","","","","","okEmptyWithExplicitNotice","0","0","Não há exercícios disponíveis para este foco com as capacidades atuais. Ativa Mostrar todos para ver o equipamento/local em falta.",""
"strength>place_home_no_equipment>bodyweight>upper>forearm_hand>forearm_complete","strength","place_home_no_equipment","bodyweight","upper","forearm_hand","forearm_complete","","","","okEmptyWithExplicitNotice","0","0","Não há exercícios disponíveis para este foco com as capacidades atuais. Ativa Mostrar todos para ver o equipamento/local em falta.",""
"strength>place_home_no_equipment>bodyweight>upper>forearm_hand>forearm_flexors","strength","place_home_no_equipment","bodyweight","upper","forearm_hand","forearm_flexors","","","","okEmptyWithExplicitNotice","0","0","Não há exercícios disponíveis para este foco com as capacidades atuais. Ativa Mostrar todos para ver o equipamento/local em falta.",""
"strength>place_home_no_equipment>bodyweight>upper>forearm_hand>forearm_extensors","strength","place_home_no_equipment","bodyweight","upper","forearm_hand","forearm_extensors","","","","okEmptyWithExplicitNotice","0","0","Não há exercícios disponíveis para este foco com as capacidades atuais. Ativa Mostrar todos para ver o equipamento/local em falta.",""
"strength>place_home_no_equipment>bodyweight>upper>forearm_hand>pronators","strength","place_home_no_equipment","bodyweight","upper","forearm_hand","pronators","","","","okEmptyWithExplicitNotice","0","0","Não há exercícios disponíveis para este foco com as capacidades atuais. Ativa Mostrar todos para ver o equipamento/local em falta.",""
"strength>place_home_no_equipment>bodyweight>upper>forearm_hand>supinators","strength","place_home_no_equipment","bodyweight","upper","forearm_hand","supinators","","","","okEmptyWithExplicitNotice","0","0","Não há exercícios disponíveis para este foco com as capacidades atuais. Ativa Mostrar todos para ver o equipamento/local em falta.",""
"strength>place_home_no_equipment>bodyweight>upper>forearm_hand>wrist","strength","place_home_no_equipment","bodyweight","upper","forearm_hand","wrist","","","","okEmptyWithExplicitNotice","0","0","Não há exercícios disponíveis para este foco com as capacidades atuais. Ativa Mostrar todos para ver o equipamento/local em falta.",""
"strength>place_home_no_equipment>bodyweight>upper>forearm_hand>fingers","strength","place_home_no_equipment","bodyweight","upper","forearm_hand","fingers","","","","okEmptyWithExplicitNotice","0","0","Não há exercícios disponíveis para este foco com as capacidades atuais. Ativa Mostrar todos para ver o equipamento/local em falta.",""
"strength>place_home_no_equipment>bodyweight>upper>forearm_hand>support_grip","strength","place_home_no_equipment","bodyweight","upper","forearm_hand","support_grip","","","","okEmptyWithExplicitNotice","0","0","Não há exercícios disponíveis para este foco com as capacidades atuais. Ativa Mostrar todos para ver o equipamento/local em falta.",""
"strength>place_home_no_equipment>bodyweight>upper>forearm_hand>pinch_grip","strength","place_home_no_equipment","bodyweight","upper","forearm_hand","pinch_grip","","","","okEmptyWithExplicitNotice","0","0","Não há exercícios disponíveis para este foco com as capacidades atuais. Ativa Mostrar todos para ver o equipamento/local em falta.",""
"strength>place_home_no_equipment>bodyweight>upper>forearm_hand>general_grip","strength","place_home_no_equipment","bodyweight","upper","forearm_hand","general_grip","","","","okEmptyWithExplicitNotice","0","0","Não há exercícios disponíveis para este foco com as capacidades atuais. Ativa Mostrar todos para ver o equipamento/local em falta.",""
"strength>place_home_no_equipment>bodyweight>lower","strength","place_home_no_equipment","bodyweight","lower","","","","","","okWithResults","18","0","Mostra exercicios compativeis.",""
"strength>place_home_no_equipment>bodyweight>lower>hips_glutes","strength","place_home_no_equipment","bodyweight","lower","hips_glutes","","","","","okWithResults","8","0","Mostra exercicios compativeis.",""
"strength>place_home_no_equipment>bodyweight>lower>quadriceps","strength","place_home_no_equipment","bodyweight","lower","quadriceps","","","","","okWithResults","5","0","Mostra exercicios compativeis.",""
"strength>place_home_no_equipment>bodyweight>lower>hamstrings","strength","place_home_no_equipment","bodyweight","lower","hamstrings","","","","","okWithResults","1","0","Mostra exercicios compativeis.",""
"strength>place_home_no_equipment>bodyweight>lower>adductors","strength","place_home_no_equipment","bodyweight","lower","adductors","","","","","okWithResults","1","0","Mostra exercicios compativeis.",""
"strength>place_home_no_equipment>bodyweight>lower>abductors","strength","place_home_no_equipment","bodyweight","lower","abductors","","","","","okWithResults","2","0","Mostra exercicios compativeis.",""
"strength>place_home_no_equipment>bodyweight>lower>calves","strength","place_home_no_equipment","bodyweight","lower","calves","","","","","okWithResults","3","0","Mostra exercicios compativeis.",""
"strength>place_home_no_equipment>bodyweight>lower>tibialis","strength","place_home_no_equipment","bodyweight","lower","tibialis","","","","","okWithResults","1","0","Mostra exercicios compativeis.",""
"strength>place_home_no_equipment>bodyweight>lower>feet_ankle","strength","place_home_no_equipment","bodyweight","lower","feet_ankle","","","","","okWithResults","6","0","Mostra exercicios compativeis.",""
"strength>place_home_no_equipment>bodyweight>core","strength","place_home_no_equipment","bodyweight","core","","","","","","okEmptyWithExplicitNotice","0","0","Não há exercícios disponíveis para este foco com as capacidades atuais. Ativa Mostrar todos para ver o equipamento/local em falta.",""
"strength>place_home_no_equipment>bodyweight>core>abdominal","strength","place_home_no_equipment","bodyweight","core","abdominal","","","","","okEmptyWithExplicitNotice","0","0","Não há exercícios disponíveis para este foco com as capacidades atuais. Ativa Mostrar todos para ver o equipamento/local em falta.",""
"strength>place_home_no_equipment>bodyweight>core>obliques","strength","place_home_no_equipment","bodyweight","core","obliques","","","","","okEmptyWithExplicitNotice","0","0","Não há exercícios disponíveis para este foco com as capacidades atuais. Ativa Mostrar todos para ver o equipamento/local em falta.",""
"strength>place_home_no_equipment>bodyweight>core>transverse_abs","strength","place_home_no_equipment","bodyweight","core","transverse_abs","","","","","okEmptyWithExplicitNotice","0","0","Não há exercícios disponíveis para este foco com as capacidades atuais. Ativa Mostrar todos para ver o equipamento/local em falta.",""
"strength>place_home_no_equipment>bodyweight>core>low_back","strength","place_home_no_equipment","bodyweight","core","low_back","","","","","okEmptyWithExplicitNotice","0","0","Não há exercícios disponíveis para este foco com as capacidades atuais. Ativa Mostrar todos para ver o equipamento/local em falta.",""
"strength>place_home_no_equipment>bodyweight>core>core_stability","strength","place_home_no_equipment","bodyweight","core","core_stability","","","","","okEmptyWithExplicitNotice","0","0","Não há exercícios disponíveis para este foco com as capacidades atuais. Ativa Mostrar todos para ver o equipamento/local em falta.",""
"strength>place_home_no_equipment>bodyweight>core>anti_rotation","strength","place_home_no_equipment","bodyweight","core","anti_rotation","","","","","okEmptyWithExplicitNotice","0","0","Não há exercícios disponíveis para este foco com as capacidades atuais. Ativa Mostrar todos para ver o equipamento/local em falta.",""
"strength>place_home_no_equipment>bodyweight>core>anti_extension","strength","place_home_no_equipment","bodyweight","core","anti_extension","","","","","okEmptyWithExplicitNotice","0","0","Não há exercícios disponíveis para este foco com as capacidades atuais. Ativa Mostrar todos para ver o equipamento/local em falta.",""
"strength>place_home_no_equipment>bodyweight>core>anti_lateral_flexion","strength","place_home_no_equipment","bodyweight","core","anti_lateral_flexion","","","","","okEmptyWithExplicitNotice","0","0","Não há exercícios disponíveis para este foco com as capacidades atuais. Ativa Mostrar todos para ver o equipamento/local em falta.",""
"strength>place_home_equipped>bodyweight>full_body","strength","place_home_equipped","bodyweight","full_body","","","","","","okEmptyWithExplicitNotice","0","0","Não há exercícios disponíveis para este foco com as capacidades atuais. Ativa Mostrar todos para ver o equipamento/local em falta.",""
"strength>place_home_equipped>floor>full_body","strength","place_home_equipped","floor","full_body","","","","","","okEmptyWithExplicitNotice","0","0","Não há exercícios disponíveis para este foco com as capacidades atuais. Ativa Mostrar todos para ver o equipamento/local em falta.",""
"strength>place_home_equipped>wall>full_body","strength","place_home_equipped","wall","full_body","","","","","","okEmptyWithExplicitNotice","0","0","Não há exercícios disponíveis para este foco com as capacidades atuais. Ativa Mostrar todos para ver o equipamento/local em falta.",""
"strength>place_home_equipped>bodyweight>upper","strength","place_home_equipped","bodyweight","upper","","","","","","okWithResults","17","0","Mostra exercicios compativeis.",""
"strength>place_home_equipped>bodyweight>upper>neck","strength","place_home_equipped","bodyweight","upper","neck","","","","","okWithResults","5","0","Mostra exercicios compativeis.",""
"strength>place_home_equipped>bodyweight>upper>neck>neck_complete","strength","place_home_equipped","bodyweight","upper","neck","neck_complete","","","","okEmptyWithExplicitNotice","0","0","Não há exercícios disponíveis para este foco com as capacidades atuais. Ativa Mostrar todos para ver o equipamento/local em falta.",""
"strength>place_home_equipped>bodyweight>upper>neck>anterior_neck","strength","place_home_equipped","bodyweight","upper","neck","anterior_neck","","","","okEmptyWithExplicitNotice","0","0","Não há exercícios disponíveis para este foco com as capacidades atuais. Ativa Mostrar todos para ver o equipamento/local em falta.",""
"strength>place_home_equipped>bodyweight>upper>neck>posterior_neck","strength","place_home_equipped","bodyweight","upper","neck","posterior_neck","","","","okEmptyWithExplicitNotice","0","0","Não há exercícios disponíveis para este foco com as capacidades atuais. Ativa Mostrar todos para ver o equipamento/local em falta.",""
"strength>place_home_equipped>bodyweight>upper>neck>lateral_neck","strength","place_home_equipped","bodyweight","upper","neck","lateral_neck","","","","okEmptyWithExplicitNotice","0","0","Não há exercícios disponíveis para este foco com as capacidades atuais. Ativa Mostrar todos para ver o equipamento/local em falta.",""
"strength>place_home_equipped>bodyweight>upper>neck>cervical_stabilizers","strength","place_home_equipped","bodyweight","upper","neck","cervical_stabilizers","","","","okEmptyWithExplicitNotice","0","0","Não há exercícios disponíveis para este foco com as capacidades atuais. Ativa Mostrar todos para ver o equipamento/local em falta.",""
"strength>place_home_equipped>bodyweight>upper>traps_scapula","strength","place_home_equipped","bodyweight","upper","traps_scapula","","","","","okEmptyWithExplicitNotice","0","0","Não há exercícios disponíveis para este foco com as capacidades atuais. Ativa Mostrar todos para ver o equipamento/local em falta.",""
"strength>place_home_equipped>bodyweight>upper>traps_scapula>traps_complete","strength","place_home_equipped","bodyweight","upper","traps_scapula","traps_complete","","","","okEmptyWithExplicitNotice","0","0","Não há exercícios disponíveis para este foco com as capacidades atuais. Ativa Mostrar todos para ver o equipamento/local em falta.",""
"strength>place_home_equipped>bodyweight>upper>traps_scapula>upper_traps","strength","place_home_equipped","bodyweight","upper","traps_scapula","upper_traps","","","","okEmptyWithExplicitNotice","0","0","Não há exercícios disponíveis para este foco com as capacidades atuais. Ativa Mostrar todos para ver o equipamento/local em falta.",""
"strength>place_home_equipped>bodyweight>upper>traps_scapula>mid_traps","strength","place_home_equipped","bodyweight","upper","traps_scapula","mid_traps","","","","okEmptyWithExplicitNotice","0","0","Não há exercícios disponíveis para este foco com as capacidades atuais. Ativa Mostrar todos para ver o equipamento/local em falta.",""
"strength>place_home_equipped>bodyweight>upper>traps_scapula>lower_traps","strength","place_home_equipped","bodyweight","upper","traps_scapula","lower_traps","","","","okEmptyWithExplicitNotice","0","0","Não há exercícios disponíveis para este foco com as capacidades atuais. Ativa Mostrar todos para ver o equipamento/local em falta.",""
"strength>place_home_equipped>bodyweight>upper>traps_scapula>scapular_stability","strength","place_home_equipped","bodyweight","upper","traps_scapula","scapular_stability","","","","okEmptyWithExplicitNotice","0","0","Não há exercícios disponíveis para este foco com as capacidades atuais. Ativa Mostrar todos para ver o equipamento/local em falta.",""
"strength>place_home_equipped>bodyweight>upper>chest","strength","place_home_equipped","bodyweight","upper","chest","","","","","okWithResults","4","0","Mostra exercicios compativeis.",""
"strength>place_home_equipped>bodyweight>upper>chest>chest_complete","strength","place_home_equipped","bodyweight","upper","chest","chest_complete","","","","okEmptyWithExplicitNotice","0","0","Não há exercícios disponíveis para este foco com as capacidades atuais. Ativa Mostrar todos para ver o equipamento/local em falta.",""
"strength>place_home_equipped>bodyweight>upper>chest>upper_chest","strength","place_home_equipped","bodyweight","upper","chest","upper_chest","","","","okWithResults","3","0","Mostra exercicios compativeis.",""
"strength>place_home_equipped>bodyweight>upper>chest>mid_chest","strength","place_home_equipped","bodyweight","upper","chest","mid_chest","","","","okWithResults","3","0","Mostra exercicios compativeis.",""
"strength>place_home_equipped>bodyweight>upper>chest>lower_chest","strength","place_home_equipped","bodyweight","upper","chest","lower_chest","","","","okWithResults","3","0","Mostra exercicios compativeis.",""
"strength>place_home_equipped>bodyweight>upper>chest>pectoralis_minor","strength","place_home_equipped","bodyweight","upper","chest","pectoralis_minor","","","","okWithResults","3","0","Mostra exercicios compativeis.",""
"strength>place_home_equipped>bodyweight>upper>chest>serratus_anterior","strength","place_home_equipped","bodyweight","upper","chest","serratus_anterior","","","","okWithResults","4","0","Mostra exercicios compativeis.",""
"strength>place_home_equipped>bodyweight>upper>back","strength","place_home_equipped","bodyweight","upper","back","","","","","okWithResults","4","0","Mostra exercicios compativeis.",""
"strength>place_home_equipped>bodyweight>upper>back>back_complete","strength","place_home_equipped","bodyweight","upper","back","back_complete","","","","okEmptyWithExplicitNotice","0","0","Não há exercícios disponíveis para este foco com as capacidades atuais. Ativa Mostrar todos para ver o equipamento/local em falta.",""
"strength>place_home_equipped>bodyweight>upper>back>back_upper","strength","place_home_equipped","bodyweight","upper","back","back_upper","","","","okEmptyWithExplicitNotice","0","0","Não há exercícios disponíveis para este foco com as capacidades atuais. Ativa Mostrar todos para ver o equipamento/local em falta.",""
"strength>place_home_equipped>bodyweight>upper>back>back_upper>upper_traps","strength","place_home_equipped","bodyweight","upper","back","back_upper","upper_traps","","","okEmptyWithExplicitNotice","0","0","Não há exercícios disponíveis para este foco com as capacidades atuais. Ativa Mostrar todos para ver o equipamento/local em falta.",""
"strength>place_home_equipped>bodyweight>upper>back>back_upper>mid_traps","strength","place_home_equipped","bodyweight","upper","back","back_upper","mid_traps","","","okEmptyWithExplicitNotice","0","0","Não há exercícios disponíveis para este foco com as capacidades atuais. Ativa Mostrar todos para ver o equipamento/local em falta.",""
"strength>place_home_equipped>bodyweight>upper>back>back_upper>lower_traps","strength","place_home_equipped","bodyweight","upper","back","back_upper","lower_traps","","","okEmptyWithExplicitNotice","0","0","Não há exercícios disponíveis para este foco com as capacidades atuais. Ativa Mostrar todos para ver o equipamento/local em falta.",""
"strength>place_home_equipped>bodyweight>upper>back>back_upper>rhomboids","strength","place_home_equipped","bodyweight","upper","back","back_upper","rhomboids","","","okEmptyWithExplicitNotice","0","0","Não há exercícios disponíveis para este foco com as capacidades atuais. Ativa Mostrar todos para ver o equipamento/local em falta.",""
"strength>place_home_equipped>bodyweight>upper>back>back_upper>posterior_deltoid","strength","place_home_equipped","bodyweight","upper","back","back_upper","posterior_deltoid","","","okEmptyWithExplicitNotice","0","0","Não há exercícios disponíveis para este foco com as capacidades atuais. Ativa Mostrar todos para ver o equipamento/local em falta.",""
"strength>place_home_equipped>bodyweight>upper>back>back_upper>scapular_stabilizers","strength","place_home_equipped","bodyweight","upper","back","back_upper","scapular_stabilizers","","","okEmptyWithExplicitNotice","0","0","Não há exercícios disponíveis para este foco com as capacidades atuais. Ativa Mostrar todos para ver o equipamento/local em falta.",""
"strength>place_home_equipped>bodyweight>upper>back>back_mid","strength","place_home_equipped","bodyweight","upper","back","back_mid","","","","okEmptyWithExplicitNotice","0","0","Não há exercícios disponíveis para este foco com as capacidades atuais. Ativa Mostrar todos para ver o equipamento/local em falta.",""
"strength>place_home_equipped>bodyweight>upper>back>back_mid>rhomboids","strength","place_home_equipped","bodyweight","upper","back","back_mid","rhomboids","","","okEmptyWithExplicitNotice","0","0","Não há exercícios disponíveis para este foco com as capacidades atuais. Ativa Mostrar todos para ver o equipamento/local em falta.",""
"strength>place_home_equipped>bodyweight>upper>back>back_mid>mid_traps","strength","place_home_equipped","bodyweight","upper","back","back_mid","mid_traps","","","okEmptyWithExplicitNotice","0","0","Não há exercícios disponíveis para este foco com as capacidades atuais. Ativa Mostrar todos para ver o equipamento/local em falta.",""
"strength>place_home_equipped>bodyweight>upper>back>back_mid>teres_major","strength","place_home_equipped","bodyweight","upper","back","back_mid","teres_major","","","okEmptyWithExplicitNotice","0","0","Não há exercícios disponíveis para este foco com as capacidades atuais. Ativa Mostrar todos para ver o equipamento/local em falta.",""
"strength>place_home_equipped>bodyweight>upper>back>back_mid>teres_minor","strength","place_home_equipped","bodyweight","upper","back","back_mid","teres_minor","","","okEmptyWithExplicitNotice","0","0","Não há exercícios disponíveis para este foco com as capacidades atuais. Ativa Mostrar todos para ver o equipamento/local em falta.",""
"strength>place_home_equipped>bodyweight>upper>back>back_mid>latissimus_dorsi","strength","place_home_equipped","bodyweight","upper","back","back_mid","latissimus_dorsi","","","okEmptyWithExplicitNotice","0","0","Não há exercícios disponíveis para este foco com as capacidades atuais. Ativa Mostrar todos para ver o equipamento/local em falta.",""
"strength>place_home_equipped>bodyweight>upper>back>back_lower","strength","place_home_equipped","bodyweight","upper","back","back_lower","","","","okEmptyWithExplicitNotice","0","0","Não há exercícios disponíveis para este foco com as capacidades atuais. Ativa Mostrar todos para ver o equipamento/local em falta.",""
"strength>place_home_equipped>bodyweight>upper>back>back_lower>erectors","strength","place_home_equipped","bodyweight","upper","back","back_lower","erectors","","","okEmptyWithExplicitNotice","0","0","Não há exercícios disponíveis para este foco com as capacidades atuais. Ativa Mostrar todos para ver o equipamento/local em falta.",""
"strength>place_home_equipped>bodyweight>upper>back>back_lower>lumbar","strength","place_home_equipped","bodyweight","upper","back","back_lower","lumbar","","","okEmptyWithExplicitNotice","0","0","Não há exercícios disponíveis para este foco com as capacidades atuais. Ativa Mostrar todos para ver o equipamento/local em falta.",""
"strength>place_home_equipped>bodyweight>upper>back>back_lower>quadratus_lumborum","strength","place_home_equipped","bodyweight","upper","back","back_lower","quadratus_lumborum","","","okEmptyWithExplicitNotice","0","0","Não há exercícios disponíveis para este foco com as capacidades atuais. Ativa Mostrar todos para ver o equipamento/local em falta.",""
"strength>place_home_equipped>bodyweight>upper>back>back_lower>lumbar_stability","strength","place_home_equipped","bodyweight","upper","back","back_lower","lumbar_stability","","","okEmptyWithExplicitNotice","0","0","Não há exercícios disponíveis para este foco com as capacidades atuais. Ativa Mostrar todos para ver o equipamento/local em falta.",""
"strength>place_home_equipped>bodyweight>upper>back>back_width","strength","place_home_equipped","bodyweight","upper","back","back_width","","","","okEmptyWithExplicitNotice","0","0","Não há exercícios disponíveis para este foco com as capacidades atuais. Ativa Mostrar todos para ver o equipamento/local em falta.",""
"strength>place_home_equipped>bodyweight>upper>back>back_width>latissimus_dorsi","strength","place_home_equipped","bodyweight","upper","back","back_width","latissimus_dorsi","","","okEmptyWithExplicitNotice","0","0","Não há exercícios disponíveis para este foco com as capacidades atuais. Ativa Mostrar todos para ver o equipamento/local em falta.",""
"strength>place_home_equipped>bodyweight>upper>back>back_width>teres_major","strength","place_home_equipped","bodyweight","upper","back","back_width","teres_major","","","okEmptyWithExplicitNotice","0","0","Não há exercícios disponíveis para este foco com as capacidades atuais. Ativa Mostrar todos para ver o equipamento/local em falta.",""
"strength>place_home_equipped>bodyweight>upper>back>back_width>vertical_pulls","strength","place_home_equipped","bodyweight","upper","back","back_width","vertical_pulls","","","okEmptyWithExplicitNotice","0","0","Não há exercícios disponíveis para este foco com as capacidades atuais. Ativa Mostrar todos para ver o equipamento/local em falta.",""
"strength>place_home_equipped>bodyweight>upper>back>back_thickness","strength","place_home_equipped","bodyweight","upper","back","back_thickness","","","","okEmptyWithExplicitNotice","0","0","Não há exercícios disponíveis para este foco com as capacidades atuais. Ativa Mostrar todos para ver o equipamento/local em falta.",""
"strength>place_home_equipped>bodyweight>upper>back>back_thickness>rhomboids","strength","place_home_equipped","bodyweight","upper","back","back_thickness","rhomboids","","","okEmptyWithExplicitNotice","0","0","Não há exercícios disponíveis para este foco com as capacidades atuais. Ativa Mostrar todos para ver o equipamento/local em falta.",""
"strength>place_home_equipped>bodyweight>upper>back>back_thickness>mid_traps","strength","place_home_equipped","bodyweight","upper","back","back_thickness","mid_traps","","","okEmptyWithExplicitNotice","0","0","Não há exercícios disponíveis para este foco com as capacidades atuais. Ativa Mostrar todos para ver o equipamento/local em falta.",""
"strength>place_home_equipped>bodyweight>upper>back>back_thickness>lower_traps","strength","place_home_equipped","bodyweight","upper","back","back_thickness","lower_traps","","","okEmptyWithExplicitNotice","0","0","Não há exercícios disponíveis para este foco com as capacidades atuais. Ativa Mostrar todos para ver o equipamento/local em falta.",""
"strength>place_home_equipped>bodyweight>upper>back>back_thickness>horizontal_rows","strength","place_home_equipped","bodyweight","upper","back","back_thickness","horizontal_rows","","","okEmptyWithExplicitNotice","0","0","Não há exercícios disponíveis para este foco com as capacidades atuais. Ativa Mostrar todos para ver o equipamento/local em falta.",""
"strength>place_home_equipped>bodyweight>upper>shoulders","strength","place_home_equipped","bodyweight","upper","shoulders","","","","","okWithResults","3","0","Mostra exercicios compativeis.",""
"strength>place_home_equipped>bodyweight>upper>shoulders>shoulders_complete","strength","place_home_equipped","bodyweight","upper","shoulders","shoulders_complete","","","","okEmptyWithExplicitNotice","0","0","Não há exercícios disponíveis para este foco com as capacidades atuais. Ativa Mostrar todos para ver o equipamento/local em falta.",""
"strength>place_home_equipped>bodyweight>upper>shoulders>anterior_deltoid","strength","place_home_equipped","bodyweight","upper","shoulders","anterior_deltoid","","","","okEmptyWithExplicitNotice","0","0","Não há exercícios disponíveis para este foco com as capacidades atuais. Ativa Mostrar todos para ver o equipamento/local em falta.",""
"strength>place_home_equipped>bodyweight>upper>shoulders>lateral_deltoid","strength","place_home_equipped","bodyweight","upper","shoulders","lateral_deltoid","","","","okEmptyWithExplicitNotice","0","0","Não há exercícios disponíveis para este foco com as capacidades atuais. Ativa Mostrar todos para ver o equipamento/local em falta.",""
"strength>place_home_equipped>bodyweight>upper>shoulders>posterior_deltoid","strength","place_home_equipped","bodyweight","upper","shoulders","posterior_deltoid","","","","okEmptyWithExplicitNotice","0","0","Não há exercícios disponíveis para este foco com as capacidades atuais. Ativa Mostrar todos para ver o equipamento/local em falta.",""
"strength>place_home_equipped>bodyweight>upper>shoulders>rotator_cuff","strength","place_home_equipped","bodyweight","upper","shoulders","rotator_cuff","","","","okEmptyWithExplicitNotice","0","0","Não há exercícios disponíveis para este foco com as capacidades atuais. Ativa Mostrar todos para ver o equipamento/local em falta.",""
"strength>place_home_equipped>bodyweight>upper>shoulders>external_rotators","strength","place_home_equipped","bodyweight","upper","shoulders","external_rotators","","","","okEmptyWithExplicitNotice","0","0","Não há exercícios disponíveis para este foco com as capacidades atuais. Ativa Mostrar todos para ver o equipamento/local em falta.",""
"strength>place_home_equipped>bodyweight>upper>shoulders>internal_rotators","strength","place_home_equipped","bodyweight","upper","shoulders","internal_rotators","","","","okEmptyWithExplicitNotice","0","0","Não há exercícios disponíveis para este foco com as capacidades atuais. Ativa Mostrar todos para ver o equipamento/local em falta.",""
"strength>place_home_equipped>bodyweight>upper>shoulders>scapular_stability","strength","place_home_equipped","bodyweight","upper","shoulders","scapular_stability","","","","okEmptyWithExplicitNotice","0","0","Não há exercícios disponíveis para este foco com as capacidades atuais. Ativa Mostrar todos para ver o equipamento/local em falta.",""
"strength>place_home_equipped>bodyweight>upper>arms","strength","place_home_equipped","bodyweight","upper","arms","","","","","okWithResults","2","0","Mostra exercicios compativeis.",""
"strength>place_home_equipped>bodyweight>upper>arms>arms_complete","strength","place_home_equipped","bodyweight","upper","arms","arms_complete","","","","okEmptyWithExplicitNotice","0","0","Não há exercícios disponíveis para este foco com as capacidades atuais. Ativa Mostrar todos para ver o equipamento/local em falta.",""
"strength>place_home_equipped>bodyweight>upper>arms>upper_arm","strength","place_home_equipped","bodyweight","upper","arms","upper_arm","","","","okEmptyWithExplicitNotice","0","0","Não há exercícios disponíveis para este foco com as capacidades atuais. Ativa Mostrar todos para ver o equipamento/local em falta.",""
"strength>place_home_equipped>bodyweight>upper>arms>upper_arm>biceps_brachii","strength","place_home_equipped","bodyweight","upper","arms","upper_arm","biceps_brachii","","","okEmptyWithExplicitNotice","0","0","Não há exercícios disponíveis para este foco com as capacidades atuais. Ativa Mostrar todos para ver o equipamento/local em falta.",""
"strength>place_home_equipped>bodyweight>upper>arms>upper_arm>brachialis","strength","place_home_equipped","bodyweight","upper","arms","upper_arm","brachialis","","","okEmptyWithExplicitNotice","0","0","Não há exercícios disponíveis para este foco com as capacidades atuais. Ativa Mostrar todos para ver o equipamento/local em falta.",""
"strength>place_home_equipped>bodyweight>upper>arms>upper_arm>brachioradialis","strength","place_home_equipped","bodyweight","upper","arms","upper_arm","brachioradialis","","","okEmptyWithExplicitNotice","0","0","Não há exercícios disponíveis para este foco com as capacidades atuais. Ativa Mostrar todos para ver o equipamento/local em falta.",""
"strength>place_home_equipped>bodyweight>upper>arms>upper_arm>triceps","strength","place_home_equipped","bodyweight","upper","arms","upper_arm","triceps","","","okWithResults","2","0","Mostra exercicios compativeis.",""
"strength>place_home_equipped>bodyweight>upper>arms>upper_arm>triceps_long","strength","place_home_equipped","bodyweight","upper","arms","upper_arm","triceps_long","","","okEmptyWithExplicitNotice","0","0","Não há exercícios disponíveis para este foco com as capacidades atuais. Ativa Mostrar todos para ver o equipamento/local em falta.",""
"strength>place_home_equipped>bodyweight>upper>arms>upper_arm>triceps_lateral","strength","place_home_equipped","bodyweight","upper","arms","upper_arm","triceps_lateral","","","okEmptyWithExplicitNotice","0","0","Não há exercícios disponíveis para este foco com as capacidades atuais. Ativa Mostrar todos para ver o equipamento/local em falta.",""
"strength>place_home_equipped>bodyweight>upper>arms>upper_arm>triceps_medial","strength","place_home_equipped","bodyweight","upper","arms","upper_arm","triceps_medial","","","okEmptyWithExplicitNotice","0","0","Não há exercícios disponíveis para este foco com as capacidades atuais. Ativa Mostrar todos para ver o equipamento/local em falta.",""
"strength>place_home_equipped>bodyweight>upper>arms>forearm_hand","strength","place_home_equipped","bodyweight","upper","arms","forearm_hand","","","","okEmptyWithExplicitNotice","0","0","Não há exercícios disponíveis para este foco com as capacidades atuais. Ativa Mostrar todos para ver o equipamento/local em falta.",""
"strength>place_home_equipped>bodyweight>upper>arms>forearm_hand>forearm_complete","strength","place_home_equipped","bodyweight","upper","arms","forearm_hand","forearm_complete","","","okEmptyWithExplicitNotice","0","0","Não há exercícios disponíveis para este foco com as capacidades atuais. Ativa Mostrar todos para ver o equipamento/local em falta.",""
"strength>place_home_equipped>bodyweight>upper>arms>forearm_hand>forearm_flexors","strength","place_home_equipped","bodyweight","upper","arms","forearm_hand","forearm_flexors","","","okEmptyWithExplicitNotice","0","0","Não há exercícios disponíveis para este foco com as capacidades atuais. Ativa Mostrar todos para ver o equipamento/local em falta.",""
"strength>place_home_equipped>bodyweight>upper>arms>forearm_hand>forearm_extensors","strength","place_home_equipped","bodyweight","upper","arms","forearm_hand","forearm_extensors","","","okEmptyWithExplicitNotice","0","0","Não há exercícios disponíveis para este foco com as capacidades atuais. Ativa Mostrar todos para ver o equipamento/local em falta.",""
"strength>place_home_equipped>bodyweight>upper>arms>forearm_hand>pronators","strength","place_home_equipped","bodyweight","upper","arms","forearm_hand","pronators","","","okEmptyWithExplicitNotice","0","0","Não há exercícios disponíveis para este foco com as capacidades atuais. Ativa Mostrar todos para ver o equipamento/local em falta.",""
"strength>place_home_equipped>bodyweight>upper>arms>forearm_hand>supinators","strength","place_home_equipped","bodyweight","upper","arms","forearm_hand","supinators","","","okEmptyWithExplicitNotice","0","0","Não há exercícios disponíveis para este foco com as capacidades atuais. Ativa Mostrar todos para ver o equipamento/local em falta.",""
"strength>place_home_equipped>bodyweight>upper>arms>forearm_hand>wrist","strength","place_home_equipped","bodyweight","upper","arms","forearm_hand","wrist","","","okEmptyWithExplicitNotice","0","0","Não há exercícios disponíveis para este foco com as capacidades atuais. Ativa Mostrar todos para ver o equipamento/local em falta.",""
"strength>place_home_equipped>bodyweight>upper>arms>forearm_hand>fingers","strength","place_home_equipped","bodyweight","upper","arms","forearm_hand","fingers","","","okEmptyWithExplicitNotice","0","0","Não há exercícios disponíveis para este foco com as capacidades atuais. Ativa Mostrar todos para ver o equipamento/local em falta.",""
"strength>place_home_equipped>bodyweight>upper>arms>forearm_hand>support_grip","strength","place_home_equipped","bodyweight","upper","arms","forearm_hand","support_grip","","","okEmptyWithExplicitNotice","0","0","Não há exercícios disponíveis para este foco com as capacidades atuais. Ativa Mostrar todos para ver o equipamento/local em falta.",""
"strength>place_home_equipped>bodyweight>upper>arms>forearm_hand>pinch_grip","strength","place_home_equipped","bodyweight","upper","arms","forearm_hand","pinch_grip","","","okEmptyWithExplicitNotice","0","0","Não há exercícios disponíveis para este foco com as capacidades atuais. Ativa Mostrar todos para ver o equipamento/local em falta.",""
"strength>place_home_equipped>bodyweight>upper>arms>forearm_hand>general_grip","strength","place_home_equipped","bodyweight","upper","arms","forearm_hand","general_grip","","","okEmptyWithExplicitNotice","0","0","Não há exercícios disponíveis para este foco com as capacidades atuais. Ativa Mostrar todos para ver o equipamento/local em falta.",""
"strength>place_home_equipped>bodyweight>upper>forearm_hand","strength","place_home_equipped","bodyweight","upper","forearm_hand","","","","","okEmptyWithExplicitNotice","0","0","Não há exercícios disponíveis para este foco com as capacidades atuais. Ativa Mostrar todos para ver o equipamento/local em falta.",""
"strength>place_home_equipped>bodyweight>upper>forearm_hand>forearm_complete","strength","place_home_equipped","bodyweight","upper","forearm_hand","forearm_complete","","","","okEmptyWithExplicitNotice","0","0","Não há exercícios disponíveis para este foco com as capacidades atuais. Ativa Mostrar todos para ver o equipamento/local em falta.",""
"strength>place_home_equipped>bodyweight>upper>forearm_hand>forearm_flexors","strength","place_home_equipped","bodyweight","upper","forearm_hand","forearm_flexors","","","","okEmptyWithExplicitNotice","0","0","Não há exercícios disponíveis para este foco com as capacidades atuais. Ativa Mostrar todos para ver o equipamento/local em falta.",""
"strength>place_home_equipped>bodyweight>upper>forearm_hand>forearm_extensors","strength","place_home_equipped","bodyweight","upper","forearm_hand","forearm_extensors","","","","okEmptyWithExplicitNotice","0","0","Não há exercícios disponíveis para este foco com as capacidades atuais. Ativa Mostrar todos para ver o equipamento/local em falta.",""
"strength>place_home_equipped>bodyweight>upper>forearm_hand>pronators","strength","place_home_equipped","bodyweight","upper","forearm_hand","pronators","","","","okEmptyWithExplicitNotice","0","0","Não há exercícios disponíveis para este foco com as capacidades atuais. Ativa Mostrar todos para ver o equipamento/local em falta.",""
"strength>place_home_equipped>bodyweight>upper>forearm_hand>supinators","strength","place_home_equipped","bodyweight","upper","forearm_hand","supinators","","","","okEmptyWithExplicitNotice","0","0","Não há exercícios disponíveis para este foco com as capacidades atuais. Ativa Mostrar todos para ver o equipamento/local em falta.",""
"strength>place_home_equipped>bodyweight>upper>forearm_hand>wrist","strength","place_home_equipped","bodyweight","upper","forearm_hand","wrist","","","","okEmptyWithExplicitNotice","0","0","Não há exercícios disponíveis para este foco com as capacidades atuais. Ativa Mostrar todos para ver o equipamento/local em falta.",""
"strength>place_home_equipped>bodyweight>upper>forearm_hand>fingers","strength","place_home_equipped","bodyweight","upper","forearm_hand","fingers","","","","okEmptyWithExplicitNotice","0","0","Não há exercícios disponíveis para este foco com as capacidades atuais. Ativa Mostrar todos para ver o equipamento/local em falta.",""
"strength>place_home_equipped>bodyweight>upper>forearm_hand>support_grip","strength","place_home_equipped","bodyweight","upper","forearm_hand","support_grip","","","","okEmptyWithExplicitNotice","0","0","Não há exercícios disponíveis para este foco com as capacidades atuais. Ativa Mostrar todos para ver o equipamento/local em falta.",""
"strength>place_home_equipped>bodyweight>upper>forearm_hand>pinch_grip","strength","place_home_equipped","bodyweight","upper","forearm_hand","pinch_grip","","","","okEmptyWithExplicitNotice","0","0","Não há exercícios disponíveis para este foco com as capacidades atuais. Ativa Mostrar todos para ver o equipamento/local em falta.",""
"strength>place_home_equipped>bodyweight>upper>forearm_hand>general_grip","strength","place_home_equipped","bodyweight","upper","forearm_hand","general_grip","","","","okEmptyWithExplicitNotice","0","0","Não há exercícios disponíveis para este foco com as capacidades atuais. Ativa Mostrar todos para ver o equipamento/local em falta.",""
"strength>place_home_equipped>bodyweight>lower","strength","place_home_equipped","bodyweight","lower","","","","","","okWithResults","18","0","Mostra exercicios compativeis.",""
"strength>place_home_equipped>bodyweight>lower>hips_glutes","strength","place_home_equipped","bodyweight","lower","hips_glutes","","","","","okWithResults","8","0","Mostra exercicios compativeis.",""
"strength>place_home_equipped>bodyweight>lower>quadriceps","strength","place_home_equipped","bodyweight","lower","quadriceps","","","","","okWithResults","5","0","Mostra exercicios compativeis.",""
"strength>place_home_equipped>bodyweight>lower>hamstrings","strength","place_home_equipped","bodyweight","lower","hamstrings","","","","","okWithResults","1","0","Mostra exercicios compativeis.",""
"strength>place_home_equipped>bodyweight>lower>adductors","strength","place_home_equipped","bodyweight","lower","adductors","","","","","okWithResults","1","0","Mostra exercicios compativeis.",""
"strength>place_home_equipped>bodyweight>lower>abductors","strength","place_home_equipped","bodyweight","lower","abductors","","","","","okWithResults","2","0","Mostra exercicios compativeis.",""
"strength>place_home_equipped>bodyweight>lower>calves","strength","place_home_equipped","bodyweight","lower","calves","","","","","okWithResults","3","0","Mostra exercicios compativeis.",""
"strength>place_home_equipped>bodyweight>lower>tibialis","strength","place_home_equipped","bodyweight","lower","tibialis","","","","","okWithResults","1","0","Mostra exercicios compativeis.",""
"strength>place_home_equipped>bodyweight>lower>feet_ankle","strength","place_home_equipped","bodyweight","lower","feet_ankle","","","","","okWithResults","6","0","Mostra exercicios compativeis.",""
"strength>place_home_equipped>bodyweight>core","strength","place_home_equipped","bodyweight","core","","","","","","okEmptyWithExplicitNotice","0","0","Não há exercícios disponíveis para este foco com as capacidades atuais. Ativa Mostrar todos para ver o equipamento/local em falta.",""
"strength>place_home_equipped>bodyweight>core>abdominal","strength","place_home_equipped","bodyweight","core","abdominal","","","","","okEmptyWithExplicitNotice","0","0","Não há exercícios disponíveis para este foco com as capacidades atuais. Ativa Mostrar todos para ver o equipamento/local em falta.",""
"strength>place_home_equipped>bodyweight>core>obliques","strength","place_home_equipped","bodyweight","core","obliques","","","","","okEmptyWithExplicitNotice","0","0","Não há exercícios disponíveis para este foco com as capacidades atuais. Ativa Mostrar todos para ver o equipamento/local em falta.",""
"strength>place_home_equipped>bodyweight>core>transverse_abs","strength","place_home_equipped","bodyweight","core","transverse_abs","","","","","okEmptyWithExplicitNotice","0","0","Não há exercícios disponíveis para este foco com as capacidades atuais. Ativa Mostrar todos para ver o equipamento/local em falta.",""
"strength>place_home_equipped>bodyweight>core>low_back","strength","place_home_equipped","bodyweight","core","low_back","","","","","okEmptyWithExplicitNotice","0","0","Não há exercícios disponíveis para este foco com as capacidades atuais. Ativa Mostrar todos para ver o equipamento/local em falta.",""
"strength>place_home_equipped>bodyweight>core>core_stability","strength","place_home_equipped","bodyweight","core","core_stability","","","","","okEmptyWithExplicitNotice","0","0","Não há exercícios disponíveis para este foco com as capacidades atuais. Ativa Mostrar todos para ver o equipamento/local em falta.",""
"strength>place_home_equipped>bodyweight>core>anti_rotation","strength","place_home_equipped","bodyweight","core","anti_rotation","","","","","okEmptyWithExplicitNotice","0","0","Não há exercícios disponíveis para este foco com as capacidades atuais. Ativa Mostrar todos para ver o equipamento/local em falta.",""
"strength>place_home_equipped>bodyweight>core>anti_extension","strength","place_home_equipped","bodyweight","core","anti_extension","","","","","okEmptyWithExplicitNotice","0","0","Não há exercícios disponíveis para este foco com as capacidades atuais. Ativa Mostrar todos para ver o equipamento/local em falta.",""
"strength>place_home_equipped>bodyweight>core>anti_lateral_flexion","strength","place_home_equipped","bodyweight","core","anti_lateral_flexion","","","","","okEmptyWithExplicitNotice","0","0","Não há exercícios disponíveis para este foco com as capacidades atuais. Ativa Mostrar todos para ver o equipamento/local em falta.",""
"strength>place_gym>bodyweight>full_body","strength","place_gym","bodyweight","full_body","","","","","","okEmptyWithExplicitNotice","0","0","Não há exercícios disponíveis para este foco com as capacidades atuais. Ativa Mostrar todos para ver o equipamento/local em falta.",""
"strength>place_gym>floor>full_body","strength","place_gym","floor","full_body","","","","","","okEmptyWithExplicitNotice","0","0","Não há exercícios disponíveis para este foco com as capacidades atuais. Ativa Mostrar todos para ver o equipamento/local em falta.",""
"strength>place_gym>free_space>full_body","strength","place_gym","free_space","full_body","","","","","","okEmptyWithExplicitNotice","0","0","Não há exercícios disponíveis para este foco com as capacidades atuais. Ativa Mostrar todos para ver o equipamento/local em falta.",""
"strength>place_gym>mat>full_body","strength","place_gym","mat","full_body","","","","","","okEmptyWithExplicitNotice","0","0","Não há exercícios disponíveis para este foco com as capacidades atuais. Ativa Mostrar todos para ver o equipamento/local em falta.",""
"strength>place_gym>dumbbells>full_body","strength","place_gym","dumbbells","full_body","","","","","","okEmptyWithExplicitNotice","0","0","Não há exercícios disponíveis para este foco com as capacidades atuais. Ativa Mostrar todos para ver o equipamento/local em falta.",""
"strength>place_gym>barbell>full_body","strength","place_gym","barbell","full_body","","","","","","okEmptyWithExplicitNotice","0","0","Não há exercícios disponíveis para este foco com as capacidades atuais. Ativa Mostrar todos para ver o equipamento/local em falta.",""
"strength>place_gym>plates>full_body","strength","place_gym","plates","full_body","","","","","","okEmptyWithExplicitNotice","0","0","Não há exercícios disponíveis para este foco com as capacidades atuais. Ativa Mostrar todos para ver o equipamento/local em falta.",""
"strength>place_gym>kettlebell>full_body","strength","place_gym","kettlebell","full_body","","","","","","okEmptyWithExplicitNotice","0","0","Não há exercícios disponíveis para este foco com as capacidades atuais. Ativa Mostrar todos para ver o equipamento/local em falta.",""
"strength>place_gym>medicine_ball>full_body","strength","place_gym","medicine_ball","full_body","","","","","","okEmptyWithExplicitNotice","0","0","Não há exercícios disponíveis para este foco com as capacidades atuais. Ativa Mostrar todos para ver o equipamento/local em falta.",""
"strength>place_gym>pullup_bar>full_body","strength","place_gym","pullup_bar","full_body","","","","","","okEmptyWithExplicitNotice","0","0","Não há exercícios disponíveis para este foco com as capacidades atuais. Ativa Mostrar todos para ver o equipamento/local em falta.",""
"strength>place_gym>parallel_bars>full_body","strength","place_gym","parallel_bars","full_body","","","","","","okEmptyWithExplicitNotice","0","0","Não há exercícios disponíveis para este foco com as capacidades atuais. Ativa Mostrar todos para ver o equipamento/local em falta.",""
"strength>place_gym>bands>full_body","strength","place_gym","bands","full_body","","","","","","okEmptyWithExplicitNotice","0","0","Não há exercícios disponíveis para este foco com as capacidades atuais. Ativa Mostrar todos para ver o equipamento/local em falta.",""
"strength>place_gym>machine>full_body","strength","place_gym","machine","full_body","","","","","","okEmptyWithExplicitNotice","0","0","Não há exercícios disponíveis para este foco com as capacidades atuais. Ativa Mostrar todos para ver o equipamento/local em falta.",""
"strength>place_gym>high_cable>full_body","strength","place_gym","high_cable","full_body","","","","","","okEmptyWithExplicitNotice","0","0","Não há exercícios disponíveis para este foco com as capacidades atuais. Ativa Mostrar todos para ver o equipamento/local em falta.",""
"strength>place_gym>low_cable>full_body","strength","place_gym","low_cable","full_body","","","","","","okEmptyWithExplicitNotice","0","0","Não há exercícios disponíveis para este foco com as capacidades atuais. Ativa Mostrar todos para ver o equipamento/local em falta.",""
"strength>place_gym>adjustable_cable>full_body","strength","place_gym","adjustable_cable","full_body","","","","","","okEmptyWithExplicitNotice","0","0","Não há exercícios disponíveis para este foco com as capacidades atuais. Ativa Mostrar todos para ver o equipamento/local em falta.",""
"strength>place_gym>lat_pulldown>full_body","strength","place_gym","lat_pulldown","full_body","","","","","","okEmptyWithExplicitNotice","0","0","Não há exercícios disponíveis para este foco com as capacidades atuais. Ativa Mostrar todos para ver o equipamento/local em falta.",""
"strength>place_gym>seated_row_machine>full_body","strength","place_gym","seated_row_machine","full_body","","","","","","okEmptyWithExplicitNotice","0","0","Não há exercícios disponíveis para este foco com as capacidades atuais. Ativa Mostrar todos para ver o equipamento/local em falta.",""
"strength>place_gym>chest_press_machine>full_body","strength","place_gym","chest_press_machine","full_body","","","","","","okEmptyWithExplicitNotice","0","0","Não há exercícios disponíveis para este foco com as capacidades atuais. Ativa Mostrar todos para ver o equipamento/local em falta.",""
"strength>place_gym>shoulder_press_machine>full_body","strength","place_gym","shoulder_press_machine","full_body","","","","","","okEmptyWithExplicitNotice","0","0","Não há exercícios disponíveis para este foco com as capacidades atuais. Ativa Mostrar todos para ver o equipamento/local em falta.",""
"strength>place_gym>leg_press>full_body","strength","place_gym","leg_press","full_body","","","","","","okEmptyWithExplicitNotice","0","0","Não há exercícios disponíveis para este foco com as capacidades atuais. Ativa Mostrar todos para ver o equipamento/local em falta.",""
"strength>place_gym>leg_extension>full_body","strength","place_gym","leg_extension","full_body","","","","","","okEmptyWithExplicitNotice","0","0","Não há exercícios disponíveis para este foco com as capacidades atuais. Ativa Mostrar todos para ver o equipamento/local em falta.",""
"strength>place_gym>leg_curl>full_body","strength","place_gym","leg_curl","full_body","","","","","","okEmptyWithExplicitNotice","0","0","Não há exercícios disponíveis para este foco com as capacidades atuais. Ativa Mostrar todos para ver o equipamento/local em falta.",""
"strength>place_gym>abductor_machine>full_body","strength","place_gym","abductor_machine","full_body","","","","","","okEmptyWithExplicitNotice","0","0","Não há exercícios disponíveis para este foco com as capacidades atuais. Ativa Mostrar todos para ver o equipamento/local em falta.",""
"strength>place_gym>adductor_machine>full_body","strength","place_gym","adductor_machine","full_body","","","","","","okEmptyWithExplicitNotice","0","0","Não há exercícios disponíveis para este foco com as capacidades atuais. Ativa Mostrar todos para ver o equipamento/local em falta.",""
"strength>place_gym>smith_machine>full_body","strength","place_gym","smith_machine","full_body","","","","","","okEmptyWithExplicitNotice","0","0","Não há exercícios disponíveis para este foco com as capacidades atuais. Ativa Mostrar todos para ver o equipamento/local em falta.",""
"strength>place_gym>squat_rack>full_body","strength","place_gym","squat_rack","full_body","","","","","","okEmptyWithExplicitNotice","0","0","Não há exercícios disponíveis para este foco com as capacidades atuais. Ativa Mostrar todos para ver o equipamento/local em falta.",""
"strength>place_gym>adjustable_bench>full_body","strength","place_gym","adjustable_bench","full_body","","","","","","okEmptyWithExplicitNotice","0","0","Não há exercícios disponíveis para este foco com as capacidades atuais. Ativa Mostrar todos para ver o equipamento/local em falta.",""
"strength>place_gym>flat_bench>full_body","strength","place_gym","flat_bench","full_body","","","","","","okEmptyWithExplicitNotice","0","0","Não há exercícios disponíveis para este foco com as capacidades atuais. Ativa Mostrar todos para ver o equipamento/local em falta.",""
"strength>place_gym>incline_bench>full_body","strength","place_gym","incline_bench","full_body","","","","","","okEmptyWithExplicitNotice","0","0","Não há exercícios disponíveis para este foco com as capacidades atuais. Ativa Mostrar todos para ver o equipamento/local em falta.",""
"strength>place_gym>decline_bench>full_body","strength","place_gym","decline_bench","full_body","","","","","","okEmptyWithExplicitNotice","0","0","Não há exercícios disponíveis para este foco com as capacidades atuais. Ativa Mostrar todos para ver o equipamento/local em falta.",""
"strength>place_gym>treadmill>full_body","strength","place_gym","treadmill","full_body","","","","","","okEmptyWithExplicitNotice","0","0","Não há exercícios disponíveis para este foco com as capacidades atuais. Ativa Mostrar todos para ver o equipamento/local em falta.",""
"strength>place_gym>bike>full_body","strength","place_gym","bike","full_body","","","","","","okEmptyWithExplicitNotice","0","0","Não há exercícios disponíveis para este foco com as capacidades atuais. Ativa Mostrar todos para ver o equipamento/local em falta.",""
"strength>place_gym>elliptical>full_body","strength","place_gym","elliptical","full_body","","","","","","okEmptyWithExplicitNotice","0","0","Não há exercícios disponíveis para este foco com as capacidades atuais. Ativa Mostrar todos para ver o equipamento/local em falta.",""
"strength>place_gym>rower>full_body","strength","place_gym","rower","full_body","","","","","","okEmptyWithExplicitNotice","0","0","Não há exercícios disponíveis para este foco com as capacidades atuais. Ativa Mostrar todos para ver o equipamento/local em falta.",""
"strength>place_gym>stepper>full_body","strength","place_gym","stepper","full_body","","","","","","okEmptyWithExplicitNotice","0","0","Não há exercícios disponíveis para este foco com as capacidades atuais. Ativa Mostrar todos para ver o equipamento/local em falta.",""
"strength>place_gym>air_bike>full_body","strength","place_gym","air_bike","full_body","","","","","","okEmptyWithExplicitNotice","0","0","Não há exercícios disponíveis para este foco com as capacidades atuais. Ativa Mostrar todos para ver o equipamento/local em falta.",""
"strength>place_gym>jump_rope>full_body","strength","place_gym","jump_rope","full_body","","","","","","okEmptyWithExplicitNotice","0","0","Não há exercícios disponíveis para este foco com as capacidades atuais. Ativa Mostrar todos para ver o equipamento/local em falta.",""
"strength>place_gym>broomstick>full_body","strength","place_gym","broomstick","full_body","","","","","","okEmptyWithExplicitNotice","0","0","Não há exercícios disponíveis para este foco com as capacidades atuais. Ativa Mostrar todos para ver o equipamento/local em falta.",""
"strength>place_gym>bench>full_body","strength","place_gym","bench","full_body","","","","","","okEmptyWithExplicitNotice","0","0","Não há exercícios disponíveis para este foco com as capacidades atuais. Ativa Mostrar todos para ver o equipamento/local em falta.",""
"strength>place_gym>chair_support>full_body","strength","place_gym","chair_support","full_body","","","","","","okEmptyWithExplicitNotice","0","0","Não há exercícios disponíveis para este foco com as capacidades atuais. Ativa Mostrar todos para ver o equipamento/local em falta.",""
"strength>place_gym>stable_step>full_body","strength","place_gym","stable_step","full_body","","","","","","okEmptyWithExplicitNotice","0","0","Não há exercícios disponíveis para este foco com as capacidades atuais. Ativa Mostrar todos para ver o equipamento/local em falta.",""
"strength>place_gym>wall>full_body","strength","place_gym","wall","full_body","","","","","","okEmptyWithExplicitNotice","0","0","Não há exercícios disponíveis para este foco com as capacidades atuais. Ativa Mostrar todos para ver o equipamento/local em falta.",""
"strength>place_gym>bodyweight>upper","strength","place_gym","bodyweight","upper","","","","","","okWithResults","20","0","Mostra exercicios compativeis.",""
"strength>place_gym>bodyweight>upper>neck","strength","place_gym","bodyweight","upper","neck","","","","","okWithResults","5","0","Mostra exercicios compativeis.",""
"strength>place_gym>bodyweight>upper>neck>neck_complete","strength","place_gym","bodyweight","upper","neck","neck_complete","","","","okEmptyWithExplicitNotice","0","0","Não há exercícios disponíveis para este foco com as capacidades atuais. Ativa Mostrar todos para ver o equipamento/local em falta.",""
"strength>place_gym>bodyweight>upper>neck>anterior_neck","strength","place_gym","bodyweight","upper","neck","anterior_neck","","","","okEmptyWithExplicitNotice","0","0","Não há exercícios disponíveis para este foco com as capacidades atuais. Ativa Mostrar todos para ver o equipamento/local em falta.",""
"strength>place_gym>bodyweight>upper>neck>posterior_neck","strength","place_gym","bodyweight","upper","neck","posterior_neck","","","","okEmptyWithExplicitNotice","0","0","Não há exercícios disponíveis para este foco com as capacidades atuais. Ativa Mostrar todos para ver o equipamento/local em falta.",""
"strength>place_gym>bodyweight>upper>neck>lateral_neck","strength","place_gym","bodyweight","upper","neck","lateral_neck","","","","okEmptyWithExplicitNotice","0","0","Não há exercícios disponíveis para este foco com as capacidades atuais. Ativa Mostrar todos para ver o equipamento/local em falta.",""
"strength>place_gym>bodyweight>upper>neck>cervical_stabilizers","strength","place_gym","bodyweight","upper","neck","cervical_stabilizers","","","","okEmptyWithExplicitNotice","0","0","Não há exercícios disponíveis para este foco com as capacidades atuais. Ativa Mostrar todos para ver o equipamento/local em falta.",""
"strength>place_gym>bodyweight>upper>traps_scapula","strength","place_gym","bodyweight","upper","traps_scapula","","","","","okWithFallback","0","10","Sem conteudo exato para esta capacidade; mostra alternativa segura do mesmo tipo.",""
"strength>place_gym>bodyweight>upper>traps_scapula>traps_complete","strength","place_gym","bodyweight","upper","traps_scapula","traps_complete","","","","okEmptyWithExplicitNotice","0","0","Não há exercícios disponíveis para este foco com as capacidades atuais. Ativa Mostrar todos para ver o equipamento/local em falta.",""
"strength>place_gym>bodyweight>upper>traps_scapula>upper_traps","strength","place_gym","bodyweight","upper","traps_scapula","upper_traps","","","","okEmptyWithExplicitNotice","0","0","Não há exercícios disponíveis para este foco com as capacidades atuais. Ativa Mostrar todos para ver o equipamento/local em falta.",""
"strength>place_gym>bodyweight>upper>traps_scapula>mid_traps","strength","place_gym","bodyweight","upper","traps_scapula","mid_traps","","","","okEmptyWithExplicitNotice","0","0","Não há exercícios disponíveis para este foco com as capacidades atuais. Ativa Mostrar todos para ver o equipamento/local em falta.",""
"strength>place_gym>bodyweight>upper>traps_scapula>lower_traps","strength","place_gym","bodyweight","upper","traps_scapula","lower_traps","","","","okEmptyWithExplicitNotice","0","0","Não há exercícios disponíveis para este foco com as capacidades atuais. Ativa Mostrar todos para ver o equipamento/local em falta.",""
"strength>place_gym>bodyweight>upper>traps_scapula>scapular_stability","strength","place_gym","bodyweight","upper","traps_scapula","scapular_stability","","","","okEmptyWithExplicitNotice","0","0","Não há exercícios disponíveis para este foco com as capacidades atuais. Ativa Mostrar todos para ver o equipamento/local em falta.",""
"strength>place_gym>bodyweight>upper>chest","strength","place_gym","bodyweight","upper","chest","","","","","okWithResults","7","0","Mostra exercicios compativeis.",""
"strength>place_gym>bodyweight>upper>chest>chest_complete","strength","place_gym","bodyweight","upper","chest","chest_complete","","","","okEmptyWithExplicitNotice","0","0","Não há exercícios disponíveis para este foco com as capacidades atuais. Ativa Mostrar todos para ver o equipamento/local em falta.",""
"strength>place_gym>bodyweight>upper>chest>upper_chest","strength","place_gym","bodyweight","upper","chest","upper_chest","","","","okWithResults","5","0","Mostra exercicios compativeis.",""
"strength>place_gym>bodyweight>upper>chest>mid_chest","strength","place_gym","bodyweight","upper","chest","mid_chest","","","","okWithResults","5","0","Mostra exercicios compativeis.",""
"strength>place_gym>bodyweight>upper>chest>lower_chest","strength","place_gym","bodyweight","upper","chest","lower_chest","","","","okWithResults","5","0","Mostra exercicios compativeis.",""
"strength>place_gym>bodyweight>upper>chest>pectoralis_minor","strength","place_gym","bodyweight","upper","chest","pectoralis_minor","","","","okWithResults","6","0","Mostra exercicios compativeis.",""
"strength>place_gym>bodyweight>upper>chest>serratus_anterior","strength","place_gym","bodyweight","upper","chest","serratus_anterior","","","","okWithResults","7","0","Mostra exercicios compativeis.",""
"strength>place_gym>bodyweight>upper>back","strength","place_gym","bodyweight","upper","back","","","","","okWithResults","4","0","Mostra exercicios compativeis.",""
"strength>place_gym>bodyweight>upper>back>back_complete","strength","place_gym","bodyweight","upper","back","back_complete","","","","okEmptyWithExplicitNotice","0","0","Não há exercícios disponíveis para este foco com as capacidades atuais. Ativa Mostrar todos para ver o equipamento/local em falta.",""
"strength>place_gym>bodyweight>upper>back>back_upper","strength","place_gym","bodyweight","upper","back","back_upper","","","","okEmptyWithExplicitNotice","0","0","Não há exercícios disponíveis para este foco com as capacidades atuais. Ativa Mostrar todos para ver o equipamento/local em falta.",""
"strength>place_gym>bodyweight>upper>back>back_upper>upper_traps","strength","place_gym","bodyweight","upper","back","back_upper","upper_traps","","","okEmptyWithExplicitNotice","0","0","Não há exercícios disponíveis para este foco com as capacidades atuais. Ativa Mostrar todos para ver o equipamento/local em falta.",""
"strength>place_gym>bodyweight>upper>back>back_upper>mid_traps","strength","place_gym","bodyweight","upper","back","back_upper","mid_traps","","","okEmptyWithExplicitNotice","0","0","Não há exercícios disponíveis para este foco com as capacidades atuais. Ativa Mostrar todos para ver o equipamento/local em falta.",""
"strength>place_gym>bodyweight>upper>back>back_upper>lower_traps","strength","place_gym","bodyweight","upper","back","back_upper","lower_traps","","","okEmptyWithExplicitNotice","0","0","Não há exercícios disponíveis para este foco com as capacidades atuais. Ativa Mostrar todos para ver o equipamento/local em falta.",""
"strength>place_gym>bodyweight>upper>back>back_upper>rhomboids","strength","place_gym","bodyweight","upper","back","back_upper","rhomboids","","","okEmptyWithExplicitNotice","0","0","Não há exercícios disponíveis para este foco com as capacidades atuais. Ativa Mostrar todos para ver o equipamento/local em falta.",""
"strength>place_gym>bodyweight>upper>back>back_upper>posterior_deltoid","strength","place_gym","bodyweight","upper","back","back_upper","posterior_deltoid","","","okEmptyWithExplicitNotice","0","0","Não há exercícios disponíveis para este foco com as capacidades atuais. Ativa Mostrar todos para ver o equipamento/local em falta.",""
"strength>place_gym>bodyweight>upper>back>back_upper>scapular_stabilizers","strength","place_gym","bodyweight","upper","back","back_upper","scapular_stabilizers","","","okEmptyWithExplicitNotice","0","0","Não há exercícios disponíveis para este foco com as capacidades atuais. Ativa Mostrar todos para ver o equipamento/local em falta.",""
"strength>place_gym>bodyweight>upper>back>back_mid","strength","place_gym","bodyweight","upper","back","back_mid","","","","okEmptyWithExplicitNotice","0","0","Não há exercícios disponíveis para este foco com as capacidades atuais. Ativa Mostrar todos para ver o equipamento/local em falta.",""
"strength>place_gym>bodyweight>upper>back>back_mid>rhomboids","strength","place_gym","bodyweight","upper","back","back_mid","rhomboids","","","okEmptyWithExplicitNotice","0","0","Não há exercícios disponíveis para este foco com as capacidades atuais. Ativa Mostrar todos para ver o equipamento/local em falta.",""
"strength>place_gym>bodyweight>upper>back>back_mid>mid_traps","strength","place_gym","bodyweight","upper","back","back_mid","mid_traps","","","okEmptyWithExplicitNotice","0","0","Não há exercícios disponíveis para este foco com as capacidades atuais. Ativa Mostrar todos para ver o equipamento/local em falta.",""
"strength>place_gym>bodyweight>upper>back>back_mid>teres_major","strength","place_gym","bodyweight","upper","back","back_mid","teres_major","","","okEmptyWithExplicitNotice","0","0","Não há exercícios disponíveis para este foco com as capacidades atuais. Ativa Mostrar todos para ver o equipamento/local em falta.",""
"strength>place_gym>bodyweight>upper>back>back_mid>teres_minor","strength","place_gym","bodyweight","upper","back","back_mid","teres_minor","","","okEmptyWithExplicitNotice","0","0","Não há exercícios disponíveis para este foco com as capacidades atuais. Ativa Mostrar todos para ver o equipamento/local em falta.",""
"strength>place_gym>bodyweight>upper>back>back_mid>latissimus_dorsi","strength","place_gym","bodyweight","upper","back","back_mid","latissimus_dorsi","","","okEmptyWithExplicitNotice","0","0","Não há exercícios disponíveis para este foco com as capacidades atuais. Ativa Mostrar todos para ver o equipamento/local em falta.",""
"strength>place_gym>bodyweight>upper>back>back_lower","strength","place_gym","bodyweight","upper","back","back_lower","","","","okEmptyWithExplicitNotice","0","0","Não há exercícios disponíveis para este foco com as capacidades atuais. Ativa Mostrar todos para ver o equipamento/local em falta.",""
"strength>place_gym>bodyweight>upper>back>back_lower>erectors","strength","place_gym","bodyweight","upper","back","back_lower","erectors","","","okEmptyWithExplicitNotice","0","0","Não há exercícios disponíveis para este foco com as capacidades atuais. Ativa Mostrar todos para ver o equipamento/local em falta.",""
"strength>place_gym>bodyweight>upper>back>back_lower>lumbar","strength","place_gym","bodyweight","upper","back","back_lower","lumbar","","","okEmptyWithExplicitNotice","0","0","Não há exercícios disponíveis para este foco com as capacidades atuais. Ativa Mostrar todos para ver o equipamento/local em falta.",""
"strength>place_gym>bodyweight>upper>back>back_lower>quadratus_lumborum","strength","place_gym","bodyweight","upper","back","back_lower","quadratus_lumborum","","","okEmptyWithExplicitNotice","0","0","Não há exercícios disponíveis para este foco com as capacidades atuais. Ativa Mostrar todos para ver o equipamento/local em falta.",""
"strength>place_gym>bodyweight>upper>back>back_lower>lumbar_stability","strength","place_gym","bodyweight","upper","back","back_lower","lumbar_stability","","","okEmptyWithExplicitNotice","0","0","Não há exercícios disponíveis para este foco com as capacidades atuais. Ativa Mostrar todos para ver o equipamento/local em falta.",""
"strength>place_gym>bodyweight>upper>back>back_width","strength","place_gym","bodyweight","upper","back","back_width","","","","okEmptyWithExplicitNotice","0","0","Não há exercícios disponíveis para este foco com as capacidades atuais. Ativa Mostrar todos para ver o equipamento/local em falta.",""
"strength>place_gym>bodyweight>upper>back>back_width>latissimus_dorsi","strength","place_gym","bodyweight","upper","back","back_width","latissimus_dorsi","","","okEmptyWithExplicitNotice","0","0","Não há exercícios disponíveis para este foco com as capacidades atuais. Ativa Mostrar todos para ver o equipamento/local em falta.",""
"strength>place_gym>bodyweight>upper>back>back_width>teres_major","strength","place_gym","bodyweight","upper","back","back_width","teres_major","","","okEmptyWithExplicitNotice","0","0","Não há exercícios disponíveis para este foco com as capacidades atuais. Ativa Mostrar todos para ver o equipamento/local em falta.",""
"strength>place_gym>bodyweight>upper>back>back_width>vertical_pulls","strength","place_gym","bodyweight","upper","back","back_width","vertical_pulls","","","okEmptyWithExplicitNotice","0","0","Não há exercícios disponíveis para este foco com as capacidades atuais. Ativa Mostrar todos para ver o equipamento/local em falta.",""
"strength>place_gym>bodyweight>upper>back>back_thickness","strength","place_gym","bodyweight","upper","back","back_thickness","","","","okEmptyWithExplicitNotice","0","0","Não há exercícios disponíveis para este foco com as capacidades atuais. Ativa Mostrar todos para ver o equipamento/local em falta.",""
"strength>place_gym>bodyweight>upper>back>back_thickness>rhomboids","strength","place_gym","bodyweight","upper","back","back_thickness","rhomboids","","","okEmptyWithExplicitNotice","0","0","Não há exercícios disponíveis para este foco com as capacidades atuais. Ativa Mostrar todos para ver o equipamento/local em falta.",""
"strength>place_gym>bodyweight>upper>back>back_thickness>mid_traps","strength","place_gym","bodyweight","upper","back","back_thickness","mid_traps","","","okEmptyWithExplicitNotice","0","0","Não há exercícios disponíveis para este foco com as capacidades atuais. Ativa Mostrar todos para ver o equipamento/local em falta.",""
"strength>place_gym>bodyweight>upper>back>back_thickness>lower_traps","strength","place_gym","bodyweight","upper","back","back_thickness","lower_traps","","","okEmptyWithExplicitNotice","0","0","Não há exercícios disponíveis para este foco com as capacidades atuais. Ativa Mostrar todos para ver o equipamento/local em falta.",""
"strength>place_gym>bodyweight>upper>back>back_thickness>horizontal_rows","strength","place_gym","bodyweight","upper","back","back_thickness","horizontal_rows","","","okEmptyWithExplicitNotice","0","0","Não há exercícios disponíveis para este foco com as capacidades atuais. Ativa Mostrar todos para ver o equipamento/local em falta.",""
"strength>place_gym>bodyweight>upper>shoulders","strength","place_gym","bodyweight","upper","shoulders","","","","","okWithResults","3","0","Mostra exercicios compativeis.",""
"strength>place_gym>bodyweight>upper>shoulders>shoulders_complete","strength","place_gym","bodyweight","upper","shoulders","shoulders_complete","","","","okEmptyWithExplicitNotice","0","0","Não há exercícios disponíveis para este foco com as capacidades atuais. Ativa Mostrar todos para ver o equipamento/local em falta.",""
"strength>place_gym>bodyweight>upper>shoulders>anterior_deltoid","strength","place_gym","bodyweight","upper","shoulders","anterior_deltoid","","","","okEmptyWithExplicitNotice","0","0","Não há exercícios disponíveis para este foco com as capacidades atuais. Ativa Mostrar todos para ver o equipamento/local em falta.",""
"strength>place_gym>bodyweight>upper>shoulders>lateral_deltoid","strength","place_gym","bodyweight","upper","shoulders","lateral_deltoid","","","","okEmptyWithExplicitNotice","0","0","Não há exercícios disponíveis para este foco com as capacidades atuais. Ativa Mostrar todos para ver o equipamento/local em falta.",""
"strength>place_gym>bodyweight>upper>shoulders>posterior_deltoid","strength","place_gym","bodyweight","upper","shoulders","posterior_deltoid","","","","okEmptyWithExplicitNotice","0","0","Não há exercícios disponíveis para este foco com as capacidades atuais. Ativa Mostrar todos para ver o equipamento/local em falta.",""
"strength>place_gym>bodyweight>upper>shoulders>rotator_cuff","strength","place_gym","bodyweight","upper","shoulders","rotator_cuff","","","","okEmptyWithExplicitNotice","0","0","Não há exercícios disponíveis para este foco com as capacidades atuais. Ativa Mostrar todos para ver o equipamento/local em falta.",""
"strength>place_gym>bodyweight>upper>shoulders>external_rotators","strength","place_gym","bodyweight","upper","shoulders","external_rotators","","","","okEmptyWithExplicitNotice","0","0","Não há exercícios disponíveis para este foco com as capacidades atuais. Ativa Mostrar todos para ver o equipamento/local em falta.",""
"strength>place_gym>bodyweight>upper>shoulders>internal_rotators","strength","place_gym","bodyweight","upper","shoulders","internal_rotators","","","","okEmptyWithExplicitNotice","0","0","Não há exercícios disponíveis para este foco com as capacidades atuais. Ativa Mostrar todos para ver o equipamento/local em falta.",""
"strength>place_gym>bodyweight>upper>shoulders>scapular_stability","strength","place_gym","bodyweight","upper","shoulders","scapular_stability","","","","okEmptyWithExplicitNotice","0","0","Não há exercícios disponíveis para este foco com as capacidades atuais. Ativa Mostrar todos para ver o equipamento/local em falta.",""
"strength>place_gym>bodyweight>upper>arms","strength","place_gym","bodyweight","upper","arms","","","","","okWithResults","2","0","Mostra exercicios compativeis.",""
"strength>place_gym>bodyweight>upper>arms>arms_complete","strength","place_gym","bodyweight","upper","arms","arms_complete","","","","okEmptyWithExplicitNotice","0","0","Não há exercícios disponíveis para este foco com as capacidades atuais. Ativa Mostrar todos para ver o equipamento/local em falta.",""
"strength>place_gym>bodyweight>upper>arms>upper_arm","strength","place_gym","bodyweight","upper","arms","upper_arm","","","","okEmptyWithExplicitNotice","0","0","Não há exercícios disponíveis para este foco com as capacidades atuais. Ativa Mostrar todos para ver o equipamento/local em falta.",""
"strength>place_gym>bodyweight>upper>arms>upper_arm>biceps_brachii","strength","place_gym","bodyweight","upper","arms","upper_arm","biceps_brachii","","","okWithFallback","0","15","Sem conteudo exato para esta capacidade; mostra alternativa segura do mesmo tipo.",""
"strength>place_gym>bodyweight>upper>arms>upper_arm>brachialis","strength","place_gym","bodyweight","upper","arms","upper_arm","brachialis","","","okEmptyWithExplicitNotice","0","0","Não há exercícios disponíveis para este foco com as capacidades atuais. Ativa Mostrar todos para ver o equipamento/local em falta.",""
"strength>place_gym>bodyweight>upper>arms>upper_arm>brachioradialis","strength","place_gym","bodyweight","upper","arms","upper_arm","brachioradialis","","","okEmptyWithExplicitNotice","0","0","Não há exercícios disponíveis para este foco com as capacidades atuais. Ativa Mostrar todos para ver o equipamento/local em falta.",""
"strength>place_gym>bodyweight>upper>arms>upper_arm>triceps","strength","place_gym","bodyweight","upper","arms","upper_arm","triceps","","","okWithResults","2","0","Mostra exercicios compativeis.",""
"strength>place_gym>bodyweight>upper>arms>upper_arm>triceps_long","strength","place_gym","bodyweight","upper","arms","upper_arm","triceps_long","","","okEmptyWithExplicitNotice","0","0","Não há exercícios disponíveis para este foco com as capacidades atuais. Ativa Mostrar todos para ver o equipamento/local em falta.",""
"strength>place_gym>bodyweight>upper>arms>upper_arm>triceps_lateral","strength","place_gym","bodyweight","upper","arms","upper_arm","triceps_lateral","","","okEmptyWithExplicitNotice","0","0","Não há exercícios disponíveis para este foco com as capacidades atuais. Ativa Mostrar todos para ver o equipamento/local em falta.",""
"strength>place_gym>bodyweight>upper>arms>upper_arm>triceps_medial","strength","place_gym","bodyweight","upper","arms","upper_arm","triceps_medial","","","okEmptyWithExplicitNotice","0","0","Não há exercícios disponíveis para este foco com as capacidades atuais. Ativa Mostrar todos para ver o equipamento/local em falta.",""
"strength>place_gym>bodyweight>upper>arms>forearm_hand","strength","place_gym","bodyweight","upper","arms","forearm_hand","","","","okEmptyWithExplicitNotice","0","0","Não há exercícios disponíveis para este foco com as capacidades atuais. Ativa Mostrar todos para ver o equipamento/local em falta.",""
"strength>place_gym>bodyweight>upper>arms>forearm_hand>forearm_complete","strength","place_gym","bodyweight","upper","arms","forearm_hand","forearm_complete","","","okEmptyWithExplicitNotice","0","0","Não há exercícios disponíveis para este foco com as capacidades atuais. Ativa Mostrar todos para ver o equipamento/local em falta.",""
"strength>place_gym>bodyweight>upper>arms>forearm_hand>forearm_flexors","strength","place_gym","bodyweight","upper","arms","forearm_hand","forearm_flexors","","","okEmptyWithExplicitNotice","0","0","Não há exercícios disponíveis para este foco com as capacidades atuais. Ativa Mostrar todos para ver o equipamento/local em falta.",""
"strength>place_gym>bodyweight>upper>arms>forearm_hand>forearm_extensors","strength","place_gym","bodyweight","upper","arms","forearm_hand","forearm_extensors","","","okEmptyWithExplicitNotice","0","0","Não há exercícios disponíveis para este foco com as capacidades atuais. Ativa Mostrar todos para ver o equipamento/local em falta.",""
"strength>place_gym>bodyweight>upper>arms>forearm_hand>pronators","strength","place_gym","bodyweight","upper","arms","forearm_hand","pronators","","","okEmptyWithExplicitNotice","0","0","Não há exercícios disponíveis para este foco com as capacidades atuais. Ativa Mostrar todos para ver o equipamento/local em falta.",""
"strength>place_gym>bodyweight>upper>arms>forearm_hand>supinators","strength","place_gym","bodyweight","upper","arms","forearm_hand","supinators","","","okEmptyWithExplicitNotice","0","0","Não há exercícios disponíveis para este foco com as capacidades atuais. Ativa Mostrar todos para ver o equipamento/local em falta.",""
"strength>place_gym>bodyweight>upper>arms>forearm_hand>wrist","strength","place_gym","bodyweight","upper","arms","forearm_hand","wrist","","","okEmptyWithExplicitNotice","0","0","Não há exercícios disponíveis para este foco com as capacidades atuais. Ativa Mostrar todos para ver o equipamento/local em falta.",""
"strength>place_gym>bodyweight>upper>arms>forearm_hand>fingers","strength","place_gym","bodyweight","upper","arms","forearm_hand","fingers","","","okEmptyWithExplicitNotice","0","0","Não há exercícios disponíveis para este foco com as capacidades atuais. Ativa Mostrar todos para ver o equipamento/local em falta.",""
"strength>place_gym>bodyweight>upper>arms>forearm_hand>support_grip","strength","place_gym","bodyweight","upper","arms","forearm_hand","support_grip","","","okEmptyWithExplicitNotice","0","0","Não há exercícios disponíveis para este foco com as capacidades atuais. Ativa Mostrar todos para ver o equipamento/local em falta.",""
"strength>place_gym>bodyweight>upper>arms>forearm_hand>pinch_grip","strength","place_gym","bodyweight","upper","arms","forearm_hand","pinch_grip","","","okEmptyWithExplicitNotice","0","0","Não há exercícios disponíveis para este foco com as capacidades atuais. Ativa Mostrar todos para ver o equipamento/local em falta.",""
"strength>place_gym>bodyweight>upper>arms>forearm_hand>general_grip","strength","place_gym","bodyweight","upper","arms","forearm_hand","general_grip","","","okEmptyWithExplicitNotice","0","0","Não há exercícios disponíveis para este foco com as capacidades atuais. Ativa Mostrar todos para ver o equipamento/local em falta.",""
"strength>place_gym>bodyweight>upper>forearm_hand","strength","place_gym","bodyweight","upper","forearm_hand","","","","","okWithFallback","0","19","Sem conteudo exato para esta capacidade; mostra alternativa segura do mesmo tipo.",""
"strength>place_gym>bodyweight>upper>forearm_hand>forearm_complete","strength","place_gym","bodyweight","upper","forearm_hand","forearm_complete","","","","okEmptyWithExplicitNotice","0","0","Não há exercícios disponíveis para este foco com as capacidades atuais. Ativa Mostrar todos para ver o equipamento/local em falta.",""
"strength>place_gym>bodyweight>upper>forearm_hand>forearm_flexors","strength","place_gym","bodyweight","upper","forearm_hand","forearm_flexors","","","","okEmptyWithExplicitNotice","0","0","Não há exercícios disponíveis para este foco com as capacidades atuais. Ativa Mostrar todos para ver o equipamento/local em falta.",""
"strength>place_gym>bodyweight>upper>forearm_hand>forearm_extensors","strength","place_gym","bodyweight","upper","forearm_hand","forearm_extensors","","","","okEmptyWithExplicitNotice","0","0","Não há exercícios disponíveis para este foco com as capacidades atuais. Ativa Mostrar todos para ver o equipamento/local em falta.",""
"strength>place_gym>bodyweight>upper>forearm_hand>pronators","strength","place_gym","bodyweight","upper","forearm_hand","pronators","","","","okEmptyWithExplicitNotice","0","0","Não há exercícios disponíveis para este foco com as capacidades atuais. Ativa Mostrar todos para ver o equipamento/local em falta.",""
"strength>place_gym>bodyweight>upper>forearm_hand>supinators","strength","place_gym","bodyweight","upper","forearm_hand","supinators","","","","okEmptyWithExplicitNotice","0","0","Não há exercícios disponíveis para este foco com as capacidades atuais. Ativa Mostrar todos para ver o equipamento/local em falta.",""
"strength>place_gym>bodyweight>upper>forearm_hand>wrist","strength","place_gym","bodyweight","upper","forearm_hand","wrist","","","","okEmptyWithExplicitNotice","0","0","Não há exercícios disponíveis para este foco com as capacidades atuais. Ativa Mostrar todos para ver o equipamento/local em falta.",""
"strength>place_gym>bodyweight>upper>forearm_hand>fingers","strength","place_gym","bodyweight","upper","forearm_hand","fingers","","","","okEmptyWithExplicitNotice","0","0","Não há exercícios disponíveis para este foco com as capacidades atuais. Ativa Mostrar todos para ver o equipamento/local em falta.",""
"strength>place_gym>bodyweight>upper>forearm_hand>support_grip","strength","place_gym","bodyweight","upper","forearm_hand","support_grip","","","","okEmptyWithExplicitNotice","0","0","Não há exercícios disponíveis para este foco com as capacidades atuais. Ativa Mostrar todos para ver o equipamento/local em falta.",""
"strength>place_gym>bodyweight>upper>forearm_hand>pinch_grip","strength","place_gym","bodyweight","upper","forearm_hand","pinch_grip","","","","okEmptyWithExplicitNotice","0","0","Não há exercícios disponíveis para este foco com as capacidades atuais. Ativa Mostrar todos para ver o equipamento/local em falta.",""
"strength>place_gym>bodyweight>upper>forearm_hand>general_grip","strength","place_gym","bodyweight","upper","forearm_hand","general_grip","","","","okEmptyWithExplicitNotice","0","0","Não há exercícios disponíveis para este foco com as capacidades atuais. Ativa Mostrar todos para ver o equipamento/local em falta.",""
"strength>place_gym>bodyweight>lower","strength","place_gym","bodyweight","lower","","","","","","okWithResults","20","0","Mostra exercicios compativeis.",""
"strength>place_gym>bodyweight>lower>hips_glutes","strength","place_gym","bodyweight","lower","hips_glutes","","","","","okWithResults","8","0","Mostra exercicios compativeis.",""
"strength>place_gym>bodyweight>lower>quadriceps","strength","place_gym","bodyweight","lower","quadriceps","","","","","okWithResults","6","0","Mostra exercicios compativeis.",""
"strength>place_gym>bodyweight>lower>hamstrings","strength","place_gym","bodyweight","lower","hamstrings","","","","","okWithResults","2","0","Mostra exercicios compativeis.",""
"strength>place_gym>bodyweight>lower>adductors","strength","place_gym","bodyweight","lower","adductors","","","","","okWithResults","1","0","Mostra exercicios compativeis.",""
"strength>place_gym>bodyweight>lower>abductors","strength","place_gym","bodyweight","lower","abductors","","","","","okWithResults","2","0","Mostra exercicios compativeis.",""
"strength>place_gym>bodyweight>lower>calves","strength","place_gym","bodyweight","lower","calves","","","","","okWithResults","3","0","Mostra exercicios compativeis.",""
"strength>place_gym>bodyweight>lower>tibialis","strength","place_gym","bodyweight","lower","tibialis","","","","","okWithResults","1","0","Mostra exercicios compativeis.",""
"strength>place_gym>bodyweight>lower>feet_ankle","strength","place_gym","bodyweight","lower","feet_ankle","","","","","okWithResults","6","0","Mostra exercicios compativeis.",""
"strength>place_gym>bodyweight>core","strength","place_gym","bodyweight","core","","","","","","okEmptyWithExplicitNotice","0","0","Não há exercícios disponíveis para este foco com as capacidades atuais. Ativa Mostrar todos para ver o equipamento/local em falta.",""
"strength>place_gym>bodyweight>core>abdominal","strength","place_gym","bodyweight","core","abdominal","","","","","okEmptyWithExplicitNotice","0","0","Não há exercícios disponíveis para este foco com as capacidades atuais. Ativa Mostrar todos para ver o equipamento/local em falta.",""
"strength>place_gym>bodyweight>core>obliques","strength","place_gym","bodyweight","core","obliques","","","","","okEmptyWithExplicitNotice","0","0","Não há exercícios disponíveis para este foco com as capacidades atuais. Ativa Mostrar todos para ver o equipamento/local em falta.",""
"strength>place_gym>bodyweight>core>transverse_abs","strength","place_gym","bodyweight","core","transverse_abs","","","","","okEmptyWithExplicitNotice","0","0","Não há exercícios disponíveis para este foco com as capacidades atuais. Ativa Mostrar todos para ver o equipamento/local em falta.",""
"strength>place_gym>bodyweight>core>low_back","strength","place_gym","bodyweight","core","low_back","","","","","okEmptyWithExplicitNotice","0","0","Não há exercícios disponíveis para este foco com as capacidades atuais. Ativa Mostrar todos para ver o equipamento/local em falta.",""
"strength>place_gym>bodyweight>core>core_stability","strength","place_gym","bodyweight","core","core_stability","","","","","okEmptyWithExplicitNotice","0","0","Não há exercícios disponíveis para este foco com as capacidades atuais. Ativa Mostrar todos para ver o equipamento/local em falta.",""
"strength>place_gym>bodyweight>core>anti_rotation","strength","place_gym","bodyweight","core","anti_rotation","","","","","okEmptyWithExplicitNotice","0","0","Não há exercícios disponíveis para este foco com as capacidades atuais. Ativa Mostrar todos para ver o equipamento/local em falta.",""
"strength>place_gym>bodyweight>core>anti_extension","strength","place_gym","bodyweight","core","anti_extension","","","","","okEmptyWithExplicitNotice","0","0","Não há exercícios disponíveis para este foco com as capacidades atuais. Ativa Mostrar todos para ver o equipamento/local em falta.",""
"strength>place_gym>bodyweight>core>anti_lateral_flexion","strength","place_gym","bodyweight","core","anti_lateral_flexion","","","","","okEmptyWithExplicitNotice","0","0","Não há exercícios disponíveis para este foco com as capacidades atuais. Ativa Mostrar todos para ver o equipamento/local em falta.",""
"strength>place_dojo>bodyweight>full_body","strength","place_dojo","bodyweight","full_body","","","","","","okEmptyWithExplicitNotice","0","0","Não há exercícios disponíveis para este foco com as capacidades atuais. Ativa Mostrar todos para ver o equipamento/local em falta.",""
"strength>place_dojo>floor>full_body","strength","place_dojo","floor","full_body","","","","","","okEmptyWithExplicitNotice","0","0","Não há exercícios disponíveis para este foco com as capacidades atuais. Ativa Mostrar todos para ver o equipamento/local em falta.",""
"strength>place_dojo>wall>full_body","strength","place_dojo","wall","full_body","","","","","","okEmptyWithExplicitNotice","0","0","Não há exercícios disponíveis para este foco com as capacidades atuais. Ativa Mostrar todos para ver o equipamento/local em falta.",""
"strength>place_dojo>tatami>full_body","strength","place_dojo","tatami","full_body","","","","","","okEmptyWithExplicitNotice","0","0","Não há exercícios disponíveis para este foco com as capacidades atuais. Ativa Mostrar todos para ver o equipamento/local em falta.",""
"strength>place_dojo>bodyweight>upper","strength","place_dojo","bodyweight","upper","","","","","","okWithResults","17","0","Mostra exercicios compativeis.",""
"strength>place_dojo>bodyweight>upper>neck","strength","place_dojo","bodyweight","upper","neck","","","","","okWithResults","5","0","Mostra exercicios compativeis.",""
"strength>place_dojo>bodyweight>upper>neck>neck_complete","strength","place_dojo","bodyweight","upper","neck","neck_complete","","","","okEmptyWithExplicitNotice","0","0","Não há exercícios disponíveis para este foco com as capacidades atuais. Ativa Mostrar todos para ver o equipamento/local em falta.",""
"strength>place_dojo>bodyweight>upper>neck>anterior_neck","strength","place_dojo","bodyweight","upper","neck","anterior_neck","","","","okEmptyWithExplicitNotice","0","0","Não há exercícios disponíveis para este foco com as capacidades atuais. Ativa Mostrar todos para ver o equipamento/local em falta.",""
"strength>place_dojo>bodyweight>upper>neck>posterior_neck","strength","place_dojo","bodyweight","upper","neck","posterior_neck","","","","okEmptyWithExplicitNotice","0","0","Não há exercícios disponíveis para este foco com as capacidades atuais. Ativa Mostrar todos para ver o equipamento/local em falta.",""
"strength>place_dojo>bodyweight>upper>neck>lateral_neck","strength","place_dojo","bodyweight","upper","neck","lateral_neck","","","","okEmptyWithExplicitNotice","0","0","Não há exercícios disponíveis para este foco com as capacidades atuais. Ativa Mostrar todos para ver o equipamento/local em falta.",""
"strength>place_dojo>bodyweight>upper>neck>cervical_stabilizers","strength","place_dojo","bodyweight","upper","neck","cervical_stabilizers","","","","okEmptyWithExplicitNotice","0","0","Não há exercícios disponíveis para este foco com as capacidades atuais. Ativa Mostrar todos para ver o equipamento/local em falta.",""
"strength>place_dojo>bodyweight>upper>traps_scapula","strength","place_dojo","bodyweight","upper","traps_scapula","","","","","okEmptyWithExplicitNotice","0","0","Não há exercícios disponíveis para este foco com as capacidades atuais. Ativa Mostrar todos para ver o equipamento/local em falta.",""
"strength>place_dojo>bodyweight>upper>traps_scapula>traps_complete","strength","place_dojo","bodyweight","upper","traps_scapula","traps_complete","","","","okEmptyWithExplicitNotice","0","0","Não há exercícios disponíveis para este foco com as capacidades atuais. Ativa Mostrar todos para ver o equipamento/local em falta.",""
"strength>place_dojo>bodyweight>upper>traps_scapula>upper_traps","strength","place_dojo","bodyweight","upper","traps_scapula","upper_traps","","","","okEmptyWithExplicitNotice","0","0","Não há exercícios disponíveis para este foco com as capacidades atuais. Ativa Mostrar todos para ver o equipamento/local em falta.",""
"strength>place_dojo>bodyweight>upper>traps_scapula>mid_traps","strength","place_dojo","bodyweight","upper","traps_scapula","mid_traps","","","","okEmptyWithExplicitNotice","0","0","Não há exercícios disponíveis para este foco com as capacidades atuais. Ativa Mostrar todos para ver o equipamento/local em falta.",""
"strength>place_dojo>bodyweight>upper>traps_scapula>lower_traps","strength","place_dojo","bodyweight","upper","traps_scapula","lower_traps","","","","okEmptyWithExplicitNotice","0","0","Não há exercícios disponíveis para este foco com as capacidades atuais. Ativa Mostrar todos para ver o equipamento/local em falta.",""
"strength>place_dojo>bodyweight>upper>traps_scapula>scapular_stability","strength","place_dojo","bodyweight","upper","traps_scapula","scapular_stability","","","","okEmptyWithExplicitNotice","0","0","Não há exercícios disponíveis para este foco com as capacidades atuais. Ativa Mostrar todos para ver o equipamento/local em falta.",""
"strength>place_dojo>bodyweight>upper>chest","strength","place_dojo","bodyweight","upper","chest","","","","","okWithResults","4","0","Mostra exercicios compativeis.",""
"strength>place_dojo>bodyweight>upper>chest>chest_complete","strength","place_dojo","bodyweight","upper","chest","chest_complete","","","","okEmptyWithExplicitNotice","0","0","Não há exercícios disponíveis para este foco com as capacidades atuais. Ativa Mostrar todos para ver o equipamento/local em falta.",""
"strength>place_dojo>bodyweight>upper>chest>upper_chest","strength","place_dojo","bodyweight","upper","chest","upper_chest","","","","okWithResults","3","0","Mostra exercicios compativeis.",""
"strength>place_dojo>bodyweight>upper>chest>mid_chest","strength","place_dojo","bodyweight","upper","chest","mid_chest","","","","okWithResults","3","0","Mostra exercicios compativeis.",""
"strength>place_dojo>bodyweight>upper>chest>lower_chest","strength","place_dojo","bodyweight","upper","chest","lower_chest","","","","okWithResults","3","0","Mostra exercicios compativeis.",""
"strength>place_dojo>bodyweight>upper>chest>pectoralis_minor","strength","place_dojo","bodyweight","upper","chest","pectoralis_minor","","","","okWithResults","3","0","Mostra exercicios compativeis.",""
"strength>place_dojo>bodyweight>upper>chest>serratus_anterior","strength","place_dojo","bodyweight","upper","chest","serratus_anterior","","","","okWithResults","4","0","Mostra exercicios compativeis.",""
"strength>place_dojo>bodyweight>upper>back","strength","place_dojo","bodyweight","upper","back","","","","","okWithResults","4","0","Mostra exercicios compativeis.",""
"strength>place_dojo>bodyweight>upper>back>back_complete","strength","place_dojo","bodyweight","upper","back","back_complete","","","","okEmptyWithExplicitNotice","0","0","Não há exercícios disponíveis para este foco com as capacidades atuais. Ativa Mostrar todos para ver o equipamento/local em falta.",""
"strength>place_dojo>bodyweight>upper>back>back_upper","strength","place_dojo","bodyweight","upper","back","back_upper","","","","okEmptyWithExplicitNotice","0","0","Não há exercícios disponíveis para este foco com as capacidades atuais. Ativa Mostrar todos para ver o equipamento/local em falta.",""
"strength>place_dojo>bodyweight>upper>back>back_upper>upper_traps","strength","place_dojo","bodyweight","upper","back","back_upper","upper_traps","","","okEmptyWithExplicitNotice","0","0","Não há exercícios disponíveis para este foco com as capacidades atuais. Ativa Mostrar todos para ver o equipamento/local em falta.",""
"strength>place_dojo>bodyweight>upper>back>back_upper>mid_traps","strength","place_dojo","bodyweight","upper","back","back_upper","mid_traps","","","okEmptyWithExplicitNotice","0","0","Não há exercícios disponíveis para este foco com as capacidades atuais. Ativa Mostrar todos para ver o equipamento/local em falta.",""
"strength>place_dojo>bodyweight>upper>back>back_upper>lower_traps","strength","place_dojo","bodyweight","upper","back","back_upper","lower_traps","","","okEmptyWithExplicitNotice","0","0","Não há exercícios disponíveis para este foco com as capacidades atuais. Ativa Mostrar todos para ver o equipamento/local em falta.",""
"strength>place_dojo>bodyweight>upper>back>back_upper>rhomboids","strength","place_dojo","bodyweight","upper","back","back_upper","rhomboids","","","okEmptyWithExplicitNotice","0","0","Não há exercícios disponíveis para este foco com as capacidades atuais. Ativa Mostrar todos para ver o equipamento/local em falta.",""
"strength>place_dojo>bodyweight>upper>back>back_upper>posterior_deltoid","strength","place_dojo","bodyweight","upper","back","back_upper","posterior_deltoid","","","okEmptyWithExplicitNotice","0","0","Não há exercícios disponíveis para este foco com as capacidades atuais. Ativa Mostrar todos para ver o equipamento/local em falta.",""
"strength>place_dojo>bodyweight>upper>back>back_upper>scapular_stabilizers","strength","place_dojo","bodyweight","upper","back","back_upper","scapular_stabilizers","","","okEmptyWithExplicitNotice","0","0","Não há exercícios disponíveis para este foco com as capacidades atuais. Ativa Mostrar todos para ver o equipamento/local em falta.",""
"strength>place_dojo>bodyweight>upper>back>back_mid","strength","place_dojo","bodyweight","upper","back","back_mid","","","","okEmptyWithExplicitNotice","0","0","Não há exercícios disponíveis para este foco com as capacidades atuais. Ativa Mostrar todos para ver o equipamento/local em falta.",""
"strength>place_dojo>bodyweight>upper>back>back_mid>rhomboids","strength","place_dojo","bodyweight","upper","back","back_mid","rhomboids","","","okEmptyWithExplicitNotice","0","0","Não há exercícios disponíveis para este foco com as capacidades atuais. Ativa Mostrar todos para ver o equipamento/local em falta.",""
"strength>place_dojo>bodyweight>upper>back>back_mid>mid_traps","strength","place_dojo","bodyweight","upper","back","back_mid","mid_traps","","","okEmptyWithExplicitNotice","0","0","Não há exercícios disponíveis para este foco com as capacidades atuais. Ativa Mostrar todos para ver o equipamento/local em falta.",""
"strength>place_dojo>bodyweight>upper>back>back_mid>teres_major","strength","place_dojo","bodyweight","upper","back","back_mid","teres_major","","","okEmptyWithExplicitNotice","0","0","Não há exercícios disponíveis para este foco com as capacidades atuais. Ativa Mostrar todos para ver o equipamento/local em falta.",""
"strength>place_dojo>bodyweight>upper>back>back_mid>teres_minor","strength","place_dojo","bodyweight","upper","back","back_mid","teres_minor","","","okEmptyWithExplicitNotice","0","0","Não há exercícios disponíveis para este foco com as capacidades atuais. Ativa Mostrar todos para ver o equipamento/local em falta.",""
"strength>place_dojo>bodyweight>upper>back>back_mid>latissimus_dorsi","strength","place_dojo","bodyweight","upper","back","back_mid","latissimus_dorsi","","","okEmptyWithExplicitNotice","0","0","Não há exercícios disponíveis para este foco com as capacidades atuais. Ativa Mostrar todos para ver o equipamento/local em falta.",""
"strength>place_dojo>bodyweight>upper>back>back_lower","strength","place_dojo","bodyweight","upper","back","back_lower","","","","okEmptyWithExplicitNotice","0","0","Não há exercícios disponíveis para este foco com as capacidades atuais. Ativa Mostrar todos para ver o equipamento/local em falta.",""
"strength>place_dojo>bodyweight>upper>back>back_lower>erectors","strength","place_dojo","bodyweight","upper","back","back_lower","erectors","","","okEmptyWithExplicitNotice","0","0","Não há exercícios disponíveis para este foco com as capacidades atuais. Ativa Mostrar todos para ver o equipamento/local em falta.",""
"strength>place_dojo>bodyweight>upper>back>back_lower>lumbar","strength","place_dojo","bodyweight","upper","back","back_lower","lumbar","","","okEmptyWithExplicitNotice","0","0","Não há exercícios disponíveis para este foco com as capacidades atuais. Ativa Mostrar todos para ver o equipamento/local em falta.",""
"strength>place_dojo>bodyweight>upper>back>back_lower>quadratus_lumborum","strength","place_dojo","bodyweight","upper","back","back_lower","quadratus_lumborum","","","okEmptyWithExplicitNotice","0","0","Não há exercícios disponíveis para este foco com as capacidades atuais. Ativa Mostrar todos para ver o equipamento/local em falta.",""
"strength>place_dojo>bodyweight>upper>back>back_lower>lumbar_stability","strength","place_dojo","bodyweight","upper","back","back_lower","lumbar_stability","","","okEmptyWithExplicitNotice","0","0","Não há exercícios disponíveis para este foco com as capacidades atuais. Ativa Mostrar todos para ver o equipamento/local em falta.",""
"strength>place_dojo>bodyweight>upper>back>back_width","strength","place_dojo","bodyweight","upper","back","back_width","","","","okEmptyWithExplicitNotice","0","0","Não há exercícios disponíveis para este foco com as capacidades atuais. Ativa Mostrar todos para ver o equipamento/local em falta.",""
"strength>place_dojo>bodyweight>upper>back>back_width>latissimus_dorsi","strength","place_dojo","bodyweight","upper","back","back_width","latissimus_dorsi","","","okEmptyWithExplicitNotice","0","0","Não há exercícios disponíveis para este foco com as capacidades atuais. Ativa Mostrar todos para ver o equipamento/local em falta.",""
"strength>place_dojo>bodyweight>upper>back>back_width>teres_major","strength","place_dojo","bodyweight","upper","back","back_width","teres_major","","","okEmptyWithExplicitNotice","0","0","Não há exercícios disponíveis para este foco com as capacidades atuais. Ativa Mostrar todos para ver o equipamento/local em falta.",""
"strength>place_dojo>bodyweight>upper>back>back_width>vertical_pulls","strength","place_dojo","bodyweight","upper","back","back_width","vertical_pulls","","","okEmptyWithExplicitNotice","0","0","Não há exercícios disponíveis para este foco com as capacidades atuais. Ativa Mostrar todos para ver o equipamento/local em falta.",""
"strength>place_dojo>bodyweight>upper>back>back_thickness","strength","place_dojo","bodyweight","upper","back","back_thickness","","","","okEmptyWithExplicitNotice","0","0","Não há exercícios disponíveis para este foco com as capacidades atuais. Ativa Mostrar todos para ver o equipamento/local em falta.",""
"strength>place_dojo>bodyweight>upper>back>back_thickness>rhomboids","strength","place_dojo","bodyweight","upper","back","back_thickness","rhomboids","","","okEmptyWithExplicitNotice","0","0","Não há exercícios disponíveis para este foco com as capacidades atuais. Ativa Mostrar todos para ver o equipamento/local em falta.",""
"strength>place_dojo>bodyweight>upper>back>back_thickness>mid_traps","strength","place_dojo","bodyweight","upper","back","back_thickness","mid_traps","","","okEmptyWithExplicitNotice","0","0","Não há exercícios disponíveis para este foco com as capacidades atuais. Ativa Mostrar todos para ver o equipamento/local em falta.",""
"strength>place_dojo>bodyweight>upper>back>back_thickness>lower_traps","strength","place_dojo","bodyweight","upper","back","back_thickness","lower_traps","","","okEmptyWithExplicitNotice","0","0","Não há exercícios disponíveis para este foco com as capacidades atuais. Ativa Mostrar todos para ver o equipamento/local em falta.",""
"strength>place_dojo>bodyweight>upper>back>back_thickness>horizontal_rows","strength","place_dojo","bodyweight","upper","back","back_thickness","horizontal_rows","","","okEmptyWithExplicitNotice","0","0","Não há exercícios disponíveis para este foco com as capacidades atuais. Ativa Mostrar todos para ver o equipamento/local em falta.",""
"strength>place_dojo>bodyweight>upper>shoulders","strength","place_dojo","bodyweight","upper","shoulders","","","","","okWithResults","3","0","Mostra exercicios compativeis.",""
"strength>place_dojo>bodyweight>upper>shoulders>shoulders_complete","strength","place_dojo","bodyweight","upper","shoulders","shoulders_complete","","","","okEmptyWithExplicitNotice","0","0","Não há exercícios disponíveis para este foco com as capacidades atuais. Ativa Mostrar todos para ver o equipamento/local em falta.",""
"strength>place_dojo>bodyweight>upper>shoulders>anterior_deltoid","strength","place_dojo","bodyweight","upper","shoulders","anterior_deltoid","","","","okEmptyWithExplicitNotice","0","0","Não há exercícios disponíveis para este foco com as capacidades atuais. Ativa Mostrar todos para ver o equipamento/local em falta.",""
"strength>place_dojo>bodyweight>upper>shoulders>lateral_deltoid","strength","place_dojo","bodyweight","upper","shoulders","lateral_deltoid","","","","okEmptyWithExplicitNotice","0","0","Não há exercícios disponíveis para este foco com as capacidades atuais. Ativa Mostrar todos para ver o equipamento/local em falta.",""
"strength>place_dojo>bodyweight>upper>shoulders>posterior_deltoid","strength","place_dojo","bodyweight","upper","shoulders","posterior_deltoid","","","","okEmptyWithExplicitNotice","0","0","Não há exercícios disponíveis para este foco com as capacidades atuais. Ativa Mostrar todos para ver o equipamento/local em falta.",""
"strength>place_dojo>bodyweight>upper>shoulders>rotator_cuff","strength","place_dojo","bodyweight","upper","shoulders","rotator_cuff","","","","okEmptyWithExplicitNotice","0","0","Não há exercícios disponíveis para este foco com as capacidades atuais. Ativa Mostrar todos para ver o equipamento/local em falta.",""
"strength>place_dojo>bodyweight>upper>shoulders>external_rotators","strength","place_dojo","bodyweight","upper","shoulders","external_rotators","","","","okEmptyWithExplicitNotice","0","0","Não há exercícios disponíveis para este foco com as capacidades atuais. Ativa Mostrar todos para ver o equipamento/local em falta.",""
"strength>place_dojo>bodyweight>upper>shoulders>internal_rotators","strength","place_dojo","bodyweight","upper","shoulders","internal_rotators","","","","okEmptyWithExplicitNotice","0","0","Não há exercícios disponíveis para este foco com as capacidades atuais. Ativa Mostrar todos para ver o equipamento/local em falta.",""
"strength>place_dojo>bodyweight>upper>shoulders>scapular_stability","strength","place_dojo","bodyweight","upper","shoulders","scapular_stability","","","","okEmptyWithExplicitNotice","0","0","Não há exercícios disponíveis para este foco com as capacidades atuais. Ativa Mostrar todos para ver o equipamento/local em falta.",""
"strength>place_dojo>bodyweight>upper>arms","strength","place_dojo","bodyweight","upper","arms","","","","","okWithResults","2","0","Mostra exercicios compativeis.",""
"strength>place_dojo>bodyweight>upper>arms>arms_complete","strength","place_dojo","bodyweight","upper","arms","arms_complete","","","","okEmptyWithExplicitNotice","0","0","Não há exercícios disponíveis para este foco com as capacidades atuais. Ativa Mostrar todos para ver o equipamento/local em falta.",""
"strength>place_dojo>bodyweight>upper>arms>upper_arm","strength","place_dojo","bodyweight","upper","arms","upper_arm","","","","okEmptyWithExplicitNotice","0","0","Não há exercícios disponíveis para este foco com as capacidades atuais. Ativa Mostrar todos para ver o equipamento/local em falta.",""
"strength>place_dojo>bodyweight>upper>arms>upper_arm>biceps_brachii","strength","place_dojo","bodyweight","upper","arms","upper_arm","biceps_brachii","","","okEmptyWithExplicitNotice","0","0","Não há exercícios disponíveis para este foco com as capacidades atuais. Ativa Mostrar todos para ver o equipamento/local em falta.",""
"strength>place_dojo>bodyweight>upper>arms>upper_arm>brachialis","strength","place_dojo","bodyweight","upper","arms","upper_arm","brachialis","","","okEmptyWithExplicitNotice","0","0","Não há exercícios disponíveis para este foco com as capacidades atuais. Ativa Mostrar todos para ver o equipamento/local em falta.",""
"strength>place_dojo>bodyweight>upper>arms>upper_arm>brachioradialis","strength","place_dojo","bodyweight","upper","arms","upper_arm","brachioradialis","","","okEmptyWithExplicitNotice","0","0","Não há exercícios disponíveis para este foco com as capacidades atuais. Ativa Mostrar todos para ver o equipamento/local em falta.",""
"strength>place_dojo>bodyweight>upper>arms>upper_arm>triceps","strength","place_dojo","bodyweight","upper","arms","upper_arm","triceps","","","okWithResults","2","0","Mostra exercicios compativeis.",""
"strength>place_dojo>bodyweight>upper>arms>upper_arm>triceps_long","strength","place_dojo","bodyweight","upper","arms","upper_arm","triceps_long","","","okEmptyWithExplicitNotice","0","0","Não há exercícios disponíveis para este foco com as capacidades atuais. Ativa Mostrar todos para ver o equipamento/local em falta.",""
"strength>place_dojo>bodyweight>upper>arms>upper_arm>triceps_lateral","strength","place_dojo","bodyweight","upper","arms","upper_arm","triceps_lateral","","","okEmptyWithExplicitNotice","0","0","Não há exercícios disponíveis para este foco com as capacidades atuais. Ativa Mostrar todos para ver o equipamento/local em falta.",""
"strength>place_dojo>bodyweight>upper>arms>upper_arm>triceps_medial","strength","place_dojo","bodyweight","upper","arms","upper_arm","triceps_medial","","","okEmptyWithExplicitNotice","0","0","Não há exercícios disponíveis para este foco com as capacidades atuais. Ativa Mostrar todos para ver o equipamento/local em falta.",""
"strength>place_dojo>bodyweight>upper>arms>forearm_hand","strength","place_dojo","bodyweight","upper","arms","forearm_hand","","","","okEmptyWithExplicitNotice","0","0","Não há exercícios disponíveis para este foco com as capacidades atuais. Ativa Mostrar todos para ver o equipamento/local em falta.",""
"strength>place_dojo>bodyweight>upper>arms>forearm_hand>forearm_complete","strength","place_dojo","bodyweight","upper","arms","forearm_hand","forearm_complete","","","okEmptyWithExplicitNotice","0","0","Não há exercícios disponíveis para este foco com as capacidades atuais. Ativa Mostrar todos para ver o equipamento/local em falta.",""
"strength>place_dojo>bodyweight>upper>arms>forearm_hand>forearm_flexors","strength","place_dojo","bodyweight","upper","arms","forearm_hand","forearm_flexors","","","okEmptyWithExplicitNotice","0","0","Não há exercícios disponíveis para este foco com as capacidades atuais. Ativa Mostrar todos para ver o equipamento/local em falta.",""
"strength>place_dojo>bodyweight>upper>arms>forearm_hand>forearm_extensors","strength","place_dojo","bodyweight","upper","arms","forearm_hand","forearm_extensors","","","okEmptyWithExplicitNotice","0","0","Não há exercícios disponíveis para este foco com as capacidades atuais. Ativa Mostrar todos para ver o equipamento/local em falta.",""
"strength>place_dojo>bodyweight>upper>arms>forearm_hand>pronators","strength","place_dojo","bodyweight","upper","arms","forearm_hand","pronators","","","okEmptyWithExplicitNotice","0","0","Não há exercícios disponíveis para este foco com as capacidades atuais. Ativa Mostrar todos para ver o equipamento/local em falta.",""
"strength>place_dojo>bodyweight>upper>arms>forearm_hand>supinators","strength","place_dojo","bodyweight","upper","arms","forearm_hand","supinators","","","okEmptyWithExplicitNotice","0","0","Não há exercícios disponíveis para este foco com as capacidades atuais. Ativa Mostrar todos para ver o equipamento/local em falta.",""
"strength>place_dojo>bodyweight>upper>arms>forearm_hand>wrist","strength","place_dojo","bodyweight","upper","arms","forearm_hand","wrist","","","okEmptyWithExplicitNotice","0","0","Não há exercícios disponíveis para este foco com as capacidades atuais. Ativa Mostrar todos para ver o equipamento/local em falta.",""
"strength>place_dojo>bodyweight>upper>arms>forearm_hand>fingers","strength","place_dojo","bodyweight","upper","arms","forearm_hand","fingers","","","okEmptyWithExplicitNotice","0","0","Não há exercícios disponíveis para este foco com as capacidades atuais. Ativa Mostrar todos para ver o equipamento/local em falta.",""
"strength>place_dojo>bodyweight>upper>arms>forearm_hand>support_grip","strength","place_dojo","bodyweight","upper","arms","forearm_hand","support_grip","","","okEmptyWithExplicitNotice","0","0","Não há exercícios disponíveis para este foco com as capacidades atuais. Ativa Mostrar todos para ver o equipamento/local em falta.",""
"strength>place_dojo>bodyweight>upper>arms>forearm_hand>pinch_grip","strength","place_dojo","bodyweight","upper","arms","forearm_hand","pinch_grip","","","okEmptyWithExplicitNotice","0","0","Não há exercícios disponíveis para este foco com as capacidades atuais. Ativa Mostrar todos para ver o equipamento/local em falta.",""
"strength>place_dojo>bodyweight>upper>arms>forearm_hand>general_grip","strength","place_dojo","bodyweight","upper","arms","forearm_hand","general_grip","","","okEmptyWithExplicitNotice","0","0","Não há exercícios disponíveis para este foco com as capacidades atuais. Ativa Mostrar todos para ver o equipamento/local em falta.",""
"strength>place_dojo>bodyweight>upper>forearm_hand","strength","place_dojo","bodyweight","upper","forearm_hand","","","","","okEmptyWithExplicitNotice","0","0","Não há exercícios disponíveis para este foco com as capacidades atuais. Ativa Mostrar todos para ver o equipamento/local em falta.",""
"strength>place_dojo>bodyweight>upper>forearm_hand>forearm_complete","strength","place_dojo","bodyweight","upper","forearm_hand","forearm_complete","","","","okEmptyWithExplicitNotice","0","0","Não há exercícios disponíveis para este foco com as capacidades atuais. Ativa Mostrar todos para ver o equipamento/local em falta.",""
"strength>place_dojo>bodyweight>upper>forearm_hand>forearm_flexors","strength","place_dojo","bodyweight","upper","forearm_hand","forearm_flexors","","","","okEmptyWithExplicitNotice","0","0","Não há exercícios disponíveis para este foco com as capacidades atuais. Ativa Mostrar todos para ver o equipamento/local em falta.",""
"strength>place_dojo>bodyweight>upper>forearm_hand>forearm_extensors","strength","place_dojo","bodyweight","upper","forearm_hand","forearm_extensors","","","","okEmptyWithExplicitNotice","0","0","Não há exercícios disponíveis para este foco com as capacidades atuais. Ativa Mostrar todos para ver o equipamento/local em falta.",""
"strength>place_dojo>bodyweight>upper>forearm_hand>pronators","strength","place_dojo","bodyweight","upper","forearm_hand","pronators","","","","okEmptyWithExplicitNotice","0","0","Não há exercícios disponíveis para este foco com as capacidades atuais. Ativa Mostrar todos para ver o equipamento/local em falta.",""
"strength>place_dojo>bodyweight>upper>forearm_hand>supinators","strength","place_dojo","bodyweight","upper","forearm_hand","supinators","","","","okEmptyWithExplicitNotice","0","0","Não há exercícios disponíveis para este foco com as capacidades atuais. Ativa Mostrar todos para ver o equipamento/local em falta.",""
"strength>place_dojo>bodyweight>upper>forearm_hand>wrist","strength","place_dojo","bodyweight","upper","forearm_hand","wrist","","","","okEmptyWithExplicitNotice","0","0","Não há exercícios disponíveis para este foco com as capacidades atuais. Ativa Mostrar todos para ver o equipamento/local em falta.",""
"strength>place_dojo>bodyweight>upper>forearm_hand>fingers","strength","place_dojo","bodyweight","upper","forearm_hand","fingers","","","","okEmptyWithExplicitNotice","0","0","Não há exercícios disponíveis para este foco com as capacidades atuais. Ativa Mostrar todos para ver o equipamento/local em falta.",""
"strength>place_dojo>bodyweight>upper>forearm_hand>support_grip","strength","place_dojo","bodyweight","upper","forearm_hand","support_grip","","","","okEmptyWithExplicitNotice","0","0","Não há exercícios disponíveis para este foco com as capacidades atuais. Ativa Mostrar todos para ver o equipamento/local em falta.",""
"strength>place_dojo>bodyweight>upper>forearm_hand>pinch_grip","strength","place_dojo","bodyweight","upper","forearm_hand","pinch_grip","","","","okEmptyWithExplicitNotice","0","0","Não há exercícios disponíveis para este foco com as capacidades atuais. Ativa Mostrar todos para ver o equipamento/local em falta.",""
"strength>place_dojo>bodyweight>upper>forearm_hand>general_grip","strength","place_dojo","bodyweight","upper","forearm_hand","general_grip","","","","okEmptyWithExplicitNotice","0","0","Não há exercícios disponíveis para este foco com as capacidades atuais. Ativa Mostrar todos para ver o equipamento/local em falta.",""
"strength>place_dojo>bodyweight>lower","strength","place_dojo","bodyweight","lower","","","","","","okWithResults","18","0","Mostra exercicios compativeis.",""
"strength>place_dojo>bodyweight>lower>hips_glutes","strength","place_dojo","bodyweight","lower","hips_glutes","","","","","okWithResults","8","0","Mostra exercicios compativeis.",""
"strength>place_dojo>bodyweight>lower>quadriceps","strength","place_dojo","bodyweight","lower","quadriceps","","","","","okWithResults","5","0","Mostra exercicios compativeis.",""
"strength>place_dojo>bodyweight>lower>hamstrings","strength","place_dojo","bodyweight","lower","hamstrings","","","","","okWithResults","1","0","Mostra exercicios compativeis.",""
"strength>place_dojo>bodyweight>lower>adductors","strength","place_dojo","bodyweight","lower","adductors","","","","","okWithResults","1","0","Mostra exercicios compativeis.",""
"strength>place_dojo>bodyweight>lower>abductors","strength","place_dojo","bodyweight","lower","abductors","","","","","okWithResults","2","0","Mostra exercicios compativeis.",""
"strength>place_dojo>bodyweight>lower>calves","strength","place_dojo","bodyweight","lower","calves","","","","","okWithResults","3","0","Mostra exercicios compativeis.",""
"strength>place_dojo>bodyweight>lower>tibialis","strength","place_dojo","bodyweight","lower","tibialis","","","","","okWithResults","1","0","Mostra exercicios compativeis.",""
"strength>place_dojo>bodyweight>lower>feet_ankle","strength","place_dojo","bodyweight","lower","feet_ankle","","","","","okWithResults","6","0","Mostra exercicios compativeis.",""
"strength>place_dojo>bodyweight>core","strength","place_dojo","bodyweight","core","","","","","","okEmptyWithExplicitNotice","0","0","Não há exercícios disponíveis para este foco com as capacidades atuais. Ativa Mostrar todos para ver o equipamento/local em falta.",""
"strength>place_dojo>bodyweight>core>abdominal","strength","place_dojo","bodyweight","core","abdominal","","","","","okEmptyWithExplicitNotice","0","0","Não há exercícios disponíveis para este foco com as capacidades atuais. Ativa Mostrar todos para ver o equipamento/local em falta.",""
"strength>place_dojo>bodyweight>core>obliques","strength","place_dojo","bodyweight","core","obliques","","","","","okEmptyWithExplicitNotice","0","0","Não há exercícios disponíveis para este foco com as capacidades atuais. Ativa Mostrar todos para ver o equipamento/local em falta.",""
"strength>place_dojo>bodyweight>core>transverse_abs","strength","place_dojo","bodyweight","core","transverse_abs","","","","","okEmptyWithExplicitNotice","0","0","Não há exercícios disponíveis para este foco com as capacidades atuais. Ativa Mostrar todos para ver o equipamento/local em falta.",""
"strength>place_dojo>bodyweight>core>low_back","strength","place_dojo","bodyweight","core","low_back","","","","","okEmptyWithExplicitNotice","0","0","Não há exercícios disponíveis para este foco com as capacidades atuais. Ativa Mostrar todos para ver o equipamento/local em falta.",""
"strength>place_dojo>bodyweight>core>core_stability","strength","place_dojo","bodyweight","core","core_stability","","","","","okEmptyWithExplicitNotice","0","0","Não há exercícios disponíveis para este foco com as capacidades atuais. Ativa Mostrar todos para ver o equipamento/local em falta.",""
"strength>place_dojo>bodyweight>core>anti_rotation","strength","place_dojo","bodyweight","core","anti_rotation","","","","","okEmptyWithExplicitNotice","0","0","Não há exercícios disponíveis para este foco com as capacidades atuais. Ativa Mostrar todos para ver o equipamento/local em falta.",""
"strength>place_dojo>bodyweight>core>anti_extension","strength","place_dojo","bodyweight","core","anti_extension","","","","","okEmptyWithExplicitNotice","0","0","Não há exercícios disponíveis para este foco com as capacidades atuais. Ativa Mostrar todos para ver o equipamento/local em falta.",""
"strength>place_dojo>bodyweight>core>anti_lateral_flexion","strength","place_dojo","bodyweight","core","anti_lateral_flexion","","","","","okEmptyWithExplicitNotice","0","0","Não há exercícios disponíveis para este foco com as capacidades atuais. Ativa Mostrar todos para ver o equipamento/local em falta.",""
"strength>place_tatami>bodyweight>full_body","strength","place_tatami","bodyweight","full_body","","","","","","okEmptyWithExplicitNotice","0","0","Não há exercícios disponíveis para este foco com as capacidades atuais. Ativa Mostrar todos para ver o equipamento/local em falta.",""
"strength>place_tatami>floor>full_body","strength","place_tatami","floor","full_body","","","","","","okEmptyWithExplicitNotice","0","0","Não há exercícios disponíveis para este foco com as capacidades atuais. Ativa Mostrar todos para ver o equipamento/local em falta.",""
"strength>place_tatami>wall>full_body","strength","place_tatami","wall","full_body","","","","","","okEmptyWithExplicitNotice","0","0","Não há exercícios disponíveis para este foco com as capacidades atuais. Ativa Mostrar todos para ver o equipamento/local em falta.",""
"strength>place_tatami>tatami>full_body","strength","place_tatami","tatami","full_body","","","","","","okEmptyWithExplicitNotice","0","0","Não há exercícios disponíveis para este foco com as capacidades atuais. Ativa Mostrar todos para ver o equipamento/local em falta.",""
"strength>place_tatami>bodyweight>upper","strength","place_tatami","bodyweight","upper","","","","","","okWithResults","17","0","Mostra exercicios compativeis.",""
"strength>place_tatami>bodyweight>upper>neck","strength","place_tatami","bodyweight","upper","neck","","","","","okWithResults","5","0","Mostra exercicios compativeis.",""
"strength>place_tatami>bodyweight>upper>neck>neck_complete","strength","place_tatami","bodyweight","upper","neck","neck_complete","","","","okEmptyWithExplicitNotice","0","0","Não há exercícios disponíveis para este foco com as capacidades atuais. Ativa Mostrar todos para ver o equipamento/local em falta.",""
"strength>place_tatami>bodyweight>upper>neck>anterior_neck","strength","place_tatami","bodyweight","upper","neck","anterior_neck","","","","okEmptyWithExplicitNotice","0","0","Não há exercícios disponíveis para este foco com as capacidades atuais. Ativa Mostrar todos para ver o equipamento/local em falta.",""
"strength>place_tatami>bodyweight>upper>neck>posterior_neck","strength","place_tatami","bodyweight","upper","neck","posterior_neck","","","","okEmptyWithExplicitNotice","0","0","Não há exercícios disponíveis para este foco com as capacidades atuais. Ativa Mostrar todos para ver o equipamento/local em falta.",""
"strength>place_tatami>bodyweight>upper>neck>lateral_neck","strength","place_tatami","bodyweight","upper","neck","lateral_neck","","","","okEmptyWithExplicitNotice","0","0","Não há exercícios disponíveis para este foco com as capacidades atuais. Ativa Mostrar todos para ver o equipamento/local em falta.",""
"strength>place_tatami>bodyweight>upper>neck>cervical_stabilizers","strength","place_tatami","bodyweight","upper","neck","cervical_stabilizers","","","","okEmptyWithExplicitNotice","0","0","Não há exercícios disponíveis para este foco com as capacidades atuais. Ativa Mostrar todos para ver o equipamento/local em falta.",""
"strength>place_tatami>bodyweight>upper>traps_scapula","strength","place_tatami","bodyweight","upper","traps_scapula","","","","","okEmptyWithExplicitNotice","0","0","Não há exercícios disponíveis para este foco com as capacidades atuais. Ativa Mostrar todos para ver o equipamento/local em falta.",""
"strength>place_tatami>bodyweight>upper>traps_scapula>traps_complete","strength","place_tatami","bodyweight","upper","traps_scapula","traps_complete","","","","okEmptyWithExplicitNotice","0","0","Não há exercícios disponíveis para este foco com as capacidades atuais. Ativa Mostrar todos para ver o equipamento/local em falta.",""
"strength>place_tatami>bodyweight>upper>traps_scapula>upper_traps","strength","place_tatami","bodyweight","upper","traps_scapula","upper_traps","","","","okEmptyWithExplicitNotice","0","0","Não há exercícios disponíveis para este foco com as capacidades atuais. Ativa Mostrar todos para ver o equipamento/local em falta.",""
"strength>place_tatami>bodyweight>upper>traps_scapula>mid_traps","strength","place_tatami","bodyweight","upper","traps_scapula","mid_traps","","","","okEmptyWithExplicitNotice","0","0","Não há exercícios disponíveis para este foco com as capacidades atuais. Ativa Mostrar todos para ver o equipamento/local em falta.",""
"strength>place_tatami>bodyweight>upper>traps_scapula>lower_traps","strength","place_tatami","bodyweight","upper","traps_scapula","lower_traps","","","","okEmptyWithExplicitNotice","0","0","Não há exercícios disponíveis para este foco com as capacidades atuais. Ativa Mostrar todos para ver o equipamento/local em falta.",""
"strength>place_tatami>bodyweight>upper>traps_scapula>scapular_stability","strength","place_tatami","bodyweight","upper","traps_scapula","scapular_stability","","","","okEmptyWithExplicitNotice","0","0","Não há exercícios disponíveis para este foco com as capacidades atuais. Ativa Mostrar todos para ver o equipamento/local em falta.",""
"strength>place_tatami>bodyweight>upper>chest","strength","place_tatami","bodyweight","upper","chest","","","","","okWithResults","4","0","Mostra exercicios compativeis.",""
"strength>place_tatami>bodyweight>upper>chest>chest_complete","strength","place_tatami","bodyweight","upper","chest","chest_complete","","","","okEmptyWithExplicitNotice","0","0","Não há exercícios disponíveis para este foco com as capacidades atuais. Ativa Mostrar todos para ver o equipamento/local em falta.",""
"strength>place_tatami>bodyweight>upper>chest>upper_chest","strength","place_tatami","bodyweight","upper","chest","upper_chest","","","","okWithResults","3","0","Mostra exercicios compativeis.",""
"strength>place_tatami>bodyweight>upper>chest>mid_chest","strength","place_tatami","bodyweight","upper","chest","mid_chest","","","","okWithResults","3","0","Mostra exercicios compativeis.",""
"strength>place_tatami>bodyweight>upper>chest>lower_chest","strength","place_tatami","bodyweight","upper","chest","lower_chest","","","","okWithResults","3","0","Mostra exercicios compativeis.",""
"strength>place_tatami>bodyweight>upper>chest>pectoralis_minor","strength","place_tatami","bodyweight","upper","chest","pectoralis_minor","","","","okWithResults","3","0","Mostra exercicios compativeis.",""
"strength>place_tatami>bodyweight>upper>chest>serratus_anterior","strength","place_tatami","bodyweight","upper","chest","serratus_anterior","","","","okWithResults","4","0","Mostra exercicios compativeis.",""
"strength>place_tatami>bodyweight>upper>back","strength","place_tatami","bodyweight","upper","back","","","","","okWithResults","4","0","Mostra exercicios compativeis.",""
"strength>place_tatami>bodyweight>upper>back>back_complete","strength","place_tatami","bodyweight","upper","back","back_complete","","","","okEmptyWithExplicitNotice","0","0","Não há exercícios disponíveis para este foco com as capacidades atuais. Ativa Mostrar todos para ver o equipamento/local em falta.",""
"strength>place_tatami>bodyweight>upper>back>back_upper","strength","place_tatami","bodyweight","upper","back","back_upper","","","","okEmptyWithExplicitNotice","0","0","Não há exercícios disponíveis para este foco com as capacidades atuais. Ativa Mostrar todos para ver o equipamento/local em falta.",""
"strength>place_tatami>bodyweight>upper>back>back_upper>upper_traps","strength","place_tatami","bodyweight","upper","back","back_upper","upper_traps","","","okEmptyWithExplicitNotice","0","0","Não há exercícios disponíveis para este foco com as capacidades atuais. Ativa Mostrar todos para ver o equipamento/local em falta.",""
"strength>place_tatami>bodyweight>upper>back>back_upper>mid_traps","strength","place_tatami","bodyweight","upper","back","back_upper","mid_traps","","","okEmptyWithExplicitNotice","0","0","Não há exercícios disponíveis para este foco com as capacidades atuais. Ativa Mostrar todos para ver o equipamento/local em falta.",""
"strength>place_tatami>bodyweight>upper>back>back_upper>lower_traps","strength","place_tatami","bodyweight","upper","back","back_upper","lower_traps","","","okEmptyWithExplicitNotice","0","0","Não há exercícios disponíveis para este foco com as capacidades atuais. Ativa Mostrar todos para ver o equipamento/local em falta.",""
"strength>place_tatami>bodyweight>upper>back>back_upper>rhomboids","strength","place_tatami","bodyweight","upper","back","back_upper","rhomboids","","","okEmptyWithExplicitNotice","0","0","Não há exercícios disponíveis para este foco com as capacidades atuais. Ativa Mostrar todos para ver o equipamento/local em falta.",""
"strength>place_tatami>bodyweight>upper>back>back_upper>posterior_deltoid","strength","place_tatami","bodyweight","upper","back","back_upper","posterior_deltoid","","","okEmptyWithExplicitNotice","0","0","Não há exercícios disponíveis para este foco com as capacidades atuais. Ativa Mostrar todos para ver o equipamento/local em falta.",""
"strength>place_tatami>bodyweight>upper>back>back_upper>scapular_stabilizers","strength","place_tatami","bodyweight","upper","back","back_upper","scapular_stabilizers","","","okEmptyWithExplicitNotice","0","0","Não há exercícios disponíveis para este foco com as capacidades atuais. Ativa Mostrar todos para ver o equipamento/local em falta.",""
"strength>place_tatami>bodyweight>upper>back>back_mid","strength","place_tatami","bodyweight","upper","back","back_mid","","","","okEmptyWithExplicitNotice","0","0","Não há exercícios disponíveis para este foco com as capacidades atuais. Ativa Mostrar todos para ver o equipamento/local em falta.",""
"strength>place_tatami>bodyweight>upper>back>back_mid>rhomboids","strength","place_tatami","bodyweight","upper","back","back_mid","rhomboids","","","okEmptyWithExplicitNotice","0","0","Não há exercícios disponíveis para este foco com as capacidades atuais. Ativa Mostrar todos para ver o equipamento/local em falta.",""
"strength>place_tatami>bodyweight>upper>back>back_mid>mid_traps","strength","place_tatami","bodyweight","upper","back","back_mid","mid_traps","","","okEmptyWithExplicitNotice","0","0","Não há exercícios disponíveis para este foco com as capacidades atuais. Ativa Mostrar todos para ver o equipamento/local em falta.",""
"strength>place_tatami>bodyweight>upper>back>back_mid>teres_major","strength","place_tatami","bodyweight","upper","back","back_mid","teres_major","","","okEmptyWithExplicitNotice","0","0","Não há exercícios disponíveis para este foco com as capacidades atuais. Ativa Mostrar todos para ver o equipamento/local em falta.",""
"strength>place_tatami>bodyweight>upper>back>back_mid>teres_minor","strength","place_tatami","bodyweight","upper","back","back_mid","teres_minor","","","okEmptyWithExplicitNotice","0","0","Não há exercícios disponíveis para este foco com as capacidades atuais. Ativa Mostrar todos para ver o equipamento/local em falta.",""
"strength>place_tatami>bodyweight>upper>back>back_mid>latissimus_dorsi","strength","place_tatami","bodyweight","upper","back","back_mid","latissimus_dorsi","","","okEmptyWithExplicitNotice","0","0","Não há exercícios disponíveis para este foco com as capacidades atuais. Ativa Mostrar todos para ver o equipamento/local em falta.",""
"strength>place_tatami>bodyweight>upper>back>back_lower","strength","place_tatami","bodyweight","upper","back","back_lower","","","","okEmptyWithExplicitNotice","0","0","Não há exercícios disponíveis para este foco com as capacidades atuais. Ativa Mostrar todos para ver o equipamento/local em falta.",""
"strength>place_tatami>bodyweight>upper>back>back_lower>erectors","strength","place_tatami","bodyweight","upper","back","back_lower","erectors","","","okEmptyWithExplicitNotice","0","0","Não há exercícios disponíveis para este foco com as capacidades atuais. Ativa Mostrar todos para ver o equipamento/local em falta.",""
"strength>place_tatami>bodyweight>upper>back>back_lower>lumbar","strength","place_tatami","bodyweight","upper","back","back_lower","lumbar","","","okEmptyWithExplicitNotice","0","0","Não há exercícios disponíveis para este foco com as capacidades atuais. Ativa Mostrar todos para ver o equipamento/local em falta.",""
"strength>place_tatami>bodyweight>upper>back>back_lower>quadratus_lumborum","strength","place_tatami","bodyweight","upper","back","back_lower","quadratus_lumborum","","","okEmptyWithExplicitNotice","0","0","Não há exercícios disponíveis para este foco com as capacidades atuais. Ativa Mostrar todos para ver o equipamento/local em falta.",""
"strength>place_tatami>bodyweight>upper>back>back_lower>lumbar_stability","strength","place_tatami","bodyweight","upper","back","back_lower","lumbar_stability","","","okEmptyWithExplicitNotice","0","0","Não há exercícios disponíveis para este foco com as capacidades atuais. Ativa Mostrar todos para ver o equipamento/local em falta.",""
"strength>place_tatami>bodyweight>upper>back>back_width","strength","place_tatami","bodyweight","upper","back","back_width","","","","okEmptyWithExplicitNotice","0","0","Não há exercícios disponíveis para este foco com as capacidades atuais. Ativa Mostrar todos para ver o equipamento/local em falta.",""
"strength>place_tatami>bodyweight>upper>back>back_width>latissimus_dorsi","strength","place_tatami","bodyweight","upper","back","back_width","latissimus_dorsi","","","okEmptyWithExplicitNotice","0","0","Não há exercícios disponíveis para este foco com as capacidades atuais. Ativa Mostrar todos para ver o equipamento/local em falta.",""
"strength>place_tatami>bodyweight>upper>back>back_width>teres_major","strength","place_tatami","bodyweight","upper","back","back_width","teres_major","","","okEmptyWithExplicitNotice","0","0","Não há exercícios disponíveis para este foco com as capacidades atuais. Ativa Mostrar todos para ver o equipamento/local em falta.",""
"strength>place_tatami>bodyweight>upper>back>back_width>vertical_pulls","strength","place_tatami","bodyweight","upper","back","back_width","vertical_pulls","","","okEmptyWithExplicitNotice","0","0","Não há exercícios disponíveis para este foco com as capacidades atuais. Ativa Mostrar todos para ver o equipamento/local em falta.",""
"strength>place_tatami>bodyweight>upper>back>back_thickness","strength","place_tatami","bodyweight","upper","back","back_thickness","","","","okEmptyWithExplicitNotice","0","0","Não há exercícios disponíveis para este foco com as capacidades atuais. Ativa Mostrar todos para ver o equipamento/local em falta.",""
"strength>place_tatami>bodyweight>upper>back>back_thickness>rhomboids","strength","place_tatami","bodyweight","upper","back","back_thickness","rhomboids","","","okEmptyWithExplicitNotice","0","0","Não há exercícios disponíveis para este foco com as capacidades atuais. Ativa Mostrar todos para ver o equipamento/local em falta.",""
"strength>place_tatami>bodyweight>upper>back>back_thickness>mid_traps","strength","place_tatami","bodyweight","upper","back","back_thickness","mid_traps","","","okEmptyWithExplicitNotice","0","0","Não há exercícios disponíveis para este foco com as capacidades atuais. Ativa Mostrar todos para ver o equipamento/local em falta.",""
"strength>place_tatami>bodyweight>upper>back>back_thickness>lower_traps","strength","place_tatami","bodyweight","upper","back","back_thickness","lower_traps","","","okEmptyWithExplicitNotice","0","0","Não há exercícios disponíveis para este foco com as capacidades atuais. Ativa Mostrar todos para ver o equipamento/local em falta.",""
"strength>place_tatami>bodyweight>upper>back>back_thickness>horizontal_rows","strength","place_tatami","bodyweight","upper","back","back_thickness","horizontal_rows","","","okEmptyWithExplicitNotice","0","0","Não há exercícios disponíveis para este foco com as capacidades atuais. Ativa Mostrar todos para ver o equipamento/local em falta.",""
"strength>place_tatami>bodyweight>upper>shoulders","strength","place_tatami","bodyweight","upper","shoulders","","","","","okWithResults","3","0","Mostra exercicios compativeis.",""
"strength>place_tatami>bodyweight>upper>shoulders>shoulders_complete","strength","place_tatami","bodyweight","upper","shoulders","shoulders_complete","","","","okEmptyWithExplicitNotice","0","0","Não há exercícios disponíveis para este foco com as capacidades atuais. Ativa Mostrar todos para ver o equipamento/local em falta.",""
"strength>place_tatami>bodyweight>upper>shoulders>anterior_deltoid","strength","place_tatami","bodyweight","upper","shoulders","anterior_deltoid","","","","okEmptyWithExplicitNotice","0","0","Não há exercícios disponíveis para este foco com as capacidades atuais. Ativa Mostrar todos para ver o equipamento/local em falta.",""
"strength>place_tatami>bodyweight>upper>shoulders>lateral_deltoid","strength","place_tatami","bodyweight","upper","shoulders","lateral_deltoid","","","","okEmptyWithExplicitNotice","0","0","Não há exercícios disponíveis para este foco com as capacidades atuais. Ativa Mostrar todos para ver o equipamento/local em falta.",""
"strength>place_tatami>bodyweight>upper>shoulders>posterior_deltoid","strength","place_tatami","bodyweight","upper","shoulders","posterior_deltoid","","","","okEmptyWithExplicitNotice","0","0","Não há exercícios disponíveis para este foco com as capacidades atuais. Ativa Mostrar todos para ver o equipamento/local em falta.",""
"strength>place_tatami>bodyweight>upper>shoulders>rotator_cuff","strength","place_tatami","bodyweight","upper","shoulders","rotator_cuff","","","","okEmptyWithExplicitNotice","0","0","Não há exercícios disponíveis para este foco com as capacidades atuais. Ativa Mostrar todos para ver o equipamento/local em falta.",""
"strength>place_tatami>bodyweight>upper>shoulders>external_rotators","strength","place_tatami","bodyweight","upper","shoulders","external_rotators","","","","okEmptyWithExplicitNotice","0","0","Não há exercícios disponíveis para este foco com as capacidades atuais. Ativa Mostrar todos para ver o equipamento/local em falta.",""
"strength>place_tatami>bodyweight>upper>shoulders>internal_rotators","strength","place_tatami","bodyweight","upper","shoulders","internal_rotators","","","","okEmptyWithExplicitNotice","0","0","Não há exercícios disponíveis para este foco com as capacidades atuais. Ativa Mostrar todos para ver o equipamento/local em falta.",""
"strength>place_tatami>bodyweight>upper>shoulders>scapular_stability","strength","place_tatami","bodyweight","upper","shoulders","scapular_stability","","","","okEmptyWithExplicitNotice","0","0","Não há exercícios disponíveis para este foco com as capacidades atuais. Ativa Mostrar todos para ver o equipamento/local em falta.",""
"strength>place_tatami>bodyweight>upper>arms","strength","place_tatami","bodyweight","upper","arms","","","","","okWithResults","2","0","Mostra exercicios compativeis.",""
"strength>place_tatami>bodyweight>upper>arms>arms_complete","strength","place_tatami","bodyweight","upper","arms","arms_complete","","","","okEmptyWithExplicitNotice","0","0","Não há exercícios disponíveis para este foco com as capacidades atuais. Ativa Mostrar todos para ver o equipamento/local em falta.",""
"strength>place_tatami>bodyweight>upper>arms>upper_arm","strength","place_tatami","bodyweight","upper","arms","upper_arm","","","","okEmptyWithExplicitNotice","0","0","Não há exercícios disponíveis para este foco com as capacidades atuais. Ativa Mostrar todos para ver o equipamento/local em falta.",""
"strength>place_tatami>bodyweight>upper>arms>upper_arm>biceps_brachii","strength","place_tatami","bodyweight","upper","arms","upper_arm","biceps_brachii","","","okEmptyWithExplicitNotice","0","0","Não há exercícios disponíveis para este foco com as capacidades atuais. Ativa Mostrar todos para ver o equipamento/local em falta.",""
"strength>place_tatami>bodyweight>upper>arms>upper_arm>brachialis","strength","place_tatami","bodyweight","upper","arms","upper_arm","brachialis","","","okEmptyWithExplicitNotice","0","0","Não há exercícios disponíveis para este foco com as capacidades atuais. Ativa Mostrar todos para ver o equipamento/local em falta.",""
"strength>place_tatami>bodyweight>upper>arms>upper_arm>brachioradialis","strength","place_tatami","bodyweight","upper","arms","upper_arm","brachioradialis","","","okEmptyWithExplicitNotice","0","0","Não há exercícios disponíveis para este foco com as capacidades atuais. Ativa Mostrar todos para ver o equipamento/local em falta.",""
"strength>place_tatami>bodyweight>upper>arms>upper_arm>triceps","strength","place_tatami","bodyweight","upper","arms","upper_arm","triceps","","","okWithResults","2","0","Mostra exercicios compativeis.",""
"strength>place_tatami>bodyweight>upper>arms>upper_arm>triceps_long","strength","place_tatami","bodyweight","upper","arms","upper_arm","triceps_long","","","okEmptyWithExplicitNotice","0","0","Não há exercícios disponíveis para este foco com as capacidades atuais. Ativa Mostrar todos para ver o equipamento/local em falta.",""
"strength>place_tatami>bodyweight>upper>arms>upper_arm>triceps_lateral","strength","place_tatami","bodyweight","upper","arms","upper_arm","triceps_lateral","","","okEmptyWithExplicitNotice","0","0","Não há exercícios disponíveis para este foco com as capacidades atuais. Ativa Mostrar todos para ver o equipamento/local em falta.",""
"strength>place_tatami>bodyweight>upper>arms>upper_arm>triceps_medial","strength","place_tatami","bodyweight","upper","arms","upper_arm","triceps_medial","","","okEmptyWithExplicitNotice","0","0","Não há exercícios disponíveis para este foco com as capacidades atuais. Ativa Mostrar todos para ver o equipamento/local em falta.",""
"strength>place_tatami>bodyweight>upper>arms>forearm_hand","strength","place_tatami","bodyweight","upper","arms","forearm_hand","","","","okEmptyWithExplicitNotice","0","0","Não há exercícios disponíveis para este foco com as capacidades atuais. Ativa Mostrar todos para ver o equipamento/local em falta.",""
"strength>place_tatami>bodyweight>upper>arms>forearm_hand>forearm_complete","strength","place_tatami","bodyweight","upper","arms","forearm_hand","forearm_complete","","","okEmptyWithExplicitNotice","0","0","Não há exercícios disponíveis para este foco com as capacidades atuais. Ativa Mostrar todos para ver o equipamento/local em falta.",""
"strength>place_tatami>bodyweight>upper>arms>forearm_hand>forearm_flexors","strength","place_tatami","bodyweight","upper","arms","forearm_hand","forearm_flexors","","","okEmptyWithExplicitNotice","0","0","Não há exercícios disponíveis para este foco com as capacidades atuais. Ativa Mostrar todos para ver o equipamento/local em falta.",""
"strength>place_tatami>bodyweight>upper>arms>forearm_hand>forearm_extensors","strength","place_tatami","bodyweight","upper","arms","forearm_hand","forearm_extensors","","","okEmptyWithExplicitNotice","0","0","Não há exercícios disponíveis para este foco com as capacidades atuais. Ativa Mostrar todos para ver o equipamento/local em falta.",""
"strength>place_tatami>bodyweight>upper>arms>forearm_hand>pronators","strength","place_tatami","bodyweight","upper","arms","forearm_hand","pronators","","","okEmptyWithExplicitNotice","0","0","Não há exercícios disponíveis para este foco com as capacidades atuais. Ativa Mostrar todos para ver o equipamento/local em falta.",""
"strength>place_tatami>bodyweight>upper>arms>forearm_hand>supinators","strength","place_tatami","bodyweight","upper","arms","forearm_hand","supinators","","","okEmptyWithExplicitNotice","0","0","Não há exercícios disponíveis para este foco com as capacidades atuais. Ativa Mostrar todos para ver o equipamento/local em falta.",""
"strength>place_tatami>bodyweight>upper>arms>forearm_hand>wrist","strength","place_tatami","bodyweight","upper","arms","forearm_hand","wrist","","","okEmptyWithExplicitNotice","0","0","Não há exercícios disponíveis para este foco com as capacidades atuais. Ativa Mostrar todos para ver o equipamento/local em falta.",""
"strength>place_tatami>bodyweight>upper>arms>forearm_hand>fingers","strength","place_tatami","bodyweight","upper","arms","forearm_hand","fingers","","","okEmptyWithExplicitNotice","0","0","Não há exercícios disponíveis para este foco com as capacidades atuais. Ativa Mostrar todos para ver o equipamento/local em falta.",""
"strength>place_tatami>bodyweight>upper>arms>forearm_hand>support_grip","strength","place_tatami","bodyweight","upper","arms","forearm_hand","support_grip","","","okEmptyWithExplicitNotice","0","0","Não há exercícios disponíveis para este foco com as capacidades atuais. Ativa Mostrar todos para ver o equipamento/local em falta.",""
"strength>place_tatami>bodyweight>upper>arms>forearm_hand>pinch_grip","strength","place_tatami","bodyweight","upper","arms","forearm_hand","pinch_grip","","","okEmptyWithExplicitNotice","0","0","Não há exercícios disponíveis para este foco com as capacidades atuais. Ativa Mostrar todos para ver o equipamento/local em falta.",""
"strength>place_tatami>bodyweight>upper>arms>forearm_hand>general_grip","strength","place_tatami","bodyweight","upper","arms","forearm_hand","general_grip","","","okEmptyWithExplicitNotice","0","0","Não há exercícios disponíveis para este foco com as capacidades atuais. Ativa Mostrar todos para ver o equipamento/local em falta.",""
"strength>place_tatami>bodyweight>upper>forearm_hand","strength","place_tatami","bodyweight","upper","forearm_hand","","","","","okEmptyWithExplicitNotice","0","0","Não há exercícios disponíveis para este foco com as capacidades atuais. Ativa Mostrar todos para ver o equipamento/local em falta.",""
"strength>place_tatami>bodyweight>upper>forearm_hand>forearm_complete","strength","place_tatami","bodyweight","upper","forearm_hand","forearm_complete","","","","okEmptyWithExplicitNotice","0","0","Não há exercícios disponíveis para este foco com as capacidades atuais. Ativa Mostrar todos para ver o equipamento/local em falta.",""
"strength>place_tatami>bodyweight>upper>forearm_hand>forearm_flexors","strength","place_tatami","bodyweight","upper","forearm_hand","forearm_flexors","","","","okEmptyWithExplicitNotice","0","0","Não há exercícios disponíveis para este foco com as capacidades atuais. Ativa Mostrar todos para ver o equipamento/local em falta.",""
"strength>place_tatami>bodyweight>upper>forearm_hand>forearm_extensors","strength","place_tatami","bodyweight","upper","forearm_hand","forearm_extensors","","","","okEmptyWithExplicitNotice","0","0","Não há exercícios disponíveis para este foco com as capacidades atuais. Ativa Mostrar todos para ver o equipamento/local em falta.",""
"strength>place_tatami>bodyweight>upper>forearm_hand>pronators","strength","place_tatami","bodyweight","upper","forearm_hand","pronators","","","","okEmptyWithExplicitNotice","0","0","Não há exercícios disponíveis para este foco com as capacidades atuais. Ativa Mostrar todos para ver o equipamento/local em falta.",""
"strength>place_tatami>bodyweight>upper>forearm_hand>supinators","strength","place_tatami","bodyweight","upper","forearm_hand","supinators","","","","okEmptyWithExplicitNotice","0","0","Não há exercícios disponíveis para este foco com as capacidades atuais. Ativa Mostrar todos para ver o equipamento/local em falta.",""
"strength>place_tatami>bodyweight>upper>forearm_hand>wrist","strength","place_tatami","bodyweight","upper","forearm_hand","wrist","","","","okEmptyWithExplicitNotice","0","0","Não há exercícios disponíveis para este foco com as capacidades atuais. Ativa Mostrar todos para ver o equipamento/local em falta.",""
"strength>place_tatami>bodyweight>upper>forearm_hand>fingers","strength","place_tatami","bodyweight","upper","forearm_hand","fingers","","","","okEmptyWithExplicitNotice","0","0","Não há exercícios disponíveis para este foco com as capacidades atuais. Ativa Mostrar todos para ver o equipamento/local em falta.",""
"strength>place_tatami>bodyweight>upper>forearm_hand>support_grip","strength","place_tatami","bodyweight","upper","forearm_hand","support_grip","","","","okEmptyWithExplicitNotice","0","0","Não há exercícios disponíveis para este foco com as capacidades atuais. Ativa Mostrar todos para ver o equipamento/local em falta.",""
"strength>place_tatami>bodyweight>upper>forearm_hand>pinch_grip","strength","place_tatami","bodyweight","upper","forearm_hand","pinch_grip","","","","okEmptyWithExplicitNotice","0","0","Não há exercícios disponíveis para este foco com as capacidades atuais. Ativa Mostrar todos para ver o equipamento/local em falta.",""
"strength>place_tatami>bodyweight>upper>forearm_hand>general_grip","strength","place_tatami","bodyweight","upper","forearm_hand","general_grip","","","","okEmptyWithExplicitNotice","0","0","Não há exercícios disponíveis para este foco com as capacidades atuais. Ativa Mostrar todos para ver o equipamento/local em falta.",""
"strength>place_tatami>bodyweight>lower","strength","place_tatami","bodyweight","lower","","","","","","okWithResults","18","0","Mostra exercicios compativeis.",""
"strength>place_tatami>bodyweight>lower>hips_glutes","strength","place_tatami","bodyweight","lower","hips_glutes","","","","","okWithResults","8","0","Mostra exercicios compativeis.",""
"strength>place_tatami>bodyweight>lower>quadriceps","strength","place_tatami","bodyweight","lower","quadriceps","","","","","okWithResults","5","0","Mostra exercicios compativeis.",""
"strength>place_tatami>bodyweight>lower>hamstrings","strength","place_tatami","bodyweight","lower","hamstrings","","","","","okWithResults","1","0","Mostra exercicios compativeis.",""
"strength>place_tatami>bodyweight>lower>adductors","strength","place_tatami","bodyweight","lower","adductors","","","","","okWithResults","1","0","Mostra exercicios compativeis.",""
"strength>place_tatami>bodyweight>lower>abductors","strength","place_tatami","bodyweight","lower","abductors","","","","","okWithResults","2","0","Mostra exercicios compativeis.",""
"strength>place_tatami>bodyweight>lower>calves","strength","place_tatami","bodyweight","lower","calves","","","","","okWithResults","3","0","Mostra exercicios compativeis.",""
"strength>place_tatami>bodyweight>lower>tibialis","strength","place_tatami","bodyweight","lower","tibialis","","","","","okWithResults","1","0","Mostra exercicios compativeis.",""
"strength>place_tatami>bodyweight>lower>feet_ankle","strength","place_tatami","bodyweight","lower","feet_ankle","","","","","okWithResults","6","0","Mostra exercicios compativeis.",""
"strength>place_tatami>bodyweight>core","strength","place_tatami","bodyweight","core","","","","","","okEmptyWithExplicitNotice","0","0","Não há exercícios disponíveis para este foco com as capacidades atuais. Ativa Mostrar todos para ver o equipamento/local em falta.",""
"strength>place_tatami>bodyweight>core>abdominal","strength","place_tatami","bodyweight","core","abdominal","","","","","okEmptyWithExplicitNotice","0","0","Não há exercícios disponíveis para este foco com as capacidades atuais. Ativa Mostrar todos para ver o equipamento/local em falta.",""
"strength>place_tatami>bodyweight>core>obliques","strength","place_tatami","bodyweight","core","obliques","","","","","okEmptyWithExplicitNotice","0","0","Não há exercícios disponíveis para este foco com as capacidades atuais. Ativa Mostrar todos para ver o equipamento/local em falta.",""
"strength>place_tatami>bodyweight>core>transverse_abs","strength","place_tatami","bodyweight","core","transverse_abs","","","","","okEmptyWithExplicitNotice","0","0","Não há exercícios disponíveis para este foco com as capacidades atuais. Ativa Mostrar todos para ver o equipamento/local em falta.",""
"strength>place_tatami>bodyweight>core>low_back","strength","place_tatami","bodyweight","core","low_back","","","","","okEmptyWithExplicitNotice","0","0","Não há exercícios disponíveis para este foco com as capacidades atuais. Ativa Mostrar todos para ver o equipamento/local em falta.",""
"strength>place_tatami>bodyweight>core>core_stability","strength","place_tatami","bodyweight","core","core_stability","","","","","okEmptyWithExplicitNotice","0","0","Não há exercícios disponíveis para este foco com as capacidades atuais. Ativa Mostrar todos para ver o equipamento/local em falta.",""
"strength>place_tatami>bodyweight>core>anti_rotation","strength","place_tatami","bodyweight","core","anti_rotation","","","","","okEmptyWithExplicitNotice","0","0","Não há exercícios disponíveis para este foco com as capacidades atuais. Ativa Mostrar todos para ver o equipamento/local em falta.",""
"strength>place_tatami>bodyweight>core>anti_extension","strength","place_tatami","bodyweight","core","anti_extension","","","","","okEmptyWithExplicitNotice","0","0","Não há exercícios disponíveis para este foco com as capacidades atuais. Ativa Mostrar todos para ver o equipamento/local em falta.",""
"strength>place_tatami>bodyweight>core>anti_lateral_flexion","strength","place_tatami","bodyweight","core","anti_lateral_flexion","","","","","okEmptyWithExplicitNotice","0","0","Não há exercícios disponíveis para este foco com as capacidades atuais. Ativa Mostrar todos para ver o equipamento/local em falta.",""
"strength>place_outdoor>bodyweight>full_body","strength","place_outdoor","bodyweight","full_body","","","","","","okEmptyWithExplicitNotice","0","0","Não há exercícios disponíveis para este foco com as capacidades atuais. Ativa Mostrar todos para ver o equipamento/local em falta.",""
"strength>place_outdoor>floor>full_body","strength","place_outdoor","floor","full_body","","","","","","okEmptyWithExplicitNotice","0","0","Não há exercícios disponíveis para este foco com as capacidades atuais. Ativa Mostrar todos para ver o equipamento/local em falta.",""
"strength>place_outdoor>outdoor_space>full_body","strength","place_outdoor","outdoor_space","full_body","","","","","","okEmptyWithExplicitNotice","0","0","Não há exercícios disponíveis para este foco com as capacidades atuais. Ativa Mostrar todos para ver o equipamento/local em falta.",""
"strength>place_outdoor>bodyweight>upper","strength","place_outdoor","bodyweight","upper","","","","","","okWithResults","17","0","Mostra exercicios compativeis.",""
"strength>place_outdoor>bodyweight>upper>neck","strength","place_outdoor","bodyweight","upper","neck","","","","","okWithResults","5","0","Mostra exercicios compativeis.",""
"strength>place_outdoor>bodyweight>upper>neck>neck_complete","strength","place_outdoor","bodyweight","upper","neck","neck_complete","","","","okEmptyWithExplicitNotice","0","0","Não há exercícios disponíveis para este foco com as capacidades atuais. Ativa Mostrar todos para ver o equipamento/local em falta.",""
"strength>place_outdoor>bodyweight>upper>neck>anterior_neck","strength","place_outdoor","bodyweight","upper","neck","anterior_neck","","","","okEmptyWithExplicitNotice","0","0","Não há exercícios disponíveis para este foco com as capacidades atuais. Ativa Mostrar todos para ver o equipamento/local em falta.",""
"strength>place_outdoor>bodyweight>upper>neck>posterior_neck","strength","place_outdoor","bodyweight","upper","neck","posterior_neck","","","","okEmptyWithExplicitNotice","0","0","Não há exercícios disponíveis para este foco com as capacidades atuais. Ativa Mostrar todos para ver o equipamento/local em falta.",""
"strength>place_outdoor>bodyweight>upper>neck>lateral_neck","strength","place_outdoor","bodyweight","upper","neck","lateral_neck","","","","okEmptyWithExplicitNotice","0","0","Não há exercícios disponíveis para este foco com as capacidades atuais. Ativa Mostrar todos para ver o equipamento/local em falta.",""
"strength>place_outdoor>bodyweight>upper>neck>cervical_stabilizers","strength","place_outdoor","bodyweight","upper","neck","cervical_stabilizers","","","","okEmptyWithExplicitNotice","0","0","Não há exercícios disponíveis para este foco com as capacidades atuais. Ativa Mostrar todos para ver o equipamento/local em falta.",""
"strength>place_outdoor>bodyweight>upper>traps_scapula","strength","place_outdoor","bodyweight","upper","traps_scapula","","","","","okEmptyWithExplicitNotice","0","0","Não há exercícios disponíveis para este foco com as capacidades atuais. Ativa Mostrar todos para ver o equipamento/local em falta.",""
"strength>place_outdoor>bodyweight>upper>traps_scapula>traps_complete","strength","place_outdoor","bodyweight","upper","traps_scapula","traps_complete","","","","okEmptyWithExplicitNotice","0","0","Não há exercícios disponíveis para este foco com as capacidades atuais. Ativa Mostrar todos para ver o equipamento/local em falta.",""
"strength>place_outdoor>bodyweight>upper>traps_scapula>upper_traps","strength","place_outdoor","bodyweight","upper","traps_scapula","upper_traps","","","","okEmptyWithExplicitNotice","0","0","Não há exercícios disponíveis para este foco com as capacidades atuais. Ativa Mostrar todos para ver o equipamento/local em falta.",""
"strength>place_outdoor>bodyweight>upper>traps_scapula>mid_traps","strength","place_outdoor","bodyweight","upper","traps_scapula","mid_traps","","","","okEmptyWithExplicitNotice","0","0","Não há exercícios disponíveis para este foco com as capacidades atuais. Ativa Mostrar todos para ver o equipamento/local em falta.",""
"strength>place_outdoor>bodyweight>upper>traps_scapula>lower_traps","strength","place_outdoor","bodyweight","upper","traps_scapula","lower_traps","","","","okEmptyWithExplicitNotice","0","0","Não há exercícios disponíveis para este foco com as capacidades atuais. Ativa Mostrar todos para ver o equipamento/local em falta.",""
"strength>place_outdoor>bodyweight>upper>traps_scapula>scapular_stability","strength","place_outdoor","bodyweight","upper","traps_scapula","scapular_stability","","","","okEmptyWithExplicitNotice","0","0","Não há exercícios disponíveis para este foco com as capacidades atuais. Ativa Mostrar todos para ver o equipamento/local em falta.",""
"strength>place_outdoor>bodyweight>upper>chest","strength","place_outdoor","bodyweight","upper","chest","","","","","okWithResults","4","0","Mostra exercicios compativeis.",""
"strength>place_outdoor>bodyweight>upper>chest>chest_complete","strength","place_outdoor","bodyweight","upper","chest","chest_complete","","","","okEmptyWithExplicitNotice","0","0","Não há exercícios disponíveis para este foco com as capacidades atuais. Ativa Mostrar todos para ver o equipamento/local em falta.",""
"strength>place_outdoor>bodyweight>upper>chest>upper_chest","strength","place_outdoor","bodyweight","upper","chest","upper_chest","","","","okWithResults","3","0","Mostra exercicios compativeis.",""
"strength>place_outdoor>bodyweight>upper>chest>mid_chest","strength","place_outdoor","bodyweight","upper","chest","mid_chest","","","","okWithResults","3","0","Mostra exercicios compativeis.",""
"strength>place_outdoor>bodyweight>upper>chest>lower_chest","strength","place_outdoor","bodyweight","upper","chest","lower_chest","","","","okWithResults","3","0","Mostra exercicios compativeis.",""
"strength>place_outdoor>bodyweight>upper>chest>pectoralis_minor","strength","place_outdoor","bodyweight","upper","chest","pectoralis_minor","","","","okWithResults","3","0","Mostra exercicios compativeis.",""
"strength>place_outdoor>bodyweight>upper>chest>serratus_anterior","strength","place_outdoor","bodyweight","upper","chest","serratus_anterior","","","","okWithResults","4","0","Mostra exercicios compativeis.",""
"strength>place_outdoor>bodyweight>upper>back","strength","place_outdoor","bodyweight","upper","back","","","","","okWithResults","4","0","Mostra exercicios compativeis.",""
"strength>place_outdoor>bodyweight>upper>back>back_complete","strength","place_outdoor","bodyweight","upper","back","back_complete","","","","okEmptyWithExplicitNotice","0","0","Não há exercícios disponíveis para este foco com as capacidades atuais. Ativa Mostrar todos para ver o equipamento/local em falta.",""
"strength>place_outdoor>bodyweight>upper>back>back_upper","strength","place_outdoor","bodyweight","upper","back","back_upper","","","","okEmptyWithExplicitNotice","0","0","Não há exercícios disponíveis para este foco com as capacidades atuais. Ativa Mostrar todos para ver o equipamento/local em falta.",""
"strength>place_outdoor>bodyweight>upper>back>back_upper>upper_traps","strength","place_outdoor","bodyweight","upper","back","back_upper","upper_traps","","","okEmptyWithExplicitNotice","0","0","Não há exercícios disponíveis para este foco com as capacidades atuais. Ativa Mostrar todos para ver o equipamento/local em falta.",""
"strength>place_outdoor>bodyweight>upper>back>back_upper>mid_traps","strength","place_outdoor","bodyweight","upper","back","back_upper","mid_traps","","","okEmptyWithExplicitNotice","0","0","Não há exercícios disponíveis para este foco com as capacidades atuais. Ativa Mostrar todos para ver o equipamento/local em falta.",""
"strength>place_outdoor>bodyweight>upper>back>back_upper>lower_traps","strength","place_outdoor","bodyweight","upper","back","back_upper","lower_traps","","","okEmptyWithExplicitNotice","0","0","Não há exercícios disponíveis para este foco com as capacidades atuais. Ativa Mostrar todos para ver o equipamento/local em falta.",""
"strength>place_outdoor>bodyweight>upper>back>back_upper>rhomboids","strength","place_outdoor","bodyweight","upper","back","back_upper","rhomboids","","","okEmptyWithExplicitNotice","0","0","Não há exercícios disponíveis para este foco com as capacidades atuais. Ativa Mostrar todos para ver o equipamento/local em falta.",""
"strength>place_outdoor>bodyweight>upper>back>back_upper>posterior_deltoid","strength","place_outdoor","bodyweight","upper","back","back_upper","posterior_deltoid","","","okEmptyWithExplicitNotice","0","0","Não há exercícios disponíveis para este foco com as capacidades atuais. Ativa Mostrar todos para ver o equipamento/local em falta.",""
"strength>place_outdoor>bodyweight>upper>back>back_upper>scapular_stabilizers","strength","place_outdoor","bodyweight","upper","back","back_upper","scapular_stabilizers","","","okEmptyWithExplicitNotice","0","0","Não há exercícios disponíveis para este foco com as capacidades atuais. Ativa Mostrar todos para ver o equipamento/local em falta.",""
"strength>place_outdoor>bodyweight>upper>back>back_mid","strength","place_outdoor","bodyweight","upper","back","back_mid","","","","okEmptyWithExplicitNotice","0","0","Não há exercícios disponíveis para este foco com as capacidades atuais. Ativa Mostrar todos para ver o equipamento/local em falta.",""
"strength>place_outdoor>bodyweight>upper>back>back_mid>rhomboids","strength","place_outdoor","bodyweight","upper","back","back_mid","rhomboids","","","okEmptyWithExplicitNotice","0","0","Não há exercícios disponíveis para este foco com as capacidades atuais. Ativa Mostrar todos para ver o equipamento/local em falta.",""
"strength>place_outdoor>bodyweight>upper>back>back_mid>mid_traps","strength","place_outdoor","bodyweight","upper","back","back_mid","mid_traps","","","okEmptyWithExplicitNotice","0","0","Não há exercícios disponíveis para este foco com as capacidades atuais. Ativa Mostrar todos para ver o equipamento/local em falta.",""
"strength>place_outdoor>bodyweight>upper>back>back_mid>teres_major","strength","place_outdoor","bodyweight","upper","back","back_mid","teres_major","","","okEmptyWithExplicitNotice","0","0","Não há exercícios disponíveis para este foco com as capacidades atuais. Ativa Mostrar todos para ver o equipamento/local em falta.",""
"strength>place_outdoor>bodyweight>upper>back>back_mid>teres_minor","strength","place_outdoor","bodyweight","upper","back","back_mid","teres_minor","","","okEmptyWithExplicitNotice","0","0","Não há exercícios disponíveis para este foco com as capacidades atuais. Ativa Mostrar todos para ver o equipamento/local em falta.",""
"strength>place_outdoor>bodyweight>upper>back>back_mid>latissimus_dorsi","strength","place_outdoor","bodyweight","upper","back","back_mid","latissimus_dorsi","","","okEmptyWithExplicitNotice","0","0","Não há exercícios disponíveis para este foco com as capacidades atuais. Ativa Mostrar todos para ver o equipamento/local em falta.",""
"strength>place_outdoor>bodyweight>upper>back>back_lower","strength","place_outdoor","bodyweight","upper","back","back_lower","","","","okEmptyWithExplicitNotice","0","0","Não há exercícios disponíveis para este foco com as capacidades atuais. Ativa Mostrar todos para ver o equipamento/local em falta.",""
"strength>place_outdoor>bodyweight>upper>back>back_lower>erectors","strength","place_outdoor","bodyweight","upper","back","back_lower","erectors","","","okEmptyWithExplicitNotice","0","0","Não há exercícios disponíveis para este foco com as capacidades atuais. Ativa Mostrar todos para ver o equipamento/local em falta.",""
"strength>place_outdoor>bodyweight>upper>back>back_lower>lumbar","strength","place_outdoor","bodyweight","upper","back","back_lower","lumbar","","","okEmptyWithExplicitNotice","0","0","Não há exercícios disponíveis para este foco com as capacidades atuais. Ativa Mostrar todos para ver o equipamento/local em falta.",""
"strength>place_outdoor>bodyweight>upper>back>back_lower>quadratus_lumborum","strength","place_outdoor","bodyweight","upper","back","back_lower","quadratus_lumborum","","","okEmptyWithExplicitNotice","0","0","Não há exercícios disponíveis para este foco com as capacidades atuais. Ativa Mostrar todos para ver o equipamento/local em falta.",""
"strength>place_outdoor>bodyweight>upper>back>back_lower>lumbar_stability","strength","place_outdoor","bodyweight","upper","back","back_lower","lumbar_stability","","","okEmptyWithExplicitNotice","0","0","Não há exercícios disponíveis para este foco com as capacidades atuais. Ativa Mostrar todos para ver o equipamento/local em falta.",""
"strength>place_outdoor>bodyweight>upper>back>back_width","strength","place_outdoor","bodyweight","upper","back","back_width","","","","okEmptyWithExplicitNotice","0","0","Não há exercícios disponíveis para este foco com as capacidades atuais. Ativa Mostrar todos para ver o equipamento/local em falta.",""
"strength>place_outdoor>bodyweight>upper>back>back_width>latissimus_dorsi","strength","place_outdoor","bodyweight","upper","back","back_width","latissimus_dorsi","","","okEmptyWithExplicitNotice","0","0","Não há exercícios disponíveis para este foco com as capacidades atuais. Ativa Mostrar todos para ver o equipamento/local em falta.",""
"strength>place_outdoor>bodyweight>upper>back>back_width>teres_major","strength","place_outdoor","bodyweight","upper","back","back_width","teres_major","","","okEmptyWithExplicitNotice","0","0","Não há exercícios disponíveis para este foco com as capacidades atuais. Ativa Mostrar todos para ver o equipamento/local em falta.",""
"strength>place_outdoor>bodyweight>upper>back>back_width>vertical_pulls","strength","place_outdoor","bodyweight","upper","back","back_width","vertical_pulls","","","okEmptyWithExplicitNotice","0","0","Não há exercícios disponíveis para este foco com as capacidades atuais. Ativa Mostrar todos para ver o equipamento/local em falta.",""
"strength>place_outdoor>bodyweight>upper>back>back_thickness","strength","place_outdoor","bodyweight","upper","back","back_thickness","","","","okEmptyWithExplicitNotice","0","0","Não há exercícios disponíveis para este foco com as capacidades atuais. Ativa Mostrar todos para ver o equipamento/local em falta.",""
"strength>place_outdoor>bodyweight>upper>back>back_thickness>rhomboids","strength","place_outdoor","bodyweight","upper","back","back_thickness","rhomboids","","","okEmptyWithExplicitNotice","0","0","Não há exercícios disponíveis para este foco com as capacidades atuais. Ativa Mostrar todos para ver o equipamento/local em falta.",""
"strength>place_outdoor>bodyweight>upper>back>back_thickness>mid_traps","strength","place_outdoor","bodyweight","upper","back","back_thickness","mid_traps","","","okEmptyWithExplicitNotice","0","0","Não há exercícios disponíveis para este foco com as capacidades atuais. Ativa Mostrar todos para ver o equipamento/local em falta.",""
"strength>place_outdoor>bodyweight>upper>back>back_thickness>lower_traps","strength","place_outdoor","bodyweight","upper","back","back_thickness","lower_traps","","","okEmptyWithExplicitNotice","0","0","Não há exercícios disponíveis para este foco com as capacidades atuais. Ativa Mostrar todos para ver o equipamento/local em falta.",""
"strength>place_outdoor>bodyweight>upper>back>back_thickness>horizontal_rows","strength","place_outdoor","bodyweight","upper","back","back_thickness","horizontal_rows","","","okEmptyWithExplicitNotice","0","0","Não há exercícios disponíveis para este foco com as capacidades atuais. Ativa Mostrar todos para ver o equipamento/local em falta.",""
"strength>place_outdoor>bodyweight>upper>shoulders","strength","place_outdoor","bodyweight","upper","shoulders","","","","","okWithResults","3","0","Mostra exercicios compativeis.",""
"strength>place_outdoor>bodyweight>upper>shoulders>shoulders_complete","strength","place_outdoor","bodyweight","upper","shoulders","shoulders_complete","","","","okEmptyWithExplicitNotice","0","0","Não há exercícios disponíveis para este foco com as capacidades atuais. Ativa Mostrar todos para ver o equipamento/local em falta.",""
"strength>place_outdoor>bodyweight>upper>shoulders>anterior_deltoid","strength","place_outdoor","bodyweight","upper","shoulders","anterior_deltoid","","","","okEmptyWithExplicitNotice","0","0","Não há exercícios disponíveis para este foco com as capacidades atuais. Ativa Mostrar todos para ver o equipamento/local em falta.",""
"strength>place_outdoor>bodyweight>upper>shoulders>lateral_deltoid","strength","place_outdoor","bodyweight","upper","shoulders","lateral_deltoid","","","","okEmptyWithExplicitNotice","0","0","Não há exercícios disponíveis para este foco com as capacidades atuais. Ativa Mostrar todos para ver o equipamento/local em falta.",""
"strength>place_outdoor>bodyweight>upper>shoulders>posterior_deltoid","strength","place_outdoor","bodyweight","upper","shoulders","posterior_deltoid","","","","okEmptyWithExplicitNotice","0","0","Não há exercícios disponíveis para este foco com as capacidades atuais. Ativa Mostrar todos para ver o equipamento/local em falta.",""
"strength>place_outdoor>bodyweight>upper>shoulders>rotator_cuff","strength","place_outdoor","bodyweight","upper","shoulders","rotator_cuff","","","","okEmptyWithExplicitNotice","0","0","Não há exercícios disponíveis para este foco com as capacidades atuais. Ativa Mostrar todos para ver o equipamento/local em falta.",""
"strength>place_outdoor>bodyweight>upper>shoulders>external_rotators","strength","place_outdoor","bodyweight","upper","shoulders","external_rotators","","","","okEmptyWithExplicitNotice","0","0","Não há exercícios disponíveis para este foco com as capacidades atuais. Ativa Mostrar todos para ver o equipamento/local em falta.",""
"strength>place_outdoor>bodyweight>upper>shoulders>internal_rotators","strength","place_outdoor","bodyweight","upper","shoulders","internal_rotators","","","","okEmptyWithExplicitNotice","0","0","Não há exercícios disponíveis para este foco com as capacidades atuais. Ativa Mostrar todos para ver o equipamento/local em falta.",""
"strength>place_outdoor>bodyweight>upper>shoulders>scapular_stability","strength","place_outdoor","bodyweight","upper","shoulders","scapular_stability","","","","okEmptyWithExplicitNotice","0","0","Não há exercícios disponíveis para este foco com as capacidades atuais. Ativa Mostrar todos para ver o equipamento/local em falta.",""
"strength>place_outdoor>bodyweight>upper>arms","strength","place_outdoor","bodyweight","upper","arms","","","","","okWithResults","2","0","Mostra exercicios compativeis.",""
"strength>place_outdoor>bodyweight>upper>arms>arms_complete","strength","place_outdoor","bodyweight","upper","arms","arms_complete","","","","okEmptyWithExplicitNotice","0","0","Não há exercícios disponíveis para este foco com as capacidades atuais. Ativa Mostrar todos para ver o equipamento/local em falta.",""
"strength>place_outdoor>bodyweight>upper>arms>upper_arm","strength","place_outdoor","bodyweight","upper","arms","upper_arm","","","","okEmptyWithExplicitNotice","0","0","Não há exercícios disponíveis para este foco com as capacidades atuais. Ativa Mostrar todos para ver o equipamento/local em falta.",""
"strength>place_outdoor>bodyweight>upper>arms>upper_arm>biceps_brachii","strength","place_outdoor","bodyweight","upper","arms","upper_arm","biceps_brachii","","","okEmptyWithExplicitNotice","0","0","Não há exercícios disponíveis para este foco com as capacidades atuais. Ativa Mostrar todos para ver o equipamento/local em falta.",""
"strength>place_outdoor>bodyweight>upper>arms>upper_arm>brachialis","strength","place_outdoor","bodyweight","upper","arms","upper_arm","brachialis","","","okEmptyWithExplicitNotice","0","0","Não há exercícios disponíveis para este foco com as capacidades atuais. Ativa Mostrar todos para ver o equipamento/local em falta.",""
"strength>place_outdoor>bodyweight>upper>arms>upper_arm>brachioradialis","strength","place_outdoor","bodyweight","upper","arms","upper_arm","brachioradialis","","","okEmptyWithExplicitNotice","0","0","Não há exercícios disponíveis para este foco com as capacidades atuais. Ativa Mostrar todos para ver o equipamento/local em falta.",""
"strength>place_outdoor>bodyweight>upper>arms>upper_arm>triceps","strength","place_outdoor","bodyweight","upper","arms","upper_arm","triceps","","","okWithResults","2","0","Mostra exercicios compativeis.",""
"strength>place_outdoor>bodyweight>upper>arms>upper_arm>triceps_long","strength","place_outdoor","bodyweight","upper","arms","upper_arm","triceps_long","","","okEmptyWithExplicitNotice","0","0","Não há exercícios disponíveis para este foco com as capacidades atuais. Ativa Mostrar todos para ver o equipamento/local em falta.",""
"strength>place_outdoor>bodyweight>upper>arms>upper_arm>triceps_lateral","strength","place_outdoor","bodyweight","upper","arms","upper_arm","triceps_lateral","","","okEmptyWithExplicitNotice","0","0","Não há exercícios disponíveis para este foco com as capacidades atuais. Ativa Mostrar todos para ver o equipamento/local em falta.",""
"strength>place_outdoor>bodyweight>upper>arms>upper_arm>triceps_medial","strength","place_outdoor","bodyweight","upper","arms","upper_arm","triceps_medial","","","okEmptyWithExplicitNotice","0","0","Não há exercícios disponíveis para este foco com as capacidades atuais. Ativa Mostrar todos para ver o equipamento/local em falta.",""
"strength>place_outdoor>bodyweight>upper>arms>forearm_hand","strength","place_outdoor","bodyweight","upper","arms","forearm_hand","","","","okEmptyWithExplicitNotice","0","0","Não há exercícios disponíveis para este foco com as capacidades atuais. Ativa Mostrar todos para ver o equipamento/local em falta.",""
"strength>place_outdoor>bodyweight>upper>arms>forearm_hand>forearm_complete","strength","place_outdoor","bodyweight","upper","arms","forearm_hand","forearm_complete","","","okEmptyWithExplicitNotice","0","0","Não há exercícios disponíveis para este foco com as capacidades atuais. Ativa Mostrar todos para ver o equipamento/local em falta.",""
"strength>place_outdoor>bodyweight>upper>arms>forearm_hand>forearm_flexors","strength","place_outdoor","bodyweight","upper","arms","forearm_hand","forearm_flexors","","","okEmptyWithExplicitNotice","0","0","Não há exercícios disponíveis para este foco com as capacidades atuais. Ativa Mostrar todos para ver o equipamento/local em falta.",""
"strength>place_outdoor>bodyweight>upper>arms>forearm_hand>forearm_extensors","strength","place_outdoor","bodyweight","upper","arms","forearm_hand","forearm_extensors","","","okEmptyWithExplicitNotice","0","0","Não há exercícios disponíveis para este foco com as capacidades atuais. Ativa Mostrar todos para ver o equipamento/local em falta.",""
"strength>place_outdoor>bodyweight>upper>arms>forearm_hand>pronators","strength","place_outdoor","bodyweight","upper","arms","forearm_hand","pronators","","","okEmptyWithExplicitNotice","0","0","Não há exercícios disponíveis para este foco com as capacidades atuais. Ativa Mostrar todos para ver o equipamento/local em falta.",""
"strength>place_outdoor>bodyweight>upper>arms>forearm_hand>supinators","strength","place_outdoor","bodyweight","upper","arms","forearm_hand","supinators","","","okEmptyWithExplicitNotice","0","0","Não há exercícios disponíveis para este foco com as capacidades atuais. Ativa Mostrar todos para ver o equipamento/local em falta.",""
"strength>place_outdoor>bodyweight>upper>arms>forearm_hand>wrist","strength","place_outdoor","bodyweight","upper","arms","forearm_hand","wrist","","","okEmptyWithExplicitNotice","0","0","Não há exercícios disponíveis para este foco com as capacidades atuais. Ativa Mostrar todos para ver o equipamento/local em falta.",""
"strength>place_outdoor>bodyweight>upper>arms>forearm_hand>fingers","strength","place_outdoor","bodyweight","upper","arms","forearm_hand","fingers","","","okEmptyWithExplicitNotice","0","0","Não há exercícios disponíveis para este foco com as capacidades atuais. Ativa Mostrar todos para ver o equipamento/local em falta.",""
"strength>place_outdoor>bodyweight>upper>arms>forearm_hand>support_grip","strength","place_outdoor","bodyweight","upper","arms","forearm_hand","support_grip","","","okEmptyWithExplicitNotice","0","0","Não há exercícios disponíveis para este foco com as capacidades atuais. Ativa Mostrar todos para ver o equipamento/local em falta.",""
"strength>place_outdoor>bodyweight>upper>arms>forearm_hand>pinch_grip","strength","place_outdoor","bodyweight","upper","arms","forearm_hand","pinch_grip","","","okEmptyWithExplicitNotice","0","0","Não há exercícios disponíveis para este foco com as capacidades atuais. Ativa Mostrar todos para ver o equipamento/local em falta.",""
"strength>place_outdoor>bodyweight>upper>arms>forearm_hand>general_grip","strength","place_outdoor","bodyweight","upper","arms","forearm_hand","general_grip","","","okEmptyWithExplicitNotice","0","0","Não há exercícios disponíveis para este foco com as capacidades atuais. Ativa Mostrar todos para ver o equipamento/local em falta.",""
"strength>place_outdoor>bodyweight>upper>forearm_hand","strength","place_outdoor","bodyweight","upper","forearm_hand","","","","","okEmptyWithExplicitNotice","0","0","Não há exercícios disponíveis para este foco com as capacidades atuais. Ativa Mostrar todos para ver o equipamento/local em falta.",""
"strength>place_outdoor>bodyweight>upper>forearm_hand>forearm_complete","strength","place_outdoor","bodyweight","upper","forearm_hand","forearm_complete","","","","okEmptyWithExplicitNotice","0","0","Não há exercícios disponíveis para este foco com as capacidades atuais. Ativa Mostrar todos para ver o equipamento/local em falta.",""
"strength>place_outdoor>bodyweight>upper>forearm_hand>forearm_flexors","strength","place_outdoor","bodyweight","upper","forearm_hand","forearm_flexors","","","","okEmptyWithExplicitNotice","0","0","Não há exercícios disponíveis para este foco com as capacidades atuais. Ativa Mostrar todos para ver o equipamento/local em falta.",""
"strength>place_outdoor>bodyweight>upper>forearm_hand>forearm_extensors","strength","place_outdoor","bodyweight","upper","forearm_hand","forearm_extensors","","","","okEmptyWithExplicitNotice","0","0","Não há exercícios disponíveis para este foco com as capacidades atuais. Ativa Mostrar todos para ver o equipamento/local em falta.",""
"strength>place_outdoor>bodyweight>upper>forearm_hand>pronators","strength","place_outdoor","bodyweight","upper","forearm_hand","pronators","","","","okEmptyWithExplicitNotice","0","0","Não há exercícios disponíveis para este foco com as capacidades atuais. Ativa Mostrar todos para ver o equipamento/local em falta.",""
"strength>place_outdoor>bodyweight>upper>forearm_hand>supinators","strength","place_outdoor","bodyweight","upper","forearm_hand","supinators","","","","okEmptyWithExplicitNotice","0","0","Não há exercícios disponíveis para este foco com as capacidades atuais. Ativa Mostrar todos para ver o equipamento/local em falta.",""
"strength>place_outdoor>bodyweight>upper>forearm_hand>wrist","strength","place_outdoor","bodyweight","upper","forearm_hand","wrist","","","","okEmptyWithExplicitNotice","0","0","Não há exercícios disponíveis para este foco com as capacidades atuais. Ativa Mostrar todos para ver o equipamento/local em falta.",""
"strength>place_outdoor>bodyweight>upper>forearm_hand>fingers","strength","place_outdoor","bodyweight","upper","forearm_hand","fingers","","","","okEmptyWithExplicitNotice","0","0","Não há exercícios disponíveis para este foco com as capacidades atuais. Ativa Mostrar todos para ver o equipamento/local em falta.",""
"strength>place_outdoor>bodyweight>upper>forearm_hand>support_grip","strength","place_outdoor","bodyweight","upper","forearm_hand","support_grip","","","","okEmptyWithExplicitNotice","0","0","Não há exercícios disponíveis para este foco com as capacidades atuais. Ativa Mostrar todos para ver o equipamento/local em falta.",""
"strength>place_outdoor>bodyweight>upper>forearm_hand>pinch_grip","strength","place_outdoor","bodyweight","upper","forearm_hand","pinch_grip","","","","okEmptyWithExplicitNotice","0","0","Não há exercícios disponíveis para este foco com as capacidades atuais. Ativa Mostrar todos para ver o equipamento/local em falta.",""
"strength>place_outdoor>bodyweight>upper>forearm_hand>general_grip","strength","place_outdoor","bodyweight","upper","forearm_hand","general_grip","","","","okEmptyWithExplicitNotice","0","0","Não há exercícios disponíveis para este foco com as capacidades atuais. Ativa Mostrar todos para ver o equipamento/local em falta.",""
"strength>place_outdoor>bodyweight>lower","strength","place_outdoor","bodyweight","lower","","","","","","okWithResults","18","0","Mostra exercicios compativeis.",""
"strength>place_outdoor>bodyweight>lower>hips_glutes","strength","place_outdoor","bodyweight","lower","hips_glutes","","","","","okWithResults","8","0","Mostra exercicios compativeis.",""
"strength>place_outdoor>bodyweight>lower>quadriceps","strength","place_outdoor","bodyweight","lower","quadriceps","","","","","okWithResults","5","0","Mostra exercicios compativeis.",""
"strength>place_outdoor>bodyweight>lower>hamstrings","strength","place_outdoor","bodyweight","lower","hamstrings","","","","","okWithResults","1","0","Mostra exercicios compativeis.",""
"strength>place_outdoor>bodyweight>lower>adductors","strength","place_outdoor","bodyweight","lower","adductors","","","","","okWithResults","1","0","Mostra exercicios compativeis.",""
"strength>place_outdoor>bodyweight>lower>abductors","strength","place_outdoor","bodyweight","lower","abductors","","","","","okWithResults","2","0","Mostra exercicios compativeis.",""
"strength>place_outdoor>bodyweight>lower>calves","strength","place_outdoor","bodyweight","lower","calves","","","","","okWithResults","3","0","Mostra exercicios compativeis.",""
"strength>place_outdoor>bodyweight>lower>tibialis","strength","place_outdoor","bodyweight","lower","tibialis","","","","","okWithResults","1","0","Mostra exercicios compativeis.",""
"strength>place_outdoor>bodyweight>lower>feet_ankle","strength","place_outdoor","bodyweight","lower","feet_ankle","","","","","okWithResults","6","0","Mostra exercicios compativeis.",""
"strength>place_outdoor>bodyweight>core","strength","place_outdoor","bodyweight","core","","","","","","okEmptyWithExplicitNotice","0","0","Não há exercícios disponíveis para este foco com as capacidades atuais. Ativa Mostrar todos para ver o equipamento/local em falta.",""
"strength>place_outdoor>bodyweight>core>abdominal","strength","place_outdoor","bodyweight","core","abdominal","","","","","okEmptyWithExplicitNotice","0","0","Não há exercícios disponíveis para este foco com as capacidades atuais. Ativa Mostrar todos para ver o equipamento/local em falta.",""
"strength>place_outdoor>bodyweight>core>obliques","strength","place_outdoor","bodyweight","core","obliques","","","","","okEmptyWithExplicitNotice","0","0","Não há exercícios disponíveis para este foco com as capacidades atuais. Ativa Mostrar todos para ver o equipamento/local em falta.",""
"strength>place_outdoor>bodyweight>core>transverse_abs","strength","place_outdoor","bodyweight","core","transverse_abs","","","","","okEmptyWithExplicitNotice","0","0","Não há exercícios disponíveis para este foco com as capacidades atuais. Ativa Mostrar todos para ver o equipamento/local em falta.",""
"strength>place_outdoor>bodyweight>core>low_back","strength","place_outdoor","bodyweight","core","low_back","","","","","okEmptyWithExplicitNotice","0","0","Não há exercícios disponíveis para este foco com as capacidades atuais. Ativa Mostrar todos para ver o equipamento/local em falta.",""
"strength>place_outdoor>bodyweight>core>core_stability","strength","place_outdoor","bodyweight","core","core_stability","","","","","okEmptyWithExplicitNotice","0","0","Não há exercícios disponíveis para este foco com as capacidades atuais. Ativa Mostrar todos para ver o equipamento/local em falta.",""
"strength>place_outdoor>bodyweight>core>anti_rotation","strength","place_outdoor","bodyweight","core","anti_rotation","","","","","okEmptyWithExplicitNotice","0","0","Não há exercícios disponíveis para este foco com as capacidades atuais. Ativa Mostrar todos para ver o equipamento/local em falta.",""
"strength>place_outdoor>bodyweight>core>anti_extension","strength","place_outdoor","bodyweight","core","anti_extension","","","","","okEmptyWithExplicitNotice","0","0","Não há exercícios disponíveis para este foco com as capacidades atuais. Ativa Mostrar todos para ver o equipamento/local em falta.",""
"strength>place_outdoor>bodyweight>core>anti_lateral_flexion","strength","place_outdoor","bodyweight","core","anti_lateral_flexion","","","","","okEmptyWithExplicitNotice","0","0","Não há exercícios disponíveis para este foco com as capacidades atuais. Ativa Mostrar todos para ver o equipamento/local em falta.",""
"strength>place_work_travel>bodyweight>full_body","strength","place_work_travel","bodyweight","full_body","","","","","","okEmptyWithExplicitNotice","0","0","Não há exercícios disponíveis para este foco com as capacidades atuais. Ativa Mostrar todos para ver o equipamento/local em falta.",""
"strength>place_work_travel>floor>full_body","strength","place_work_travel","floor","full_body","","","","","","okEmptyWithExplicitNotice","0","0","Não há exercícios disponíveis para este foco com as capacidades atuais. Ativa Mostrar todos para ver o equipamento/local em falta.",""
"strength>place_work_travel>wall>full_body","strength","place_work_travel","wall","full_body","","","","","","okEmptyWithExplicitNotice","0","0","Não há exercícios disponíveis para este foco com as capacidades atuais. Ativa Mostrar todos para ver o equipamento/local em falta.",""
"strength>place_work_travel>bodyweight>upper","strength","place_work_travel","bodyweight","upper","","","","","","okWithResults","17","0","Mostra exercicios compativeis.",""
"strength>place_work_travel>bodyweight>upper>neck","strength","place_work_travel","bodyweight","upper","neck","","","","","okWithResults","5","0","Mostra exercicios compativeis.",""
"strength>place_work_travel>bodyweight>upper>neck>neck_complete","strength","place_work_travel","bodyweight","upper","neck","neck_complete","","","","okEmptyWithExplicitNotice","0","0","Não há exercícios disponíveis para este foco com as capacidades atuais. Ativa Mostrar todos para ver o equipamento/local em falta.",""
"strength>place_work_travel>bodyweight>upper>neck>anterior_neck","strength","place_work_travel","bodyweight","upper","neck","anterior_neck","","","","okEmptyWithExplicitNotice","0","0","Não há exercícios disponíveis para este foco com as capacidades atuais. Ativa Mostrar todos para ver o equipamento/local em falta.",""
"strength>place_work_travel>bodyweight>upper>neck>posterior_neck","strength","place_work_travel","bodyweight","upper","neck","posterior_neck","","","","okEmptyWithExplicitNotice","0","0","Não há exercícios disponíveis para este foco com as capacidades atuais. Ativa Mostrar todos para ver o equipamento/local em falta.",""
"strength>place_work_travel>bodyweight>upper>neck>lateral_neck","strength","place_work_travel","bodyweight","upper","neck","lateral_neck","","","","okEmptyWithExplicitNotice","0","0","Não há exercícios disponíveis para este foco com as capacidades atuais. Ativa Mostrar todos para ver o equipamento/local em falta.",""
"strength>place_work_travel>bodyweight>upper>neck>cervical_stabilizers","strength","place_work_travel","bodyweight","upper","neck","cervical_stabilizers","","","","okEmptyWithExplicitNotice","0","0","Não há exercícios disponíveis para este foco com as capacidades atuais. Ativa Mostrar todos para ver o equipamento/local em falta.",""
"strength>place_work_travel>bodyweight>upper>traps_scapula","strength","place_work_travel","bodyweight","upper","traps_scapula","","","","","okEmptyWithExplicitNotice","0","0","Não há exercícios disponíveis para este foco com as capacidades atuais. Ativa Mostrar todos para ver o equipamento/local em falta.",""
"strength>place_work_travel>bodyweight>upper>traps_scapula>traps_complete","strength","place_work_travel","bodyweight","upper","traps_scapula","traps_complete","","","","okEmptyWithExplicitNotice","0","0","Não há exercícios disponíveis para este foco com as capacidades atuais. Ativa Mostrar todos para ver o equipamento/local em falta.",""
"strength>place_work_travel>bodyweight>upper>traps_scapula>upper_traps","strength","place_work_travel","bodyweight","upper","traps_scapula","upper_traps","","","","okEmptyWithExplicitNotice","0","0","Não há exercícios disponíveis para este foco com as capacidades atuais. Ativa Mostrar todos para ver o equipamento/local em falta.",""
"strength>place_work_travel>bodyweight>upper>traps_scapula>mid_traps","strength","place_work_travel","bodyweight","upper","traps_scapula","mid_traps","","","","okEmptyWithExplicitNotice","0","0","Não há exercícios disponíveis para este foco com as capacidades atuais. Ativa Mostrar todos para ver o equipamento/local em falta.",""
"strength>place_work_travel>bodyweight>upper>traps_scapula>lower_traps","strength","place_work_travel","bodyweight","upper","traps_scapula","lower_traps","","","","okEmptyWithExplicitNotice","0","0","Não há exercícios disponíveis para este foco com as capacidades atuais. Ativa Mostrar todos para ver o equipamento/local em falta.",""
"strength>place_work_travel>bodyweight>upper>traps_scapula>scapular_stability","strength","place_work_travel","bodyweight","upper","traps_scapula","scapular_stability","","","","okEmptyWithExplicitNotice","0","0","Não há exercícios disponíveis para este foco com as capacidades atuais. Ativa Mostrar todos para ver o equipamento/local em falta.",""
"strength>place_work_travel>bodyweight>upper>chest","strength","place_work_travel","bodyweight","upper","chest","","","","","okWithResults","4","0","Mostra exercicios compativeis.",""
"strength>place_work_travel>bodyweight>upper>chest>chest_complete","strength","place_work_travel","bodyweight","upper","chest","chest_complete","","","","okEmptyWithExplicitNotice","0","0","Não há exercícios disponíveis para este foco com as capacidades atuais. Ativa Mostrar todos para ver o equipamento/local em falta.",""
"strength>place_work_travel>bodyweight>upper>chest>upper_chest","strength","place_work_travel","bodyweight","upper","chest","upper_chest","","","","okWithResults","3","0","Mostra exercicios compativeis.",""
"strength>place_work_travel>bodyweight>upper>chest>mid_chest","strength","place_work_travel","bodyweight","upper","chest","mid_chest","","","","okWithResults","3","0","Mostra exercicios compativeis.",""
"strength>place_work_travel>bodyweight>upper>chest>lower_chest","strength","place_work_travel","bodyweight","upper","chest","lower_chest","","","","okWithResults","3","0","Mostra exercicios compativeis.",""
"strength>place_work_travel>bodyweight>upper>chest>pectoralis_minor","strength","place_work_travel","bodyweight","upper","chest","pectoralis_minor","","","","okWithResults","3","0","Mostra exercicios compativeis.",""
"strength>place_work_travel>bodyweight>upper>chest>serratus_anterior","strength","place_work_travel","bodyweight","upper","chest","serratus_anterior","","","","okWithResults","4","0","Mostra exercicios compativeis.",""
"strength>place_work_travel>bodyweight>upper>back","strength","place_work_travel","bodyweight","upper","back","","","","","okWithResults","4","0","Mostra exercicios compativeis.",""
"strength>place_work_travel>bodyweight>upper>back>back_complete","strength","place_work_travel","bodyweight","upper","back","back_complete","","","","okEmptyWithExplicitNotice","0","0","Não há exercícios disponíveis para este foco com as capacidades atuais. Ativa Mostrar todos para ver o equipamento/local em falta.",""
"strength>place_work_travel>bodyweight>upper>back>back_upper","strength","place_work_travel","bodyweight","upper","back","back_upper","","","","okEmptyWithExplicitNotice","0","0","Não há exercícios disponíveis para este foco com as capacidades atuais. Ativa Mostrar todos para ver o equipamento/local em falta.",""
"strength>place_work_travel>bodyweight>upper>back>back_upper>upper_traps","strength","place_work_travel","bodyweight","upper","back","back_upper","upper_traps","","","okEmptyWithExplicitNotice","0","0","Não há exercícios disponíveis para este foco com as capacidades atuais. Ativa Mostrar todos para ver o equipamento/local em falta.",""
"strength>place_work_travel>bodyweight>upper>back>back_upper>mid_traps","strength","place_work_travel","bodyweight","upper","back","back_upper","mid_traps","","","okEmptyWithExplicitNotice","0","0","Não há exercícios disponíveis para este foco com as capacidades atuais. Ativa Mostrar todos para ver o equipamento/local em falta.",""
"strength>place_work_travel>bodyweight>upper>back>back_upper>lower_traps","strength","place_work_travel","bodyweight","upper","back","back_upper","lower_traps","","","okEmptyWithExplicitNotice","0","0","Não há exercícios disponíveis para este foco com as capacidades atuais. Ativa Mostrar todos para ver o equipamento/local em falta.",""
"strength>place_work_travel>bodyweight>upper>back>back_upper>rhomboids","strength","place_work_travel","bodyweight","upper","back","back_upper","rhomboids","","","okEmptyWithExplicitNotice","0","0","Não há exercícios disponíveis para este foco com as capacidades atuais. Ativa Mostrar todos para ver o equipamento/local em falta.",""
"strength>place_work_travel>bodyweight>upper>back>back_upper>posterior_deltoid","strength","place_work_travel","bodyweight","upper","back","back_upper","posterior_deltoid","","","okEmptyWithExplicitNotice","0","0","Não há exercícios disponíveis para este foco com as capacidades atuais. Ativa Mostrar todos para ver o equipamento/local em falta.",""
"strength>place_work_travel>bodyweight>upper>back>back_upper>scapular_stabilizers","strength","place_work_travel","bodyweight","upper","back","back_upper","scapular_stabilizers","","","okEmptyWithExplicitNotice","0","0","Não há exercícios disponíveis para este foco com as capacidades atuais. Ativa Mostrar todos para ver o equipamento/local em falta.",""
"strength>place_work_travel>bodyweight>upper>back>back_mid","strength","place_work_travel","bodyweight","upper","back","back_mid","","","","okEmptyWithExplicitNotice","0","0","Não há exercícios disponíveis para este foco com as capacidades atuais. Ativa Mostrar todos para ver o equipamento/local em falta.",""
"strength>place_work_travel>bodyweight>upper>back>back_mid>rhomboids","strength","place_work_travel","bodyweight","upper","back","back_mid","rhomboids","","","okEmptyWithExplicitNotice","0","0","Não há exercícios disponíveis para este foco com as capacidades atuais. Ativa Mostrar todos para ver o equipamento/local em falta.",""
"strength>place_work_travel>bodyweight>upper>back>back_mid>mid_traps","strength","place_work_travel","bodyweight","upper","back","back_mid","mid_traps","","","okEmptyWithExplicitNotice","0","0","Não há exercícios disponíveis para este foco com as capacidades atuais. Ativa Mostrar todos para ver o equipamento/local em falta.",""
"strength>place_work_travel>bodyweight>upper>back>back_mid>teres_major","strength","place_work_travel","bodyweight","upper","back","back_mid","teres_major","","","okEmptyWithExplicitNotice","0","0","Não há exercícios disponíveis para este foco com as capacidades atuais. Ativa Mostrar todos para ver o equipamento/local em falta.",""
"strength>place_work_travel>bodyweight>upper>back>back_mid>teres_minor","strength","place_work_travel","bodyweight","upper","back","back_mid","teres_minor","","","okEmptyWithExplicitNotice","0","0","Não há exercícios disponíveis para este foco com as capacidades atuais. Ativa Mostrar todos para ver o equipamento/local em falta.",""
"strength>place_work_travel>bodyweight>upper>back>back_mid>latissimus_dorsi","strength","place_work_travel","bodyweight","upper","back","back_mid","latissimus_dorsi","","","okEmptyWithExplicitNotice","0","0","Não há exercícios disponíveis para este foco com as capacidades atuais. Ativa Mostrar todos para ver o equipamento/local em falta.",""
"strength>place_work_travel>bodyweight>upper>back>back_lower","strength","place_work_travel","bodyweight","upper","back","back_lower","","","","okEmptyWithExplicitNotice","0","0","Não há exercícios disponíveis para este foco com as capacidades atuais. Ativa Mostrar todos para ver o equipamento/local em falta.",""
"strength>place_work_travel>bodyweight>upper>back>back_lower>erectors","strength","place_work_travel","bodyweight","upper","back","back_lower","erectors","","","okEmptyWithExplicitNotice","0","0","Não há exercícios disponíveis para este foco com as capacidades atuais. Ativa Mostrar todos para ver o equipamento/local em falta.",""
"strength>place_work_travel>bodyweight>upper>back>back_lower>lumbar","strength","place_work_travel","bodyweight","upper","back","back_lower","lumbar","","","okEmptyWithExplicitNotice","0","0","Não há exercícios disponíveis para este foco com as capacidades atuais. Ativa Mostrar todos para ver o equipamento/local em falta.",""
"strength>place_work_travel>bodyweight>upper>back>back_lower>quadratus_lumborum","strength","place_work_travel","bodyweight","upper","back","back_lower","quadratus_lumborum","","","okEmptyWithExplicitNotice","0","0","Não há exercícios disponíveis para este foco com as capacidades atuais. Ativa Mostrar todos para ver o equipamento/local em falta.",""
"strength>place_work_travel>bodyweight>upper>back>back_lower>lumbar_stability","strength","place_work_travel","bodyweight","upper","back","back_lower","lumbar_stability","","","okEmptyWithExplicitNotice","0","0","Não há exercícios disponíveis para este foco com as capacidades atuais. Ativa Mostrar todos para ver o equipamento/local em falta.",""
"strength>place_work_travel>bodyweight>upper>back>back_width","strength","place_work_travel","bodyweight","upper","back","back_width","","","","okEmptyWithExplicitNotice","0","0","Não há exercícios disponíveis para este foco com as capacidades atuais. Ativa Mostrar todos para ver o equipamento/local em falta.",""
"strength>place_work_travel>bodyweight>upper>back>back_width>latissimus_dorsi","strength","place_work_travel","bodyweight","upper","back","back_width","latissimus_dorsi","","","okEmptyWithExplicitNotice","0","0","Não há exercícios disponíveis para este foco com as capacidades atuais. Ativa Mostrar todos para ver o equipamento/local em falta.",""
"strength>place_work_travel>bodyweight>upper>back>back_width>teres_major","strength","place_work_travel","bodyweight","upper","back","back_width","teres_major","","","okEmptyWithExplicitNotice","0","0","Não há exercícios disponíveis para este foco com as capacidades atuais. Ativa Mostrar todos para ver o equipamento/local em falta.",""
"strength>place_work_travel>bodyweight>upper>back>back_width>vertical_pulls","strength","place_work_travel","bodyweight","upper","back","back_width","vertical_pulls","","","okEmptyWithExplicitNotice","0","0","Não há exercícios disponíveis para este foco com as capacidades atuais. Ativa Mostrar todos para ver o equipamento/local em falta.",""
"strength>place_work_travel>bodyweight>upper>back>back_thickness","strength","place_work_travel","bodyweight","upper","back","back_thickness","","","","okEmptyWithExplicitNotice","0","0","Não há exercícios disponíveis para este foco com as capacidades atuais. Ativa Mostrar todos para ver o equipamento/local em falta.",""
"strength>place_work_travel>bodyweight>upper>back>back_thickness>rhomboids","strength","place_work_travel","bodyweight","upper","back","back_thickness","rhomboids","","","okEmptyWithExplicitNotice","0","0","Não há exercícios disponíveis para este foco com as capacidades atuais. Ativa Mostrar todos para ver o equipamento/local em falta.",""
"strength>place_work_travel>bodyweight>upper>back>back_thickness>mid_traps","strength","place_work_travel","bodyweight","upper","back","back_thickness","mid_traps","","","okEmptyWithExplicitNotice","0","0","Não há exercícios disponíveis para este foco com as capacidades atuais. Ativa Mostrar todos para ver o equipamento/local em falta.",""
"strength>place_work_travel>bodyweight>upper>back>back_thickness>lower_traps","strength","place_work_travel","bodyweight","upper","back","back_thickness","lower_traps","","","okEmptyWithExplicitNotice","0","0","Não há exercícios disponíveis para este foco com as capacidades atuais. Ativa Mostrar todos para ver o equipamento/local em falta.",""
"strength>place_work_travel>bodyweight>upper>back>back_thickness>horizontal_rows","strength","place_work_travel","bodyweight","upper","back","back_thickness","horizontal_rows","","","okEmptyWithExplicitNotice","0","0","Não há exercícios disponíveis para este foco com as capacidades atuais. Ativa Mostrar todos para ver o equipamento/local em falta.",""
"strength>place_work_travel>bodyweight>upper>shoulders","strength","place_work_travel","bodyweight","upper","shoulders","","","","","okWithResults","3","0","Mostra exercicios compativeis.",""
"strength>place_work_travel>bodyweight>upper>shoulders>shoulders_complete","strength","place_work_travel","bodyweight","upper","shoulders","shoulders_complete","","","","okEmptyWithExplicitNotice","0","0","Não há exercícios disponíveis para este foco com as capacidades atuais. Ativa Mostrar todos para ver o equipamento/local em falta.",""
"strength>place_work_travel>bodyweight>upper>shoulders>anterior_deltoid","strength","place_work_travel","bodyweight","upper","shoulders","anterior_deltoid","","","","okEmptyWithExplicitNotice","0","0","Não há exercícios disponíveis para este foco com as capacidades atuais. Ativa Mostrar todos para ver o equipamento/local em falta.",""
"strength>place_work_travel>bodyweight>upper>shoulders>lateral_deltoid","strength","place_work_travel","bodyweight","upper","shoulders","lateral_deltoid","","","","okEmptyWithExplicitNotice","0","0","Não há exercícios disponíveis para este foco com as capacidades atuais. Ativa Mostrar todos para ver o equipamento/local em falta.",""
"strength>place_work_travel>bodyweight>upper>shoulders>posterior_deltoid","strength","place_work_travel","bodyweight","upper","shoulders","posterior_deltoid","","","","okEmptyWithExplicitNotice","0","0","Não há exercícios disponíveis para este foco com as capacidades atuais. Ativa Mostrar todos para ver o equipamento/local em falta.",""
"strength>place_work_travel>bodyweight>upper>shoulders>rotator_cuff","strength","place_work_travel","bodyweight","upper","shoulders","rotator_cuff","","","","okEmptyWithExplicitNotice","0","0","Não há exercícios disponíveis para este foco com as capacidades atuais. Ativa Mostrar todos para ver o equipamento/local em falta.",""
"strength>place_work_travel>bodyweight>upper>shoulders>external_rotators","strength","place_work_travel","bodyweight","upper","shoulders","external_rotators","","","","okEmptyWithExplicitNotice","0","0","Não há exercícios disponíveis para este foco com as capacidades atuais. Ativa Mostrar todos para ver o equipamento/local em falta.",""
"strength>place_work_travel>bodyweight>upper>shoulders>internal_rotators","strength","place_work_travel","bodyweight","upper","shoulders","internal_rotators","","","","okEmptyWithExplicitNotice","0","0","Não há exercícios disponíveis para este foco com as capacidades atuais. Ativa Mostrar todos para ver o equipamento/local em falta.",""
"strength>place_work_travel>bodyweight>upper>shoulders>scapular_stability","strength","place_work_travel","bodyweight","upper","shoulders","scapular_stability","","","","okEmptyWithExplicitNotice","0","0","Não há exercícios disponíveis para este foco com as capacidades atuais. Ativa Mostrar todos para ver o equipamento/local em falta.",""
"strength>place_work_travel>bodyweight>upper>arms","strength","place_work_travel","bodyweight","upper","arms","","","","","okWithResults","2","0","Mostra exercicios compativeis.",""
"strength>place_work_travel>bodyweight>upper>arms>arms_complete","strength","place_work_travel","bodyweight","upper","arms","arms_complete","","","","okEmptyWithExplicitNotice","0","0","Não há exercícios disponíveis para este foco com as capacidades atuais. Ativa Mostrar todos para ver o equipamento/local em falta.",""
"strength>place_work_travel>bodyweight>upper>arms>upper_arm","strength","place_work_travel","bodyweight","upper","arms","upper_arm","","","","okEmptyWithExplicitNotice","0","0","Não há exercícios disponíveis para este foco com as capacidades atuais. Ativa Mostrar todos para ver o equipamento/local em falta.",""
"strength>place_work_travel>bodyweight>upper>arms>upper_arm>biceps_brachii","strength","place_work_travel","bodyweight","upper","arms","upper_arm","biceps_brachii","","","okEmptyWithExplicitNotice","0","0","Não há exercícios disponíveis para este foco com as capacidades atuais. Ativa Mostrar todos para ver o equipamento/local em falta.",""
"strength>place_work_travel>bodyweight>upper>arms>upper_arm>brachialis","strength","place_work_travel","bodyweight","upper","arms","upper_arm","brachialis","","","okEmptyWithExplicitNotice","0","0","Não há exercícios disponíveis para este foco com as capacidades atuais. Ativa Mostrar todos para ver o equipamento/local em falta.",""
"strength>place_work_travel>bodyweight>upper>arms>upper_arm>brachioradialis","strength","place_work_travel","bodyweight","upper","arms","upper_arm","brachioradialis","","","okEmptyWithExplicitNotice","0","0","Não há exercícios disponíveis para este foco com as capacidades atuais. Ativa Mostrar todos para ver o equipamento/local em falta.",""
"strength>place_work_travel>bodyweight>upper>arms>upper_arm>triceps","strength","place_work_travel","bodyweight","upper","arms","upper_arm","triceps","","","okWithResults","2","0","Mostra exercicios compativeis.",""
"strength>place_work_travel>bodyweight>upper>arms>upper_arm>triceps_long","strength","place_work_travel","bodyweight","upper","arms","upper_arm","triceps_long","","","okEmptyWithExplicitNotice","0","0","Não há exercícios disponíveis para este foco com as capacidades atuais. Ativa Mostrar todos para ver o equipamento/local em falta.",""
"strength>place_work_travel>bodyweight>upper>arms>upper_arm>triceps_lateral","strength","place_work_travel","bodyweight","upper","arms","upper_arm","triceps_lateral","","","okEmptyWithExplicitNotice","0","0","Não há exercícios disponíveis para este foco com as capacidades atuais. Ativa Mostrar todos para ver o equipamento/local em falta.",""
"strength>place_work_travel>bodyweight>upper>arms>upper_arm>triceps_medial","strength","place_work_travel","bodyweight","upper","arms","upper_arm","triceps_medial","","","okEmptyWithExplicitNotice","0","0","Não há exercícios disponíveis para este foco com as capacidades atuais. Ativa Mostrar todos para ver o equipamento/local em falta.",""
"strength>place_work_travel>bodyweight>upper>arms>forearm_hand","strength","place_work_travel","bodyweight","upper","arms","forearm_hand","","","","okEmptyWithExplicitNotice","0","0","Não há exercícios disponíveis para este foco com as capacidades atuais. Ativa Mostrar todos para ver o equipamento/local em falta.",""
"strength>place_work_travel>bodyweight>upper>arms>forearm_hand>forearm_complete","strength","place_work_travel","bodyweight","upper","arms","forearm_hand","forearm_complete","","","okEmptyWithExplicitNotice","0","0","Não há exercícios disponíveis para este foco com as capacidades atuais. Ativa Mostrar todos para ver o equipamento/local em falta.",""
"strength>place_work_travel>bodyweight>upper>arms>forearm_hand>forearm_flexors","strength","place_work_travel","bodyweight","upper","arms","forearm_hand","forearm_flexors","","","okEmptyWithExplicitNotice","0","0","Não há exercícios disponíveis para este foco com as capacidades atuais. Ativa Mostrar todos para ver o equipamento/local em falta.",""
"strength>place_work_travel>bodyweight>upper>arms>forearm_hand>forearm_extensors","strength","place_work_travel","bodyweight","upper","arms","forearm_hand","forearm_extensors","","","okEmptyWithExplicitNotice","0","0","Não há exercícios disponíveis para este foco com as capacidades atuais. Ativa Mostrar todos para ver o equipamento/local em falta.",""
"strength>place_work_travel>bodyweight>upper>arms>forearm_hand>pronators","strength","place_work_travel","bodyweight","upper","arms","forearm_hand","pronators","","","okEmptyWithExplicitNotice","0","0","Não há exercícios disponíveis para este foco com as capacidades atuais. Ativa Mostrar todos para ver o equipamento/local em falta.",""
"strength>place_work_travel>bodyweight>upper>arms>forearm_hand>supinators","strength","place_work_travel","bodyweight","upper","arms","forearm_hand","supinators","","","okEmptyWithExplicitNotice","0","0","Não há exercícios disponíveis para este foco com as capacidades atuais. Ativa Mostrar todos para ver o equipamento/local em falta.",""
"strength>place_work_travel>bodyweight>upper>arms>forearm_hand>wrist","strength","place_work_travel","bodyweight","upper","arms","forearm_hand","wrist","","","okEmptyWithExplicitNotice","0","0","Não há exercícios disponíveis para este foco com as capacidades atuais. Ativa Mostrar todos para ver o equipamento/local em falta.",""
"strength>place_work_travel>bodyweight>upper>arms>forearm_hand>fingers","strength","place_work_travel","bodyweight","upper","arms","forearm_hand","fingers","","","okEmptyWithExplicitNotice","0","0","Não há exercícios disponíveis para este foco com as capacidades atuais. Ativa Mostrar todos para ver o equipamento/local em falta.",""
"strength>place_work_travel>bodyweight>upper>arms>forearm_hand>support_grip","strength","place_work_travel","bodyweight","upper","arms","forearm_hand","support_grip","","","okEmptyWithExplicitNotice","0","0","Não há exercícios disponíveis para este foco com as capacidades atuais. Ativa Mostrar todos para ver o equipamento/local em falta.",""
"strength>place_work_travel>bodyweight>upper>arms>forearm_hand>pinch_grip","strength","place_work_travel","bodyweight","upper","arms","forearm_hand","pinch_grip","","","okEmptyWithExplicitNotice","0","0","Não há exercícios disponíveis para este foco com as capacidades atuais. Ativa Mostrar todos para ver o equipamento/local em falta.",""
"strength>place_work_travel>bodyweight>upper>arms>forearm_hand>general_grip","strength","place_work_travel","bodyweight","upper","arms","forearm_hand","general_grip","","","okEmptyWithExplicitNotice","0","0","Não há exercícios disponíveis para este foco com as capacidades atuais. Ativa Mostrar todos para ver o equipamento/local em falta.",""
"strength>place_work_travel>bodyweight>upper>forearm_hand","strength","place_work_travel","bodyweight","upper","forearm_hand","","","","","okEmptyWithExplicitNotice","0","0","Não há exercícios disponíveis para este foco com as capacidades atuais. Ativa Mostrar todos para ver o equipamento/local em falta.",""
"strength>place_work_travel>bodyweight>upper>forearm_hand>forearm_complete","strength","place_work_travel","bodyweight","upper","forearm_hand","forearm_complete","","","","okEmptyWithExplicitNotice","0","0","Não há exercícios disponíveis para este foco com as capacidades atuais. Ativa Mostrar todos para ver o equipamento/local em falta.",""
"strength>place_work_travel>bodyweight>upper>forearm_hand>forearm_flexors","strength","place_work_travel","bodyweight","upper","forearm_hand","forearm_flexors","","","","okEmptyWithExplicitNotice","0","0","Não há exercícios disponíveis para este foco com as capacidades atuais. Ativa Mostrar todos para ver o equipamento/local em falta.",""
"strength>place_work_travel>bodyweight>upper>forearm_hand>forearm_extensors","strength","place_work_travel","bodyweight","upper","forearm_hand","forearm_extensors","","","","okEmptyWithExplicitNotice","0","0","Não há exercícios disponíveis para este foco com as capacidades atuais. Ativa Mostrar todos para ver o equipamento/local em falta.",""
"strength>place_work_travel>bodyweight>upper>forearm_hand>pronators","strength","place_work_travel","bodyweight","upper","forearm_hand","pronators","","","","okEmptyWithExplicitNotice","0","0","Não há exercícios disponíveis para este foco com as capacidades atuais. Ativa Mostrar todos para ver o equipamento/local em falta.",""
"strength>place_work_travel>bodyweight>upper>forearm_hand>supinators","strength","place_work_travel","bodyweight","upper","forearm_hand","supinators","","","","okEmptyWithExplicitNotice","0","0","Não há exercícios disponíveis para este foco com as capacidades atuais. Ativa Mostrar todos para ver o equipamento/local em falta.",""
"strength>place_work_travel>bodyweight>upper>forearm_hand>wrist","strength","place_work_travel","bodyweight","upper","forearm_hand","wrist","","","","okEmptyWithExplicitNotice","0","0","Não há exercícios disponíveis para este foco com as capacidades atuais. Ativa Mostrar todos para ver o equipamento/local em falta.",""
"strength>place_work_travel>bodyweight>upper>forearm_hand>fingers","strength","place_work_travel","bodyweight","upper","forearm_hand","fingers","","","","okEmptyWithExplicitNotice","0","0","Não há exercícios disponíveis para este foco com as capacidades atuais. Ativa Mostrar todos para ver o equipamento/local em falta.",""
"strength>place_work_travel>bodyweight>upper>forearm_hand>support_grip","strength","place_work_travel","bodyweight","upper","forearm_hand","support_grip","","","","okEmptyWithExplicitNotice","0","0","Não há exercícios disponíveis para este foco com as capacidades atuais. Ativa Mostrar todos para ver o equipamento/local em falta.",""
"strength>place_work_travel>bodyweight>upper>forearm_hand>pinch_grip","strength","place_work_travel","bodyweight","upper","forearm_hand","pinch_grip","","","","okEmptyWithExplicitNotice","0","0","Não há exercícios disponíveis para este foco com as capacidades atuais. Ativa Mostrar todos para ver o equipamento/local em falta.",""
"strength>place_work_travel>bodyweight>upper>forearm_hand>general_grip","strength","place_work_travel","bodyweight","upper","forearm_hand","general_grip","","","","okEmptyWithExplicitNotice","0","0","Não há exercícios disponíveis para este foco com as capacidades atuais. Ativa Mostrar todos para ver o equipamento/local em falta.",""
"strength>place_work_travel>bodyweight>lower","strength","place_work_travel","bodyweight","lower","","","","","","okWithResults","18","0","Mostra exercicios compativeis.",""
"strength>place_work_travel>bodyweight>lower>hips_glutes","strength","place_work_travel","bodyweight","lower","hips_glutes","","","","","okWithResults","8","0","Mostra exercicios compativeis.",""
"strength>place_work_travel>bodyweight>lower>quadriceps","strength","place_work_travel","bodyweight","lower","quadriceps","","","","","okWithResults","5","0","Mostra exercicios compativeis.",""
"strength>place_work_travel>bodyweight>lower>hamstrings","strength","place_work_travel","bodyweight","lower","hamstrings","","","","","okWithResults","1","0","Mostra exercicios compativeis.",""
"strength>place_work_travel>bodyweight>lower>adductors","strength","place_work_travel","bodyweight","lower","adductors","","","","","okWithResults","1","0","Mostra exercicios compativeis.",""
"strength>place_work_travel>bodyweight>lower>abductors","strength","place_work_travel","bodyweight","lower","abductors","","","","","okWithResults","2","0","Mostra exercicios compativeis.",""
"strength>place_work_travel>bodyweight>lower>calves","strength","place_work_travel","bodyweight","lower","calves","","","","","okWithResults","3","0","Mostra exercicios compativeis.",""
"strength>place_work_travel>bodyweight>lower>tibialis","strength","place_work_travel","bodyweight","lower","tibialis","","","","","okWithResults","1","0","Mostra exercicios compativeis.",""
"strength>place_work_travel>bodyweight>lower>feet_ankle","strength","place_work_travel","bodyweight","lower","feet_ankle","","","","","okWithResults","6","0","Mostra exercicios compativeis.",""
"strength>place_work_travel>bodyweight>core","strength","place_work_travel","bodyweight","core","","","","","","okEmptyWithExplicitNotice","0","0","Não há exercícios disponíveis para este foco com as capacidades atuais. Ativa Mostrar todos para ver o equipamento/local em falta.",""
"strength>place_work_travel>bodyweight>core>abdominal","strength","place_work_travel","bodyweight","core","abdominal","","","","","okEmptyWithExplicitNotice","0","0","Não há exercícios disponíveis para este foco com as capacidades atuais. Ativa Mostrar todos para ver o equipamento/local em falta.",""
"strength>place_work_travel>bodyweight>core>obliques","strength","place_work_travel","bodyweight","core","obliques","","","","","okEmptyWithExplicitNotice","0","0","Não há exercícios disponíveis para este foco com as capacidades atuais. Ativa Mostrar todos para ver o equipamento/local em falta.",""
"strength>place_work_travel>bodyweight>core>transverse_abs","strength","place_work_travel","bodyweight","core","transverse_abs","","","","","okEmptyWithExplicitNotice","0","0","Não há exercícios disponíveis para este foco com as capacidades atuais. Ativa Mostrar todos para ver o equipamento/local em falta.",""
"strength>place_work_travel>bodyweight>core>low_back","strength","place_work_travel","bodyweight","core","low_back","","","","","okEmptyWithExplicitNotice","0","0","Não há exercícios disponíveis para este foco com as capacidades atuais. Ativa Mostrar todos para ver o equipamento/local em falta.",""
"strength>place_work_travel>bodyweight>core>core_stability","strength","place_work_travel","bodyweight","core","core_stability","","","","","okEmptyWithExplicitNotice","0","0","Não há exercícios disponíveis para este foco com as capacidades atuais. Ativa Mostrar todos para ver o equipamento/local em falta.",""
"strength>place_work_travel>bodyweight>core>anti_rotation","strength","place_work_travel","bodyweight","core","anti_rotation","","","","","okEmptyWithExplicitNotice","0","0","Não há exercícios disponíveis para este foco com as capacidades atuais. Ativa Mostrar todos para ver o equipamento/local em falta.",""
"strength>place_work_travel>bodyweight>core>anti_extension","strength","place_work_travel","bodyweight","core","anti_extension","","","","","okEmptyWithExplicitNotice","0","0","Não há exercícios disponíveis para este foco com as capacidades atuais. Ativa Mostrar todos para ver o equipamento/local em falta.",""
"strength>place_work_travel>bodyweight>core>anti_lateral_flexion","strength","place_work_travel","bodyweight","core","anti_lateral_flexion","","","","","okEmptyWithExplicitNotice","0","0","Não há exercícios disponíveis para este foco com as capacidades atuais. Ativa Mostrar todos para ver o equipamento/local em falta.",""
"strength>place_clinic>bodyweight>full_body","strength","place_clinic","bodyweight","full_body","","","","","","okEmptyWithExplicitNotice","0","0","Não há exercícios disponíveis para este foco com as capacidades atuais. Ativa Mostrar todos para ver o equipamento/local em falta.",""
"strength>place_clinic>floor>full_body","strength","place_clinic","floor","full_body","","","","","","okEmptyWithExplicitNotice","0","0","Não há exercícios disponíveis para este foco com as capacidades atuais. Ativa Mostrar todos para ver o equipamento/local em falta.",""
"strength>place_clinic>bodyweight>upper","strength","place_clinic","bodyweight","upper","","","","","","okWithResults","17","0","Mostra exercicios compativeis.",""
"strength>place_clinic>bodyweight>upper>neck","strength","place_clinic","bodyweight","upper","neck","","","","","okWithResults","5","0","Mostra exercicios compativeis.",""
"strength>place_clinic>bodyweight>upper>neck>neck_complete","strength","place_clinic","bodyweight","upper","neck","neck_complete","","","","okEmptyWithExplicitNotice","0","0","Não há exercícios disponíveis para este foco com as capacidades atuais. Ativa Mostrar todos para ver o equipamento/local em falta.",""
"strength>place_clinic>bodyweight>upper>neck>anterior_neck","strength","place_clinic","bodyweight","upper","neck","anterior_neck","","","","okEmptyWithExplicitNotice","0","0","Não há exercícios disponíveis para este foco com as capacidades atuais. Ativa Mostrar todos para ver o equipamento/local em falta.",""
"strength>place_clinic>bodyweight>upper>neck>posterior_neck","strength","place_clinic","bodyweight","upper","neck","posterior_neck","","","","okEmptyWithExplicitNotice","0","0","Não há exercícios disponíveis para este foco com as capacidades atuais. Ativa Mostrar todos para ver o equipamento/local em falta.",""
"strength>place_clinic>bodyweight>upper>neck>lateral_neck","strength","place_clinic","bodyweight","upper","neck","lateral_neck","","","","okEmptyWithExplicitNotice","0","0","Não há exercícios disponíveis para este foco com as capacidades atuais. Ativa Mostrar todos para ver o equipamento/local em falta.",""
"strength>place_clinic>bodyweight>upper>neck>cervical_stabilizers","strength","place_clinic","bodyweight","upper","neck","cervical_stabilizers","","","","okEmptyWithExplicitNotice","0","0","Não há exercícios disponíveis para este foco com as capacidades atuais. Ativa Mostrar todos para ver o equipamento/local em falta.",""
"strength>place_clinic>bodyweight>upper>traps_scapula","strength","place_clinic","bodyweight","upper","traps_scapula","","","","","okEmptyWithExplicitNotice","0","0","Não há exercícios disponíveis para este foco com as capacidades atuais. Ativa Mostrar todos para ver o equipamento/local em falta.",""
"strength>place_clinic>bodyweight>upper>traps_scapula>traps_complete","strength","place_clinic","bodyweight","upper","traps_scapula","traps_complete","","","","okEmptyWithExplicitNotice","0","0","Não há exercícios disponíveis para este foco com as capacidades atuais. Ativa Mostrar todos para ver o equipamento/local em falta.",""
"strength>place_clinic>bodyweight>upper>traps_scapula>upper_traps","strength","place_clinic","bodyweight","upper","traps_scapula","upper_traps","","","","okEmptyWithExplicitNotice","0","0","Não há exercícios disponíveis para este foco com as capacidades atuais. Ativa Mostrar todos para ver o equipamento/local em falta.",""
"strength>place_clinic>bodyweight>upper>traps_scapula>mid_traps","strength","place_clinic","bodyweight","upper","traps_scapula","mid_traps","","","","okEmptyWithExplicitNotice","0","0","Não há exercícios disponíveis para este foco com as capacidades atuais. Ativa Mostrar todos para ver o equipamento/local em falta.",""
"strength>place_clinic>bodyweight>upper>traps_scapula>lower_traps","strength","place_clinic","bodyweight","upper","traps_scapula","lower_traps","","","","okEmptyWithExplicitNotice","0","0","Não há exercícios disponíveis para este foco com as capacidades atuais. Ativa Mostrar todos para ver o equipamento/local em falta.",""
"strength>place_clinic>bodyweight>upper>traps_scapula>scapular_stability","strength","place_clinic","bodyweight","upper","traps_scapula","scapular_stability","","","","okEmptyWithExplicitNotice","0","0","Não há exercícios disponíveis para este foco com as capacidades atuais. Ativa Mostrar todos para ver o equipamento/local em falta.",""
"strength>place_clinic>bodyweight>upper>chest","strength","place_clinic","bodyweight","upper","chest","","","","","okWithResults","4","0","Mostra exercicios compativeis.",""
"strength>place_clinic>bodyweight>upper>chest>chest_complete","strength","place_clinic","bodyweight","upper","chest","chest_complete","","","","okEmptyWithExplicitNotice","0","0","Não há exercícios disponíveis para este foco com as capacidades atuais. Ativa Mostrar todos para ver o equipamento/local em falta.",""
"strength>place_clinic>bodyweight>upper>chest>upper_chest","strength","place_clinic","bodyweight","upper","chest","upper_chest","","","","okWithResults","3","0","Mostra exercicios compativeis.",""
"strength>place_clinic>bodyweight>upper>chest>mid_chest","strength","place_clinic","bodyweight","upper","chest","mid_chest","","","","okWithResults","3","0","Mostra exercicios compativeis.",""
"strength>place_clinic>bodyweight>upper>chest>lower_chest","strength","place_clinic","bodyweight","upper","chest","lower_chest","","","","okWithResults","3","0","Mostra exercicios compativeis.",""
"strength>place_clinic>bodyweight>upper>chest>pectoralis_minor","strength","place_clinic","bodyweight","upper","chest","pectoralis_minor","","","","okWithResults","3","0","Mostra exercicios compativeis.",""
"strength>place_clinic>bodyweight>upper>chest>serratus_anterior","strength","place_clinic","bodyweight","upper","chest","serratus_anterior","","","","okWithResults","4","0","Mostra exercicios compativeis.",""
"strength>place_clinic>bodyweight>upper>back","strength","place_clinic","bodyweight","upper","back","","","","","okWithResults","4","0","Mostra exercicios compativeis.",""
"strength>place_clinic>bodyweight>upper>back>back_complete","strength","place_clinic","bodyweight","upper","back","back_complete","","","","okEmptyWithExplicitNotice","0","0","Não há exercícios disponíveis para este foco com as capacidades atuais. Ativa Mostrar todos para ver o equipamento/local em falta.",""
"strength>place_clinic>bodyweight>upper>back>back_upper","strength","place_clinic","bodyweight","upper","back","back_upper","","","","okEmptyWithExplicitNotice","0","0","Não há exercícios disponíveis para este foco com as capacidades atuais. Ativa Mostrar todos para ver o equipamento/local em falta.",""
"strength>place_clinic>bodyweight>upper>back>back_upper>upper_traps","strength","place_clinic","bodyweight","upper","back","back_upper","upper_traps","","","okEmptyWithExplicitNotice","0","0","Não há exercícios disponíveis para este foco com as capacidades atuais. Ativa Mostrar todos para ver o equipamento/local em falta.",""
"strength>place_clinic>bodyweight>upper>back>back_upper>mid_traps","strength","place_clinic","bodyweight","upper","back","back_upper","mid_traps","","","okEmptyWithExplicitNotice","0","0","Não há exercícios disponíveis para este foco com as capacidades atuais. Ativa Mostrar todos para ver o equipamento/local em falta.",""
"strength>place_clinic>bodyweight>upper>back>back_upper>lower_traps","strength","place_clinic","bodyweight","upper","back","back_upper","lower_traps","","","okEmptyWithExplicitNotice","0","0","Não há exercícios disponíveis para este foco com as capacidades atuais. Ativa Mostrar todos para ver o equipamento/local em falta.",""
"strength>place_clinic>bodyweight>upper>back>back_upper>rhomboids","strength","place_clinic","bodyweight","upper","back","back_upper","rhomboids","","","okEmptyWithExplicitNotice","0","0","Não há exercícios disponíveis para este foco com as capacidades atuais. Ativa Mostrar todos para ver o equipamento/local em falta.",""
"strength>place_clinic>bodyweight>upper>back>back_upper>posterior_deltoid","strength","place_clinic","bodyweight","upper","back","back_upper","posterior_deltoid","","","okEmptyWithExplicitNotice","0","0","Não há exercícios disponíveis para este foco com as capacidades atuais. Ativa Mostrar todos para ver o equipamento/local em falta.",""
"strength>place_clinic>bodyweight>upper>back>back_upper>scapular_stabilizers","strength","place_clinic","bodyweight","upper","back","back_upper","scapular_stabilizers","","","okEmptyWithExplicitNotice","0","0","Não há exercícios disponíveis para este foco com as capacidades atuais. Ativa Mostrar todos para ver o equipamento/local em falta.",""
"strength>place_clinic>bodyweight>upper>back>back_mid","strength","place_clinic","bodyweight","upper","back","back_mid","","","","okEmptyWithExplicitNotice","0","0","Não há exercícios disponíveis para este foco com as capacidades atuais. Ativa Mostrar todos para ver o equipamento/local em falta.",""
"strength>place_clinic>bodyweight>upper>back>back_mid>rhomboids","strength","place_clinic","bodyweight","upper","back","back_mid","rhomboids","","","okEmptyWithExplicitNotice","0","0","Não há exercícios disponíveis para este foco com as capacidades atuais. Ativa Mostrar todos para ver o equipamento/local em falta.",""
"strength>place_clinic>bodyweight>upper>back>back_mid>mid_traps","strength","place_clinic","bodyweight","upper","back","back_mid","mid_traps","","","okEmptyWithExplicitNotice","0","0","Não há exercícios disponíveis para este foco com as capacidades atuais. Ativa Mostrar todos para ver o equipamento/local em falta.",""
"strength>place_clinic>bodyweight>upper>back>back_mid>teres_major","strength","place_clinic","bodyweight","upper","back","back_mid","teres_major","","","okEmptyWithExplicitNotice","0","0","Não há exercícios disponíveis para este foco com as capacidades atuais. Ativa Mostrar todos para ver o equipamento/local em falta.",""
"strength>place_clinic>bodyweight>upper>back>back_mid>teres_minor","strength","place_clinic","bodyweight","upper","back","back_mid","teres_minor","","","okEmptyWithExplicitNotice","0","0","Não há exercícios disponíveis para este foco com as capacidades atuais. Ativa Mostrar todos para ver o equipamento/local em falta.",""
"strength>place_clinic>bodyweight>upper>back>back_mid>latissimus_dorsi","strength","place_clinic","bodyweight","upper","back","back_mid","latissimus_dorsi","","","okEmptyWithExplicitNotice","0","0","Não há exercícios disponíveis para este foco com as capacidades atuais. Ativa Mostrar todos para ver o equipamento/local em falta.",""
"strength>place_clinic>bodyweight>upper>back>back_lower","strength","place_clinic","bodyweight","upper","back","back_lower","","","","okEmptyWithExplicitNotice","0","0","Não há exercícios disponíveis para este foco com as capacidades atuais. Ativa Mostrar todos para ver o equipamento/local em falta.",""
"strength>place_clinic>bodyweight>upper>back>back_lower>erectors","strength","place_clinic","bodyweight","upper","back","back_lower","erectors","","","okEmptyWithExplicitNotice","0","0","Não há exercícios disponíveis para este foco com as capacidades atuais. Ativa Mostrar todos para ver o equipamento/local em falta.",""
"strength>place_clinic>bodyweight>upper>back>back_lower>lumbar","strength","place_clinic","bodyweight","upper","back","back_lower","lumbar","","","okEmptyWithExplicitNotice","0","0","Não há exercícios disponíveis para este foco com as capacidades atuais. Ativa Mostrar todos para ver o equipamento/local em falta.",""
"strength>place_clinic>bodyweight>upper>back>back_lower>quadratus_lumborum","strength","place_clinic","bodyweight","upper","back","back_lower","quadratus_lumborum","","","okEmptyWithExplicitNotice","0","0","Não há exercícios disponíveis para este foco com as capacidades atuais. Ativa Mostrar todos para ver o equipamento/local em falta.",""
"strength>place_clinic>bodyweight>upper>back>back_lower>lumbar_stability","strength","place_clinic","bodyweight","upper","back","back_lower","lumbar_stability","","","okEmptyWithExplicitNotice","0","0","Não há exercícios disponíveis para este foco com as capacidades atuais. Ativa Mostrar todos para ver o equipamento/local em falta.",""
"strength>place_clinic>bodyweight>upper>back>back_width","strength","place_clinic","bodyweight","upper","back","back_width","","","","okEmptyWithExplicitNotice","0","0","Não há exercícios disponíveis para este foco com as capacidades atuais. Ativa Mostrar todos para ver o equipamento/local em falta.",""
"strength>place_clinic>bodyweight>upper>back>back_width>latissimus_dorsi","strength","place_clinic","bodyweight","upper","back","back_width","latissimus_dorsi","","","okEmptyWithExplicitNotice","0","0","Não há exercícios disponíveis para este foco com as capacidades atuais. Ativa Mostrar todos para ver o equipamento/local em falta.",""
"strength>place_clinic>bodyweight>upper>back>back_width>teres_major","strength","place_clinic","bodyweight","upper","back","back_width","teres_major","","","okEmptyWithExplicitNotice","0","0","Não há exercícios disponíveis para este foco com as capacidades atuais. Ativa Mostrar todos para ver o equipamento/local em falta.",""
"strength>place_clinic>bodyweight>upper>back>back_width>vertical_pulls","strength","place_clinic","bodyweight","upper","back","back_width","vertical_pulls","","","okEmptyWithExplicitNotice","0","0","Não há exercícios disponíveis para este foco com as capacidades atuais. Ativa Mostrar todos para ver o equipamento/local em falta.",""
"strength>place_clinic>bodyweight>upper>back>back_thickness","strength","place_clinic","bodyweight","upper","back","back_thickness","","","","okEmptyWithExplicitNotice","0","0","Não há exercícios disponíveis para este foco com as capacidades atuais. Ativa Mostrar todos para ver o equipamento/local em falta.",""
"strength>place_clinic>bodyweight>upper>back>back_thickness>rhomboids","strength","place_clinic","bodyweight","upper","back","back_thickness","rhomboids","","","okEmptyWithExplicitNotice","0","0","Não há exercícios disponíveis para este foco com as capacidades atuais. Ativa Mostrar todos para ver o equipamento/local em falta.",""
"strength>place_clinic>bodyweight>upper>back>back_thickness>mid_traps","strength","place_clinic","bodyweight","upper","back","back_thickness","mid_traps","","","okEmptyWithExplicitNotice","0","0","Não há exercícios disponíveis para este foco com as capacidades atuais. Ativa Mostrar todos para ver o equipamento/local em falta.",""
"strength>place_clinic>bodyweight>upper>back>back_thickness>lower_traps","strength","place_clinic","bodyweight","upper","back","back_thickness","lower_traps","","","okEmptyWithExplicitNotice","0","0","Não há exercícios disponíveis para este foco com as capacidades atuais. Ativa Mostrar todos para ver o equipamento/local em falta.",""
"strength>place_clinic>bodyweight>upper>back>back_thickness>horizontal_rows","strength","place_clinic","bodyweight","upper","back","back_thickness","horizontal_rows","","","okEmptyWithExplicitNotice","0","0","Não há exercícios disponíveis para este foco com as capacidades atuais. Ativa Mostrar todos para ver o equipamento/local em falta.",""
"strength>place_clinic>bodyweight>upper>shoulders","strength","place_clinic","bodyweight","upper","shoulders","","","","","okWithResults","3","0","Mostra exercicios compativeis.",""
"strength>place_clinic>bodyweight>upper>shoulders>shoulders_complete","strength","place_clinic","bodyweight","upper","shoulders","shoulders_complete","","","","okEmptyWithExplicitNotice","0","0","Não há exercícios disponíveis para este foco com as capacidades atuais. Ativa Mostrar todos para ver o equipamento/local em falta.",""
"strength>place_clinic>bodyweight>upper>shoulders>anterior_deltoid","strength","place_clinic","bodyweight","upper","shoulders","anterior_deltoid","","","","okEmptyWithExplicitNotice","0","0","Não há exercícios disponíveis para este foco com as capacidades atuais. Ativa Mostrar todos para ver o equipamento/local em falta.",""
"strength>place_clinic>bodyweight>upper>shoulders>lateral_deltoid","strength","place_clinic","bodyweight","upper","shoulders","lateral_deltoid","","","","okEmptyWithExplicitNotice","0","0","Não há exercícios disponíveis para este foco com as capacidades atuais. Ativa Mostrar todos para ver o equipamento/local em falta.",""
"strength>place_clinic>bodyweight>upper>shoulders>posterior_deltoid","strength","place_clinic","bodyweight","upper","shoulders","posterior_deltoid","","","","okEmptyWithExplicitNotice","0","0","Não há exercícios disponíveis para este foco com as capacidades atuais. Ativa Mostrar todos para ver o equipamento/local em falta.",""
"strength>place_clinic>bodyweight>upper>shoulders>rotator_cuff","strength","place_clinic","bodyweight","upper","shoulders","rotator_cuff","","","","okEmptyWithExplicitNotice","0","0","Não há exercícios disponíveis para este foco com as capacidades atuais. Ativa Mostrar todos para ver o equipamento/local em falta.",""
"strength>place_clinic>bodyweight>upper>shoulders>external_rotators","strength","place_clinic","bodyweight","upper","shoulders","external_rotators","","","","okEmptyWithExplicitNotice","0","0","Não há exercícios disponíveis para este foco com as capacidades atuais. Ativa Mostrar todos para ver o equipamento/local em falta.",""
"strength>place_clinic>bodyweight>upper>shoulders>internal_rotators","strength","place_clinic","bodyweight","upper","shoulders","internal_rotators","","","","okEmptyWithExplicitNotice","0","0","Não há exercícios disponíveis para este foco com as capacidades atuais. Ativa Mostrar todos para ver o equipamento/local em falta.",""
"strength>place_clinic>bodyweight>upper>shoulders>scapular_stability","strength","place_clinic","bodyweight","upper","shoulders","scapular_stability","","","","okEmptyWithExplicitNotice","0","0","Não há exercícios disponíveis para este foco com as capacidades atuais. Ativa Mostrar todos para ver o equipamento/local em falta.",""
"strength>place_clinic>bodyweight>upper>arms","strength","place_clinic","bodyweight","upper","arms","","","","","okWithResults","2","0","Mostra exercicios compativeis.",""
"strength>place_clinic>bodyweight>upper>arms>arms_complete","strength","place_clinic","bodyweight","upper","arms","arms_complete","","","","okEmptyWithExplicitNotice","0","0","Não há exercícios disponíveis para este foco com as capacidades atuais. Ativa Mostrar todos para ver o equipamento/local em falta.",""
"strength>place_clinic>bodyweight>upper>arms>upper_arm","strength","place_clinic","bodyweight","upper","arms","upper_arm","","","","okEmptyWithExplicitNotice","0","0","Não há exercícios disponíveis para este foco com as capacidades atuais. Ativa Mostrar todos para ver o equipamento/local em falta.",""
"strength>place_clinic>bodyweight>upper>arms>upper_arm>biceps_brachii","strength","place_clinic","bodyweight","upper","arms","upper_arm","biceps_brachii","","","okEmptyWithExplicitNotice","0","0","Não há exercícios disponíveis para este foco com as capacidades atuais. Ativa Mostrar todos para ver o equipamento/local em falta.",""
"strength>place_clinic>bodyweight>upper>arms>upper_arm>brachialis","strength","place_clinic","bodyweight","upper","arms","upper_arm","brachialis","","","okEmptyWithExplicitNotice","0","0","Não há exercícios disponíveis para este foco com as capacidades atuais. Ativa Mostrar todos para ver o equipamento/local em falta.",""
"strength>place_clinic>bodyweight>upper>arms>upper_arm>brachioradialis","strength","place_clinic","bodyweight","upper","arms","upper_arm","brachioradialis","","","okEmptyWithExplicitNotice","0","0","Não há exercícios disponíveis para este foco com as capacidades atuais. Ativa Mostrar todos para ver o equipamento/local em falta.",""
"strength>place_clinic>bodyweight>upper>arms>upper_arm>triceps","strength","place_clinic","bodyweight","upper","arms","upper_arm","triceps","","","okWithResults","2","0","Mostra exercicios compativeis.",""
"strength>place_clinic>bodyweight>upper>arms>upper_arm>triceps_long","strength","place_clinic","bodyweight","upper","arms","upper_arm","triceps_long","","","okEmptyWithExplicitNotice","0","0","Não há exercícios disponíveis para este foco com as capacidades atuais. Ativa Mostrar todos para ver o equipamento/local em falta.",""
"strength>place_clinic>bodyweight>upper>arms>upper_arm>triceps_lateral","strength","place_clinic","bodyweight","upper","arms","upper_arm","triceps_lateral","","","okEmptyWithExplicitNotice","0","0","Não há exercícios disponíveis para este foco com as capacidades atuais. Ativa Mostrar todos para ver o equipamento/local em falta.",""
"strength>place_clinic>bodyweight>upper>arms>upper_arm>triceps_medial","strength","place_clinic","bodyweight","upper","arms","upper_arm","triceps_medial","","","okEmptyWithExplicitNotice","0","0","Não há exercícios disponíveis para este foco com as capacidades atuais. Ativa Mostrar todos para ver o equipamento/local em falta.",""
"strength>place_clinic>bodyweight>upper>arms>forearm_hand","strength","place_clinic","bodyweight","upper","arms","forearm_hand","","","","okEmptyWithExplicitNotice","0","0","Não há exercícios disponíveis para este foco com as capacidades atuais. Ativa Mostrar todos para ver o equipamento/local em falta.",""
"strength>place_clinic>bodyweight>upper>arms>forearm_hand>forearm_complete","strength","place_clinic","bodyweight","upper","arms","forearm_hand","forearm_complete","","","okEmptyWithExplicitNotice","0","0","Não há exercícios disponíveis para este foco com as capacidades atuais. Ativa Mostrar todos para ver o equipamento/local em falta.",""
"strength>place_clinic>bodyweight>upper>arms>forearm_hand>forearm_flexors","strength","place_clinic","bodyweight","upper","arms","forearm_hand","forearm_flexors","","","okEmptyWithExplicitNotice","0","0","Não há exercícios disponíveis para este foco com as capacidades atuais. Ativa Mostrar todos para ver o equipamento/local em falta.",""
"strength>place_clinic>bodyweight>upper>arms>forearm_hand>forearm_extensors","strength","place_clinic","bodyweight","upper","arms","forearm_hand","forearm_extensors","","","okEmptyWithExplicitNotice","0","0","Não há exercícios disponíveis para este foco com as capacidades atuais. Ativa Mostrar todos para ver o equipamento/local em falta.",""
"strength>place_clinic>bodyweight>upper>arms>forearm_hand>pronators","strength","place_clinic","bodyweight","upper","arms","forearm_hand","pronators","","","okEmptyWithExplicitNotice","0","0","Não há exercícios disponíveis para este foco com as capacidades atuais. Ativa Mostrar todos para ver o equipamento/local em falta.",""
"strength>place_clinic>bodyweight>upper>arms>forearm_hand>supinators","strength","place_clinic","bodyweight","upper","arms","forearm_hand","supinators","","","okEmptyWithExplicitNotice","0","0","Não há exercícios disponíveis para este foco com as capacidades atuais. Ativa Mostrar todos para ver o equipamento/local em falta.",""
"strength>place_clinic>bodyweight>upper>arms>forearm_hand>wrist","strength","place_clinic","bodyweight","upper","arms","forearm_hand","wrist","","","okEmptyWithExplicitNotice","0","0","Não há exercícios disponíveis para este foco com as capacidades atuais. Ativa Mostrar todos para ver o equipamento/local em falta.",""
"strength>place_clinic>bodyweight>upper>arms>forearm_hand>fingers","strength","place_clinic","bodyweight","upper","arms","forearm_hand","fingers","","","okEmptyWithExplicitNotice","0","0","Não há exercícios disponíveis para este foco com as capacidades atuais. Ativa Mostrar todos para ver o equipamento/local em falta.",""
"strength>place_clinic>bodyweight>upper>arms>forearm_hand>support_grip","strength","place_clinic","bodyweight","upper","arms","forearm_hand","support_grip","","","okEmptyWithExplicitNotice","0","0","Não há exercícios disponíveis para este foco com as capacidades atuais. Ativa Mostrar todos para ver o equipamento/local em falta.",""
"strength>place_clinic>bodyweight>upper>arms>forearm_hand>pinch_grip","strength","place_clinic","bodyweight","upper","arms","forearm_hand","pinch_grip","","","okEmptyWithExplicitNotice","0","0","Não há exercícios disponíveis para este foco com as capacidades atuais. Ativa Mostrar todos para ver o equipamento/local em falta.",""
"strength>place_clinic>bodyweight>upper>arms>forearm_hand>general_grip","strength","place_clinic","bodyweight","upper","arms","forearm_hand","general_grip","","","okEmptyWithExplicitNotice","0","0","Não há exercícios disponíveis para este foco com as capacidades atuais. Ativa Mostrar todos para ver o equipamento/local em falta.",""
"strength>place_clinic>bodyweight>upper>forearm_hand","strength","place_clinic","bodyweight","upper","forearm_hand","","","","","okEmptyWithExplicitNotice","0","0","Não há exercícios disponíveis para este foco com as capacidades atuais. Ativa Mostrar todos para ver o equipamento/local em falta.",""
"strength>place_clinic>bodyweight>upper>forearm_hand>forearm_complete","strength","place_clinic","bodyweight","upper","forearm_hand","forearm_complete","","","","okEmptyWithExplicitNotice","0","0","Não há exercícios disponíveis para este foco com as capacidades atuais. Ativa Mostrar todos para ver o equipamento/local em falta.",""
"strength>place_clinic>bodyweight>upper>forearm_hand>forearm_flexors","strength","place_clinic","bodyweight","upper","forearm_hand","forearm_flexors","","","","okEmptyWithExplicitNotice","0","0","Não há exercícios disponíveis para este foco com as capacidades atuais. Ativa Mostrar todos para ver o equipamento/local em falta.",""
"strength>place_clinic>bodyweight>upper>forearm_hand>forearm_extensors","strength","place_clinic","bodyweight","upper","forearm_hand","forearm_extensors","","","","okEmptyWithExplicitNotice","0","0","Não há exercícios disponíveis para este foco com as capacidades atuais. Ativa Mostrar todos para ver o equipamento/local em falta.",""
"strength>place_clinic>bodyweight>upper>forearm_hand>pronators","strength","place_clinic","bodyweight","upper","forearm_hand","pronators","","","","okEmptyWithExplicitNotice","0","0","Não há exercícios disponíveis para este foco com as capacidades atuais. Ativa Mostrar todos para ver o equipamento/local em falta.",""
"strength>place_clinic>bodyweight>upper>forearm_hand>supinators","strength","place_clinic","bodyweight","upper","forearm_hand","supinators","","","","okEmptyWithExplicitNotice","0","0","Não há exercícios disponíveis para este foco com as capacidades atuais. Ativa Mostrar todos para ver o equipamento/local em falta.",""
"strength>place_clinic>bodyweight>upper>forearm_hand>wrist","strength","place_clinic","bodyweight","upper","forearm_hand","wrist","","","","okEmptyWithExplicitNotice","0","0","Não há exercícios disponíveis para este foco com as capacidades atuais. Ativa Mostrar todos para ver o equipamento/local em falta.",""
"strength>place_clinic>bodyweight>upper>forearm_hand>fingers","strength","place_clinic","bodyweight","upper","forearm_hand","fingers","","","","okEmptyWithExplicitNotice","0","0","Não há exercícios disponíveis para este foco com as capacidades atuais. Ativa Mostrar todos para ver o equipamento/local em falta.",""
"strength>place_clinic>bodyweight>upper>forearm_hand>support_grip","strength","place_clinic","bodyweight","upper","forearm_hand","support_grip","","","","okEmptyWithExplicitNotice","0","0","Não há exercícios disponíveis para este foco com as capacidades atuais. Ativa Mostrar todos para ver o equipamento/local em falta.",""
"strength>place_clinic>bodyweight>upper>forearm_hand>pinch_grip","strength","place_clinic","bodyweight","upper","forearm_hand","pinch_grip","","","","okEmptyWithExplicitNotice","0","0","Não há exercícios disponíveis para este foco com as capacidades atuais. Ativa Mostrar todos para ver o equipamento/local em falta.",""
"strength>place_clinic>bodyweight>upper>forearm_hand>general_grip","strength","place_clinic","bodyweight","upper","forearm_hand","general_grip","","","","okEmptyWithExplicitNotice","0","0","Não há exercícios disponíveis para este foco com as capacidades atuais. Ativa Mostrar todos para ver o equipamento/local em falta.",""
"strength>place_clinic>bodyweight>lower","strength","place_clinic","bodyweight","lower","","","","","","okWithResults","18","0","Mostra exercicios compativeis.",""
"strength>place_clinic>bodyweight>lower>hips_glutes","strength","place_clinic","bodyweight","lower","hips_glutes","","","","","okWithResults","8","0","Mostra exercicios compativeis.",""
"strength>place_clinic>bodyweight>lower>quadriceps","strength","place_clinic","bodyweight","lower","quadriceps","","","","","okWithResults","5","0","Mostra exercicios compativeis.",""
"strength>place_clinic>bodyweight>lower>hamstrings","strength","place_clinic","bodyweight","lower","hamstrings","","","","","okWithResults","1","0","Mostra exercicios compativeis.",""
"strength>place_clinic>bodyweight>lower>adductors","strength","place_clinic","bodyweight","lower","adductors","","","","","okWithResults","1","0","Mostra exercicios compativeis.",""
"strength>place_clinic>bodyweight>lower>abductors","strength","place_clinic","bodyweight","lower","abductors","","","","","okWithResults","2","0","Mostra exercicios compativeis.",""
"strength>place_clinic>bodyweight>lower>calves","strength","place_clinic","bodyweight","lower","calves","","","","","okWithResults","3","0","Mostra exercicios compativeis.",""
"strength>place_clinic>bodyweight>lower>tibialis","strength","place_clinic","bodyweight","lower","tibialis","","","","","okWithResults","1","0","Mostra exercicios compativeis.",""
"strength>place_clinic>bodyweight>lower>feet_ankle","strength","place_clinic","bodyweight","lower","feet_ankle","","","","","okWithResults","6","0","Mostra exercicios compativeis.",""
"strength>place_clinic>bodyweight>core","strength","place_clinic","bodyweight","core","","","","","","okEmptyWithExplicitNotice","0","0","Não há exercícios disponíveis para este foco com as capacidades atuais. Ativa Mostrar todos para ver o equipamento/local em falta.",""
"strength>place_clinic>bodyweight>core>abdominal","strength","place_clinic","bodyweight","core","abdominal","","","","","okEmptyWithExplicitNotice","0","0","Não há exercícios disponíveis para este foco com as capacidades atuais. Ativa Mostrar todos para ver o equipamento/local em falta.",""
"strength>place_clinic>bodyweight>core>obliques","strength","place_clinic","bodyweight","core","obliques","","","","","okEmptyWithExplicitNotice","0","0","Não há exercícios disponíveis para este foco com as capacidades atuais. Ativa Mostrar todos para ver o equipamento/local em falta.",""
"strength>place_clinic>bodyweight>core>transverse_abs","strength","place_clinic","bodyweight","core","transverse_abs","","","","","okEmptyWithExplicitNotice","0","0","Não há exercícios disponíveis para este foco com as capacidades atuais. Ativa Mostrar todos para ver o equipamento/local em falta.",""
"strength>place_clinic>bodyweight>core>low_back","strength","place_clinic","bodyweight","core","low_back","","","","","okEmptyWithExplicitNotice","0","0","Não há exercícios disponíveis para este foco com as capacidades atuais. Ativa Mostrar todos para ver o equipamento/local em falta.",""
"strength>place_clinic>bodyweight>core>core_stability","strength","place_clinic","bodyweight","core","core_stability","","","","","okEmptyWithExplicitNotice","0","0","Não há exercícios disponíveis para este foco com as capacidades atuais. Ativa Mostrar todos para ver o equipamento/local em falta.",""
"strength>place_clinic>bodyweight>core>anti_rotation","strength","place_clinic","bodyweight","core","anti_rotation","","","","","okEmptyWithExplicitNotice","0","0","Não há exercícios disponíveis para este foco com as capacidades atuais. Ativa Mostrar todos para ver o equipamento/local em falta.",""
"strength>place_clinic>bodyweight>core>anti_extension","strength","place_clinic","bodyweight","core","anti_extension","","","","","okEmptyWithExplicitNotice","0","0","Não há exercícios disponíveis para este foco com as capacidades atuais. Ativa Mostrar todos para ver o equipamento/local em falta.",""
"strength>place_clinic>bodyweight>core>anti_lateral_flexion","strength","place_clinic","bodyweight","core","anti_lateral_flexion","","","","","okEmptyWithExplicitNotice","0","0","Não há exercícios disponíveis para este foco com as capacidades atuais. Ativa Mostrar todos para ver o equipamento/local em falta.",""
"cardio>place_home_no_equipment>bodyweight>no_equipment","cardio","place_home_no_equipment","bodyweight","","","","","no_equipment","","failWrongResults","0","0","","Resultado fora do tipo esperado: Mountain climbers"
"cardio>place_home_no_equipment>bodyweight>hiit","cardio","place_home_no_equipment","bodyweight","","","","","hiit","","failWrongResults","0","0","","Resultado fora do tipo esperado: Mountain climbers"
"cardio>place_home_no_equipment>hiit>no_equipment","cardio","place_home_no_equipment","hiit","","","","","no_equipment","","failWrongResults","0","0","","Resultado fora do tipo esperado: Mountain climbers"
"cardio>place_home_no_equipment>hiit>hiit","cardio","place_home_no_equipment","hiit","","","","","hiit","","failWrongResults","0","0","","Resultado fora do tipo esperado: Mountain climbers"
"cardio>place_home_equipped>bodyweight>no_equipment","cardio","place_home_equipped","bodyweight","","","","","no_equipment","","failWrongResults","0","0","","Resultado fora do tipo esperado: Mountain climbers"
"cardio>place_home_equipped>bodyweight>hiit","cardio","place_home_equipped","bodyweight","","","","","hiit","","failWrongResults","0","0","","Resultado fora do tipo esperado: Mountain climbers"
"cardio>place_home_equipped>hiit>no_equipment","cardio","place_home_equipped","hiit","","","","","no_equipment","","failWrongResults","0","0","","Resultado fora do tipo esperado: Mountain climbers"
"cardio>place_home_equipped>hiit>hiit","cardio","place_home_equipped","hiit","","","","","hiit","","failWrongResults","0","0","","Resultado fora do tipo esperado: Mountain climbers"
"cardio>place_gym>bodyweight>no_equipment","cardio","place_gym","bodyweight","","","","","no_equipment","","failWrongResults","0","0","","Resultado fora do tipo esperado: Mountain climbers"
"cardio>place_gym>bodyweight>hiit","cardio","place_gym","bodyweight","","","","","hiit","","failWrongResults","0","0","","Resultado fora do tipo esperado: Mountain climbers"
"cardio>place_gym>treadmill>aerobic_endurance","cardio","place_gym","treadmill","","","","","aerobic_endurance","","okWithResults","9","0","Mostra exercicios compativeis.",""
"cardio>place_gym>treadmill>treadmill_warmup","cardio","place_gym","treadmill","","","","","treadmill_warmup","","okWithResults","2","0","Mostra exercicios compativeis.",""
"cardio>place_gym>treadmill>treadmill_easy_pace","cardio","place_gym","treadmill","","","","","treadmill_easy_pace","","okWithResults","4","0","Mostra exercicios compativeis.",""
"cardio>place_gym>treadmill>treadmill_moderate_pace","cardio","place_gym","treadmill","","","","","treadmill_moderate_pace","","okWithResults","2","0","Mostra exercicios compativeis.",""
"cardio>place_gym>treadmill>treadmill_intervals","cardio","place_gym","treadmill","","","","","treadmill_intervals","","okWithResults","5","0","Mostra exercicios compativeis.",""
"cardio>place_gym>bike>aerobic_endurance","cardio","place_gym","bike","","","","","aerobic_endurance","","okWithResults","7","0","Mostra exercicios compativeis.",""
"cardio>place_gym>bike>hiit","cardio","place_gym","bike","","","","","hiit","","okWithResults","7","0","Mostra exercicios compativeis.",""
"cardio>place_gym>elliptical>aerobic_endurance","cardio","place_gym","elliptical","","","","","aerobic_endurance","","okWithResults","6","0","Mostra exercicios compativeis.",""
"cardio>place_gym>rower>no_equipment","cardio","place_gym","rower","","","","","no_equipment","","okWithResults","2","0","Mostra exercicios compativeis.",""
"cardio>place_gym>rower>hiit","cardio","place_gym","rower","","","","","hiit","","okWithResults","2","0","Mostra exercicios compativeis.",""
"cardio>place_gym>stairs>no_equipment","cardio","place_gym","stairs","","","","","no_equipment","","okWithResults","2","0","Mostra exercicios compativeis.",""
"cardio>place_gym>stairs>hiit","cardio","place_gym","stairs","","","","","hiit","","okWithResults","2","0","Mostra exercicios compativeis.",""
"cardio>place_gym>air_bike>no_equipment","cardio","place_gym","air_bike","","","","","no_equipment","","okWithResults","2","0","Mostra exercicios compativeis.",""
"cardio>place_gym>air_bike>hiit","cardio","place_gym","air_bike","","","","","hiit","","okWithResults","2","0","Mostra exercicios compativeis.",""
"cardio>place_gym>jump_rope>jump_rope","cardio","place_gym","jump_rope","","","","","jump_rope","","okWithResults","6","0","Mostra exercicios compativeis.",""
"cardio>place_gym>jump_rope>hiit","cardio","place_gym","jump_rope","","","","","hiit","","okWithResults","6","0","Mostra exercicios compativeis.",""
"cardio>place_gym>hiit>no_equipment","cardio","place_gym","hiit","","","","","no_equipment","","failWrongResults","0","0","","Resultado fora do tipo esperado: Mountain climbers"
"cardio>place_gym>hiit>hiit","cardio","place_gym","hiit","","","","","hiit","","failWrongResults","0","0","","Resultado fora do tipo esperado: Mountain climbers"
"cardio>place_dojo>bodyweight>no_equipment","cardio","place_dojo","bodyweight","","","","","no_equipment","","failWrongResults","0","0","","Resultado fora do tipo esperado: Mountain climbers"
"cardio>place_dojo>bodyweight>hiit","cardio","place_dojo","bodyweight","","","","","hiit","","failWrongResults","0","0","","Resultado fora do tipo esperado: Mountain climbers"
"cardio>place_dojo>hiit>no_equipment","cardio","place_dojo","hiit","","","","","no_equipment","","failWrongResults","0","0","","Resultado fora do tipo esperado: Mountain climbers"
"cardio>place_dojo>hiit>hiit","cardio","place_dojo","hiit","","","","","hiit","","failWrongResults","0","0","","Resultado fora do tipo esperado: Mountain climbers"
"cardio>place_tatami>bodyweight>no_equipment","cardio","place_tatami","bodyweight","","","","","no_equipment","","failWrongResults","0","0","","Resultado fora do tipo esperado: Mountain climbers"
"cardio>place_tatami>bodyweight>hiit","cardio","place_tatami","bodyweight","","","","","hiit","","failWrongResults","0","0","","Resultado fora do tipo esperado: Mountain climbers"
"cardio>place_tatami>hiit>no_equipment","cardio","place_tatami","hiit","","","","","no_equipment","","failWrongResults","0","0","","Resultado fora do tipo esperado: Mountain climbers"
"cardio>place_tatami>hiit>hiit","cardio","place_tatami","hiit","","","","","hiit","","failWrongResults","0","0","","Resultado fora do tipo esperado: Mountain climbers"
"cardio>place_outdoor>bodyweight>no_equipment","cardio","place_outdoor","bodyweight","","","","","no_equipment","","failWrongResults","0","0","","Resultado fora do tipo esperado: Mountain climbers"
"cardio>place_outdoor>bodyweight>hiit","cardio","place_outdoor","bodyweight","","","","","hiit","","failWrongResults","0","0","","Resultado fora do tipo esperado: Mountain climbers"
"cardio>place_outdoor>outdoor_walk>no_equipment","cardio","place_outdoor","outdoor_walk","","","","","no_equipment","","okWithResults","4","0","Mostra exercicios compativeis.",""
"cardio>place_outdoor>outdoor_walk>hiit","cardio","place_outdoor","outdoor_walk","","","","","hiit","","okWithResults","4","0","Mostra exercicios compativeis.",""
"cardio>place_outdoor>outdoor_run>no_equipment","cardio","place_outdoor","outdoor_run","","","","","no_equipment","","okWithResults","4","0","Mostra exercicios compativeis.",""
"cardio>place_outdoor>outdoor_run>hiit","cardio","place_outdoor","outdoor_run","","","","","hiit","","okWithResults","4","0","Mostra exercicios compativeis.",""
"cardio>place_outdoor>hiit>no_equipment","cardio","place_outdoor","hiit","","","","","no_equipment","","failWrongResults","0","0","","Resultado fora do tipo esperado: Mountain climbers"
"cardio>place_outdoor>hiit>hiit","cardio","place_outdoor","hiit","","","","","hiit","","failWrongResults","0","0","","Resultado fora do tipo esperado: Mountain climbers"
"cardio>place_work_travel>bodyweight>no_equipment","cardio","place_work_travel","bodyweight","","","","","no_equipment","","failWrongResults","0","0","","Resultado fora do tipo esperado: Mountain climbers"
"cardio>place_work_travel>bodyweight>hiit","cardio","place_work_travel","bodyweight","","","","","hiit","","failWrongResults","0","0","","Resultado fora do tipo esperado: Mountain climbers"
"cardio>place_work_travel>hiit>no_equipment","cardio","place_work_travel","hiit","","","","","no_equipment","","failWrongResults","0","0","","Resultado fora do tipo esperado: Mountain climbers"
"cardio>place_work_travel>hiit>hiit","cardio","place_work_travel","hiit","","","","","hiit","","failWrongResults","0","0","","Resultado fora do tipo esperado: Mountain climbers"
"cardio>place_clinic>bodyweight>no_equipment","cardio","place_clinic","bodyweight","","","","","no_equipment","","failWrongResults","0","0","","Resultado fora do tipo esperado: Mountain climbers"
"cardio>place_clinic>bodyweight>hiit","cardio","place_clinic","bodyweight","","","","","hiit","","failWrongResults","0","0","","Resultado fora do tipo esperado: Mountain climbers"
"cardio>place_clinic>hiit>no_equipment","cardio","place_clinic","hiit","","","","","no_equipment","","failWrongResults","0","0","","Resultado fora do tipo esperado: Mountain climbers"
"cardio>place_clinic>hiit>hiit","cardio","place_clinic","hiit","","","","","hiit","","failWrongResults","0","0","","Resultado fora do tipo esperado: Mountain climbers"
"martial_arts>place_dojo>karate_complete>karate","martial_arts","place_dojo","","","","","karate_complete","","karate","okWithResults","46","0","Mostra exercicios compativeis.",""
"martial_arts>place_dojo>kihon>karate","martial_arts","place_dojo","","","","","kihon","","karate","okEmptyWithExplicitNotice","0","0","Não há exercícios disponíveis para este foco com as capacidades atuais. Ativa Mostrar todos para ver o equipamento/local em falta.",""
"martial_arts>place_dojo>kata>karate","martial_arts","place_dojo","","","","","kata","","karate","okEmptyWithExplicitNotice","0","0","Não há exercícios disponíveis para este foco com as capacidades atuais. Ativa Mostrar todos para ver o equipamento/local em falta.",""
"martial_arts>place_dojo>kumite_technical>karate","martial_arts","place_dojo","","","","","kumite_technical","","karate","okEmptyWithExplicitNotice","0","0","Não há exercícios disponíveis para este foco com as capacidades atuais. Ativa Mostrar todos para ver o equipamento/local em falta.",""
"martial_arts>place_dojo>karate_shadow>karate","martial_arts","place_dojo","","","","","karate_shadow","","karate","okEmptyWithExplicitNotice","0","0","Não há exercícios disponíveis para este foco com as capacidades atuais. Ativa Mostrar todos para ver o equipamento/local em falta.",""
"martial_arts>place_dojo>karate_footwork>karate","martial_arts","place_dojo","","","","","karate_footwork","","karate","okEmptyWithExplicitNotice","0","0","Não há exercícios disponíveis para este foco com as capacidades atuais. Ativa Mostrar todos para ver o equipamento/local em falta.",""
"martial_arts>place_dojo>karate_stances>karate","martial_arts","place_dojo","","","","","karate_stances","","karate","okEmptyWithExplicitNotice","0","0","Não há exercícios disponíveis para este foco com as capacidades atuais. Ativa Mostrar todos para ver o equipamento/local em falta.",""
"martial_arts>place_dojo>karate_guard>karate","martial_arts","place_dojo","","","","","karate_guard","","karate","okEmptyWithExplicitNotice","0","0","Não há exercícios disponíveis para este foco com as capacidades atuais. Ativa Mostrar todos para ver o equipamento/local em falta.",""
"martial_arts>place_dojo>karate_punches>karate","martial_arts","place_dojo","","","","","karate_punches","","karate","okEmptyWithExplicitNotice","0","0","Não há exercícios disponíveis para este foco com as capacidades atuais. Ativa Mostrar todos para ver o equipamento/local em falta.",""
"martial_arts>place_dojo>karate_kicks>karate","martial_arts","place_dojo","","","","","karate_kicks","","karate","okEmptyWithExplicitNotice","0","0","Não há exercícios disponíveis para este foco com as capacidades atuais. Ativa Mostrar todos para ver o equipamento/local em falta.",""
"martial_arts>place_dojo>karate_blocks>karate","martial_arts","place_dojo","","","","","karate_blocks","","karate","okEmptyWithExplicitNotice","0","0","Não há exercícios disponíveis para este foco com as capacidades atuais. Ativa Mostrar todos para ver o equipamento/local em falta.",""
"martial_arts>place_dojo>karate_evasions>karate","martial_arts","place_dojo","","","","","karate_evasions","","karate","okEmptyWithExplicitNotice","0","0","Não há exercícios disponíveis para este foco com as capacidades atuais. Ativa Mostrar todos para ver o equipamento/local em falta.",""
"martial_arts>place_dojo>karate_knees>karate","martial_arts","place_dojo","","","","","karate_knees","","karate","okEmptyWithExplicitNotice","0","0","Não há exercícios disponíveis para este foco com as capacidades atuais. Ativa Mostrar todos para ver o equipamento/local em falta.",""
"martial_arts>place_dojo>karate_bag>karate","martial_arts","place_dojo","","","","","karate_bag","","karate","okEmptyWithExplicitNotice","0","0","Não há exercícios disponíveis para este foco com as capacidades atuais. Ativa Mostrar todos para ver o equipamento/local em falta.",""
"martial_arts>place_dojo>karate_mobility>karate","martial_arts","place_dojo","","","","","karate_mobility","","karate","okEmptyWithExplicitNotice","0","0","Não há exercícios disponíveis para este foco com as capacidades atuais. Ativa Mostrar todos para ver o equipamento/local em falta.",""
"martial_arts>place_dojo>karate_conditioning>karate","martial_arts","place_dojo","","","","","karate_conditioning","","karate","okEmptyWithExplicitNotice","0","0","Não há exercícios disponíveis para este foco com as capacidades atuais. Ativa Mostrar todos para ver o equipamento/local em falta.",""
"martial_arts>place_dojo>jiu_jitsu_complete>jiu_jitsu","martial_arts","place_dojo","","","","","jiu_jitsu_complete","","jiu_jitsu","okWithResults","35","0","Mostra exercicios compativeis.",""
"martial_arts>place_dojo>shrimp>jiu_jitsu","martial_arts","place_dojo","","","","","shrimp","","jiu_jitsu","okEmptyWithExplicitNotice","0","0","Não há exercícios disponíveis para este foco com as capacidades atuais. Ativa Mostrar todos para ver o equipamento/local em falta.",""
"martial_arts>place_dojo>grappling_bridge>jiu_jitsu","martial_arts","place_dojo","","","","","grappling_bridge","","jiu_jitsu","okEmptyWithExplicitNotice","0","0","Não há exercícios disponíveis para este foco com as capacidades atuais. Ativa Mostrar todos para ver o equipamento/local em falta.",""
"martial_arts>place_dojo>technical_stand_up>jiu_jitsu","martial_arts","place_dojo","","","","","technical_stand_up","","jiu_jitsu","okEmptyWithExplicitNotice","0","0","Não há exercícios disponíveis para este foco com as capacidades atuais. Ativa Mostrar todos para ver o equipamento/local em falta.",""
"martial_arts>place_dojo>jiu_jitsu_rolls>jiu_jitsu","martial_arts","place_dojo","","","","","jiu_jitsu_rolls","","jiu_jitsu","okEmptyWithExplicitNotice","0","0","Não há exercícios disponíveis para este foco com as capacidades atuais. Ativa Mostrar todos para ver o equipamento/local em falta.",""
"martial_arts>place_dojo>jiu_jitsu_breakfalls>jiu_jitsu","martial_arts","place_dojo","","","","","jiu_jitsu_breakfalls","","jiu_jitsu","okEmptyWithExplicitNotice","0","0","Não há exercícios disponíveis para este foco com as capacidades atuais. Ativa Mostrar todos para ver o equipamento/local em falta.",""
"martial_arts>place_dojo>jiu_jitsu_inversions>jiu_jitsu","martial_arts","place_dojo","","","","","jiu_jitsu_inversions","","jiu_jitsu","okEmptyWithExplicitNotice","0","0","Não há exercícios disponíveis para este foco com as capacidades atuais. Ativa Mostrar todos para ver o equipamento/local em falta.",""
"martial_arts>place_dojo>jiu_jitsu_guard>jiu_jitsu","martial_arts","place_dojo","","","","","jiu_jitsu_guard","","jiu_jitsu","okEmptyWithExplicitNotice","0","0","Não há exercícios disponíveis para este foco com as capacidades atuais. Ativa Mostrar todos para ver o equipamento/local em falta.",""
"martial_arts>place_dojo>guard_passing>jiu_jitsu","martial_arts","place_dojo","","","","","guard_passing","","jiu_jitsu","okEmptyWithExplicitNotice","0","0","Não há exercícios disponíveis para este foco com as capacidades atuais. Ativa Mostrar todos para ver o equipamento/local em falta.",""
"martial_arts>place_dojo>jiu_jitsu_grip>jiu_jitsu","martial_arts","place_dojo","","","","","jiu_jitsu_grip","","jiu_jitsu","okEmptyWithExplicitNotice","0","0","Não há exercícios disponíveis para este foco com as capacidades atuais. Ativa Mostrar todos para ver o equipamento/local em falta.",""
"martial_arts>place_dojo>jiu_jitsu_core>jiu_jitsu","martial_arts","place_dojo","","","","","jiu_jitsu_core","","jiu_jitsu","okEmptyWithExplicitNotice","0","0","Não há exercícios disponíveis para este foco com as capacidades atuais. Ativa Mostrar todos para ver o equipamento/local em falta.",""
"martial_arts>place_dojo>jiu_jitsu_mobility>jiu_jitsu","martial_arts","place_dojo","","","","","jiu_jitsu_mobility","","jiu_jitsu","okEmptyWithExplicitNotice","0","0","Não há exercícios disponíveis para este foco com as capacidades atuais. Ativa Mostrar todos para ver o equipamento/local em falta.",""
"martial_arts>place_dojo>jiu_jitsu_conditioning>jiu_jitsu","martial_arts","place_dojo","","","","","jiu_jitsu_conditioning","","jiu_jitsu","okEmptyWithExplicitNotice","0","0","Não há exercícios disponíveis para este foco com as capacidades atuais. Ativa Mostrar todos para ver o equipamento/local em falta.",""
"martial_arts>place_tatami>karate_complete>karate","martial_arts","place_tatami","","","","","karate_complete","","karate","okWithResults","46","0","Mostra exercicios compativeis.",""
"martial_arts>place_tatami>kihon>karate","martial_arts","place_tatami","","","","","kihon","","karate","okEmptyWithExplicitNotice","0","0","Não há exercícios disponíveis para este foco com as capacidades atuais. Ativa Mostrar todos para ver o equipamento/local em falta.",""
"martial_arts>place_tatami>kata>karate","martial_arts","place_tatami","","","","","kata","","karate","okEmptyWithExplicitNotice","0","0","Não há exercícios disponíveis para este foco com as capacidades atuais. Ativa Mostrar todos para ver o equipamento/local em falta.",""
"martial_arts>place_tatami>kumite_technical>karate","martial_arts","place_tatami","","","","","kumite_technical","","karate","okEmptyWithExplicitNotice","0","0","Não há exercícios disponíveis para este foco com as capacidades atuais. Ativa Mostrar todos para ver o equipamento/local em falta.",""
"martial_arts>place_tatami>karate_shadow>karate","martial_arts","place_tatami","","","","","karate_shadow","","karate","okEmptyWithExplicitNotice","0","0","Não há exercícios disponíveis para este foco com as capacidades atuais. Ativa Mostrar todos para ver o equipamento/local em falta.",""
"martial_arts>place_tatami>karate_footwork>karate","martial_arts","place_tatami","","","","","karate_footwork","","karate","okEmptyWithExplicitNotice","0","0","Não há exercícios disponíveis para este foco com as capacidades atuais. Ativa Mostrar todos para ver o equipamento/local em falta.",""
"martial_arts>place_tatami>karate_stances>karate","martial_arts","place_tatami","","","","","karate_stances","","karate","okEmptyWithExplicitNotice","0","0","Não há exercícios disponíveis para este foco com as capacidades atuais. Ativa Mostrar todos para ver o equipamento/local em falta.",""
"martial_arts>place_tatami>karate_guard>karate","martial_arts","place_tatami","","","","","karate_guard","","karate","okEmptyWithExplicitNotice","0","0","Não há exercícios disponíveis para este foco com as capacidades atuais. Ativa Mostrar todos para ver o equipamento/local em falta.",""
"martial_arts>place_tatami>karate_punches>karate","martial_arts","place_tatami","","","","","karate_punches","","karate","okEmptyWithExplicitNotice","0","0","Não há exercícios disponíveis para este foco com as capacidades atuais. Ativa Mostrar todos para ver o equipamento/local em falta.",""
"martial_arts>place_tatami>karate_kicks>karate","martial_arts","place_tatami","","","","","karate_kicks","","karate","okEmptyWithExplicitNotice","0","0","Não há exercícios disponíveis para este foco com as capacidades atuais. Ativa Mostrar todos para ver o equipamento/local em falta.",""
"martial_arts>place_tatami>karate_blocks>karate","martial_arts","place_tatami","","","","","karate_blocks","","karate","okEmptyWithExplicitNotice","0","0","Não há exercícios disponíveis para este foco com as capacidades atuais. Ativa Mostrar todos para ver o equipamento/local em falta.",""
"martial_arts>place_tatami>karate_evasions>karate","martial_arts","place_tatami","","","","","karate_evasions","","karate","okEmptyWithExplicitNotice","0","0","Não há exercícios disponíveis para este foco com as capacidades atuais. Ativa Mostrar todos para ver o equipamento/local em falta.",""
"martial_arts>place_tatami>karate_knees>karate","martial_arts","place_tatami","","","","","karate_knees","","karate","okEmptyWithExplicitNotice","0","0","Não há exercícios disponíveis para este foco com as capacidades atuais. Ativa Mostrar todos para ver o equipamento/local em falta.",""
"martial_arts>place_tatami>karate_bag>karate","martial_arts","place_tatami","","","","","karate_bag","","karate","okEmptyWithExplicitNotice","0","0","Não há exercícios disponíveis para este foco com as capacidades atuais. Ativa Mostrar todos para ver o equipamento/local em falta.",""
"martial_arts>place_tatami>karate_mobility>karate","martial_arts","place_tatami","","","","","karate_mobility","","karate","okEmptyWithExplicitNotice","0","0","Não há exercícios disponíveis para este foco com as capacidades atuais. Ativa Mostrar todos para ver o equipamento/local em falta.",""
"martial_arts>place_tatami>karate_conditioning>karate","martial_arts","place_tatami","","","","","karate_conditioning","","karate","okEmptyWithExplicitNotice","0","0","Não há exercícios disponíveis para este foco com as capacidades atuais. Ativa Mostrar todos para ver o equipamento/local em falta.",""
"martial_arts>place_tatami>jiu_jitsu_complete>jiu_jitsu","martial_arts","place_tatami","","","","","jiu_jitsu_complete","","jiu_jitsu","okWithResults","35","0","Mostra exercicios compativeis.",""
"martial_arts>place_tatami>shrimp>jiu_jitsu","martial_arts","place_tatami","","","","","shrimp","","jiu_jitsu","okEmptyWithExplicitNotice","0","0","Não há exercícios disponíveis para este foco com as capacidades atuais. Ativa Mostrar todos para ver o equipamento/local em falta.",""
"martial_arts>place_tatami>grappling_bridge>jiu_jitsu","martial_arts","place_tatami","","","","","grappling_bridge","","jiu_jitsu","okEmptyWithExplicitNotice","0","0","Não há exercícios disponíveis para este foco com as capacidades atuais. Ativa Mostrar todos para ver o equipamento/local em falta.",""
"martial_arts>place_tatami>technical_stand_up>jiu_jitsu","martial_arts","place_tatami","","","","","technical_stand_up","","jiu_jitsu","okEmptyWithExplicitNotice","0","0","Não há exercícios disponíveis para este foco com as capacidades atuais. Ativa Mostrar todos para ver o equipamento/local em falta.",""
"martial_arts>place_tatami>jiu_jitsu_rolls>jiu_jitsu","martial_arts","place_tatami","","","","","jiu_jitsu_rolls","","jiu_jitsu","okEmptyWithExplicitNotice","0","0","Não há exercícios disponíveis para este foco com as capacidades atuais. Ativa Mostrar todos para ver o equipamento/local em falta.",""
"martial_arts>place_tatami>jiu_jitsu_breakfalls>jiu_jitsu","martial_arts","place_tatami","","","","","jiu_jitsu_breakfalls","","jiu_jitsu","okEmptyWithExplicitNotice","0","0","Não há exercícios disponíveis para este foco com as capacidades atuais. Ativa Mostrar todos para ver o equipamento/local em falta.",""
"martial_arts>place_tatami>jiu_jitsu_inversions>jiu_jitsu","martial_arts","place_tatami","","","","","jiu_jitsu_inversions","","jiu_jitsu","okEmptyWithExplicitNotice","0","0","Não há exercícios disponíveis para este foco com as capacidades atuais. Ativa Mostrar todos para ver o equipamento/local em falta.",""
"martial_arts>place_tatami>jiu_jitsu_guard>jiu_jitsu","martial_arts","place_tatami","","","","","jiu_jitsu_guard","","jiu_jitsu","okEmptyWithExplicitNotice","0","0","Não há exercícios disponíveis para este foco com as capacidades atuais. Ativa Mostrar todos para ver o equipamento/local em falta.",""
"martial_arts>place_tatami>guard_passing>jiu_jitsu","martial_arts","place_tatami","","","","","guard_passing","","jiu_jitsu","okEmptyWithExplicitNotice","0","0","Não há exercícios disponíveis para este foco com as capacidades atuais. Ativa Mostrar todos para ver o equipamento/local em falta.",""
"martial_arts>place_tatami>jiu_jitsu_grip>jiu_jitsu","martial_arts","place_tatami","","","","","jiu_jitsu_grip","","jiu_jitsu","okEmptyWithExplicitNotice","0","0","Não há exercícios disponíveis para este foco com as capacidades atuais. Ativa Mostrar todos para ver o equipamento/local em falta.",""
"martial_arts>place_tatami>jiu_jitsu_core>jiu_jitsu","martial_arts","place_tatami","","","","","jiu_jitsu_core","","jiu_jitsu","okEmptyWithExplicitNotice","0","0","Não há exercícios disponíveis para este foco com as capacidades atuais. Ativa Mostrar todos para ver o equipamento/local em falta.",""
"martial_arts>place_tatami>jiu_jitsu_mobility>jiu_jitsu","martial_arts","place_tatami","","","","","jiu_jitsu_mobility","","jiu_jitsu","okEmptyWithExplicitNotice","0","0","Não há exercícios disponíveis para este foco com as capacidades atuais. Ativa Mostrar todos para ver o equipamento/local em falta.",""
"martial_arts>place_tatami>jiu_jitsu_conditioning>jiu_jitsu","martial_arts","place_tatami","","","","","jiu_jitsu_conditioning","","jiu_jitsu","okEmptyWithExplicitNotice","0","0","Não há exercícios disponíveis para este foco com as capacidades atuais. Ativa Mostrar todos para ver o equipamento/local em falta.",""
"martial_arts>place_gym>karate_complete>karate","martial_arts","place_gym","","","","","karate_complete","","karate","okWithResults","45","0","Mostra exercicios compativeis.",""
"martial_arts>place_gym>kihon>karate","martial_arts","place_gym","","","","","kihon","","karate","okEmptyWithExplicitNotice","0","0","Não há exercícios disponíveis para este foco com as capacidades atuais. Ativa Mostrar todos para ver o equipamento/local em falta.",""
"martial_arts>place_gym>kata>karate","martial_arts","place_gym","","","","","kata","","karate","okEmptyWithExplicitNotice","0","0","Não há exercícios disponíveis para este foco com as capacidades atuais. Ativa Mostrar todos para ver o equipamento/local em falta.",""
"martial_arts>place_gym>kumite_technical>karate","martial_arts","place_gym","","","","","kumite_technical","","karate","okEmptyWithExplicitNotice","0","0","Não há exercícios disponíveis para este foco com as capacidades atuais. Ativa Mostrar todos para ver o equipamento/local em falta.",""
"martial_arts>place_gym>karate_shadow>karate","martial_arts","place_gym","","","","","karate_shadow","","karate","okEmptyWithExplicitNotice","0","0","Não há exercícios disponíveis para este foco com as capacidades atuais. Ativa Mostrar todos para ver o equipamento/local em falta.",""
"martial_arts>place_gym>karate_footwork>karate","martial_arts","place_gym","","","","","karate_footwork","","karate","okEmptyWithExplicitNotice","0","0","Não há exercícios disponíveis para este foco com as capacidades atuais. Ativa Mostrar todos para ver o equipamento/local em falta.",""
"martial_arts>place_gym>karate_stances>karate","martial_arts","place_gym","","","","","karate_stances","","karate","okEmptyWithExplicitNotice","0","0","Não há exercícios disponíveis para este foco com as capacidades atuais. Ativa Mostrar todos para ver o equipamento/local em falta.",""
"martial_arts>place_gym>karate_guard>karate","martial_arts","place_gym","","","","","karate_guard","","karate","okEmptyWithExplicitNotice","0","0","Não há exercícios disponíveis para este foco com as capacidades atuais. Ativa Mostrar todos para ver o equipamento/local em falta.",""
"martial_arts>place_gym>karate_punches>karate","martial_arts","place_gym","","","","","karate_punches","","karate","okEmptyWithExplicitNotice","0","0","Não há exercícios disponíveis para este foco com as capacidades atuais. Ativa Mostrar todos para ver o equipamento/local em falta.",""
"martial_arts>place_gym>karate_kicks>karate","martial_arts","place_gym","","","","","karate_kicks","","karate","okEmptyWithExplicitNotice","0","0","Não há exercícios disponíveis para este foco com as capacidades atuais. Ativa Mostrar todos para ver o equipamento/local em falta.",""
"martial_arts>place_gym>karate_blocks>karate","martial_arts","place_gym","","","","","karate_blocks","","karate","okEmptyWithExplicitNotice","0","0","Não há exercícios disponíveis para este foco com as capacidades atuais. Ativa Mostrar todos para ver o equipamento/local em falta.",""
"martial_arts>place_gym>karate_evasions>karate","martial_arts","place_gym","","","","","karate_evasions","","karate","okEmptyWithExplicitNotice","0","0","Não há exercícios disponíveis para este foco com as capacidades atuais. Ativa Mostrar todos para ver o equipamento/local em falta.",""
"martial_arts>place_gym>karate_knees>karate","martial_arts","place_gym","","","","","karate_knees","","karate","okEmptyWithExplicitNotice","0","0","Não há exercícios disponíveis para este foco com as capacidades atuais. Ativa Mostrar todos para ver o equipamento/local em falta.",""
"martial_arts>place_gym>karate_bag>karate","martial_arts","place_gym","","","","","karate_bag","","karate","okEmptyWithExplicitNotice","0","0","Não há exercícios disponíveis para este foco com as capacidades atuais. Ativa Mostrar todos para ver o equipamento/local em falta.",""
"martial_arts>place_gym>karate_mobility>karate","martial_arts","place_gym","","","","","karate_mobility","","karate","okEmptyWithExplicitNotice","0","0","Não há exercícios disponíveis para este foco com as capacidades atuais. Ativa Mostrar todos para ver o equipamento/local em falta.",""
"martial_arts>place_gym>karate_conditioning>karate","martial_arts","place_gym","","","","","karate_conditioning","","karate","okEmptyWithExplicitNotice","0","0","Não há exercícios disponíveis para este foco com as capacidades atuais. Ativa Mostrar todos para ver o equipamento/local em falta.",""
"martial_arts>place_gym>jiu_jitsu_complete>jiu_jitsu","martial_arts","place_gym","","","","","jiu_jitsu_complete","","jiu_jitsu","okWithResults","20","0","Mostra exercicios compativeis.",""
"martial_arts>place_gym>shrimp>jiu_jitsu","martial_arts","place_gym","","","","","shrimp","","jiu_jitsu","okEmptyWithExplicitNotice","0","0","Não há exercícios disponíveis para este foco com as capacidades atuais. Ativa Mostrar todos para ver o equipamento/local em falta.",""
"martial_arts>place_gym>grappling_bridge>jiu_jitsu","martial_arts","place_gym","","","","","grappling_bridge","","jiu_jitsu","okEmptyWithExplicitNotice","0","0","Não há exercícios disponíveis para este foco com as capacidades atuais. Ativa Mostrar todos para ver o equipamento/local em falta.",""
"martial_arts>place_gym>technical_stand_up>jiu_jitsu","martial_arts","place_gym","","","","","technical_stand_up","","jiu_jitsu","okEmptyWithExplicitNotice","0","0","Não há exercícios disponíveis para este foco com as capacidades atuais. Ativa Mostrar todos para ver o equipamento/local em falta.",""
"martial_arts>place_gym>jiu_jitsu_rolls>jiu_jitsu","martial_arts","place_gym","","","","","jiu_jitsu_rolls","","jiu_jitsu","okEmptyWithExplicitNotice","0","0","Não há exercícios disponíveis para este foco com as capacidades atuais. Ativa Mostrar todos para ver o equipamento/local em falta.",""
"martial_arts>place_gym>jiu_jitsu_breakfalls>jiu_jitsu","martial_arts","place_gym","","","","","jiu_jitsu_breakfalls","","jiu_jitsu","okEmptyWithExplicitNotice","0","0","Não há exercícios disponíveis para este foco com as capacidades atuais. Ativa Mostrar todos para ver o equipamento/local em falta.",""
"martial_arts>place_gym>jiu_jitsu_inversions>jiu_jitsu","martial_arts","place_gym","","","","","jiu_jitsu_inversions","","jiu_jitsu","okEmptyWithExplicitNotice","0","0","Não há exercícios disponíveis para este foco com as capacidades atuais. Ativa Mostrar todos para ver o equipamento/local em falta.",""
"martial_arts>place_gym>jiu_jitsu_guard>jiu_jitsu","martial_arts","place_gym","","","","","jiu_jitsu_guard","","jiu_jitsu","okEmptyWithExplicitNotice","0","0","Não há exercícios disponíveis para este foco com as capacidades atuais. Ativa Mostrar todos para ver o equipamento/local em falta.",""
"martial_arts>place_gym>guard_passing>jiu_jitsu","martial_arts","place_gym","","","","","guard_passing","","jiu_jitsu","okEmptyWithExplicitNotice","0","0","Não há exercícios disponíveis para este foco com as capacidades atuais. Ativa Mostrar todos para ver o equipamento/local em falta.",""
"martial_arts>place_gym>jiu_jitsu_grip>jiu_jitsu","martial_arts","place_gym","","","","","jiu_jitsu_grip","","jiu_jitsu","okEmptyWithExplicitNotice","0","0","Não há exercícios disponíveis para este foco com as capacidades atuais. Ativa Mostrar todos para ver o equipamento/local em falta.",""
"martial_arts>place_gym>jiu_jitsu_core>jiu_jitsu","martial_arts","place_gym","","","","","jiu_jitsu_core","","jiu_jitsu","okEmptyWithExplicitNotice","0","0","Não há exercícios disponíveis para este foco com as capacidades atuais. Ativa Mostrar todos para ver o equipamento/local em falta.",""
"martial_arts>place_gym>jiu_jitsu_mobility>jiu_jitsu","martial_arts","place_gym","","","","","jiu_jitsu_mobility","","jiu_jitsu","okEmptyWithExplicitNotice","0","0","Não há exercícios disponíveis para este foco com as capacidades atuais. Ativa Mostrar todos para ver o equipamento/local em falta.",""
"martial_arts>place_gym>jiu_jitsu_conditioning>jiu_jitsu","martial_arts","place_gym","","","","","jiu_jitsu_conditioning","","jiu_jitsu","okEmptyWithExplicitNotice","0","0","Não há exercícios disponíveis para este foco com as capacidades atuais. Ativa Mostrar todos para ver o equipamento/local em falta.",""
"martial_arts>place_home_equipped>karate_complete>karate","martial_arts","place_home_equipped","","","","","karate_complete","","karate","okWithResults","45","0","Mostra exercicios compativeis.",""
"martial_arts>place_home_equipped>kihon>karate","martial_arts","place_home_equipped","","","","","kihon","","karate","okEmptyWithExplicitNotice","0","0","Não há exercícios disponíveis para este foco com as capacidades atuais. Ativa Mostrar todos para ver o equipamento/local em falta.",""
"martial_arts>place_home_equipped>kata>karate","martial_arts","place_home_equipped","","","","","kata","","karate","okEmptyWithExplicitNotice","0","0","Não há exercícios disponíveis para este foco com as capacidades atuais. Ativa Mostrar todos para ver o equipamento/local em falta.",""
"martial_arts>place_home_equipped>kumite_technical>karate","martial_arts","place_home_equipped","","","","","kumite_technical","","karate","okEmptyWithExplicitNotice","0","0","Não há exercícios disponíveis para este foco com as capacidades atuais. Ativa Mostrar todos para ver o equipamento/local em falta.",""
"martial_arts>place_home_equipped>karate_shadow>karate","martial_arts","place_home_equipped","","","","","karate_shadow","","karate","okEmptyWithExplicitNotice","0","0","Não há exercícios disponíveis para este foco com as capacidades atuais. Ativa Mostrar todos para ver o equipamento/local em falta.",""
"martial_arts>place_home_equipped>karate_footwork>karate","martial_arts","place_home_equipped","","","","","karate_footwork","","karate","okEmptyWithExplicitNotice","0","0","Não há exercícios disponíveis para este foco com as capacidades atuais. Ativa Mostrar todos para ver o equipamento/local em falta.",""
"martial_arts>place_home_equipped>karate_stances>karate","martial_arts","place_home_equipped","","","","","karate_stances","","karate","okEmptyWithExplicitNotice","0","0","Não há exercícios disponíveis para este foco com as capacidades atuais. Ativa Mostrar todos para ver o equipamento/local em falta.",""
"martial_arts>place_home_equipped>karate_guard>karate","martial_arts","place_home_equipped","","","","","karate_guard","","karate","okEmptyWithExplicitNotice","0","0","Não há exercícios disponíveis para este foco com as capacidades atuais. Ativa Mostrar todos para ver o equipamento/local em falta.",""
"martial_arts>place_home_equipped>karate_punches>karate","martial_arts","place_home_equipped","","","","","karate_punches","","karate","okEmptyWithExplicitNotice","0","0","Não há exercícios disponíveis para este foco com as capacidades atuais. Ativa Mostrar todos para ver o equipamento/local em falta.",""
"martial_arts>place_home_equipped>karate_kicks>karate","martial_arts","place_home_equipped","","","","","karate_kicks","","karate","okEmptyWithExplicitNotice","0","0","Não há exercícios disponíveis para este foco com as capacidades atuais. Ativa Mostrar todos para ver o equipamento/local em falta.",""
"martial_arts>place_home_equipped>karate_blocks>karate","martial_arts","place_home_equipped","","","","","karate_blocks","","karate","okEmptyWithExplicitNotice","0","0","Não há exercícios disponíveis para este foco com as capacidades atuais. Ativa Mostrar todos para ver o equipamento/local em falta.",""
"martial_arts>place_home_equipped>karate_evasions>karate","martial_arts","place_home_equipped","","","","","karate_evasions","","karate","okEmptyWithExplicitNotice","0","0","Não há exercícios disponíveis para este foco com as capacidades atuais. Ativa Mostrar todos para ver o equipamento/local em falta.",""
"martial_arts>place_home_equipped>karate_knees>karate","martial_arts","place_home_equipped","","","","","karate_knees","","karate","okEmptyWithExplicitNotice","0","0","Não há exercícios disponíveis para este foco com as capacidades atuais. Ativa Mostrar todos para ver o equipamento/local em falta.",""
"martial_arts>place_home_equipped>karate_bag>karate","martial_arts","place_home_equipped","","","","","karate_bag","","karate","okEmptyWithExplicitNotice","0","0","Não há exercícios disponíveis para este foco com as capacidades atuais. Ativa Mostrar todos para ver o equipamento/local em falta.",""
"martial_arts>place_home_equipped>karate_mobility>karate","martial_arts","place_home_equipped","","","","","karate_mobility","","karate","okEmptyWithExplicitNotice","0","0","Não há exercícios disponíveis para este foco com as capacidades atuais. Ativa Mostrar todos para ver o equipamento/local em falta.",""
"martial_arts>place_home_equipped>karate_conditioning>karate","martial_arts","place_home_equipped","","","","","karate_conditioning","","karate","okEmptyWithExplicitNotice","0","0","Não há exercícios disponíveis para este foco com as capacidades atuais. Ativa Mostrar todos para ver o equipamento/local em falta.",""
"martial_arts>place_home_equipped>jiu_jitsu_complete>jiu_jitsu","martial_arts","place_home_equipped","","","","","jiu_jitsu_complete","","jiu_jitsu","okWithResults","12","0","Mostra exercicios compativeis.",""
"martial_arts>place_home_equipped>shrimp>jiu_jitsu","martial_arts","place_home_equipped","","","","","shrimp","","jiu_jitsu","okEmptyWithExplicitNotice","0","0","Não há exercícios disponíveis para este foco com as capacidades atuais. Ativa Mostrar todos para ver o equipamento/local em falta.",""
"martial_arts>place_home_equipped>grappling_bridge>jiu_jitsu","martial_arts","place_home_equipped","","","","","grappling_bridge","","jiu_jitsu","okEmptyWithExplicitNotice","0","0","Não há exercícios disponíveis para este foco com as capacidades atuais. Ativa Mostrar todos para ver o equipamento/local em falta.",""
"martial_arts>place_home_equipped>technical_stand_up>jiu_jitsu","martial_arts","place_home_equipped","","","","","technical_stand_up","","jiu_jitsu","okEmptyWithExplicitNotice","0","0","Não há exercícios disponíveis para este foco com as capacidades atuais. Ativa Mostrar todos para ver o equipamento/local em falta.",""
"martial_arts>place_home_equipped>jiu_jitsu_rolls>jiu_jitsu","martial_arts","place_home_equipped","","","","","jiu_jitsu_rolls","","jiu_jitsu","okEmptyWithExplicitNotice","0","0","Não há exercícios disponíveis para este foco com as capacidades atuais. Ativa Mostrar todos para ver o equipamento/local em falta.",""
"martial_arts>place_home_equipped>jiu_jitsu_breakfalls>jiu_jitsu","martial_arts","place_home_equipped","","","","","jiu_jitsu_breakfalls","","jiu_jitsu","okEmptyWithExplicitNotice","0","0","Não há exercícios disponíveis para este foco com as capacidades atuais. Ativa Mostrar todos para ver o equipamento/local em falta.",""
"martial_arts>place_home_equipped>jiu_jitsu_inversions>jiu_jitsu","martial_arts","place_home_equipped","","","","","jiu_jitsu_inversions","","jiu_jitsu","okEmptyWithExplicitNotice","0","0","Não há exercícios disponíveis para este foco com as capacidades atuais. Ativa Mostrar todos para ver o equipamento/local em falta.",""
"martial_arts>place_home_equipped>jiu_jitsu_guard>jiu_jitsu","martial_arts","place_home_equipped","","","","","jiu_jitsu_guard","","jiu_jitsu","okEmptyWithExplicitNotice","0","0","Não há exercícios disponíveis para este foco com as capacidades atuais. Ativa Mostrar todos para ver o equipamento/local em falta.",""
"martial_arts>place_home_equipped>guard_passing>jiu_jitsu","martial_arts","place_home_equipped","","","","","guard_passing","","jiu_jitsu","okEmptyWithExplicitNotice","0","0","Não há exercícios disponíveis para este foco com as capacidades atuais. Ativa Mostrar todos para ver o equipamento/local em falta.",""
"martial_arts>place_home_equipped>jiu_jitsu_grip>jiu_jitsu","martial_arts","place_home_equipped","","","","","jiu_jitsu_grip","","jiu_jitsu","okEmptyWithExplicitNotice","0","0","Não há exercícios disponíveis para este foco com as capacidades atuais. Ativa Mostrar todos para ver o equipamento/local em falta.",""
"martial_arts>place_home_equipped>jiu_jitsu_core>jiu_jitsu","martial_arts","place_home_equipped","","","","","jiu_jitsu_core","","jiu_jitsu","okEmptyWithExplicitNotice","0","0","Não há exercícios disponíveis para este foco com as capacidades atuais. Ativa Mostrar todos para ver o equipamento/local em falta.",""
"martial_arts>place_home_equipped>jiu_jitsu_mobility>jiu_jitsu","martial_arts","place_home_equipped","","","","","jiu_jitsu_mobility","","jiu_jitsu","okEmptyWithExplicitNotice","0","0","Não há exercícios disponíveis para este foco com as capacidades atuais. Ativa Mostrar todos para ver o equipamento/local em falta.",""
"martial_arts>place_home_equipped>jiu_jitsu_conditioning>jiu_jitsu","martial_arts","place_home_equipped","","","","","jiu_jitsu_conditioning","","jiu_jitsu","okEmptyWithExplicitNotice","0","0","Não há exercícios disponíveis para este foco com as capacidades atuais. Ativa Mostrar todos para ver o equipamento/local em falta.",""
"mobility>place_home_no_equipment>bodyweight>general_mobility>general_mobility","mobility","place_home_no_equipment","bodyweight","","","","general_mobility","","","failWrongResults","0","0","","Resultado fora do tipo esperado: Technical stand-up lento"
"mobility>place_home_no_equipment>bodyweight>shoulder_mobility>shoulder_mobility","mobility","place_home_no_equipment","bodyweight","","","","shoulder_mobility","","","okWithResults","11","0","Mostra exercicios compativeis.",""
"mobility>place_home_no_equipment>bodyweight>chest_mobility>chest_mobility","mobility","place_home_no_equipment","bodyweight","","","","chest_mobility","","","okWithResults","4","0","Mostra exercicios compativeis.",""
"mobility>place_home_no_equipment>bodyweight>back_mobility>back_mobility","mobility","place_home_no_equipment","bodyweight","","","","back_mobility","","","okWithResults","2","0","Mostra exercicios compativeis.",""
"mobility>place_home_no_equipment>bodyweight>thoracic_mobility>thoracic_mobility","mobility","place_home_no_equipment","bodyweight","","","","thoracic_mobility","","","okWithResults","6","0","Mostra exercicios compativeis.",""
"mobility>place_home_no_equipment>bodyweight>hip_mobility>hip_mobility","mobility","place_home_no_equipment","bodyweight","","","","hip_mobility","","","okWithResults","11","0","Mostra exercicios compativeis.",""
"mobility>place_home_no_equipment>bodyweight>hamstring_mobility>hamstring_mobility","mobility","place_home_no_equipment","bodyweight","","","","hamstring_mobility","","","okWithResults","8","0","Mostra exercicios compativeis.",""
"mobility>place_home_no_equipment>bodyweight>glute_mobility>glute_mobility","mobility","place_home_no_equipment","bodyweight","","","","glute_mobility","","","okWithResults","8","0","Mostra exercicios compativeis.",""
"mobility>place_home_no_equipment>bodyweight>quadriceps_mobility>quadriceps_mobility","mobility","place_home_no_equipment","bodyweight","","","","quadriceps_mobility","","","okWithResults","3","0","Mostra exercicios compativeis.",""
"mobility>place_home_no_equipment>bodyweight>ankle_mobility>ankle_mobility","mobility","place_home_no_equipment","bodyweight","","","","ankle_mobility","","","okWithResults","4","0","Mostra exercicios compativeis.",""
"mobility>place_home_no_equipment>bodyweight>calf_mobility>calf_mobility","mobility","place_home_no_equipment","bodyweight","","","","calf_mobility","","","okWithResults","2","0","Mostra exercicios compativeis.",""
"mobility>place_home_no_equipment>bodyweight>wrist_mobility>wrist_mobility","mobility","place_home_no_equipment","bodyweight","","","","wrist_mobility","","","okWithResults","6","0","Mostra exercicios compativeis.",""
"mobility>place_home_no_equipment>bodyweight>neck_mobility>neck_mobility","mobility","place_home_no_equipment","bodyweight","","","","neck_mobility","","","okWithResults","6","0","Mostra exercicios compativeis.",""
"mobility>place_home_no_equipment>floor>general_mobility>general_mobility","mobility","place_home_no_equipment","floor","","","","general_mobility","","","failWrongResults","0","0","","Resultado fora do tipo esperado: Technical stand-up lento"
"mobility>place_home_no_equipment>floor>shoulder_mobility>shoulder_mobility","mobility","place_home_no_equipment","floor","","","","shoulder_mobility","","","okWithResults","11","0","Mostra exercicios compativeis.",""
"mobility>place_home_no_equipment>floor>chest_mobility>chest_mobility","mobility","place_home_no_equipment","floor","","","","chest_mobility","","","okWithResults","4","0","Mostra exercicios compativeis.",""
"mobility>place_home_no_equipment>floor>back_mobility>back_mobility","mobility","place_home_no_equipment","floor","","","","back_mobility","","","okWithResults","2","0","Mostra exercicios compativeis.",""
"mobility>place_home_no_equipment>floor>thoracic_mobility>thoracic_mobility","mobility","place_home_no_equipment","floor","","","","thoracic_mobility","","","okWithResults","6","0","Mostra exercicios compativeis.",""
"mobility>place_home_no_equipment>floor>hip_mobility>hip_mobility","mobility","place_home_no_equipment","floor","","","","hip_mobility","","","okWithResults","11","0","Mostra exercicios compativeis.",""
"mobility>place_home_no_equipment>floor>hamstring_mobility>hamstring_mobility","mobility","place_home_no_equipment","floor","","","","hamstring_mobility","","","okWithResults","8","0","Mostra exercicios compativeis.",""
"mobility>place_home_no_equipment>floor>glute_mobility>glute_mobility","mobility","place_home_no_equipment","floor","","","","glute_mobility","","","okWithResults","8","0","Mostra exercicios compativeis.",""
"mobility>place_home_no_equipment>floor>quadriceps_mobility>quadriceps_mobility","mobility","place_home_no_equipment","floor","","","","quadriceps_mobility","","","okWithResults","3","0","Mostra exercicios compativeis.",""
"mobility>place_home_no_equipment>floor>ankle_mobility>ankle_mobility","mobility","place_home_no_equipment","floor","","","","ankle_mobility","","","okWithResults","4","0","Mostra exercicios compativeis.",""
"mobility>place_home_no_equipment>floor>calf_mobility>calf_mobility","mobility","place_home_no_equipment","floor","","","","calf_mobility","","","okWithResults","2","0","Mostra exercicios compativeis.",""
"mobility>place_home_no_equipment>floor>wrist_mobility>wrist_mobility","mobility","place_home_no_equipment","floor","","","","wrist_mobility","","","okWithResults","6","0","Mostra exercicios compativeis.",""
"mobility>place_home_no_equipment>floor>neck_mobility>neck_mobility","mobility","place_home_no_equipment","floor","","","","neck_mobility","","","okWithResults","6","0","Mostra exercicios compativeis.",""
"mobility>place_home_no_equipment>wall>general_mobility>general_mobility","mobility","place_home_no_equipment","wall","","","","general_mobility","","","failWrongResults","0","0","","Resultado fora do tipo esperado: Technical stand-up lento"
"mobility>place_home_no_equipment>wall>shoulder_mobility>shoulder_mobility","mobility","place_home_no_equipment","wall","","","","shoulder_mobility","","","okWithResults","11","0","Mostra exercicios compativeis.",""
"mobility>place_home_no_equipment>wall>chest_mobility>chest_mobility","mobility","place_home_no_equipment","wall","","","","chest_mobility","","","okWithResults","4","0","Mostra exercicios compativeis.",""
"mobility>place_home_no_equipment>wall>back_mobility>back_mobility","mobility","place_home_no_equipment","wall","","","","back_mobility","","","okWithResults","2","0","Mostra exercicios compativeis.",""
"mobility>place_home_no_equipment>wall>thoracic_mobility>thoracic_mobility","mobility","place_home_no_equipment","wall","","","","thoracic_mobility","","","okWithResults","6","0","Mostra exercicios compativeis.",""
"mobility>place_home_no_equipment>wall>hip_mobility>hip_mobility","mobility","place_home_no_equipment","wall","","","","hip_mobility","","","okWithResults","11","0","Mostra exercicios compativeis.",""
"mobility>place_home_no_equipment>wall>hamstring_mobility>hamstring_mobility","mobility","place_home_no_equipment","wall","","","","hamstring_mobility","","","okWithResults","8","0","Mostra exercicios compativeis.",""
"mobility>place_home_no_equipment>wall>glute_mobility>glute_mobility","mobility","place_home_no_equipment","wall","","","","glute_mobility","","","okWithResults","8","0","Mostra exercicios compativeis.",""
"mobility>place_home_no_equipment>wall>quadriceps_mobility>quadriceps_mobility","mobility","place_home_no_equipment","wall","","","","quadriceps_mobility","","","okWithResults","3","0","Mostra exercicios compativeis.",""
"mobility>place_home_no_equipment>wall>ankle_mobility>ankle_mobility","mobility","place_home_no_equipment","wall","","","","ankle_mobility","","","okWithResults","4","0","Mostra exercicios compativeis.",""
"mobility>place_home_no_equipment>wall>calf_mobility>calf_mobility","mobility","place_home_no_equipment","wall","","","","calf_mobility","","","okWithResults","2","0","Mostra exercicios compativeis.",""
"mobility>place_home_no_equipment>wall>wrist_mobility>wrist_mobility","mobility","place_home_no_equipment","wall","","","","wrist_mobility","","","okWithResults","6","0","Mostra exercicios compativeis.",""
"mobility>place_home_no_equipment>wall>neck_mobility>neck_mobility","mobility","place_home_no_equipment","wall","","","","neck_mobility","","","okWithResults","6","0","Mostra exercicios compativeis.",""
"mobility>place_home_no_equipment>mat>general_mobility>general_mobility","mobility","place_home_no_equipment","mat","","","","general_mobility","","","failWrongResults","0","0","","Resultado fora do tipo esperado: Technical stand-up lento"
"mobility>place_home_no_equipment>mat>shoulder_mobility>shoulder_mobility","mobility","place_home_no_equipment","mat","","","","shoulder_mobility","","","okWithResults","11","0","Mostra exercicios compativeis.",""
"mobility>place_home_no_equipment>mat>chest_mobility>chest_mobility","mobility","place_home_no_equipment","mat","","","","chest_mobility","","","okWithResults","4","0","Mostra exercicios compativeis.",""
"mobility>place_home_no_equipment>mat>back_mobility>back_mobility","mobility","place_home_no_equipment","mat","","","","back_mobility","","","okWithResults","2","0","Mostra exercicios compativeis.",""
"mobility>place_home_no_equipment>mat>thoracic_mobility>thoracic_mobility","mobility","place_home_no_equipment","mat","","","","thoracic_mobility","","","okWithResults","6","0","Mostra exercicios compativeis.",""
"mobility>place_home_no_equipment>mat>hip_mobility>hip_mobility","mobility","place_home_no_equipment","mat","","","","hip_mobility","","","okWithResults","11","0","Mostra exercicios compativeis.",""
"mobility>place_home_no_equipment>mat>hamstring_mobility>hamstring_mobility","mobility","place_home_no_equipment","mat","","","","hamstring_mobility","","","okWithResults","8","0","Mostra exercicios compativeis.",""
"mobility>place_home_no_equipment>mat>glute_mobility>glute_mobility","mobility","place_home_no_equipment","mat","","","","glute_mobility","","","okWithResults","8","0","Mostra exercicios compativeis.",""
"mobility>place_home_no_equipment>mat>quadriceps_mobility>quadriceps_mobility","mobility","place_home_no_equipment","mat","","","","quadriceps_mobility","","","okWithResults","3","0","Mostra exercicios compativeis.",""
"mobility>place_home_no_equipment>mat>ankle_mobility>ankle_mobility","mobility","place_home_no_equipment","mat","","","","ankle_mobility","","","okWithResults","4","0","Mostra exercicios compativeis.",""
"mobility>place_home_no_equipment>mat>calf_mobility>calf_mobility","mobility","place_home_no_equipment","mat","","","","calf_mobility","","","okWithResults","2","0","Mostra exercicios compativeis.",""
"mobility>place_home_no_equipment>mat>wrist_mobility>wrist_mobility","mobility","place_home_no_equipment","mat","","","","wrist_mobility","","","okWithResults","6","0","Mostra exercicios compativeis.",""
"mobility>place_home_no_equipment>mat>neck_mobility>neck_mobility","mobility","place_home_no_equipment","mat","","","","neck_mobility","","","okWithResults","6","0","Mostra exercicios compativeis.",""
"mobility>place_home_equipped>bodyweight>general_mobility>general_mobility","mobility","place_home_equipped","bodyweight","","","","general_mobility","","","failWrongResults","0","0","","Resultado fora do tipo esperado: Technical stand-up lento"
"mobility>place_home_equipped>bodyweight>shoulder_mobility>shoulder_mobility","mobility","place_home_equipped","bodyweight","","","","shoulder_mobility","","","okWithResults","11","0","Mostra exercicios compativeis.",""
"mobility>place_home_equipped>bodyweight>chest_mobility>chest_mobility","mobility","place_home_equipped","bodyweight","","","","chest_mobility","","","okWithResults","4","0","Mostra exercicios compativeis.",""
"mobility>place_home_equipped>bodyweight>back_mobility>back_mobility","mobility","place_home_equipped","bodyweight","","","","back_mobility","","","okWithResults","2","0","Mostra exercicios compativeis.",""
"mobility>place_home_equipped>bodyweight>thoracic_mobility>thoracic_mobility","mobility","place_home_equipped","bodyweight","","","","thoracic_mobility","","","okWithResults","6","0","Mostra exercicios compativeis.",""
"mobility>place_home_equipped>bodyweight>hip_mobility>hip_mobility","mobility","place_home_equipped","bodyweight","","","","hip_mobility","","","okWithResults","11","0","Mostra exercicios compativeis.",""
"mobility>place_home_equipped>bodyweight>hamstring_mobility>hamstring_mobility","mobility","place_home_equipped","bodyweight","","","","hamstring_mobility","","","okWithResults","8","0","Mostra exercicios compativeis.",""
"mobility>place_home_equipped>bodyweight>glute_mobility>glute_mobility","mobility","place_home_equipped","bodyweight","","","","glute_mobility","","","okWithResults","8","0","Mostra exercicios compativeis.",""
"mobility>place_home_equipped>bodyweight>quadriceps_mobility>quadriceps_mobility","mobility","place_home_equipped","bodyweight","","","","quadriceps_mobility","","","okWithResults","3","0","Mostra exercicios compativeis.",""
"mobility>place_home_equipped>bodyweight>ankle_mobility>ankle_mobility","mobility","place_home_equipped","bodyweight","","","","ankle_mobility","","","okWithResults","4","0","Mostra exercicios compativeis.",""
"mobility>place_home_equipped>bodyweight>calf_mobility>calf_mobility","mobility","place_home_equipped","bodyweight","","","","calf_mobility","","","okWithResults","2","0","Mostra exercicios compativeis.",""
"mobility>place_home_equipped>bodyweight>wrist_mobility>wrist_mobility","mobility","place_home_equipped","bodyweight","","","","wrist_mobility","","","okWithResults","6","0","Mostra exercicios compativeis.",""
"mobility>place_home_equipped>bodyweight>neck_mobility>neck_mobility","mobility","place_home_equipped","bodyweight","","","","neck_mobility","","","okWithResults","6","0","Mostra exercicios compativeis.",""
"mobility>place_home_equipped>floor>general_mobility>general_mobility","mobility","place_home_equipped","floor","","","","general_mobility","","","failWrongResults","0","0","","Resultado fora do tipo esperado: Technical stand-up lento"
"mobility>place_home_equipped>floor>shoulder_mobility>shoulder_mobility","mobility","place_home_equipped","floor","","","","shoulder_mobility","","","okWithResults","11","0","Mostra exercicios compativeis.",""
"mobility>place_home_equipped>floor>chest_mobility>chest_mobility","mobility","place_home_equipped","floor","","","","chest_mobility","","","okWithResults","4","0","Mostra exercicios compativeis.",""
"mobility>place_home_equipped>floor>back_mobility>back_mobility","mobility","place_home_equipped","floor","","","","back_mobility","","","okWithResults","2","0","Mostra exercicios compativeis.",""
"mobility>place_home_equipped>floor>thoracic_mobility>thoracic_mobility","mobility","place_home_equipped","floor","","","","thoracic_mobility","","","okWithResults","6","0","Mostra exercicios compativeis.",""
"mobility>place_home_equipped>floor>hip_mobility>hip_mobility","mobility","place_home_equipped","floor","","","","hip_mobility","","","okWithResults","11","0","Mostra exercicios compativeis.",""
"mobility>place_home_equipped>floor>hamstring_mobility>hamstring_mobility","mobility","place_home_equipped","floor","","","","hamstring_mobility","","","okWithResults","8","0","Mostra exercicios compativeis.",""
"mobility>place_home_equipped>floor>glute_mobility>glute_mobility","mobility","place_home_equipped","floor","","","","glute_mobility","","","okWithResults","8","0","Mostra exercicios compativeis.",""
"mobility>place_home_equipped>floor>quadriceps_mobility>quadriceps_mobility","mobility","place_home_equipped","floor","","","","quadriceps_mobility","","","okWithResults","3","0","Mostra exercicios compativeis.",""
"mobility>place_home_equipped>floor>ankle_mobility>ankle_mobility","mobility","place_home_equipped","floor","","","","ankle_mobility","","","okWithResults","4","0","Mostra exercicios compativeis.",""
"mobility>place_home_equipped>floor>calf_mobility>calf_mobility","mobility","place_home_equipped","floor","","","","calf_mobility","","","okWithResults","2","0","Mostra exercicios compativeis.",""
"mobility>place_home_equipped>floor>wrist_mobility>wrist_mobility","mobility","place_home_equipped","floor","","","","wrist_mobility","","","okWithResults","6","0","Mostra exercicios compativeis.",""
"mobility>place_home_equipped>floor>neck_mobility>neck_mobility","mobility","place_home_equipped","floor","","","","neck_mobility","","","okWithResults","6","0","Mostra exercicios compativeis.",""
"mobility>place_home_equipped>wall>general_mobility>general_mobility","mobility","place_home_equipped","wall","","","","general_mobility","","","failWrongResults","0","0","","Resultado fora do tipo esperado: Technical stand-up lento"
"mobility>place_home_equipped>wall>shoulder_mobility>shoulder_mobility","mobility","place_home_equipped","wall","","","","shoulder_mobility","","","okWithResults","11","0","Mostra exercicios compativeis.",""
"mobility>place_home_equipped>wall>chest_mobility>chest_mobility","mobility","place_home_equipped","wall","","","","chest_mobility","","","okWithResults","4","0","Mostra exercicios compativeis.",""
"mobility>place_home_equipped>wall>back_mobility>back_mobility","mobility","place_home_equipped","wall","","","","back_mobility","","","okWithResults","2","0","Mostra exercicios compativeis.",""
"mobility>place_home_equipped>wall>thoracic_mobility>thoracic_mobility","mobility","place_home_equipped","wall","","","","thoracic_mobility","","","okWithResults","6","0","Mostra exercicios compativeis.",""
"mobility>place_home_equipped>wall>hip_mobility>hip_mobility","mobility","place_home_equipped","wall","","","","hip_mobility","","","okWithResults","11","0","Mostra exercicios compativeis.",""
"mobility>place_home_equipped>wall>hamstring_mobility>hamstring_mobility","mobility","place_home_equipped","wall","","","","hamstring_mobility","","","okWithResults","8","0","Mostra exercicios compativeis.",""
"mobility>place_home_equipped>wall>glute_mobility>glute_mobility","mobility","place_home_equipped","wall","","","","glute_mobility","","","okWithResults","8","0","Mostra exercicios compativeis.",""
"mobility>place_home_equipped>wall>quadriceps_mobility>quadriceps_mobility","mobility","place_home_equipped","wall","","","","quadriceps_mobility","","","okWithResults","3","0","Mostra exercicios compativeis.",""
"mobility>place_home_equipped>wall>ankle_mobility>ankle_mobility","mobility","place_home_equipped","wall","","","","ankle_mobility","","","okWithResults","4","0","Mostra exercicios compativeis.",""
"mobility>place_home_equipped>wall>calf_mobility>calf_mobility","mobility","place_home_equipped","wall","","","","calf_mobility","","","okWithResults","2","0","Mostra exercicios compativeis.",""
"mobility>place_home_equipped>wall>wrist_mobility>wrist_mobility","mobility","place_home_equipped","wall","","","","wrist_mobility","","","okWithResults","6","0","Mostra exercicios compativeis.",""
"mobility>place_home_equipped>wall>neck_mobility>neck_mobility","mobility","place_home_equipped","wall","","","","neck_mobility","","","okWithResults","6","0","Mostra exercicios compativeis.",""
"mobility>place_home_equipped>mat>general_mobility>general_mobility","mobility","place_home_equipped","mat","","","","general_mobility","","","failWrongResults","0","0","","Resultado fora do tipo esperado: Technical stand-up lento"
"mobility>place_home_equipped>mat>shoulder_mobility>shoulder_mobility","mobility","place_home_equipped","mat","","","","shoulder_mobility","","","okWithResults","11","0","Mostra exercicios compativeis.",""
"mobility>place_home_equipped>mat>chest_mobility>chest_mobility","mobility","place_home_equipped","mat","","","","chest_mobility","","","okWithResults","4","0","Mostra exercicios compativeis.",""
"mobility>place_home_equipped>mat>back_mobility>back_mobility","mobility","place_home_equipped","mat","","","","back_mobility","","","okWithResults","2","0","Mostra exercicios compativeis.",""
"mobility>place_home_equipped>mat>thoracic_mobility>thoracic_mobility","mobility","place_home_equipped","mat","","","","thoracic_mobility","","","okWithResults","6","0","Mostra exercicios compativeis.",""
"mobility>place_home_equipped>mat>hip_mobility>hip_mobility","mobility","place_home_equipped","mat","","","","hip_mobility","","","okWithResults","11","0","Mostra exercicios compativeis.",""
"mobility>place_home_equipped>mat>hamstring_mobility>hamstring_mobility","mobility","place_home_equipped","mat","","","","hamstring_mobility","","","okWithResults","8","0","Mostra exercicios compativeis.",""
"mobility>place_home_equipped>mat>glute_mobility>glute_mobility","mobility","place_home_equipped","mat","","","","glute_mobility","","","okWithResults","8","0","Mostra exercicios compativeis.",""
"mobility>place_home_equipped>mat>quadriceps_mobility>quadriceps_mobility","mobility","place_home_equipped","mat","","","","quadriceps_mobility","","","okWithResults","3","0","Mostra exercicios compativeis.",""
"mobility>place_home_equipped>mat>ankle_mobility>ankle_mobility","mobility","place_home_equipped","mat","","","","ankle_mobility","","","okWithResults","4","0","Mostra exercicios compativeis.",""
"mobility>place_home_equipped>mat>calf_mobility>calf_mobility","mobility","place_home_equipped","mat","","","","calf_mobility","","","okWithResults","2","0","Mostra exercicios compativeis.",""
"mobility>place_home_equipped>mat>wrist_mobility>wrist_mobility","mobility","place_home_equipped","mat","","","","wrist_mobility","","","okWithResults","6","0","Mostra exercicios compativeis.",""
"mobility>place_home_equipped>mat>neck_mobility>neck_mobility","mobility","place_home_equipped","mat","","","","neck_mobility","","","okWithResults","6","0","Mostra exercicios compativeis.",""
"mobility>place_gym>bodyweight>general_mobility>general_mobility","mobility","place_gym","bodyweight","","","","general_mobility","","","failWrongResults","0","0","","Resultado fora do tipo esperado: Technical stand-up lento"
"mobility>place_gym>bodyweight>shoulder_mobility>shoulder_mobility","mobility","place_gym","bodyweight","","","","shoulder_mobility","","","okWithResults","12","0","Mostra exercicios compativeis.",""
"mobility>place_gym>bodyweight>chest_mobility>chest_mobility","mobility","place_gym","bodyweight","","","","chest_mobility","","","okWithResults","4","0","Mostra exercicios compativeis.",""
"mobility>place_gym>bodyweight>back_mobility>back_mobility","mobility","place_gym","bodyweight","","","","back_mobility","","","okWithResults","2","0","Mostra exercicios compativeis.",""
"mobility>place_gym>bodyweight>thoracic_mobility>thoracic_mobility","mobility","place_gym","bodyweight","","","","thoracic_mobility","","","okWithResults","6","0","Mostra exercicios compativeis.",""
"mobility>place_gym>bodyweight>hip_mobility>hip_mobility","mobility","place_gym","bodyweight","","","","hip_mobility","","","okWithResults","11","0","Mostra exercicios compativeis.",""
"mobility>place_gym>bodyweight>hamstring_mobility>hamstring_mobility","mobility","place_gym","bodyweight","","","","hamstring_mobility","","","okWithResults","8","0","Mostra exercicios compativeis.",""
"mobility>place_gym>bodyweight>glute_mobility>glute_mobility","mobility","place_gym","bodyweight","","","","glute_mobility","","","okWithResults","8","0","Mostra exercicios compativeis.",""
"mobility>place_gym>bodyweight>quadriceps_mobility>quadriceps_mobility","mobility","place_gym","bodyweight","","","","quadriceps_mobility","","","okWithResults","3","0","Mostra exercicios compativeis.",""
"mobility>place_gym>bodyweight>ankle_mobility>ankle_mobility","mobility","place_gym","bodyweight","","","","ankle_mobility","","","okWithResults","4","0","Mostra exercicios compativeis.",""
"mobility>place_gym>bodyweight>calf_mobility>calf_mobility","mobility","place_gym","bodyweight","","","","calf_mobility","","","okWithResults","2","0","Mostra exercicios compativeis.",""
"mobility>place_gym>bodyweight>wrist_mobility>wrist_mobility","mobility","place_gym","bodyweight","","","","wrist_mobility","","","okWithResults","6","0","Mostra exercicios compativeis.",""
"mobility>place_gym>bodyweight>neck_mobility>neck_mobility","mobility","place_gym","bodyweight","","","","neck_mobility","","","okWithResults","6","0","Mostra exercicios compativeis.",""
"mobility>place_gym>floor>general_mobility>general_mobility","mobility","place_gym","floor","","","","general_mobility","","","failWrongResults","0","0","","Resultado fora do tipo esperado: Technical stand-up lento"
"mobility>place_gym>floor>shoulder_mobility>shoulder_mobility","mobility","place_gym","floor","","","","shoulder_mobility","","","okWithResults","12","0","Mostra exercicios compativeis.",""
"mobility>place_gym>floor>chest_mobility>chest_mobility","mobility","place_gym","floor","","","","chest_mobility","","","okWithResults","4","0","Mostra exercicios compativeis.",""
"mobility>place_gym>floor>back_mobility>back_mobility","mobility","place_gym","floor","","","","back_mobility","","","okWithResults","2","0","Mostra exercicios compativeis.",""
"mobility>place_gym>floor>thoracic_mobility>thoracic_mobility","mobility","place_gym","floor","","","","thoracic_mobility","","","okWithResults","6","0","Mostra exercicios compativeis.",""
"mobility>place_gym>floor>hip_mobility>hip_mobility","mobility","place_gym","floor","","","","hip_mobility","","","okWithResults","11","0","Mostra exercicios compativeis.",""
"mobility>place_gym>floor>hamstring_mobility>hamstring_mobility","mobility","place_gym","floor","","","","hamstring_mobility","","","okWithResults","8","0","Mostra exercicios compativeis.",""
"mobility>place_gym>floor>glute_mobility>glute_mobility","mobility","place_gym","floor","","","","glute_mobility","","","okWithResults","8","0","Mostra exercicios compativeis.",""
"mobility>place_gym>floor>quadriceps_mobility>quadriceps_mobility","mobility","place_gym","floor","","","","quadriceps_mobility","","","okWithResults","3","0","Mostra exercicios compativeis.",""
"mobility>place_gym>floor>ankle_mobility>ankle_mobility","mobility","place_gym","floor","","","","ankle_mobility","","","okWithResults","4","0","Mostra exercicios compativeis.",""
"mobility>place_gym>floor>calf_mobility>calf_mobility","mobility","place_gym","floor","","","","calf_mobility","","","okWithResults","2","0","Mostra exercicios compativeis.",""
"mobility>place_gym>floor>wrist_mobility>wrist_mobility","mobility","place_gym","floor","","","","wrist_mobility","","","okWithResults","6","0","Mostra exercicios compativeis.",""
"mobility>place_gym>floor>neck_mobility>neck_mobility","mobility","place_gym","floor","","","","neck_mobility","","","okWithResults","6","0","Mostra exercicios compativeis.",""
"mobility>place_gym>wall>general_mobility>general_mobility","mobility","place_gym","wall","","","","general_mobility","","","failWrongResults","0","0","","Resultado fora do tipo esperado: Technical stand-up lento"
"mobility>place_gym>wall>shoulder_mobility>shoulder_mobility","mobility","place_gym","wall","","","","shoulder_mobility","","","okWithResults","12","0","Mostra exercicios compativeis.",""
"mobility>place_gym>wall>chest_mobility>chest_mobility","mobility","place_gym","wall","","","","chest_mobility","","","okWithResults","4","0","Mostra exercicios compativeis.",""
"mobility>place_gym>wall>back_mobility>back_mobility","mobility","place_gym","wall","","","","back_mobility","","","okWithResults","2","0","Mostra exercicios compativeis.",""
"mobility>place_gym>wall>thoracic_mobility>thoracic_mobility","mobility","place_gym","wall","","","","thoracic_mobility","","","okWithResults","6","0","Mostra exercicios compativeis.",""
"mobility>place_gym>wall>hip_mobility>hip_mobility","mobility","place_gym","wall","","","","hip_mobility","","","okWithResults","11","0","Mostra exercicios compativeis.",""
"mobility>place_gym>wall>hamstring_mobility>hamstring_mobility","mobility","place_gym","wall","","","","hamstring_mobility","","","okWithResults","8","0","Mostra exercicios compativeis.",""
"mobility>place_gym>wall>glute_mobility>glute_mobility","mobility","place_gym","wall","","","","glute_mobility","","","okWithResults","8","0","Mostra exercicios compativeis.",""
"mobility>place_gym>wall>quadriceps_mobility>quadriceps_mobility","mobility","place_gym","wall","","","","quadriceps_mobility","","","okWithResults","3","0","Mostra exercicios compativeis.",""
"mobility>place_gym>wall>ankle_mobility>ankle_mobility","mobility","place_gym","wall","","","","ankle_mobility","","","okWithResults","4","0","Mostra exercicios compativeis.",""
"mobility>place_gym>wall>calf_mobility>calf_mobility","mobility","place_gym","wall","","","","calf_mobility","","","okWithResults","2","0","Mostra exercicios compativeis.",""
"mobility>place_gym>wall>wrist_mobility>wrist_mobility","mobility","place_gym","wall","","","","wrist_mobility","","","okWithResults","6","0","Mostra exercicios compativeis.",""
"mobility>place_gym>wall>neck_mobility>neck_mobility","mobility","place_gym","wall","","","","neck_mobility","","","okWithResults","6","0","Mostra exercicios compativeis.",""
"mobility>place_gym>mat>general_mobility>general_mobility","mobility","place_gym","mat","","","","general_mobility","","","failWrongResults","0","0","","Resultado fora do tipo esperado: Technical stand-up lento"
"mobility>place_gym>mat>shoulder_mobility>shoulder_mobility","mobility","place_gym","mat","","","","shoulder_mobility","","","okWithResults","12","0","Mostra exercicios compativeis.",""
"mobility>place_gym>mat>chest_mobility>chest_mobility","mobility","place_gym","mat","","","","chest_mobility","","","okWithResults","4","0","Mostra exercicios compativeis.",""
"mobility>place_gym>mat>back_mobility>back_mobility","mobility","place_gym","mat","","","","back_mobility","","","okWithResults","2","0","Mostra exercicios compativeis.",""
"mobility>place_gym>mat>thoracic_mobility>thoracic_mobility","mobility","place_gym","mat","","","","thoracic_mobility","","","okWithResults","6","0","Mostra exercicios compativeis.",""
"mobility>place_gym>mat>hip_mobility>hip_mobility","mobility","place_gym","mat","","","","hip_mobility","","","okWithResults","11","0","Mostra exercicios compativeis.",""
"mobility>place_gym>mat>hamstring_mobility>hamstring_mobility","mobility","place_gym","mat","","","","hamstring_mobility","","","okWithResults","8","0","Mostra exercicios compativeis.",""
"mobility>place_gym>mat>glute_mobility>glute_mobility","mobility","place_gym","mat","","","","glute_mobility","","","okWithResults","8","0","Mostra exercicios compativeis.",""
"mobility>place_gym>mat>quadriceps_mobility>quadriceps_mobility","mobility","place_gym","mat","","","","quadriceps_mobility","","","okWithResults","3","0","Mostra exercicios compativeis.",""
"mobility>place_gym>mat>ankle_mobility>ankle_mobility","mobility","place_gym","mat","","","","ankle_mobility","","","okWithResults","4","0","Mostra exercicios compativeis.",""
"mobility>place_gym>mat>calf_mobility>calf_mobility","mobility","place_gym","mat","","","","calf_mobility","","","okWithResults","2","0","Mostra exercicios compativeis.",""
"mobility>place_gym>mat>wrist_mobility>wrist_mobility","mobility","place_gym","mat","","","","wrist_mobility","","","okWithResults","6","0","Mostra exercicios compativeis.",""
"mobility>place_gym>mat>neck_mobility>neck_mobility","mobility","place_gym","mat","","","","neck_mobility","","","okWithResults","6","0","Mostra exercicios compativeis.",""
"mobility>place_dojo>bodyweight>general_mobility>general_mobility","mobility","place_dojo","bodyweight","","","","general_mobility","","","failWrongResults","0","0","","Resultado fora do tipo esperado: Technical stand-up lento"
"mobility>place_dojo>bodyweight>shoulder_mobility>shoulder_mobility","mobility","place_dojo","bodyweight","","","","shoulder_mobility","","","okWithResults","11","0","Mostra exercicios compativeis.",""
"mobility>place_dojo>bodyweight>chest_mobility>chest_mobility","mobility","place_dojo","bodyweight","","","","chest_mobility","","","okWithResults","4","0","Mostra exercicios compativeis.",""
"mobility>place_dojo>bodyweight>back_mobility>back_mobility","mobility","place_dojo","bodyweight","","","","back_mobility","","","okWithResults","2","0","Mostra exercicios compativeis.",""
"mobility>place_dojo>bodyweight>thoracic_mobility>thoracic_mobility","mobility","place_dojo","bodyweight","","","","thoracic_mobility","","","okWithResults","6","0","Mostra exercicios compativeis.",""
"mobility>place_dojo>bodyweight>hip_mobility>hip_mobility","mobility","place_dojo","bodyweight","","","","hip_mobility","","","okWithResults","11","0","Mostra exercicios compativeis.",""
"mobility>place_dojo>bodyweight>hamstring_mobility>hamstring_mobility","mobility","place_dojo","bodyweight","","","","hamstring_mobility","","","okWithResults","8","0","Mostra exercicios compativeis.",""
"mobility>place_dojo>bodyweight>glute_mobility>glute_mobility","mobility","place_dojo","bodyweight","","","","glute_mobility","","","okWithResults","8","0","Mostra exercicios compativeis.",""
"mobility>place_dojo>bodyweight>quadriceps_mobility>quadriceps_mobility","mobility","place_dojo","bodyweight","","","","quadriceps_mobility","","","okWithResults","3","0","Mostra exercicios compativeis.",""
"mobility>place_dojo>bodyweight>ankle_mobility>ankle_mobility","mobility","place_dojo","bodyweight","","","","ankle_mobility","","","okWithResults","4","0","Mostra exercicios compativeis.",""
"mobility>place_dojo>bodyweight>calf_mobility>calf_mobility","mobility","place_dojo","bodyweight","","","","calf_mobility","","","okWithResults","2","0","Mostra exercicios compativeis.",""
"mobility>place_dojo>bodyweight>wrist_mobility>wrist_mobility","mobility","place_dojo","bodyweight","","","","wrist_mobility","","","okWithResults","6","0","Mostra exercicios compativeis.",""
"mobility>place_dojo>bodyweight>neck_mobility>neck_mobility","mobility","place_dojo","bodyweight","","","","neck_mobility","","","okWithResults","6","0","Mostra exercicios compativeis.",""
"mobility>place_dojo>floor>general_mobility>general_mobility","mobility","place_dojo","floor","","","","general_mobility","","","failWrongResults","0","0","","Resultado fora do tipo esperado: Technical stand-up lento"
"mobility>place_dojo>floor>shoulder_mobility>shoulder_mobility","mobility","place_dojo","floor","","","","shoulder_mobility","","","okWithResults","11","0","Mostra exercicios compativeis.",""
"mobility>place_dojo>floor>chest_mobility>chest_mobility","mobility","place_dojo","floor","","","","chest_mobility","","","okWithResults","4","0","Mostra exercicios compativeis.",""
"mobility>place_dojo>floor>back_mobility>back_mobility","mobility","place_dojo","floor","","","","back_mobility","","","okWithResults","2","0","Mostra exercicios compativeis.",""
"mobility>place_dojo>floor>thoracic_mobility>thoracic_mobility","mobility","place_dojo","floor","","","","thoracic_mobility","","","okWithResults","6","0","Mostra exercicios compativeis.",""
"mobility>place_dojo>floor>hip_mobility>hip_mobility","mobility","place_dojo","floor","","","","hip_mobility","","","okWithResults","11","0","Mostra exercicios compativeis.",""
"mobility>place_dojo>floor>hamstring_mobility>hamstring_mobility","mobility","place_dojo","floor","","","","hamstring_mobility","","","okWithResults","8","0","Mostra exercicios compativeis.",""
"mobility>place_dojo>floor>glute_mobility>glute_mobility","mobility","place_dojo","floor","","","","glute_mobility","","","okWithResults","8","0","Mostra exercicios compativeis.",""
"mobility>place_dojo>floor>quadriceps_mobility>quadriceps_mobility","mobility","place_dojo","floor","","","","quadriceps_mobility","","","okWithResults","3","0","Mostra exercicios compativeis.",""
"mobility>place_dojo>floor>ankle_mobility>ankle_mobility","mobility","place_dojo","floor","","","","ankle_mobility","","","okWithResults","4","0","Mostra exercicios compativeis.",""
"mobility>place_dojo>floor>calf_mobility>calf_mobility","mobility","place_dojo","floor","","","","calf_mobility","","","okWithResults","2","0","Mostra exercicios compativeis.",""
"mobility>place_dojo>floor>wrist_mobility>wrist_mobility","mobility","place_dojo","floor","","","","wrist_mobility","","","okWithResults","6","0","Mostra exercicios compativeis.",""
"mobility>place_dojo>floor>neck_mobility>neck_mobility","mobility","place_dojo","floor","","","","neck_mobility","","","okWithResults","6","0","Mostra exercicios compativeis.",""
"mobility>place_dojo>wall>general_mobility>general_mobility","mobility","place_dojo","wall","","","","general_mobility","","","failWrongResults","0","0","","Resultado fora do tipo esperado: Technical stand-up lento"
"mobility>place_dojo>wall>shoulder_mobility>shoulder_mobility","mobility","place_dojo","wall","","","","shoulder_mobility","","","okWithResults","11","0","Mostra exercicios compativeis.",""
"mobility>place_dojo>wall>chest_mobility>chest_mobility","mobility","place_dojo","wall","","","","chest_mobility","","","okWithResults","4","0","Mostra exercicios compativeis.",""
"mobility>place_dojo>wall>back_mobility>back_mobility","mobility","place_dojo","wall","","","","back_mobility","","","okWithResults","2","0","Mostra exercicios compativeis.",""
"mobility>place_dojo>wall>thoracic_mobility>thoracic_mobility","mobility","place_dojo","wall","","","","thoracic_mobility","","","okWithResults","6","0","Mostra exercicios compativeis.",""
"mobility>place_dojo>wall>hip_mobility>hip_mobility","mobility","place_dojo","wall","","","","hip_mobility","","","okWithResults","11","0","Mostra exercicios compativeis.",""
"mobility>place_dojo>wall>hamstring_mobility>hamstring_mobility","mobility","place_dojo","wall","","","","hamstring_mobility","","","okWithResults","8","0","Mostra exercicios compativeis.",""
"mobility>place_dojo>wall>glute_mobility>glute_mobility","mobility","place_dojo","wall","","","","glute_mobility","","","okWithResults","8","0","Mostra exercicios compativeis.",""
"mobility>place_dojo>wall>quadriceps_mobility>quadriceps_mobility","mobility","place_dojo","wall","","","","quadriceps_mobility","","","okWithResults","3","0","Mostra exercicios compativeis.",""
"mobility>place_dojo>wall>ankle_mobility>ankle_mobility","mobility","place_dojo","wall","","","","ankle_mobility","","","okWithResults","4","0","Mostra exercicios compativeis.",""
"mobility>place_dojo>wall>calf_mobility>calf_mobility","mobility","place_dojo","wall","","","","calf_mobility","","","okWithResults","2","0","Mostra exercicios compativeis.",""
"mobility>place_dojo>wall>wrist_mobility>wrist_mobility","mobility","place_dojo","wall","","","","wrist_mobility","","","okWithResults","6","0","Mostra exercicios compativeis.",""
"mobility>place_dojo>wall>neck_mobility>neck_mobility","mobility","place_dojo","wall","","","","neck_mobility","","","okWithResults","6","0","Mostra exercicios compativeis.",""
"mobility>place_dojo>mat>general_mobility>general_mobility","mobility","place_dojo","mat","","","","general_mobility","","","failWrongResults","0","0","","Resultado fora do tipo esperado: Technical stand-up lento"
"mobility>place_dojo>mat>shoulder_mobility>shoulder_mobility","mobility","place_dojo","mat","","","","shoulder_mobility","","","okWithResults","11","0","Mostra exercicios compativeis.",""
"mobility>place_dojo>mat>chest_mobility>chest_mobility","mobility","place_dojo","mat","","","","chest_mobility","","","okWithResults","4","0","Mostra exercicios compativeis.",""
"mobility>place_dojo>mat>back_mobility>back_mobility","mobility","place_dojo","mat","","","","back_mobility","","","okWithResults","2","0","Mostra exercicios compativeis.",""
"mobility>place_dojo>mat>thoracic_mobility>thoracic_mobility","mobility","place_dojo","mat","","","","thoracic_mobility","","","okWithResults","6","0","Mostra exercicios compativeis.",""
"mobility>place_dojo>mat>hip_mobility>hip_mobility","mobility","place_dojo","mat","","","","hip_mobility","","","okWithResults","11","0","Mostra exercicios compativeis.",""
"mobility>place_dojo>mat>hamstring_mobility>hamstring_mobility","mobility","place_dojo","mat","","","","hamstring_mobility","","","okWithResults","8","0","Mostra exercicios compativeis.",""
"mobility>place_dojo>mat>glute_mobility>glute_mobility","mobility","place_dojo","mat","","","","glute_mobility","","","okWithResults","8","0","Mostra exercicios compativeis.",""
"mobility>place_dojo>mat>quadriceps_mobility>quadriceps_mobility","mobility","place_dojo","mat","","","","quadriceps_mobility","","","okWithResults","3","0","Mostra exercicios compativeis.",""
"mobility>place_dojo>mat>ankle_mobility>ankle_mobility","mobility","place_dojo","mat","","","","ankle_mobility","","","okWithResults","4","0","Mostra exercicios compativeis.",""
"mobility>place_dojo>mat>calf_mobility>calf_mobility","mobility","place_dojo","mat","","","","calf_mobility","","","okWithResults","2","0","Mostra exercicios compativeis.",""
"mobility>place_dojo>mat>wrist_mobility>wrist_mobility","mobility","place_dojo","mat","","","","wrist_mobility","","","okWithResults","6","0","Mostra exercicios compativeis.",""
"mobility>place_dojo>mat>neck_mobility>neck_mobility","mobility","place_dojo","mat","","","","neck_mobility","","","okWithResults","6","0","Mostra exercicios compativeis.",""
"mobility>place_tatami>bodyweight>general_mobility>general_mobility","mobility","place_tatami","bodyweight","","","","general_mobility","","","failWrongResults","0","0","","Resultado fora do tipo esperado: Technical stand-up lento"
"mobility>place_tatami>bodyweight>shoulder_mobility>shoulder_mobility","mobility","place_tatami","bodyweight","","","","shoulder_mobility","","","okWithResults","11","0","Mostra exercicios compativeis.",""
"mobility>place_tatami>bodyweight>chest_mobility>chest_mobility","mobility","place_tatami","bodyweight","","","","chest_mobility","","","okWithResults","4","0","Mostra exercicios compativeis.",""
"mobility>place_tatami>bodyweight>back_mobility>back_mobility","mobility","place_tatami","bodyweight","","","","back_mobility","","","okWithResults","2","0","Mostra exercicios compativeis.",""
"mobility>place_tatami>bodyweight>thoracic_mobility>thoracic_mobility","mobility","place_tatami","bodyweight","","","","thoracic_mobility","","","okWithResults","6","0","Mostra exercicios compativeis.",""
"mobility>place_tatami>bodyweight>hip_mobility>hip_mobility","mobility","place_tatami","bodyweight","","","","hip_mobility","","","okWithResults","11","0","Mostra exercicios compativeis.",""
"mobility>place_tatami>bodyweight>hamstring_mobility>hamstring_mobility","mobility","place_tatami","bodyweight","","","","hamstring_mobility","","","okWithResults","8","0","Mostra exercicios compativeis.",""
"mobility>place_tatami>bodyweight>glute_mobility>glute_mobility","mobility","place_tatami","bodyweight","","","","glute_mobility","","","okWithResults","8","0","Mostra exercicios compativeis.",""
"mobility>place_tatami>bodyweight>quadriceps_mobility>quadriceps_mobility","mobility","place_tatami","bodyweight","","","","quadriceps_mobility","","","okWithResults","3","0","Mostra exercicios compativeis.",""
"mobility>place_tatami>bodyweight>ankle_mobility>ankle_mobility","mobility","place_tatami","bodyweight","","","","ankle_mobility","","","okWithResults","4","0","Mostra exercicios compativeis.",""
"mobility>place_tatami>bodyweight>calf_mobility>calf_mobility","mobility","place_tatami","bodyweight","","","","calf_mobility","","","okWithResults","2","0","Mostra exercicios compativeis.",""
"mobility>place_tatami>bodyweight>wrist_mobility>wrist_mobility","mobility","place_tatami","bodyweight","","","","wrist_mobility","","","okWithResults","6","0","Mostra exercicios compativeis.",""
"mobility>place_tatami>bodyweight>neck_mobility>neck_mobility","mobility","place_tatami","bodyweight","","","","neck_mobility","","","okWithResults","6","0","Mostra exercicios compativeis.",""
"mobility>place_tatami>floor>general_mobility>general_mobility","mobility","place_tatami","floor","","","","general_mobility","","","failWrongResults","0","0","","Resultado fora do tipo esperado: Technical stand-up lento"
"mobility>place_tatami>floor>shoulder_mobility>shoulder_mobility","mobility","place_tatami","floor","","","","shoulder_mobility","","","okWithResults","11","0","Mostra exercicios compativeis.",""
"mobility>place_tatami>floor>chest_mobility>chest_mobility","mobility","place_tatami","floor","","","","chest_mobility","","","okWithResults","4","0","Mostra exercicios compativeis.",""
"mobility>place_tatami>floor>back_mobility>back_mobility","mobility","place_tatami","floor","","","","back_mobility","","","okWithResults","2","0","Mostra exercicios compativeis.",""
"mobility>place_tatami>floor>thoracic_mobility>thoracic_mobility","mobility","place_tatami","floor","","","","thoracic_mobility","","","okWithResults","6","0","Mostra exercicios compativeis.",""
"mobility>place_tatami>floor>hip_mobility>hip_mobility","mobility","place_tatami","floor","","","","hip_mobility","","","okWithResults","11","0","Mostra exercicios compativeis.",""
"mobility>place_tatami>floor>hamstring_mobility>hamstring_mobility","mobility","place_tatami","floor","","","","hamstring_mobility","","","okWithResults","8","0","Mostra exercicios compativeis.",""
"mobility>place_tatami>floor>glute_mobility>glute_mobility","mobility","place_tatami","floor","","","","glute_mobility","","","okWithResults","8","0","Mostra exercicios compativeis.",""
"mobility>place_tatami>floor>quadriceps_mobility>quadriceps_mobility","mobility","place_tatami","floor","","","","quadriceps_mobility","","","okWithResults","3","0","Mostra exercicios compativeis.",""
"mobility>place_tatami>floor>ankle_mobility>ankle_mobility","mobility","place_tatami","floor","","","","ankle_mobility","","","okWithResults","4","0","Mostra exercicios compativeis.",""
"mobility>place_tatami>floor>calf_mobility>calf_mobility","mobility","place_tatami","floor","","","","calf_mobility","","","okWithResults","2","0","Mostra exercicios compativeis.",""
"mobility>place_tatami>floor>wrist_mobility>wrist_mobility","mobility","place_tatami","floor","","","","wrist_mobility","","","okWithResults","6","0","Mostra exercicios compativeis.",""
"mobility>place_tatami>floor>neck_mobility>neck_mobility","mobility","place_tatami","floor","","","","neck_mobility","","","okWithResults","6","0","Mostra exercicios compativeis.",""
"mobility>place_tatami>wall>general_mobility>general_mobility","mobility","place_tatami","wall","","","","general_mobility","","","failWrongResults","0","0","","Resultado fora do tipo esperado: Technical stand-up lento"
"mobility>place_tatami>wall>shoulder_mobility>shoulder_mobility","mobility","place_tatami","wall","","","","shoulder_mobility","","","okWithResults","11","0","Mostra exercicios compativeis.",""
"mobility>place_tatami>wall>chest_mobility>chest_mobility","mobility","place_tatami","wall","","","","chest_mobility","","","okWithResults","4","0","Mostra exercicios compativeis.",""
"mobility>place_tatami>wall>back_mobility>back_mobility","mobility","place_tatami","wall","","","","back_mobility","","","okWithResults","2","0","Mostra exercicios compativeis.",""
"mobility>place_tatami>wall>thoracic_mobility>thoracic_mobility","mobility","place_tatami","wall","","","","thoracic_mobility","","","okWithResults","6","0","Mostra exercicios compativeis.",""
"mobility>place_tatami>wall>hip_mobility>hip_mobility","mobility","place_tatami","wall","","","","hip_mobility","","","okWithResults","11","0","Mostra exercicios compativeis.",""
"mobility>place_tatami>wall>hamstring_mobility>hamstring_mobility","mobility","place_tatami","wall","","","","hamstring_mobility","","","okWithResults","8","0","Mostra exercicios compativeis.",""
"mobility>place_tatami>wall>glute_mobility>glute_mobility","mobility","place_tatami","wall","","","","glute_mobility","","","okWithResults","8","0","Mostra exercicios compativeis.",""
"mobility>place_tatami>wall>quadriceps_mobility>quadriceps_mobility","mobility","place_tatami","wall","","","","quadriceps_mobility","","","okWithResults","3","0","Mostra exercicios compativeis.",""
"mobility>place_tatami>wall>ankle_mobility>ankle_mobility","mobility","place_tatami","wall","","","","ankle_mobility","","","okWithResults","4","0","Mostra exercicios compativeis.",""
"mobility>place_tatami>wall>calf_mobility>calf_mobility","mobility","place_tatami","wall","","","","calf_mobility","","","okWithResults","2","0","Mostra exercicios compativeis.",""
"mobility>place_tatami>wall>wrist_mobility>wrist_mobility","mobility","place_tatami","wall","","","","wrist_mobility","","","okWithResults","6","0","Mostra exercicios compativeis.",""
"mobility>place_tatami>wall>neck_mobility>neck_mobility","mobility","place_tatami","wall","","","","neck_mobility","","","okWithResults","6","0","Mostra exercicios compativeis.",""
"mobility>place_tatami>mat>general_mobility>general_mobility","mobility","place_tatami","mat","","","","general_mobility","","","failWrongResults","0","0","","Resultado fora do tipo esperado: Technical stand-up lento"
"mobility>place_tatami>mat>shoulder_mobility>shoulder_mobility","mobility","place_tatami","mat","","","","shoulder_mobility","","","okWithResults","11","0","Mostra exercicios compativeis.",""
"mobility>place_tatami>mat>chest_mobility>chest_mobility","mobility","place_tatami","mat","","","","chest_mobility","","","okWithResults","4","0","Mostra exercicios compativeis.",""
"mobility>place_tatami>mat>back_mobility>back_mobility","mobility","place_tatami","mat","","","","back_mobility","","","okWithResults","2","0","Mostra exercicios compativeis.",""
"mobility>place_tatami>mat>thoracic_mobility>thoracic_mobility","mobility","place_tatami","mat","","","","thoracic_mobility","","","okWithResults","6","0","Mostra exercicios compativeis.",""
"mobility>place_tatami>mat>hip_mobility>hip_mobility","mobility","place_tatami","mat","","","","hip_mobility","","","okWithResults","11","0","Mostra exercicios compativeis.",""
"mobility>place_tatami>mat>hamstring_mobility>hamstring_mobility","mobility","place_tatami","mat","","","","hamstring_mobility","","","okWithResults","8","0","Mostra exercicios compativeis.",""
"mobility>place_tatami>mat>glute_mobility>glute_mobility","mobility","place_tatami","mat","","","","glute_mobility","","","okWithResults","8","0","Mostra exercicios compativeis.",""
"mobility>place_tatami>mat>quadriceps_mobility>quadriceps_mobility","mobility","place_tatami","mat","","","","quadriceps_mobility","","","okWithResults","3","0","Mostra exercicios compativeis.",""
"mobility>place_tatami>mat>ankle_mobility>ankle_mobility","mobility","place_tatami","mat","","","","ankle_mobility","","","okWithResults","4","0","Mostra exercicios compativeis.",""
"mobility>place_tatami>mat>calf_mobility>calf_mobility","mobility","place_tatami","mat","","","","calf_mobility","","","okWithResults","2","0","Mostra exercicios compativeis.",""
"mobility>place_tatami>mat>wrist_mobility>wrist_mobility","mobility","place_tatami","mat","","","","wrist_mobility","","","okWithResults","6","0","Mostra exercicios compativeis.",""
"mobility>place_tatami>mat>neck_mobility>neck_mobility","mobility","place_tatami","mat","","","","neck_mobility","","","okWithResults","6","0","Mostra exercicios compativeis.",""
"mobility>place_outdoor>bodyweight>general_mobility>general_mobility","mobility","place_outdoor","bodyweight","","","","general_mobility","","","failWrongResults","0","0","","Resultado fora do tipo esperado: Technical stand-up lento"
"mobility>place_outdoor>bodyweight>shoulder_mobility>shoulder_mobility","mobility","place_outdoor","bodyweight","","","","shoulder_mobility","","","okWithResults","11","0","Mostra exercicios compativeis.",""
"mobility>place_outdoor>bodyweight>chest_mobility>chest_mobility","mobility","place_outdoor","bodyweight","","","","chest_mobility","","","okWithResults","4","0","Mostra exercicios compativeis.",""
"mobility>place_outdoor>bodyweight>back_mobility>back_mobility","mobility","place_outdoor","bodyweight","","","","back_mobility","","","okWithResults","2","0","Mostra exercicios compativeis.",""
"mobility>place_outdoor>bodyweight>thoracic_mobility>thoracic_mobility","mobility","place_outdoor","bodyweight","","","","thoracic_mobility","","","okWithResults","6","0","Mostra exercicios compativeis.",""
"mobility>place_outdoor>bodyweight>hip_mobility>hip_mobility","mobility","place_outdoor","bodyweight","","","","hip_mobility","","","okWithResults","11","0","Mostra exercicios compativeis.",""
"mobility>place_outdoor>bodyweight>hamstring_mobility>hamstring_mobility","mobility","place_outdoor","bodyweight","","","","hamstring_mobility","","","okWithResults","8","0","Mostra exercicios compativeis.",""
"mobility>place_outdoor>bodyweight>glute_mobility>glute_mobility","mobility","place_outdoor","bodyweight","","","","glute_mobility","","","okWithResults","8","0","Mostra exercicios compativeis.",""
"mobility>place_outdoor>bodyweight>quadriceps_mobility>quadriceps_mobility","mobility","place_outdoor","bodyweight","","","","quadriceps_mobility","","","okWithResults","3","0","Mostra exercicios compativeis.",""
"mobility>place_outdoor>bodyweight>ankle_mobility>ankle_mobility","mobility","place_outdoor","bodyweight","","","","ankle_mobility","","","okWithResults","4","0","Mostra exercicios compativeis.",""
"mobility>place_outdoor>bodyweight>calf_mobility>calf_mobility","mobility","place_outdoor","bodyweight","","","","calf_mobility","","","okWithResults","2","0","Mostra exercicios compativeis.",""
"mobility>place_outdoor>bodyweight>wrist_mobility>wrist_mobility","mobility","place_outdoor","bodyweight","","","","wrist_mobility","","","okWithResults","6","0","Mostra exercicios compativeis.",""
"mobility>place_outdoor>bodyweight>neck_mobility>neck_mobility","mobility","place_outdoor","bodyweight","","","","neck_mobility","","","okWithResults","6","0","Mostra exercicios compativeis.",""
"mobility>place_outdoor>floor>general_mobility>general_mobility","mobility","place_outdoor","floor","","","","general_mobility","","","failWrongResults","0","0","","Resultado fora do tipo esperado: Technical stand-up lento"
"mobility>place_outdoor>floor>shoulder_mobility>shoulder_mobility","mobility","place_outdoor","floor","","","","shoulder_mobility","","","okWithResults","11","0","Mostra exercicios compativeis.",""
"mobility>place_outdoor>floor>chest_mobility>chest_mobility","mobility","place_outdoor","floor","","","","chest_mobility","","","okWithResults","4","0","Mostra exercicios compativeis.",""
"mobility>place_outdoor>floor>back_mobility>back_mobility","mobility","place_outdoor","floor","","","","back_mobility","","","okWithResults","2","0","Mostra exercicios compativeis.",""
"mobility>place_outdoor>floor>thoracic_mobility>thoracic_mobility","mobility","place_outdoor","floor","","","","thoracic_mobility","","","okWithResults","6","0","Mostra exercicios compativeis.",""
"mobility>place_outdoor>floor>hip_mobility>hip_mobility","mobility","place_outdoor","floor","","","","hip_mobility","","","okWithResults","11","0","Mostra exercicios compativeis.",""
"mobility>place_outdoor>floor>hamstring_mobility>hamstring_mobility","mobility","place_outdoor","floor","","","","hamstring_mobility","","","okWithResults","8","0","Mostra exercicios compativeis.",""
"mobility>place_outdoor>floor>glute_mobility>glute_mobility","mobility","place_outdoor","floor","","","","glute_mobility","","","okWithResults","8","0","Mostra exercicios compativeis.",""
"mobility>place_outdoor>floor>quadriceps_mobility>quadriceps_mobility","mobility","place_outdoor","floor","","","","quadriceps_mobility","","","okWithResults","3","0","Mostra exercicios compativeis.",""
"mobility>place_outdoor>floor>ankle_mobility>ankle_mobility","mobility","place_outdoor","floor","","","","ankle_mobility","","","okWithResults","4","0","Mostra exercicios compativeis.",""
"mobility>place_outdoor>floor>calf_mobility>calf_mobility","mobility","place_outdoor","floor","","","","calf_mobility","","","okWithResults","2","0","Mostra exercicios compativeis.",""
"mobility>place_outdoor>floor>wrist_mobility>wrist_mobility","mobility","place_outdoor","floor","","","","wrist_mobility","","","okWithResults","6","0","Mostra exercicios compativeis.",""
"mobility>place_outdoor>floor>neck_mobility>neck_mobility","mobility","place_outdoor","floor","","","","neck_mobility","","","okWithResults","6","0","Mostra exercicios compativeis.",""
"mobility>place_outdoor>wall>general_mobility>general_mobility","mobility","place_outdoor","wall","","","","general_mobility","","","failWrongResults","0","0","","Resultado fora do tipo esperado: Technical stand-up lento"
"mobility>place_outdoor>wall>shoulder_mobility>shoulder_mobility","mobility","place_outdoor","wall","","","","shoulder_mobility","","","okWithResults","11","0","Mostra exercicios compativeis.",""
"mobility>place_outdoor>wall>chest_mobility>chest_mobility","mobility","place_outdoor","wall","","","","chest_mobility","","","okWithResults","4","0","Mostra exercicios compativeis.",""
"mobility>place_outdoor>wall>back_mobility>back_mobility","mobility","place_outdoor","wall","","","","back_mobility","","","okWithResults","2","0","Mostra exercicios compativeis.",""
"mobility>place_outdoor>wall>thoracic_mobility>thoracic_mobility","mobility","place_outdoor","wall","","","","thoracic_mobility","","","okWithResults","6","0","Mostra exercicios compativeis.",""
"mobility>place_outdoor>wall>hip_mobility>hip_mobility","mobility","place_outdoor","wall","","","","hip_mobility","","","okWithResults","11","0","Mostra exercicios compativeis.",""
"mobility>place_outdoor>wall>hamstring_mobility>hamstring_mobility","mobility","place_outdoor","wall","","","","hamstring_mobility","","","okWithResults","8","0","Mostra exercicios compativeis.",""
"mobility>place_outdoor>wall>glute_mobility>glute_mobility","mobility","place_outdoor","wall","","","","glute_mobility","","","okWithResults","8","0","Mostra exercicios compativeis.",""
"mobility>place_outdoor>wall>quadriceps_mobility>quadriceps_mobility","mobility","place_outdoor","wall","","","","quadriceps_mobility","","","okWithResults","3","0","Mostra exercicios compativeis.",""
"mobility>place_outdoor>wall>ankle_mobility>ankle_mobility","mobility","place_outdoor","wall","","","","ankle_mobility","","","okWithResults","4","0","Mostra exercicios compativeis.",""
"mobility>place_outdoor>wall>calf_mobility>calf_mobility","mobility","place_outdoor","wall","","","","calf_mobility","","","okWithResults","2","0","Mostra exercicios compativeis.",""
"mobility>place_outdoor>wall>wrist_mobility>wrist_mobility","mobility","place_outdoor","wall","","","","wrist_mobility","","","okWithResults","6","0","Mostra exercicios compativeis.",""
"mobility>place_outdoor>wall>neck_mobility>neck_mobility","mobility","place_outdoor","wall","","","","neck_mobility","","","okWithResults","6","0","Mostra exercicios compativeis.",""
"mobility>place_outdoor>mat>general_mobility>general_mobility","mobility","place_outdoor","mat","","","","general_mobility","","","failWrongResults","0","0","","Resultado fora do tipo esperado: Technical stand-up lento"
"mobility>place_outdoor>mat>shoulder_mobility>shoulder_mobility","mobility","place_outdoor","mat","","","","shoulder_mobility","","","okWithResults","11","0","Mostra exercicios compativeis.",""
"mobility>place_outdoor>mat>chest_mobility>chest_mobility","mobility","place_outdoor","mat","","","","chest_mobility","","","okWithResults","4","0","Mostra exercicios compativeis.",""
"mobility>place_outdoor>mat>back_mobility>back_mobility","mobility","place_outdoor","mat","","","","back_mobility","","","okWithResults","2","0","Mostra exercicios compativeis.",""
"mobility>place_outdoor>mat>thoracic_mobility>thoracic_mobility","mobility","place_outdoor","mat","","","","thoracic_mobility","","","okWithResults","6","0","Mostra exercicios compativeis.",""
"mobility>place_outdoor>mat>hip_mobility>hip_mobility","mobility","place_outdoor","mat","","","","hip_mobility","","","okWithResults","11","0","Mostra exercicios compativeis.",""
"mobility>place_outdoor>mat>hamstring_mobility>hamstring_mobility","mobility","place_outdoor","mat","","","","hamstring_mobility","","","okWithResults","8","0","Mostra exercicios compativeis.",""
"mobility>place_outdoor>mat>glute_mobility>glute_mobility","mobility","place_outdoor","mat","","","","glute_mobility","","","okWithResults","8","0","Mostra exercicios compativeis.",""
"mobility>place_outdoor>mat>quadriceps_mobility>quadriceps_mobility","mobility","place_outdoor","mat","","","","quadriceps_mobility","","","okWithResults","3","0","Mostra exercicios compativeis.",""
"mobility>place_outdoor>mat>ankle_mobility>ankle_mobility","mobility","place_outdoor","mat","","","","ankle_mobility","","","okWithResults","4","0","Mostra exercicios compativeis.",""
"mobility>place_outdoor>mat>calf_mobility>calf_mobility","mobility","place_outdoor","mat","","","","calf_mobility","","","okWithResults","2","0","Mostra exercicios compativeis.",""
"mobility>place_outdoor>mat>wrist_mobility>wrist_mobility","mobility","place_outdoor","mat","","","","wrist_mobility","","","okWithResults","6","0","Mostra exercicios compativeis.",""
"mobility>place_outdoor>mat>neck_mobility>neck_mobility","mobility","place_outdoor","mat","","","","neck_mobility","","","okWithResults","6","0","Mostra exercicios compativeis.",""
"mobility>place_work_travel>bodyweight>general_mobility>general_mobility","mobility","place_work_travel","bodyweight","","","","general_mobility","","","failWrongResults","0","0","","Resultado fora do tipo esperado: Technical stand-up lento"
"mobility>place_work_travel>bodyweight>shoulder_mobility>shoulder_mobility","mobility","place_work_travel","bodyweight","","","","shoulder_mobility","","","okWithResults","11","0","Mostra exercicios compativeis.",""
"mobility>place_work_travel>bodyweight>chest_mobility>chest_mobility","mobility","place_work_travel","bodyweight","","","","chest_mobility","","","okWithResults","4","0","Mostra exercicios compativeis.",""
"mobility>place_work_travel>bodyweight>back_mobility>back_mobility","mobility","place_work_travel","bodyweight","","","","back_mobility","","","okWithResults","2","0","Mostra exercicios compativeis.",""
"mobility>place_work_travel>bodyweight>thoracic_mobility>thoracic_mobility","mobility","place_work_travel","bodyweight","","","","thoracic_mobility","","","okWithResults","6","0","Mostra exercicios compativeis.",""
"mobility>place_work_travel>bodyweight>hip_mobility>hip_mobility","mobility","place_work_travel","bodyweight","","","","hip_mobility","","","okWithResults","11","0","Mostra exercicios compativeis.",""
"mobility>place_work_travel>bodyweight>hamstring_mobility>hamstring_mobility","mobility","place_work_travel","bodyweight","","","","hamstring_mobility","","","okWithResults","8","0","Mostra exercicios compativeis.",""
"mobility>place_work_travel>bodyweight>glute_mobility>glute_mobility","mobility","place_work_travel","bodyweight","","","","glute_mobility","","","okWithResults","8","0","Mostra exercicios compativeis.",""
"mobility>place_work_travel>bodyweight>quadriceps_mobility>quadriceps_mobility","mobility","place_work_travel","bodyweight","","","","quadriceps_mobility","","","okWithResults","3","0","Mostra exercicios compativeis.",""
"mobility>place_work_travel>bodyweight>ankle_mobility>ankle_mobility","mobility","place_work_travel","bodyweight","","","","ankle_mobility","","","okWithResults","4","0","Mostra exercicios compativeis.",""
"mobility>place_work_travel>bodyweight>calf_mobility>calf_mobility","mobility","place_work_travel","bodyweight","","","","calf_mobility","","","okWithResults","2","0","Mostra exercicios compativeis.",""
"mobility>place_work_travel>bodyweight>wrist_mobility>wrist_mobility","mobility","place_work_travel","bodyweight","","","","wrist_mobility","","","okWithResults","6","0","Mostra exercicios compativeis.",""
"mobility>place_work_travel>bodyweight>neck_mobility>neck_mobility","mobility","place_work_travel","bodyweight","","","","neck_mobility","","","okWithResults","6","0","Mostra exercicios compativeis.",""
"mobility>place_work_travel>floor>general_mobility>general_mobility","mobility","place_work_travel","floor","","","","general_mobility","","","failWrongResults","0","0","","Resultado fora do tipo esperado: Technical stand-up lento"
"mobility>place_work_travel>floor>shoulder_mobility>shoulder_mobility","mobility","place_work_travel","floor","","","","shoulder_mobility","","","okWithResults","11","0","Mostra exercicios compativeis.",""
"mobility>place_work_travel>floor>chest_mobility>chest_mobility","mobility","place_work_travel","floor","","","","chest_mobility","","","okWithResults","4","0","Mostra exercicios compativeis.",""
"mobility>place_work_travel>floor>back_mobility>back_mobility","mobility","place_work_travel","floor","","","","back_mobility","","","okWithResults","2","0","Mostra exercicios compativeis.",""
"mobility>place_work_travel>floor>thoracic_mobility>thoracic_mobility","mobility","place_work_travel","floor","","","","thoracic_mobility","","","okWithResults","6","0","Mostra exercicios compativeis.",""
"mobility>place_work_travel>floor>hip_mobility>hip_mobility","mobility","place_work_travel","floor","","","","hip_mobility","","","okWithResults","11","0","Mostra exercicios compativeis.",""
"mobility>place_work_travel>floor>hamstring_mobility>hamstring_mobility","mobility","place_work_travel","floor","","","","hamstring_mobility","","","okWithResults","8","0","Mostra exercicios compativeis.",""
"mobility>place_work_travel>floor>glute_mobility>glute_mobility","mobility","place_work_travel","floor","","","","glute_mobility","","","okWithResults","8","0","Mostra exercicios compativeis.",""
"mobility>place_work_travel>floor>quadriceps_mobility>quadriceps_mobility","mobility","place_work_travel","floor","","","","quadriceps_mobility","","","okWithResults","3","0","Mostra exercicios compativeis.",""
"mobility>place_work_travel>floor>ankle_mobility>ankle_mobility","mobility","place_work_travel","floor","","","","ankle_mobility","","","okWithResults","4","0","Mostra exercicios compativeis.",""
"mobility>place_work_travel>floor>calf_mobility>calf_mobility","mobility","place_work_travel","floor","","","","calf_mobility","","","okWithResults","2","0","Mostra exercicios compativeis.",""
"mobility>place_work_travel>floor>wrist_mobility>wrist_mobility","mobility","place_work_travel","floor","","","","wrist_mobility","","","okWithResults","6","0","Mostra exercicios compativeis.",""
"mobility>place_work_travel>floor>neck_mobility>neck_mobility","mobility","place_work_travel","floor","","","","neck_mobility","","","okWithResults","6","0","Mostra exercicios compativeis.",""
"mobility>place_work_travel>wall>general_mobility>general_mobility","mobility","place_work_travel","wall","","","","general_mobility","","","failWrongResults","0","0","","Resultado fora do tipo esperado: Technical stand-up lento"
"mobility>place_work_travel>wall>shoulder_mobility>shoulder_mobility","mobility","place_work_travel","wall","","","","shoulder_mobility","","","okWithResults","11","0","Mostra exercicios compativeis.",""
"mobility>place_work_travel>wall>chest_mobility>chest_mobility","mobility","place_work_travel","wall","","","","chest_mobility","","","okWithResults","4","0","Mostra exercicios compativeis.",""
"mobility>place_work_travel>wall>back_mobility>back_mobility","mobility","place_work_travel","wall","","","","back_mobility","","","okWithResults","2","0","Mostra exercicios compativeis.",""
"mobility>place_work_travel>wall>thoracic_mobility>thoracic_mobility","mobility","place_work_travel","wall","","","","thoracic_mobility","","","okWithResults","6","0","Mostra exercicios compativeis.",""
"mobility>place_work_travel>wall>hip_mobility>hip_mobility","mobility","place_work_travel","wall","","","","hip_mobility","","","okWithResults","11","0","Mostra exercicios compativeis.",""
"mobility>place_work_travel>wall>hamstring_mobility>hamstring_mobility","mobility","place_work_travel","wall","","","","hamstring_mobility","","","okWithResults","8","0","Mostra exercicios compativeis.",""
"mobility>place_work_travel>wall>glute_mobility>glute_mobility","mobility","place_work_travel","wall","","","","glute_mobility","","","okWithResults","8","0","Mostra exercicios compativeis.",""
"mobility>place_work_travel>wall>quadriceps_mobility>quadriceps_mobility","mobility","place_work_travel","wall","","","","quadriceps_mobility","","","okWithResults","3","0","Mostra exercicios compativeis.",""
"mobility>place_work_travel>wall>ankle_mobility>ankle_mobility","mobility","place_work_travel","wall","","","","ankle_mobility","","","okWithResults","4","0","Mostra exercicios compativeis.",""
"mobility>place_work_travel>wall>calf_mobility>calf_mobility","mobility","place_work_travel","wall","","","","calf_mobility","","","okWithResults","2","0","Mostra exercicios compativeis.",""
"mobility>place_work_travel>wall>wrist_mobility>wrist_mobility","mobility","place_work_travel","wall","","","","wrist_mobility","","","okWithResults","6","0","Mostra exercicios compativeis.",""
"mobility>place_work_travel>wall>neck_mobility>neck_mobility","mobility","place_work_travel","wall","","","","neck_mobility","","","okWithResults","6","0","Mostra exercicios compativeis.",""
"mobility>place_work_travel>mat>general_mobility>general_mobility","mobility","place_work_travel","mat","","","","general_mobility","","","failWrongResults","0","0","","Resultado fora do tipo esperado: Technical stand-up lento"
"mobility>place_work_travel>mat>shoulder_mobility>shoulder_mobility","mobility","place_work_travel","mat","","","","shoulder_mobility","","","okWithResults","11","0","Mostra exercicios compativeis.",""
"mobility>place_work_travel>mat>chest_mobility>chest_mobility","mobility","place_work_travel","mat","","","","chest_mobility","","","okWithResults","4","0","Mostra exercicios compativeis.",""
"mobility>place_work_travel>mat>back_mobility>back_mobility","mobility","place_work_travel","mat","","","","back_mobility","","","okWithResults","2","0","Mostra exercicios compativeis.",""
"mobility>place_work_travel>mat>thoracic_mobility>thoracic_mobility","mobility","place_work_travel","mat","","","","thoracic_mobility","","","okWithResults","6","0","Mostra exercicios compativeis.",""
"mobility>place_work_travel>mat>hip_mobility>hip_mobility","mobility","place_work_travel","mat","","","","hip_mobility","","","okWithResults","11","0","Mostra exercicios compativeis.",""
"mobility>place_work_travel>mat>hamstring_mobility>hamstring_mobility","mobility","place_work_travel","mat","","","","hamstring_mobility","","","okWithResults","8","0","Mostra exercicios compativeis.",""
"mobility>place_work_travel>mat>glute_mobility>glute_mobility","mobility","place_work_travel","mat","","","","glute_mobility","","","okWithResults","8","0","Mostra exercicios compativeis.",""
"mobility>place_work_travel>mat>quadriceps_mobility>quadriceps_mobility","mobility","place_work_travel","mat","","","","quadriceps_mobility","","","okWithResults","3","0","Mostra exercicios compativeis.",""
"mobility>place_work_travel>mat>ankle_mobility>ankle_mobility","mobility","place_work_travel","mat","","","","ankle_mobility","","","okWithResults","4","0","Mostra exercicios compativeis.",""
"mobility>place_work_travel>mat>calf_mobility>calf_mobility","mobility","place_work_travel","mat","","","","calf_mobility","","","okWithResults","2","0","Mostra exercicios compativeis.",""
"mobility>place_work_travel>mat>wrist_mobility>wrist_mobility","mobility","place_work_travel","mat","","","","wrist_mobility","","","okWithResults","6","0","Mostra exercicios compativeis.",""
"mobility>place_work_travel>mat>neck_mobility>neck_mobility","mobility","place_work_travel","mat","","","","neck_mobility","","","okWithResults","6","0","Mostra exercicios compativeis.",""
"mobility>place_clinic>bodyweight>general_mobility>general_mobility","mobility","place_clinic","bodyweight","","","","general_mobility","","","failWrongResults","0","0","","Resultado fora do tipo esperado: Technical stand-up lento"
"mobility>place_clinic>bodyweight>shoulder_mobility>shoulder_mobility","mobility","place_clinic","bodyweight","","","","shoulder_mobility","","","okWithResults","11","0","Mostra exercicios compativeis.",""
"mobility>place_clinic>bodyweight>chest_mobility>chest_mobility","mobility","place_clinic","bodyweight","","","","chest_mobility","","","okWithResults","4","0","Mostra exercicios compativeis.",""
"mobility>place_clinic>bodyweight>back_mobility>back_mobility","mobility","place_clinic","bodyweight","","","","back_mobility","","","okWithResults","2","0","Mostra exercicios compativeis.",""
"mobility>place_clinic>bodyweight>thoracic_mobility>thoracic_mobility","mobility","place_clinic","bodyweight","","","","thoracic_mobility","","","okWithResults","6","0","Mostra exercicios compativeis.",""
"mobility>place_clinic>bodyweight>hip_mobility>hip_mobility","mobility","place_clinic","bodyweight","","","","hip_mobility","","","okWithResults","11","0","Mostra exercicios compativeis.",""
"mobility>place_clinic>bodyweight>hamstring_mobility>hamstring_mobility","mobility","place_clinic","bodyweight","","","","hamstring_mobility","","","okWithResults","8","0","Mostra exercicios compativeis.",""
"mobility>place_clinic>bodyweight>glute_mobility>glute_mobility","mobility","place_clinic","bodyweight","","","","glute_mobility","","","okWithResults","8","0","Mostra exercicios compativeis.",""
"mobility>place_clinic>bodyweight>quadriceps_mobility>quadriceps_mobility","mobility","place_clinic","bodyweight","","","","quadriceps_mobility","","","okWithResults","3","0","Mostra exercicios compativeis.",""
"mobility>place_clinic>bodyweight>ankle_mobility>ankle_mobility","mobility","place_clinic","bodyweight","","","","ankle_mobility","","","okWithResults","4","0","Mostra exercicios compativeis.",""
"mobility>place_clinic>bodyweight>calf_mobility>calf_mobility","mobility","place_clinic","bodyweight","","","","calf_mobility","","","okWithResults","2","0","Mostra exercicios compativeis.",""
"mobility>place_clinic>bodyweight>wrist_mobility>wrist_mobility","mobility","place_clinic","bodyweight","","","","wrist_mobility","","","okWithResults","6","0","Mostra exercicios compativeis.",""
"mobility>place_clinic>bodyweight>neck_mobility>neck_mobility","mobility","place_clinic","bodyweight","","","","neck_mobility","","","okWithResults","6","0","Mostra exercicios compativeis.",""
"mobility>place_clinic>floor>general_mobility>general_mobility","mobility","place_clinic","floor","","","","general_mobility","","","failWrongResults","0","0","","Resultado fora do tipo esperado: Technical stand-up lento"
"mobility>place_clinic>floor>shoulder_mobility>shoulder_mobility","mobility","place_clinic","floor","","","","shoulder_mobility","","","okWithResults","11","0","Mostra exercicios compativeis.",""
"mobility>place_clinic>floor>chest_mobility>chest_mobility","mobility","place_clinic","floor","","","","chest_mobility","","","okWithResults","4","0","Mostra exercicios compativeis.",""
"mobility>place_clinic>floor>back_mobility>back_mobility","mobility","place_clinic","floor","","","","back_mobility","","","okWithResults","2","0","Mostra exercicios compativeis.",""
"mobility>place_clinic>floor>thoracic_mobility>thoracic_mobility","mobility","place_clinic","floor","","","","thoracic_mobility","","","okWithResults","6","0","Mostra exercicios compativeis.",""
"mobility>place_clinic>floor>hip_mobility>hip_mobility","mobility","place_clinic","floor","","","","hip_mobility","","","okWithResults","11","0","Mostra exercicios compativeis.",""
"mobility>place_clinic>floor>hamstring_mobility>hamstring_mobility","mobility","place_clinic","floor","","","","hamstring_mobility","","","okWithResults","8","0","Mostra exercicios compativeis.",""
"mobility>place_clinic>floor>glute_mobility>glute_mobility","mobility","place_clinic","floor","","","","glute_mobility","","","okWithResults","8","0","Mostra exercicios compativeis.",""
"mobility>place_clinic>floor>quadriceps_mobility>quadriceps_mobility","mobility","place_clinic","floor","","","","quadriceps_mobility","","","okWithResults","3","0","Mostra exercicios compativeis.",""
"mobility>place_clinic>floor>ankle_mobility>ankle_mobility","mobility","place_clinic","floor","","","","ankle_mobility","","","okWithResults","4","0","Mostra exercicios compativeis.",""
"mobility>place_clinic>floor>calf_mobility>calf_mobility","mobility","place_clinic","floor","","","","calf_mobility","","","okWithResults","2","0","Mostra exercicios compativeis.",""
"mobility>place_clinic>floor>wrist_mobility>wrist_mobility","mobility","place_clinic","floor","","","","wrist_mobility","","","okWithResults","6","0","Mostra exercicios compativeis.",""
"mobility>place_clinic>floor>neck_mobility>neck_mobility","mobility","place_clinic","floor","","","","neck_mobility","","","okWithResults","6","0","Mostra exercicios compativeis.",""
"mobility>place_clinic>wall>general_mobility>general_mobility","mobility","place_clinic","wall","","","","general_mobility","","","failWrongResults","0","0","","Resultado fora do tipo esperado: Technical stand-up lento"
"mobility>place_clinic>wall>shoulder_mobility>shoulder_mobility","mobility","place_clinic","wall","","","","shoulder_mobility","","","okWithResults","11","0","Mostra exercicios compativeis.",""
"mobility>place_clinic>wall>chest_mobility>chest_mobility","mobility","place_clinic","wall","","","","chest_mobility","","","okWithResults","4","0","Mostra exercicios compativeis.",""
"mobility>place_clinic>wall>back_mobility>back_mobility","mobility","place_clinic","wall","","","","back_mobility","","","okWithResults","2","0","Mostra exercicios compativeis.",""
"mobility>place_clinic>wall>thoracic_mobility>thoracic_mobility","mobility","place_clinic","wall","","","","thoracic_mobility","","","okWithResults","6","0","Mostra exercicios compativeis.",""
"mobility>place_clinic>wall>hip_mobility>hip_mobility","mobility","place_clinic","wall","","","","hip_mobility","","","okWithResults","11","0","Mostra exercicios compativeis.",""
"mobility>place_clinic>wall>hamstring_mobility>hamstring_mobility","mobility","place_clinic","wall","","","","hamstring_mobility","","","okWithResults","8","0","Mostra exercicios compativeis.",""
"mobility>place_clinic>wall>glute_mobility>glute_mobility","mobility","place_clinic","wall","","","","glute_mobility","","","okWithResults","8","0","Mostra exercicios compativeis.",""
"mobility>place_clinic>wall>quadriceps_mobility>quadriceps_mobility","mobility","place_clinic","wall","","","","quadriceps_mobility","","","okWithResults","3","0","Mostra exercicios compativeis.",""
"mobility>place_clinic>wall>ankle_mobility>ankle_mobility","mobility","place_clinic","wall","","","","ankle_mobility","","","okWithResults","4","0","Mostra exercicios compativeis.",""
"mobility>place_clinic>wall>calf_mobility>calf_mobility","mobility","place_clinic","wall","","","","calf_mobility","","","okWithResults","2","0","Mostra exercicios compativeis.",""
"mobility>place_clinic>wall>wrist_mobility>wrist_mobility","mobility","place_clinic","wall","","","","wrist_mobility","","","okWithResults","6","0","Mostra exercicios compativeis.",""
"mobility>place_clinic>wall>neck_mobility>neck_mobility","mobility","place_clinic","wall","","","","neck_mobility","","","okWithResults","6","0","Mostra exercicios compativeis.",""
"mobility>place_clinic>mat>general_mobility>general_mobility","mobility","place_clinic","mat","","","","general_mobility","","","failWrongResults","0","0","","Resultado fora do tipo esperado: Technical stand-up lento"
"mobility>place_clinic>mat>shoulder_mobility>shoulder_mobility","mobility","place_clinic","mat","","","","shoulder_mobility","","","okWithResults","11","0","Mostra exercicios compativeis.",""
"mobility>place_clinic>mat>chest_mobility>chest_mobility","mobility","place_clinic","mat","","","","chest_mobility","","","okWithResults","4","0","Mostra exercicios compativeis.",""
"mobility>place_clinic>mat>back_mobility>back_mobility","mobility","place_clinic","mat","","","","back_mobility","","","okWithResults","2","0","Mostra exercicios compativeis.",""
"mobility>place_clinic>mat>thoracic_mobility>thoracic_mobility","mobility","place_clinic","mat","","","","thoracic_mobility","","","okWithResults","6","0","Mostra exercicios compativeis.",""
"mobility>place_clinic>mat>hip_mobility>hip_mobility","mobility","place_clinic","mat","","","","hip_mobility","","","okWithResults","11","0","Mostra exercicios compativeis.",""
"mobility>place_clinic>mat>hamstring_mobility>hamstring_mobility","mobility","place_clinic","mat","","","","hamstring_mobility","","","okWithResults","8","0","Mostra exercicios compativeis.",""
"mobility>place_clinic>mat>glute_mobility>glute_mobility","mobility","place_clinic","mat","","","","glute_mobility","","","okWithResults","8","0","Mostra exercicios compativeis.",""
"mobility>place_clinic>mat>quadriceps_mobility>quadriceps_mobility","mobility","place_clinic","mat","","","","quadriceps_mobility","","","okWithResults","3","0","Mostra exercicios compativeis.",""
"mobility>place_clinic>mat>ankle_mobility>ankle_mobility","mobility","place_clinic","mat","","","","ankle_mobility","","","okWithResults","4","0","Mostra exercicios compativeis.",""
"mobility>place_clinic>mat>calf_mobility>calf_mobility","mobility","place_clinic","mat","","","","calf_mobility","","","okWithResults","2","0","Mostra exercicios compativeis.",""
"mobility>place_clinic>mat>wrist_mobility>wrist_mobility","mobility","place_clinic","mat","","","","wrist_mobility","","","okWithResults","6","0","Mostra exercicios compativeis.",""
"mobility>place_clinic>mat>neck_mobility>neck_mobility","mobility","place_clinic","mat","","","","neck_mobility","","","okWithResults","6","0","Mostra exercicios compativeis.",""
"elasticity>place_home_no_equipment>bodyweight","elasticity","place_home_no_equipment","bodyweight","","","","","","","okEmptyWithExplicitNotice","0","0","Não há exercícios disponíveis para este foco com as capacidades atuais. Ativa Mostrar todos para ver o equipamento/local em falta.",""
"elasticity>place_home_no_equipment>floor","elasticity","place_home_no_equipment","floor","","","","","","","okEmptyWithExplicitNotice","0","0","Não há exercícios disponíveis para este foco com as capacidades atuais. Ativa Mostrar todos para ver o equipamento/local em falta.",""
"elasticity>place_home_no_equipment>wall","elasticity","place_home_no_equipment","wall","","","","","","","okEmptyWithExplicitNotice","0","0","Não há exercícios disponíveis para este foco com as capacidades atuais. Ativa Mostrar todos para ver o equipamento/local em falta.",""
"elasticity>place_home_no_equipment>mat","elasticity","place_home_no_equipment","mat","","","","","","","okEmptyWithExplicitNotice","0","0","Não há exercícios disponíveis para este foco com as capacidades atuais. Ativa Mostrar todos para ver o equipamento/local em falta.",""
"elasticity>place_home_equipped>bodyweight","elasticity","place_home_equipped","bodyweight","","","","","","","okEmptyWithExplicitNotice","0","0","Não há exercícios disponíveis para este foco com as capacidades atuais. Ativa Mostrar todos para ver o equipamento/local em falta.",""
"elasticity>place_home_equipped>floor","elasticity","place_home_equipped","floor","","","","","","","okEmptyWithExplicitNotice","0","0","Não há exercícios disponíveis para este foco com as capacidades atuais. Ativa Mostrar todos para ver o equipamento/local em falta.",""
"elasticity>place_home_equipped>wall","elasticity","place_home_equipped","wall","","","","","","","okEmptyWithExplicitNotice","0","0","Não há exercícios disponíveis para este foco com as capacidades atuais. Ativa Mostrar todos para ver o equipamento/local em falta.",""
"elasticity>place_home_equipped>mat","elasticity","place_home_equipped","mat","","","","","","","okEmptyWithExplicitNotice","0","0","Não há exercícios disponíveis para este foco com as capacidades atuais. Ativa Mostrar todos para ver o equipamento/local em falta.",""
"elasticity>place_gym>bodyweight","elasticity","place_gym","bodyweight","","","","","","","okEmptyWithExplicitNotice","0","0","Não há exercícios disponíveis para este foco com as capacidades atuais. Ativa Mostrar todos para ver o equipamento/local em falta.",""
"elasticity>place_gym>floor","elasticity","place_gym","floor","","","","","","","okEmptyWithExplicitNotice","0","0","Não há exercícios disponíveis para este foco com as capacidades atuais. Ativa Mostrar todos para ver o equipamento/local em falta.",""
"elasticity>place_gym>wall","elasticity","place_gym","wall","","","","","","","okEmptyWithExplicitNotice","0","0","Não há exercícios disponíveis para este foco com as capacidades atuais. Ativa Mostrar todos para ver o equipamento/local em falta.",""
"elasticity>place_gym>mat","elasticity","place_gym","mat","","","","","","","okEmptyWithExplicitNotice","0","0","Não há exercícios disponíveis para este foco com as capacidades atuais. Ativa Mostrar todos para ver o equipamento/local em falta.",""
"elasticity>place_dojo>bodyweight","elasticity","place_dojo","bodyweight","","","","","","","okEmptyWithExplicitNotice","0","0","Não há exercícios disponíveis para este foco com as capacidades atuais. Ativa Mostrar todos para ver o equipamento/local em falta.",""
"elasticity>place_dojo>floor","elasticity","place_dojo","floor","","","","","","","okEmptyWithExplicitNotice","0","0","Não há exercícios disponíveis para este foco com as capacidades atuais. Ativa Mostrar todos para ver o equipamento/local em falta.",""
"elasticity>place_dojo>wall","elasticity","place_dojo","wall","","","","","","","okEmptyWithExplicitNotice","0","0","Não há exercícios disponíveis para este foco com as capacidades atuais. Ativa Mostrar todos para ver o equipamento/local em falta.",""
"elasticity>place_dojo>mat","elasticity","place_dojo","mat","","","","","","","okEmptyWithExplicitNotice","0","0","Não há exercícios disponíveis para este foco com as capacidades atuais. Ativa Mostrar todos para ver o equipamento/local em falta.",""
"elasticity>place_tatami>bodyweight","elasticity","place_tatami","bodyweight","","","","","","","okEmptyWithExplicitNotice","0","0","Não há exercícios disponíveis para este foco com as capacidades atuais. Ativa Mostrar todos para ver o equipamento/local em falta.",""
"elasticity>place_tatami>floor","elasticity","place_tatami","floor","","","","","","","okEmptyWithExplicitNotice","0","0","Não há exercícios disponíveis para este foco com as capacidades atuais. Ativa Mostrar todos para ver o equipamento/local em falta.",""
"elasticity>place_tatami>wall","elasticity","place_tatami","wall","","","","","","","okEmptyWithExplicitNotice","0","0","Não há exercícios disponíveis para este foco com as capacidades atuais. Ativa Mostrar todos para ver o equipamento/local em falta.",""
"elasticity>place_tatami>mat","elasticity","place_tatami","mat","","","","","","","okEmptyWithExplicitNotice","0","0","Não há exercícios disponíveis para este foco com as capacidades atuais. Ativa Mostrar todos para ver o equipamento/local em falta.",""
"elasticity>place_outdoor>bodyweight","elasticity","place_outdoor","bodyweight","","","","","","","okEmptyWithExplicitNotice","0","0","Não há exercícios disponíveis para este foco com as capacidades atuais. Ativa Mostrar todos para ver o equipamento/local em falta.",""
"elasticity>place_outdoor>floor","elasticity","place_outdoor","floor","","","","","","","okEmptyWithExplicitNotice","0","0","Não há exercícios disponíveis para este foco com as capacidades atuais. Ativa Mostrar todos para ver o equipamento/local em falta.",""
"elasticity>place_outdoor>wall","elasticity","place_outdoor","wall","","","","","","","okEmptyWithExplicitNotice","0","0","Não há exercícios disponíveis para este foco com as capacidades atuais. Ativa Mostrar todos para ver o equipamento/local em falta.",""
"elasticity>place_outdoor>mat","elasticity","place_outdoor","mat","","","","","","","okEmptyWithExplicitNotice","0","0","Não há exercícios disponíveis para este foco com as capacidades atuais. Ativa Mostrar todos para ver o equipamento/local em falta.",""
"elasticity>place_work_travel>bodyweight","elasticity","place_work_travel","bodyweight","","","","","","","okEmptyWithExplicitNotice","0","0","Não há exercícios disponíveis para este foco com as capacidades atuais. Ativa Mostrar todos para ver o equipamento/local em falta.",""
"elasticity>place_work_travel>floor","elasticity","place_work_travel","floor","","","","","","","okEmptyWithExplicitNotice","0","0","Não há exercícios disponíveis para este foco com as capacidades atuais. Ativa Mostrar todos para ver o equipamento/local em falta.",""
"elasticity>place_work_travel>wall","elasticity","place_work_travel","wall","","","","","","","okEmptyWithExplicitNotice","0","0","Não há exercícios disponíveis para este foco com as capacidades atuais. Ativa Mostrar todos para ver o equipamento/local em falta.",""
"elasticity>place_work_travel>mat","elasticity","place_work_travel","mat","","","","","","","okEmptyWithExplicitNotice","0","0","Não há exercícios disponíveis para este foco com as capacidades atuais. Ativa Mostrar todos para ver o equipamento/local em falta.",""
"elasticity>place_clinic>bodyweight","elasticity","place_clinic","bodyweight","","","","","","","okEmptyWithExplicitNotice","0","0","Não há exercícios disponíveis para este foco com as capacidades atuais. Ativa Mostrar todos para ver o equipamento/local em falta.",""
"elasticity>place_clinic>floor","elasticity","place_clinic","floor","","","","","","","okEmptyWithExplicitNotice","0","0","Não há exercícios disponíveis para este foco com as capacidades atuais. Ativa Mostrar todos para ver o equipamento/local em falta.",""
"elasticity>place_clinic>wall","elasticity","place_clinic","wall","","","","","","","okEmptyWithExplicitNotice","0","0","Não há exercícios disponíveis para este foco com as capacidades atuais. Ativa Mostrar todos para ver o equipamento/local em falta.",""
"elasticity>place_clinic>mat","elasticity","place_clinic","mat","","","","","","","okEmptyWithExplicitNotice","0","0","Não há exercícios disponíveis para este foco com as capacidades atuais. Ativa Mostrar todos para ver o equipamento/local em falta.",""
"recovery>place_home_no_equipment>bodyweight>easy_walk>easy_walk","recovery","place_home_no_equipment","bodyweight","","","","easy_walk","","","failWrongResults","0","0","","Resultado fora do tipo esperado: Respiração diafragmática, Caminhada leve, Relaxamento deitado, Respiração nasal lenta, Arrefecimento pós-treino de força"
"recovery>place_home_no_equipment>bodyweight>light_mobility>light_mobility","recovery","place_home_no_equipment","bodyweight","","","","light_mobility","","","failWrongResults","0","0","","Resultado fora do tipo esperado: Mobilidade torácica, Mobilidade de ombro, Mobilidade de anca, Círculos de ombro, Alongamento posterior do ombro"
"recovery>place_home_no_equipment>bodyweight>light_stretching>light_stretching","recovery","place_home_no_equipment","bodyweight","","","","light_stretching","","","okEmptyWithExplicitNotice","0","0","Não há exercícios disponíveis para este foco com as capacidades atuais. Ativa Mostrar todos para ver o equipamento/local em falta.",""
"recovery>place_home_no_equipment>bodyweight>breathing>breathing","recovery","place_home_no_equipment","bodyweight","","","","breathing","","","failWrongResults","0","0","","Resultado fora do tipo esperado: Respiração diafragmática, Caminhada leve, Relaxamento deitado, Respiração nasal lenta, Respiração 90/90 com costelas baixas"
"recovery>place_home_no_equipment>bodyweight>active_recovery>active_recovery","recovery","place_home_no_equipment","bodyweight","","","","active_recovery","","","failWrongResults","0","0","","Resultado fora do tipo esperado: Respiração diafragmática, Caminhada leve, Relaxamento deitado, Respiração nasal lenta, Arrefecimento pós-treino de força"
"recovery>place_home_no_equipment>floor>easy_walk>easy_walk","recovery","place_home_no_equipment","floor","","","","easy_walk","","","failWrongResults","0","0","","Resultado fora do tipo esperado: Respiração diafragmática, Caminhada leve, Relaxamento deitado, Respiração nasal lenta, Arrefecimento pós-treino de força"
"recovery>place_home_no_equipment>floor>light_mobility>light_mobility","recovery","place_home_no_equipment","floor","","","","light_mobility","","","failWrongResults","0","0","","Resultado fora do tipo esperado: Mobilidade torácica, Mobilidade de ombro, Mobilidade de anca, Círculos de ombro, Alongamento posterior do ombro"
"recovery>place_home_no_equipment>floor>light_stretching>light_stretching","recovery","place_home_no_equipment","floor","","","","light_stretching","","","okEmptyWithExplicitNotice","0","0","Não há exercícios disponíveis para este foco com as capacidades atuais. Ativa Mostrar todos para ver o equipamento/local em falta.",""
"recovery>place_home_no_equipment>floor>breathing>breathing","recovery","place_home_no_equipment","floor","","","","breathing","","","failWrongResults","0","0","","Resultado fora do tipo esperado: Respiração diafragmática, Caminhada leve, Relaxamento deitado, Respiração nasal lenta, Respiração 90/90 com costelas baixas"
"recovery>place_home_no_equipment>floor>active_recovery>active_recovery","recovery","place_home_no_equipment","floor","","","","active_recovery","","","failWrongResults","0","0","","Resultado fora do tipo esperado: Respiração diafragmática, Caminhada leve, Relaxamento deitado, Respiração nasal lenta, Arrefecimento pós-treino de força"
"recovery>place_home_no_equipment>wall>easy_walk>easy_walk","recovery","place_home_no_equipment","wall","","","","easy_walk","","","failWrongResults","0","0","","Resultado fora do tipo esperado: Respiração diafragmática, Caminhada leve, Relaxamento deitado, Respiração nasal lenta, Arrefecimento pós-treino de força"
"recovery>place_home_no_equipment>wall>light_mobility>light_mobility","recovery","place_home_no_equipment","wall","","","","light_mobility","","","failWrongResults","0","0","","Resultado fora do tipo esperado: Mobilidade torácica, Mobilidade de ombro, Mobilidade de anca, Círculos de ombro, Alongamento posterior do ombro"
"recovery>place_home_no_equipment>wall>light_stretching>light_stretching","recovery","place_home_no_equipment","wall","","","","light_stretching","","","okEmptyWithExplicitNotice","0","0","Não há exercícios disponíveis para este foco com as capacidades atuais. Ativa Mostrar todos para ver o equipamento/local em falta.",""
"recovery>place_home_no_equipment>wall>breathing>breathing","recovery","place_home_no_equipment","wall","","","","breathing","","","failWrongResults","0","0","","Resultado fora do tipo esperado: Respiração diafragmática, Caminhada leve, Relaxamento deitado, Respiração nasal lenta, Respiração 90/90 com costelas baixas"
"recovery>place_home_no_equipment>wall>active_recovery>active_recovery","recovery","place_home_no_equipment","wall","","","","active_recovery","","","failWrongResults","0","0","","Resultado fora do tipo esperado: Respiração diafragmática, Caminhada leve, Relaxamento deitado, Respiração nasal lenta, Arrefecimento pós-treino de força"
"recovery>place_home_no_equipment>mat>easy_walk>easy_walk","recovery","place_home_no_equipment","mat","","","","easy_walk","","","failWrongResults","0","0","","Resultado fora do tipo esperado: Respiração diafragmática, Caminhada leve, Relaxamento deitado, Respiração nasal lenta, Arrefecimento pós-treino de força"
"recovery>place_home_no_equipment>mat>light_mobility>light_mobility","recovery","place_home_no_equipment","mat","","","","light_mobility","","","failWrongResults","0","0","","Resultado fora do tipo esperado: Mobilidade torácica, Mobilidade de ombro, Mobilidade de anca, Círculos de ombro, Alongamento posterior do ombro"
"recovery>place_home_no_equipment>mat>light_stretching>light_stretching","recovery","place_home_no_equipment","mat","","","","light_stretching","","","okEmptyWithExplicitNotice","0","0","Não há exercícios disponíveis para este foco com as capacidades atuais. Ativa Mostrar todos para ver o equipamento/local em falta.",""
"recovery>place_home_no_equipment>mat>breathing>breathing","recovery","place_home_no_equipment","mat","","","","breathing","","","failWrongResults","0","0","","Resultado fora do tipo esperado: Respiração diafragmática, Caminhada leve, Relaxamento deitado, Respiração nasal lenta, Respiração 90/90 com costelas baixas"
"recovery>place_home_no_equipment>mat>active_recovery>active_recovery","recovery","place_home_no_equipment","mat","","","","active_recovery","","","failWrongResults","0","0","","Resultado fora do tipo esperado: Respiração diafragmática, Caminhada leve, Relaxamento deitado, Respiração nasal lenta, Arrefecimento pós-treino de força"
"recovery>place_home_equipped>bodyweight>easy_walk>easy_walk","recovery","place_home_equipped","bodyweight","","","","easy_walk","","","failWrongResults","0","0","","Resultado fora do tipo esperado: Respiração diafragmática, Caminhada leve, Relaxamento deitado, Respiração nasal lenta, Arrefecimento pós-treino de força"
"recovery>place_home_equipped>bodyweight>light_mobility>light_mobility","recovery","place_home_equipped","bodyweight","","","","light_mobility","","","failWrongResults","0","0","","Resultado fora do tipo esperado: Mobilidade torácica, Mobilidade de ombro, Mobilidade de anca, Círculos de ombro, Alongamento posterior do ombro"
"recovery>place_home_equipped>bodyweight>light_stretching>light_stretching","recovery","place_home_equipped","bodyweight","","","","light_stretching","","","okEmptyWithExplicitNotice","0","0","Não há exercícios disponíveis para este foco com as capacidades atuais. Ativa Mostrar todos para ver o equipamento/local em falta.",""
"recovery>place_home_equipped>bodyweight>breathing>breathing","recovery","place_home_equipped","bodyweight","","","","breathing","","","failWrongResults","0","0","","Resultado fora do tipo esperado: Respiração diafragmática, Caminhada leve, Relaxamento deitado, Respiração nasal lenta, Respiração 90/90 com costelas baixas"
"recovery>place_home_equipped>bodyweight>active_recovery>active_recovery","recovery","place_home_equipped","bodyweight","","","","active_recovery","","","failWrongResults","0","0","","Resultado fora do tipo esperado: Respiração diafragmática, Caminhada leve, Relaxamento deitado, Respiração nasal lenta, Arrefecimento pós-treino de força"
"recovery>place_home_equipped>floor>easy_walk>easy_walk","recovery","place_home_equipped","floor","","","","easy_walk","","","failWrongResults","0","0","","Resultado fora do tipo esperado: Respiração diafragmática, Caminhada leve, Relaxamento deitado, Respiração nasal lenta, Arrefecimento pós-treino de força"
"recovery>place_home_equipped>floor>light_mobility>light_mobility","recovery","place_home_equipped","floor","","","","light_mobility","","","failWrongResults","0","0","","Resultado fora do tipo esperado: Mobilidade torácica, Mobilidade de ombro, Mobilidade de anca, Círculos de ombro, Alongamento posterior do ombro"
"recovery>place_home_equipped>floor>light_stretching>light_stretching","recovery","place_home_equipped","floor","","","","light_stretching","","","okEmptyWithExplicitNotice","0","0","Não há exercícios disponíveis para este foco com as capacidades atuais. Ativa Mostrar todos para ver o equipamento/local em falta.",""
"recovery>place_home_equipped>floor>breathing>breathing","recovery","place_home_equipped","floor","","","","breathing","","","failWrongResults","0","0","","Resultado fora do tipo esperado: Respiração diafragmática, Caminhada leve, Relaxamento deitado, Respiração nasal lenta, Respiração 90/90 com costelas baixas"
"recovery>place_home_equipped>floor>active_recovery>active_recovery","recovery","place_home_equipped","floor","","","","active_recovery","","","failWrongResults","0","0","","Resultado fora do tipo esperado: Respiração diafragmática, Caminhada leve, Relaxamento deitado, Respiração nasal lenta, Arrefecimento pós-treino de força"
"recovery>place_home_equipped>wall>easy_walk>easy_walk","recovery","place_home_equipped","wall","","","","easy_walk","","","failWrongResults","0","0","","Resultado fora do tipo esperado: Respiração diafragmática, Caminhada leve, Relaxamento deitado, Respiração nasal lenta, Arrefecimento pós-treino de força"
"recovery>place_home_equipped>wall>light_mobility>light_mobility","recovery","place_home_equipped","wall","","","","light_mobility","","","failWrongResults","0","0","","Resultado fora do tipo esperado: Mobilidade torácica, Mobilidade de ombro, Mobilidade de anca, Círculos de ombro, Alongamento posterior do ombro"
"recovery>place_home_equipped>wall>light_stretching>light_stretching","recovery","place_home_equipped","wall","","","","light_stretching","","","okEmptyWithExplicitNotice","0","0","Não há exercícios disponíveis para este foco com as capacidades atuais. Ativa Mostrar todos para ver o equipamento/local em falta.",""
"recovery>place_home_equipped>wall>breathing>breathing","recovery","place_home_equipped","wall","","","","breathing","","","failWrongResults","0","0","","Resultado fora do tipo esperado: Respiração diafragmática, Caminhada leve, Relaxamento deitado, Respiração nasal lenta, Respiração 90/90 com costelas baixas"
"recovery>place_home_equipped>wall>active_recovery>active_recovery","recovery","place_home_equipped","wall","","","","active_recovery","","","failWrongResults","0","0","","Resultado fora do tipo esperado: Respiração diafragmática, Caminhada leve, Relaxamento deitado, Respiração nasal lenta, Arrefecimento pós-treino de força"
"recovery>place_home_equipped>mat>easy_walk>easy_walk","recovery","place_home_equipped","mat","","","","easy_walk","","","failWrongResults","0","0","","Resultado fora do tipo esperado: Respiração diafragmática, Caminhada leve, Relaxamento deitado, Respiração nasal lenta, Arrefecimento pós-treino de força"
"recovery>place_home_equipped>mat>light_mobility>light_mobility","recovery","place_home_equipped","mat","","","","light_mobility","","","failWrongResults","0","0","","Resultado fora do tipo esperado: Mobilidade torácica, Mobilidade de ombro, Mobilidade de anca, Círculos de ombro, Alongamento posterior do ombro"
"recovery>place_home_equipped>mat>light_stretching>light_stretching","recovery","place_home_equipped","mat","","","","light_stretching","","","okEmptyWithExplicitNotice","0","0","Não há exercícios disponíveis para este foco com as capacidades atuais. Ativa Mostrar todos para ver o equipamento/local em falta.",""
"recovery>place_home_equipped>mat>breathing>breathing","recovery","place_home_equipped","mat","","","","breathing","","","failWrongResults","0","0","","Resultado fora do tipo esperado: Respiração diafragmática, Caminhada leve, Relaxamento deitado, Respiração nasal lenta, Respiração 90/90 com costelas baixas"
"recovery>place_home_equipped>mat>active_recovery>active_recovery","recovery","place_home_equipped","mat","","","","active_recovery","","","failWrongResults","0","0","","Resultado fora do tipo esperado: Respiração diafragmática, Caminhada leve, Relaxamento deitado, Respiração nasal lenta, Arrefecimento pós-treino de força"
"recovery>place_gym>bodyweight>easy_walk>easy_walk","recovery","place_gym","bodyweight","","","","easy_walk","","","failWrongResults","0","0","","Resultado fora do tipo esperado: Respiração diafragmática, Caminhada leve, Relaxamento deitado, Respiração nasal lenta, Arrefecimento pós-treino de força"
"recovery>place_gym>bodyweight>light_mobility>light_mobility","recovery","place_gym","bodyweight","","","","light_mobility","","","failWrongResults","0","0","","Resultado fora do tipo esperado: Mobilidade torácica, Mobilidade de ombro, Mobilidade de anca, Círculos de ombro, Alongamento posterior do ombro"
"recovery>place_gym>bodyweight>light_stretching>light_stretching","recovery","place_gym","bodyweight","","","","light_stretching","","","okEmptyWithExplicitNotice","0","0","Não há exercícios disponíveis para este foco com as capacidades atuais. Ativa Mostrar todos para ver o equipamento/local em falta.",""
"recovery>place_gym>bodyweight>breathing>breathing","recovery","place_gym","bodyweight","","","","breathing","","","failWrongResults","0","0","","Resultado fora do tipo esperado: Respiração diafragmática, Caminhada leve, Relaxamento deitado, Respiração nasal lenta, Respiração 90/90 com costelas baixas"
"recovery>place_gym>bodyweight>active_recovery>active_recovery","recovery","place_gym","bodyweight","","","","active_recovery","","","failWrongResults","0","0","","Resultado fora do tipo esperado: Respiração diafragmática, Caminhada leve, Relaxamento deitado, Respiração nasal lenta, Arrefecimento pós-treino de força"
"recovery>place_gym>floor>easy_walk>easy_walk","recovery","place_gym","floor","","","","easy_walk","","","failWrongResults","0","0","","Resultado fora do tipo esperado: Respiração diafragmática, Caminhada leve, Relaxamento deitado, Respiração nasal lenta, Arrefecimento pós-treino de força"
"recovery>place_gym>floor>light_mobility>light_mobility","recovery","place_gym","floor","","","","light_mobility","","","failWrongResults","0","0","","Resultado fora do tipo esperado: Mobilidade torácica, Mobilidade de ombro, Mobilidade de anca, Círculos de ombro, Alongamento posterior do ombro"
"recovery>place_gym>floor>light_stretching>light_stretching","recovery","place_gym","floor","","","","light_stretching","","","okEmptyWithExplicitNotice","0","0","Não há exercícios disponíveis para este foco com as capacidades atuais. Ativa Mostrar todos para ver o equipamento/local em falta.",""
"recovery>place_gym>floor>breathing>breathing","recovery","place_gym","floor","","","","breathing","","","failWrongResults","0","0","","Resultado fora do tipo esperado: Respiração diafragmática, Caminhada leve, Relaxamento deitado, Respiração nasal lenta, Respiração 90/90 com costelas baixas"
"recovery>place_gym>floor>active_recovery>active_recovery","recovery","place_gym","floor","","","","active_recovery","","","failWrongResults","0","0","","Resultado fora do tipo esperado: Respiração diafragmática, Caminhada leve, Relaxamento deitado, Respiração nasal lenta, Arrefecimento pós-treino de força"
"recovery>place_gym>wall>easy_walk>easy_walk","recovery","place_gym","wall","","","","easy_walk","","","failWrongResults","0","0","","Resultado fora do tipo esperado: Respiração diafragmática, Caminhada leve, Relaxamento deitado, Respiração nasal lenta, Arrefecimento pós-treino de força"
"recovery>place_gym>wall>light_mobility>light_mobility","recovery","place_gym","wall","","","","light_mobility","","","failWrongResults","0","0","","Resultado fora do tipo esperado: Mobilidade torácica, Mobilidade de ombro, Mobilidade de anca, Círculos de ombro, Alongamento posterior do ombro"
"recovery>place_gym>wall>light_stretching>light_stretching","recovery","place_gym","wall","","","","light_stretching","","","okEmptyWithExplicitNotice","0","0","Não há exercícios disponíveis para este foco com as capacidades atuais. Ativa Mostrar todos para ver o equipamento/local em falta.",""
"recovery>place_gym>wall>breathing>breathing","recovery","place_gym","wall","","","","breathing","","","failWrongResults","0","0","","Resultado fora do tipo esperado: Respiração diafragmática, Caminhada leve, Relaxamento deitado, Respiração nasal lenta, Respiração 90/90 com costelas baixas"
"recovery>place_gym>wall>active_recovery>active_recovery","recovery","place_gym","wall","","","","active_recovery","","","failWrongResults","0","0","","Resultado fora do tipo esperado: Respiração diafragmática, Caminhada leve, Relaxamento deitado, Respiração nasal lenta, Arrefecimento pós-treino de força"
"recovery>place_gym>mat>easy_walk>easy_walk","recovery","place_gym","mat","","","","easy_walk","","","failWrongResults","0","0","","Resultado fora do tipo esperado: Respiração diafragmática, Caminhada leve, Relaxamento deitado, Respiração nasal lenta, Arrefecimento pós-treino de força"
"recovery>place_gym>mat>light_mobility>light_mobility","recovery","place_gym","mat","","","","light_mobility","","","failWrongResults","0","0","","Resultado fora do tipo esperado: Mobilidade torácica, Mobilidade de ombro, Mobilidade de anca, Círculos de ombro, Alongamento posterior do ombro"
"recovery>place_gym>mat>light_stretching>light_stretching","recovery","place_gym","mat","","","","light_stretching","","","okEmptyWithExplicitNotice","0","0","Não há exercícios disponíveis para este foco com as capacidades atuais. Ativa Mostrar todos para ver o equipamento/local em falta.",""
"recovery>place_gym>mat>breathing>breathing","recovery","place_gym","mat","","","","breathing","","","failWrongResults","0","0","","Resultado fora do tipo esperado: Respiração diafragmática, Caminhada leve, Relaxamento deitado, Respiração nasal lenta, Respiração 90/90 com costelas baixas"
"recovery>place_gym>mat>active_recovery>active_recovery","recovery","place_gym","mat","","","","active_recovery","","","failWrongResults","0","0","","Resultado fora do tipo esperado: Respiração diafragmática, Caminhada leve, Relaxamento deitado, Respiração nasal lenta, Arrefecimento pós-treino de força"
"recovery>place_dojo>bodyweight>easy_walk>easy_walk","recovery","place_dojo","bodyweight","","","","easy_walk","","","failWrongResults","0","0","","Resultado fora do tipo esperado: Respiração diafragmática, Caminhada leve, Relaxamento deitado, Respiração nasal lenta, Arrefecimento pós-treino de força"
"recovery>place_dojo>bodyweight>light_mobility>light_mobility","recovery","place_dojo","bodyweight","","","","light_mobility","","","failWrongResults","0","0","","Resultado fora do tipo esperado: Mobilidade torácica, Mobilidade de ombro, Mobilidade de anca, Círculos de ombro, Alongamento posterior do ombro"
"recovery>place_dojo>bodyweight>light_stretching>light_stretching","recovery","place_dojo","bodyweight","","","","light_stretching","","","okEmptyWithExplicitNotice","0","0","Não há exercícios disponíveis para este foco com as capacidades atuais. Ativa Mostrar todos para ver o equipamento/local em falta.",""
"recovery>place_dojo>bodyweight>breathing>breathing","recovery","place_dojo","bodyweight","","","","breathing","","","failWrongResults","0","0","","Resultado fora do tipo esperado: Respiração diafragmática, Caminhada leve, Relaxamento deitado, Respiração nasal lenta, Respiração 90/90 com costelas baixas"
"recovery>place_dojo>bodyweight>active_recovery>active_recovery","recovery","place_dojo","bodyweight","","","","active_recovery","","","failWrongResults","0","0","","Resultado fora do tipo esperado: Respiração diafragmática, Caminhada leve, Relaxamento deitado, Respiração nasal lenta, Arrefecimento pós-treino de força"
"recovery>place_dojo>floor>easy_walk>easy_walk","recovery","place_dojo","floor","","","","easy_walk","","","failWrongResults","0","0","","Resultado fora do tipo esperado: Respiração diafragmática, Caminhada leve, Relaxamento deitado, Respiração nasal lenta, Arrefecimento pós-treino de força"
"recovery>place_dojo>floor>light_mobility>light_mobility","recovery","place_dojo","floor","","","","light_mobility","","","failWrongResults","0","0","","Resultado fora do tipo esperado: Mobilidade torácica, Mobilidade de ombro, Mobilidade de anca, Círculos de ombro, Alongamento posterior do ombro"
"recovery>place_dojo>floor>light_stretching>light_stretching","recovery","place_dojo","floor","","","","light_stretching","","","okEmptyWithExplicitNotice","0","0","Não há exercícios disponíveis para este foco com as capacidades atuais. Ativa Mostrar todos para ver o equipamento/local em falta.",""
"recovery>place_dojo>floor>breathing>breathing","recovery","place_dojo","floor","","","","breathing","","","failWrongResults","0","0","","Resultado fora do tipo esperado: Respiração diafragmática, Caminhada leve, Relaxamento deitado, Respiração nasal lenta, Respiração 90/90 com costelas baixas"
"recovery>place_dojo>floor>active_recovery>active_recovery","recovery","place_dojo","floor","","","","active_recovery","","","failWrongResults","0","0","","Resultado fora do tipo esperado: Respiração diafragmática, Caminhada leve, Relaxamento deitado, Respiração nasal lenta, Arrefecimento pós-treino de força"
"recovery>place_dojo>wall>easy_walk>easy_walk","recovery","place_dojo","wall","","","","easy_walk","","","failWrongResults","0","0","","Resultado fora do tipo esperado: Respiração diafragmática, Caminhada leve, Relaxamento deitado, Respiração nasal lenta, Arrefecimento pós-treino de força"
"recovery>place_dojo>wall>light_mobility>light_mobility","recovery","place_dojo","wall","","","","light_mobility","","","failWrongResults","0","0","","Resultado fora do tipo esperado: Mobilidade torácica, Mobilidade de ombro, Mobilidade de anca, Círculos de ombro, Alongamento posterior do ombro"
"recovery>place_dojo>wall>light_stretching>light_stretching","recovery","place_dojo","wall","","","","light_stretching","","","okEmptyWithExplicitNotice","0","0","Não há exercícios disponíveis para este foco com as capacidades atuais. Ativa Mostrar todos para ver o equipamento/local em falta.",""
"recovery>place_dojo>wall>breathing>breathing","recovery","place_dojo","wall","","","","breathing","","","failWrongResults","0","0","","Resultado fora do tipo esperado: Respiração diafragmática, Caminhada leve, Relaxamento deitado, Respiração nasal lenta, Respiração 90/90 com costelas baixas"
"recovery>place_dojo>wall>active_recovery>active_recovery","recovery","place_dojo","wall","","","","active_recovery","","","failWrongResults","0","0","","Resultado fora do tipo esperado: Respiração diafragmática, Caminhada leve, Relaxamento deitado, Respiração nasal lenta, Arrefecimento pós-treino de força"
"recovery>place_dojo>mat>easy_walk>easy_walk","recovery","place_dojo","mat","","","","easy_walk","","","failWrongResults","0","0","","Resultado fora do tipo esperado: Respiração diafragmática, Caminhada leve, Relaxamento deitado, Respiração nasal lenta, Arrefecimento pós-treino de força"
"recovery>place_dojo>mat>light_mobility>light_mobility","recovery","place_dojo","mat","","","","light_mobility","","","failWrongResults","0","0","","Resultado fora do tipo esperado: Mobilidade torácica, Mobilidade de ombro, Mobilidade de anca, Círculos de ombro, Alongamento posterior do ombro"
"recovery>place_dojo>mat>light_stretching>light_stretching","recovery","place_dojo","mat","","","","light_stretching","","","okEmptyWithExplicitNotice","0","0","Não há exercícios disponíveis para este foco com as capacidades atuais. Ativa Mostrar todos para ver o equipamento/local em falta.",""
"recovery>place_dojo>mat>breathing>breathing","recovery","place_dojo","mat","","","","breathing","","","failWrongResults","0","0","","Resultado fora do tipo esperado: Respiração diafragmática, Caminhada leve, Relaxamento deitado, Respiração nasal lenta, Respiração 90/90 com costelas baixas"
"recovery>place_dojo>mat>active_recovery>active_recovery","recovery","place_dojo","mat","","","","active_recovery","","","failWrongResults","0","0","","Resultado fora do tipo esperado: Respiração diafragmática, Caminhada leve, Relaxamento deitado, Respiração nasal lenta, Arrefecimento pós-treino de força"
"recovery>place_tatami>bodyweight>easy_walk>easy_walk","recovery","place_tatami","bodyweight","","","","easy_walk","","","failWrongResults","0","0","","Resultado fora do tipo esperado: Respiração diafragmática, Caminhada leve, Relaxamento deitado, Respiração nasal lenta, Arrefecimento pós-treino de força"
"recovery>place_tatami>bodyweight>light_mobility>light_mobility","recovery","place_tatami","bodyweight","","","","light_mobility","","","failWrongResults","0","0","","Resultado fora do tipo esperado: Mobilidade torácica, Mobilidade de ombro, Mobilidade de anca, Círculos de ombro, Alongamento posterior do ombro"
"recovery>place_tatami>bodyweight>light_stretching>light_stretching","recovery","place_tatami","bodyweight","","","","light_stretching","","","okEmptyWithExplicitNotice","0","0","Não há exercícios disponíveis para este foco com as capacidades atuais. Ativa Mostrar todos para ver o equipamento/local em falta.",""
"recovery>place_tatami>bodyweight>breathing>breathing","recovery","place_tatami","bodyweight","","","","breathing","","","failWrongResults","0","0","","Resultado fora do tipo esperado: Respiração diafragmática, Caminhada leve, Relaxamento deitado, Respiração nasal lenta, Respiração 90/90 com costelas baixas"
"recovery>place_tatami>bodyweight>active_recovery>active_recovery","recovery","place_tatami","bodyweight","","","","active_recovery","","","failWrongResults","0","0","","Resultado fora do tipo esperado: Respiração diafragmática, Caminhada leve, Relaxamento deitado, Respiração nasal lenta, Arrefecimento pós-treino de força"
"recovery>place_tatami>floor>easy_walk>easy_walk","recovery","place_tatami","floor","","","","easy_walk","","","failWrongResults","0","0","","Resultado fora do tipo esperado: Respiração diafragmática, Caminhada leve, Relaxamento deitado, Respiração nasal lenta, Arrefecimento pós-treino de força"
"recovery>place_tatami>floor>light_mobility>light_mobility","recovery","place_tatami","floor","","","","light_mobility","","","failWrongResults","0","0","","Resultado fora do tipo esperado: Mobilidade torácica, Mobilidade de ombro, Mobilidade de anca, Círculos de ombro, Alongamento posterior do ombro"
"recovery>place_tatami>floor>light_stretching>light_stretching","recovery","place_tatami","floor","","","","light_stretching","","","okEmptyWithExplicitNotice","0","0","Não há exercícios disponíveis para este foco com as capacidades atuais. Ativa Mostrar todos para ver o equipamento/local em falta.",""
"recovery>place_tatami>floor>breathing>breathing","recovery","place_tatami","floor","","","","breathing","","","failWrongResults","0","0","","Resultado fora do tipo esperado: Respiração diafragmática, Caminhada leve, Relaxamento deitado, Respiração nasal lenta, Respiração 90/90 com costelas baixas"
"recovery>place_tatami>floor>active_recovery>active_recovery","recovery","place_tatami","floor","","","","active_recovery","","","failWrongResults","0","0","","Resultado fora do tipo esperado: Respiração diafragmática, Caminhada leve, Relaxamento deitado, Respiração nasal lenta, Arrefecimento pós-treino de força"
"recovery>place_tatami>wall>easy_walk>easy_walk","recovery","place_tatami","wall","","","","easy_walk","","","failWrongResults","0","0","","Resultado fora do tipo esperado: Respiração diafragmática, Caminhada leve, Relaxamento deitado, Respiração nasal lenta, Arrefecimento pós-treino de força"
"recovery>place_tatami>wall>light_mobility>light_mobility","recovery","place_tatami","wall","","","","light_mobility","","","failWrongResults","0","0","","Resultado fora do tipo esperado: Mobilidade torácica, Mobilidade de ombro, Mobilidade de anca, Círculos de ombro, Alongamento posterior do ombro"
"recovery>place_tatami>wall>light_stretching>light_stretching","recovery","place_tatami","wall","","","","light_stretching","","","okEmptyWithExplicitNotice","0","0","Não há exercícios disponíveis para este foco com as capacidades atuais. Ativa Mostrar todos para ver o equipamento/local em falta.",""
"recovery>place_tatami>wall>breathing>breathing","recovery","place_tatami","wall","","","","breathing","","","failWrongResults","0","0","","Resultado fora do tipo esperado: Respiração diafragmática, Caminhada leve, Relaxamento deitado, Respiração nasal lenta, Respiração 90/90 com costelas baixas"
"recovery>place_tatami>wall>active_recovery>active_recovery","recovery","place_tatami","wall","","","","active_recovery","","","failWrongResults","0","0","","Resultado fora do tipo esperado: Respiração diafragmática, Caminhada leve, Relaxamento deitado, Respiração nasal lenta, Arrefecimento pós-treino de força"
"recovery>place_tatami>mat>easy_walk>easy_walk","recovery","place_tatami","mat","","","","easy_walk","","","failWrongResults","0","0","","Resultado fora do tipo esperado: Respiração diafragmática, Caminhada leve, Relaxamento deitado, Respiração nasal lenta, Arrefecimento pós-treino de força"
"recovery>place_tatami>mat>light_mobility>light_mobility","recovery","place_tatami","mat","","","","light_mobility","","","failWrongResults","0","0","","Resultado fora do tipo esperado: Mobilidade torácica, Mobilidade de ombro, Mobilidade de anca, Círculos de ombro, Alongamento posterior do ombro"
"recovery>place_tatami>mat>light_stretching>light_stretching","recovery","place_tatami","mat","","","","light_stretching","","","okEmptyWithExplicitNotice","0","0","Não há exercícios disponíveis para este foco com as capacidades atuais. Ativa Mostrar todos para ver o equipamento/local em falta.",""
"recovery>place_tatami>mat>breathing>breathing","recovery","place_tatami","mat","","","","breathing","","","failWrongResults","0","0","","Resultado fora do tipo esperado: Respiração diafragmática, Caminhada leve, Relaxamento deitado, Respiração nasal lenta, Respiração 90/90 com costelas baixas"
"recovery>place_tatami>mat>active_recovery>active_recovery","recovery","place_tatami","mat","","","","active_recovery","","","failWrongResults","0","0","","Resultado fora do tipo esperado: Respiração diafragmática, Caminhada leve, Relaxamento deitado, Respiração nasal lenta, Arrefecimento pós-treino de força"
"recovery>place_outdoor>bodyweight>easy_walk>easy_walk","recovery","place_outdoor","bodyweight","","","","easy_walk","","","failWrongResults","0","0","","Resultado fora do tipo esperado: Respiração diafragmática, Caminhada leve, Relaxamento deitado, Respiração nasal lenta, Arrefecimento pós-treino de força"
"recovery>place_outdoor>bodyweight>light_mobility>light_mobility","recovery","place_outdoor","bodyweight","","","","light_mobility","","","failWrongResults","0","0","","Resultado fora do tipo esperado: Mobilidade torácica, Mobilidade de ombro, Mobilidade de anca, Círculos de ombro, Alongamento posterior do ombro"
"recovery>place_outdoor>bodyweight>light_stretching>light_stretching","recovery","place_outdoor","bodyweight","","","","light_stretching","","","okEmptyWithExplicitNotice","0","0","Não há exercícios disponíveis para este foco com as capacidades atuais. Ativa Mostrar todos para ver o equipamento/local em falta.",""
"recovery>place_outdoor>bodyweight>breathing>breathing","recovery","place_outdoor","bodyweight","","","","breathing","","","failWrongResults","0","0","","Resultado fora do tipo esperado: Respiração diafragmática, Caminhada leve, Relaxamento deitado, Respiração nasal lenta, Respiração 90/90 com costelas baixas"
"recovery>place_outdoor>bodyweight>active_recovery>active_recovery","recovery","place_outdoor","bodyweight","","","","active_recovery","","","failWrongResults","0","0","","Resultado fora do tipo esperado: Respiração diafragmática, Caminhada leve, Relaxamento deitado, Respiração nasal lenta, Arrefecimento pós-treino de força"
"recovery>place_outdoor>floor>easy_walk>easy_walk","recovery","place_outdoor","floor","","","","easy_walk","","","failWrongResults","0","0","","Resultado fora do tipo esperado: Respiração diafragmática, Caminhada leve, Relaxamento deitado, Respiração nasal lenta, Arrefecimento pós-treino de força"
"recovery>place_outdoor>floor>light_mobility>light_mobility","recovery","place_outdoor","floor","","","","light_mobility","","","failWrongResults","0","0","","Resultado fora do tipo esperado: Mobilidade torácica, Mobilidade de ombro, Mobilidade de anca, Círculos de ombro, Alongamento posterior do ombro"
"recovery>place_outdoor>floor>light_stretching>light_stretching","recovery","place_outdoor","floor","","","","light_stretching","","","okEmptyWithExplicitNotice","0","0","Não há exercícios disponíveis para este foco com as capacidades atuais. Ativa Mostrar todos para ver o equipamento/local em falta.",""
"recovery>place_outdoor>floor>breathing>breathing","recovery","place_outdoor","floor","","","","breathing","","","failWrongResults","0","0","","Resultado fora do tipo esperado: Respiração diafragmática, Caminhada leve, Relaxamento deitado, Respiração nasal lenta, Respiração 90/90 com costelas baixas"
"recovery>place_outdoor>floor>active_recovery>active_recovery","recovery","place_outdoor","floor","","","","active_recovery","","","failWrongResults","0","0","","Resultado fora do tipo esperado: Respiração diafragmática, Caminhada leve, Relaxamento deitado, Respiração nasal lenta, Arrefecimento pós-treino de força"
"recovery>place_outdoor>wall>easy_walk>easy_walk","recovery","place_outdoor","wall","","","","easy_walk","","","failWrongResults","0","0","","Resultado fora do tipo esperado: Respiração diafragmática, Caminhada leve, Relaxamento deitado, Respiração nasal lenta, Arrefecimento pós-treino de força"
"recovery>place_outdoor>wall>light_mobility>light_mobility","recovery","place_outdoor","wall","","","","light_mobility","","","failWrongResults","0","0","","Resultado fora do tipo esperado: Mobilidade torácica, Mobilidade de ombro, Mobilidade de anca, Círculos de ombro, Alongamento posterior do ombro"
"recovery>place_outdoor>wall>light_stretching>light_stretching","recovery","place_outdoor","wall","","","","light_stretching","","","okEmptyWithExplicitNotice","0","0","Não há exercícios disponíveis para este foco com as capacidades atuais. Ativa Mostrar todos para ver o equipamento/local em falta.",""
"recovery>place_outdoor>wall>breathing>breathing","recovery","place_outdoor","wall","","","","breathing","","","failWrongResults","0","0","","Resultado fora do tipo esperado: Respiração diafragmática, Caminhada leve, Relaxamento deitado, Respiração nasal lenta, Respiração 90/90 com costelas baixas"
"recovery>place_outdoor>wall>active_recovery>active_recovery","recovery","place_outdoor","wall","","","","active_recovery","","","failWrongResults","0","0","","Resultado fora do tipo esperado: Respiração diafragmática, Caminhada leve, Relaxamento deitado, Respiração nasal lenta, Arrefecimento pós-treino de força"
"recovery>place_outdoor>mat>easy_walk>easy_walk","recovery","place_outdoor","mat","","","","easy_walk","","","failWrongResults","0","0","","Resultado fora do tipo esperado: Respiração diafragmática, Caminhada leve, Relaxamento deitado, Respiração nasal lenta, Arrefecimento pós-treino de força"
"recovery>place_outdoor>mat>light_mobility>light_mobility","recovery","place_outdoor","mat","","","","light_mobility","","","failWrongResults","0","0","","Resultado fora do tipo esperado: Mobilidade torácica, Mobilidade de ombro, Mobilidade de anca, Círculos de ombro, Alongamento posterior do ombro"
"recovery>place_outdoor>mat>light_stretching>light_stretching","recovery","place_outdoor","mat","","","","light_stretching","","","okEmptyWithExplicitNotice","0","0","Não há exercícios disponíveis para este foco com as capacidades atuais. Ativa Mostrar todos para ver o equipamento/local em falta.",""
"recovery>place_outdoor>mat>breathing>breathing","recovery","place_outdoor","mat","","","","breathing","","","failWrongResults","0","0","","Resultado fora do tipo esperado: Respiração diafragmática, Caminhada leve, Relaxamento deitado, Respiração nasal lenta, Respiração 90/90 com costelas baixas"
"recovery>place_outdoor>mat>active_recovery>active_recovery","recovery","place_outdoor","mat","","","","active_recovery","","","failWrongResults","0","0","","Resultado fora do tipo esperado: Respiração diafragmática, Caminhada leve, Relaxamento deitado, Respiração nasal lenta, Arrefecimento pós-treino de força"
"recovery>place_work_travel>bodyweight>easy_walk>easy_walk","recovery","place_work_travel","bodyweight","","","","easy_walk","","","failWrongResults","0","0","","Resultado fora do tipo esperado: Respiração diafragmática, Caminhada leve, Relaxamento deitado, Respiração nasal lenta, Arrefecimento pós-treino de força"
"recovery>place_work_travel>bodyweight>light_mobility>light_mobility","recovery","place_work_travel","bodyweight","","","","light_mobility","","","failWrongResults","0","0","","Resultado fora do tipo esperado: Mobilidade torácica, Mobilidade de ombro, Mobilidade de anca, Círculos de ombro, Alongamento posterior do ombro"
"recovery>place_work_travel>bodyweight>light_stretching>light_stretching","recovery","place_work_travel","bodyweight","","","","light_stretching","","","okEmptyWithExplicitNotice","0","0","Não há exercícios disponíveis para este foco com as capacidades atuais. Ativa Mostrar todos para ver o equipamento/local em falta.",""
"recovery>place_work_travel>bodyweight>breathing>breathing","recovery","place_work_travel","bodyweight","","","","breathing","","","failWrongResults","0","0","","Resultado fora do tipo esperado: Respiração diafragmática, Caminhada leve, Relaxamento deitado, Respiração nasal lenta, Respiração 90/90 com costelas baixas"
"recovery>place_work_travel>bodyweight>active_recovery>active_recovery","recovery","place_work_travel","bodyweight","","","","active_recovery","","","failWrongResults","0","0","","Resultado fora do tipo esperado: Respiração diafragmática, Caminhada leve, Relaxamento deitado, Respiração nasal lenta, Arrefecimento pós-treino de força"
"recovery>place_work_travel>floor>easy_walk>easy_walk","recovery","place_work_travel","floor","","","","easy_walk","","","failWrongResults","0","0","","Resultado fora do tipo esperado: Respiração diafragmática, Caminhada leve, Relaxamento deitado, Respiração nasal lenta, Arrefecimento pós-treino de força"
"recovery>place_work_travel>floor>light_mobility>light_mobility","recovery","place_work_travel","floor","","","","light_mobility","","","failWrongResults","0","0","","Resultado fora do tipo esperado: Mobilidade torácica, Mobilidade de ombro, Mobilidade de anca, Círculos de ombro, Alongamento posterior do ombro"
"recovery>place_work_travel>floor>light_stretching>light_stretching","recovery","place_work_travel","floor","","","","light_stretching","","","okEmptyWithExplicitNotice","0","0","Não há exercícios disponíveis para este foco com as capacidades atuais. Ativa Mostrar todos para ver o equipamento/local em falta.",""
"recovery>place_work_travel>floor>breathing>breathing","recovery","place_work_travel","floor","","","","breathing","","","failWrongResults","0","0","","Resultado fora do tipo esperado: Respiração diafragmática, Caminhada leve, Relaxamento deitado, Respiração nasal lenta, Respiração 90/90 com costelas baixas"
"recovery>place_work_travel>floor>active_recovery>active_recovery","recovery","place_work_travel","floor","","","","active_recovery","","","failWrongResults","0","0","","Resultado fora do tipo esperado: Respiração diafragmática, Caminhada leve, Relaxamento deitado, Respiração nasal lenta, Arrefecimento pós-treino de força"
"recovery>place_work_travel>wall>easy_walk>easy_walk","recovery","place_work_travel","wall","","","","easy_walk","","","failWrongResults","0","0","","Resultado fora do tipo esperado: Respiração diafragmática, Caminhada leve, Relaxamento deitado, Respiração nasal lenta, Arrefecimento pós-treino de força"
"recovery>place_work_travel>wall>light_mobility>light_mobility","recovery","place_work_travel","wall","","","","light_mobility","","","failWrongResults","0","0","","Resultado fora do tipo esperado: Mobilidade torácica, Mobilidade de ombro, Mobilidade de anca, Círculos de ombro, Alongamento posterior do ombro"
"recovery>place_work_travel>wall>light_stretching>light_stretching","recovery","place_work_travel","wall","","","","light_stretching","","","okEmptyWithExplicitNotice","0","0","Não há exercícios disponíveis para este foco com as capacidades atuais. Ativa Mostrar todos para ver o equipamento/local em falta.",""
"recovery>place_work_travel>wall>breathing>breathing","recovery","place_work_travel","wall","","","","breathing","","","failWrongResults","0","0","","Resultado fora do tipo esperado: Respiração diafragmática, Caminhada leve, Relaxamento deitado, Respiração nasal lenta, Respiração 90/90 com costelas baixas"
"recovery>place_work_travel>wall>active_recovery>active_recovery","recovery","place_work_travel","wall","","","","active_recovery","","","failWrongResults","0","0","","Resultado fora do tipo esperado: Respiração diafragmática, Caminhada leve, Relaxamento deitado, Respiração nasal lenta, Arrefecimento pós-treino de força"
"recovery>place_work_travel>mat>easy_walk>easy_walk","recovery","place_work_travel","mat","","","","easy_walk","","","failWrongResults","0","0","","Resultado fora do tipo esperado: Respiração diafragmática, Caminhada leve, Relaxamento deitado, Respiração nasal lenta, Arrefecimento pós-treino de força"
"recovery>place_work_travel>mat>light_mobility>light_mobility","recovery","place_work_travel","mat","","","","light_mobility","","","failWrongResults","0","0","","Resultado fora do tipo esperado: Mobilidade torácica, Mobilidade de ombro, Mobilidade de anca, Círculos de ombro, Alongamento posterior do ombro"
"recovery>place_work_travel>mat>light_stretching>light_stretching","recovery","place_work_travel","mat","","","","light_stretching","","","okEmptyWithExplicitNotice","0","0","Não há exercícios disponíveis para este foco com as capacidades atuais. Ativa Mostrar todos para ver o equipamento/local em falta.",""
"recovery>place_work_travel>mat>breathing>breathing","recovery","place_work_travel","mat","","","","breathing","","","failWrongResults","0","0","","Resultado fora do tipo esperado: Respiração diafragmática, Caminhada leve, Relaxamento deitado, Respiração nasal lenta, Respiração 90/90 com costelas baixas"
"recovery>place_work_travel>mat>active_recovery>active_recovery","recovery","place_work_travel","mat","","","","active_recovery","","","failWrongResults","0","0","","Resultado fora do tipo esperado: Respiração diafragmática, Caminhada leve, Relaxamento deitado, Respiração nasal lenta, Arrefecimento pós-treino de força"
"recovery>place_clinic>bodyweight>easy_walk>easy_walk","recovery","place_clinic","bodyweight","","","","easy_walk","","","failWrongResults","0","0","","Resultado fora do tipo esperado: Respiração diafragmática, Caminhada leve, Relaxamento deitado, Respiração nasal lenta, Arrefecimento pós-treino de força"
"recovery>place_clinic>bodyweight>light_mobility>light_mobility","recovery","place_clinic","bodyweight","","","","light_mobility","","","failWrongResults","0","0","","Resultado fora do tipo esperado: Mobilidade torácica, Mobilidade de ombro, Mobilidade de anca, Círculos de ombro, Alongamento posterior do ombro"
"recovery>place_clinic>bodyweight>light_stretching>light_stretching","recovery","place_clinic","bodyweight","","","","light_stretching","","","okEmptyWithExplicitNotice","0","0","Não há exercícios disponíveis para este foco com as capacidades atuais. Ativa Mostrar todos para ver o equipamento/local em falta.",""
"recovery>place_clinic>bodyweight>breathing>breathing","recovery","place_clinic","bodyweight","","","","breathing","","","failWrongResults","0","0","","Resultado fora do tipo esperado: Respiração diafragmática, Caminhada leve, Relaxamento deitado, Respiração nasal lenta, Respiração 90/90 com costelas baixas"
"recovery>place_clinic>bodyweight>active_recovery>active_recovery","recovery","place_clinic","bodyweight","","","","active_recovery","","","failWrongResults","0","0","","Resultado fora do tipo esperado: Respiração diafragmática, Caminhada leve, Relaxamento deitado, Respiração nasal lenta, Arrefecimento pós-treino de força"
"recovery>place_clinic>floor>easy_walk>easy_walk","recovery","place_clinic","floor","","","","easy_walk","","","failWrongResults","0","0","","Resultado fora do tipo esperado: Respiração diafragmática, Caminhada leve, Relaxamento deitado, Respiração nasal lenta, Arrefecimento pós-treino de força"
"recovery>place_clinic>floor>light_mobility>light_mobility","recovery","place_clinic","floor","","","","light_mobility","","","failWrongResults","0","0","","Resultado fora do tipo esperado: Mobilidade torácica, Mobilidade de ombro, Mobilidade de anca, Círculos de ombro, Alongamento posterior do ombro"
"recovery>place_clinic>floor>light_stretching>light_stretching","recovery","place_clinic","floor","","","","light_stretching","","","okEmptyWithExplicitNotice","0","0","Não há exercícios disponíveis para este foco com as capacidades atuais. Ativa Mostrar todos para ver o equipamento/local em falta.",""
"recovery>place_clinic>floor>breathing>breathing","recovery","place_clinic","floor","","","","breathing","","","failWrongResults","0","0","","Resultado fora do tipo esperado: Respiração diafragmática, Caminhada leve, Relaxamento deitado, Respiração nasal lenta, Respiração 90/90 com costelas baixas"
"recovery>place_clinic>floor>active_recovery>active_recovery","recovery","place_clinic","floor","","","","active_recovery","","","failWrongResults","0","0","","Resultado fora do tipo esperado: Respiração diafragmática, Caminhada leve, Relaxamento deitado, Respiração nasal lenta, Arrefecimento pós-treino de força"
"recovery>place_clinic>wall>easy_walk>easy_walk","recovery","place_clinic","wall","","","","easy_walk","","","failWrongResults","0","0","","Resultado fora do tipo esperado: Respiração diafragmática, Caminhada leve, Relaxamento deitado, Respiração nasal lenta, Arrefecimento pós-treino de força"
"recovery>place_clinic>wall>light_mobility>light_mobility","recovery","place_clinic","wall","","","","light_mobility","","","failWrongResults","0","0","","Resultado fora do tipo esperado: Mobilidade torácica, Mobilidade de ombro, Mobilidade de anca, Círculos de ombro, Alongamento posterior do ombro"
"recovery>place_clinic>wall>light_stretching>light_stretching","recovery","place_clinic","wall","","","","light_stretching","","","okEmptyWithExplicitNotice","0","0","Não há exercícios disponíveis para este foco com as capacidades atuais. Ativa Mostrar todos para ver o equipamento/local em falta.",""
"recovery>place_clinic>wall>breathing>breathing","recovery","place_clinic","wall","","","","breathing","","","failWrongResults","0","0","","Resultado fora do tipo esperado: Respiração diafragmática, Caminhada leve, Relaxamento deitado, Respiração nasal lenta, Respiração 90/90 com costelas baixas"
"recovery>place_clinic>wall>active_recovery>active_recovery","recovery","place_clinic","wall","","","","active_recovery","","","failWrongResults","0","0","","Resultado fora do tipo esperado: Respiração diafragmática, Caminhada leve, Relaxamento deitado, Respiração nasal lenta, Arrefecimento pós-treino de força"
"recovery>place_clinic>mat>easy_walk>easy_walk","recovery","place_clinic","mat","","","","easy_walk","","","failWrongResults","0","0","","Resultado fora do tipo esperado: Respiração diafragmática, Caminhada leve, Relaxamento deitado, Respiração nasal lenta, Arrefecimento pós-treino de força"
"recovery>place_clinic>mat>light_mobility>light_mobility","recovery","place_clinic","mat","","","","light_mobility","","","failWrongResults","0","0","","Resultado fora do tipo esperado: Mobilidade torácica, Mobilidade de ombro, Mobilidade de anca, Círculos de ombro, Alongamento posterior do ombro"
"recovery>place_clinic>mat>light_stretching>light_stretching","recovery","place_clinic","mat","","","","light_stretching","","","okEmptyWithExplicitNotice","0","0","Não há exercícios disponíveis para este foco com as capacidades atuais. Ativa Mostrar todos para ver o equipamento/local em falta.",""
"recovery>place_clinic>mat>breathing>breathing","recovery","place_clinic","mat","","","","breathing","","","failWrongResults","0","0","","Resultado fora do tipo esperado: Respiração diafragmática, Caminhada leve, Relaxamento deitado, Respiração nasal lenta, Respiração 90/90 com costelas baixas"
"recovery>place_clinic>mat>active_recovery>active_recovery","recovery","place_clinic","mat","","","","active_recovery","","","failWrongResults","0","0","","Resultado fora do tipo esperado: Respiração diafragmática, Caminhada leve, Relaxamento deitado, Respiração nasal lenta, Arrefecimento pós-treino de força"
"warmup>place_home_no_equipment>bodyweight","warmup","place_home_no_equipment","bodyweight","","","","","","","okEmptyWithExplicitNotice","0","0","Não há exercícios disponíveis para este foco com as capacidades atuais. Ativa Mostrar todos para ver o equipamento/local em falta.",""
"warmup>place_home_no_equipment>floor","warmup","place_home_no_equipment","floor","","","","","","","okEmptyWithExplicitNotice","0","0","Não há exercícios disponíveis para este foco com as capacidades atuais. Ativa Mostrar todos para ver o equipamento/local em falta.",""
"warmup>place_home_no_equipment>wall","warmup","place_home_no_equipment","wall","","","","","","","okEmptyWithExplicitNotice","0","0","Não há exercícios disponíveis para este foco com as capacidades atuais. Ativa Mostrar todos para ver o equipamento/local em falta.",""
"warmup>place_home_no_equipment>mat","warmup","place_home_no_equipment","mat","","","","","","","okEmptyWithExplicitNotice","0","0","Não há exercícios disponíveis para este foco com as capacidades atuais. Ativa Mostrar todos para ver o equipamento/local em falta.",""
"warmup>place_home_equipped>bodyweight","warmup","place_home_equipped","bodyweight","","","","","","","okEmptyWithExplicitNotice","0","0","Não há exercícios disponíveis para este foco com as capacidades atuais. Ativa Mostrar todos para ver o equipamento/local em falta.",""
"warmup>place_home_equipped>floor","warmup","place_home_equipped","floor","","","","","","","okEmptyWithExplicitNotice","0","0","Não há exercícios disponíveis para este foco com as capacidades atuais. Ativa Mostrar todos para ver o equipamento/local em falta.",""
"warmup>place_home_equipped>wall","warmup","place_home_equipped","wall","","","","","","","okEmptyWithExplicitNotice","0","0","Não há exercícios disponíveis para este foco com as capacidades atuais. Ativa Mostrar todos para ver o equipamento/local em falta.",""
"warmup>place_home_equipped>mat","warmup","place_home_equipped","mat","","","","","","","okEmptyWithExplicitNotice","0","0","Não há exercícios disponíveis para este foco com as capacidades atuais. Ativa Mostrar todos para ver o equipamento/local em falta.",""
"warmup>place_gym>bodyweight","warmup","place_gym","bodyweight","","","","","","","okEmptyWithExplicitNotice","0","0","Não há exercícios disponíveis para este foco com as capacidades atuais. Ativa Mostrar todos para ver o equipamento/local em falta.",""
"warmup>place_gym>floor","warmup","place_gym","floor","","","","","","","okEmptyWithExplicitNotice","0","0","Não há exercícios disponíveis para este foco com as capacidades atuais. Ativa Mostrar todos para ver o equipamento/local em falta.",""
"warmup>place_gym>wall","warmup","place_gym","wall","","","","","","","okEmptyWithExplicitNotice","0","0","Não há exercícios disponíveis para este foco com as capacidades atuais. Ativa Mostrar todos para ver o equipamento/local em falta.",""
"warmup>place_gym>mat","warmup","place_gym","mat","","","","","","","okEmptyWithExplicitNotice","0","0","Não há exercícios disponíveis para este foco com as capacidades atuais. Ativa Mostrar todos para ver o equipamento/local em falta.",""
"warmup>place_dojo>bodyweight","warmup","place_dojo","bodyweight","","","","","","","okEmptyWithExplicitNotice","0","0","Não há exercícios disponíveis para este foco com as capacidades atuais. Ativa Mostrar todos para ver o equipamento/local em falta.",""
"warmup>place_dojo>floor","warmup","place_dojo","floor","","","","","","","okEmptyWithExplicitNotice","0","0","Não há exercícios disponíveis para este foco com as capacidades atuais. Ativa Mostrar todos para ver o equipamento/local em falta.",""
"warmup>place_dojo>wall","warmup","place_dojo","wall","","","","","","","okEmptyWithExplicitNotice","0","0","Não há exercícios disponíveis para este foco com as capacidades atuais. Ativa Mostrar todos para ver o equipamento/local em falta.",""
"warmup>place_dojo>mat","warmup","place_dojo","mat","","","","","","","okEmptyWithExplicitNotice","0","0","Não há exercícios disponíveis para este foco com as capacidades atuais. Ativa Mostrar todos para ver o equipamento/local em falta.",""
"warmup>place_tatami>bodyweight","warmup","place_tatami","bodyweight","","","","","","","okEmptyWithExplicitNotice","0","0","Não há exercícios disponíveis para este foco com as capacidades atuais. Ativa Mostrar todos para ver o equipamento/local em falta.",""
"warmup>place_tatami>floor","warmup","place_tatami","floor","","","","","","","okEmptyWithExplicitNotice","0","0","Não há exercícios disponíveis para este foco com as capacidades atuais. Ativa Mostrar todos para ver o equipamento/local em falta.",""
"warmup>place_tatami>wall","warmup","place_tatami","wall","","","","","","","okEmptyWithExplicitNotice","0","0","Não há exercícios disponíveis para este foco com as capacidades atuais. Ativa Mostrar todos para ver o equipamento/local em falta.",""
"warmup>place_tatami>mat","warmup","place_tatami","mat","","","","","","","okEmptyWithExplicitNotice","0","0","Não há exercícios disponíveis para este foco com as capacidades atuais. Ativa Mostrar todos para ver o equipamento/local em falta.",""
"warmup>place_outdoor>bodyweight","warmup","place_outdoor","bodyweight","","","","","","","okEmptyWithExplicitNotice","0","0","Não há exercícios disponíveis para este foco com as capacidades atuais. Ativa Mostrar todos para ver o equipamento/local em falta.",""
"warmup>place_outdoor>floor","warmup","place_outdoor","floor","","","","","","","okEmptyWithExplicitNotice","0","0","Não há exercícios disponíveis para este foco com as capacidades atuais. Ativa Mostrar todos para ver o equipamento/local em falta.",""
"warmup>place_outdoor>wall","warmup","place_outdoor","wall","","","","","","","okEmptyWithExplicitNotice","0","0","Não há exercícios disponíveis para este foco com as capacidades atuais. Ativa Mostrar todos para ver o equipamento/local em falta.",""
"warmup>place_outdoor>mat","warmup","place_outdoor","mat","","","","","","","okEmptyWithExplicitNotice","0","0","Não há exercícios disponíveis para este foco com as capacidades atuais. Ativa Mostrar todos para ver o equipamento/local em falta.",""
"warmup>place_work_travel>bodyweight","warmup","place_work_travel","bodyweight","","","","","","","okEmptyWithExplicitNotice","0","0","Não há exercícios disponíveis para este foco com as capacidades atuais. Ativa Mostrar todos para ver o equipamento/local em falta.",""
"warmup>place_work_travel>floor","warmup","place_work_travel","floor","","","","","","","okEmptyWithExplicitNotice","0","0","Não há exercícios disponíveis para este foco com as capacidades atuais. Ativa Mostrar todos para ver o equipamento/local em falta.",""
"warmup>place_work_travel>wall","warmup","place_work_travel","wall","","","","","","","okEmptyWithExplicitNotice","0","0","Não há exercícios disponíveis para este foco com as capacidades atuais. Ativa Mostrar todos para ver o equipamento/local em falta.",""
"warmup>place_work_travel>mat","warmup","place_work_travel","mat","","","","","","","okEmptyWithExplicitNotice","0","0","Não há exercícios disponíveis para este foco com as capacidades atuais. Ativa Mostrar todos para ver o equipamento/local em falta.",""
"warmup>place_clinic>bodyweight","warmup","place_clinic","bodyweight","","","","","","","okEmptyWithExplicitNotice","0","0","Não há exercícios disponíveis para este foco com as capacidades atuais. Ativa Mostrar todos para ver o equipamento/local em falta.",""
"warmup>place_clinic>floor","warmup","place_clinic","floor","","","","","","","okEmptyWithExplicitNotice","0","0","Não há exercícios disponíveis para este foco com as capacidades atuais. Ativa Mostrar todos para ver o equipamento/local em falta.",""
"warmup>place_clinic>wall","warmup","place_clinic","wall","","","","","","","okEmptyWithExplicitNotice","0","0","Não há exercícios disponíveis para este foco com as capacidades atuais. Ativa Mostrar todos para ver o equipamento/local em falta.",""
"warmup>place_clinic>mat","warmup","place_clinic","mat","","","","","","","okEmptyWithExplicitNotice","0","0","Não há exercícios disponíveis para este foco com as capacidades atuais. Ativa Mostrar todos para ver o equipamento/local em falta.",""
"activation>place_home_no_equipment>bodyweight","activation","place_home_no_equipment","bodyweight","","","","","","","okEmptyWithExplicitNotice","0","0","Não há exercícios disponíveis para este foco com as capacidades atuais. Ativa Mostrar todos para ver o equipamento/local em falta.",""
"activation>place_home_no_equipment>floor","activation","place_home_no_equipment","floor","","","","","","","okEmptyWithExplicitNotice","0","0","Não há exercícios disponíveis para este foco com as capacidades atuais. Ativa Mostrar todos para ver o equipamento/local em falta.",""
"activation>place_home_no_equipment>wall","activation","place_home_no_equipment","wall","","","","","","","okEmptyWithExplicitNotice","0","0","Não há exercícios disponíveis para este foco com as capacidades atuais. Ativa Mostrar todos para ver o equipamento/local em falta.",""
"activation>place_home_no_equipment>mat","activation","place_home_no_equipment","mat","","","","","","","okEmptyWithExplicitNotice","0","0","Não há exercícios disponíveis para este foco com as capacidades atuais. Ativa Mostrar todos para ver o equipamento/local em falta.",""
"activation>place_home_equipped>bodyweight","activation","place_home_equipped","bodyweight","","","","","","","okEmptyWithExplicitNotice","0","0","Não há exercícios disponíveis para este foco com as capacidades atuais. Ativa Mostrar todos para ver o equipamento/local em falta.",""
"activation>place_home_equipped>floor","activation","place_home_equipped","floor","","","","","","","okEmptyWithExplicitNotice","0","0","Não há exercícios disponíveis para este foco com as capacidades atuais. Ativa Mostrar todos para ver o equipamento/local em falta.",""
"activation>place_home_equipped>wall","activation","place_home_equipped","wall","","","","","","","okEmptyWithExplicitNotice","0","0","Não há exercícios disponíveis para este foco com as capacidades atuais. Ativa Mostrar todos para ver o equipamento/local em falta.",""
"activation>place_home_equipped>mat","activation","place_home_equipped","mat","","","","","","","okEmptyWithExplicitNotice","0","0","Não há exercícios disponíveis para este foco com as capacidades atuais. Ativa Mostrar todos para ver o equipamento/local em falta.",""
"activation>place_gym>bodyweight","activation","place_gym","bodyweight","","","","","","","okEmptyWithExplicitNotice","0","0","Não há exercícios disponíveis para este foco com as capacidades atuais. Ativa Mostrar todos para ver o equipamento/local em falta.",""
"activation>place_gym>floor","activation","place_gym","floor","","","","","","","okEmptyWithExplicitNotice","0","0","Não há exercícios disponíveis para este foco com as capacidades atuais. Ativa Mostrar todos para ver o equipamento/local em falta.",""
"activation>place_gym>wall","activation","place_gym","wall","","","","","","","okEmptyWithExplicitNotice","0","0","Não há exercícios disponíveis para este foco com as capacidades atuais. Ativa Mostrar todos para ver o equipamento/local em falta.",""
"activation>place_gym>mat","activation","place_gym","mat","","","","","","","okEmptyWithExplicitNotice","0","0","Não há exercícios disponíveis para este foco com as capacidades atuais. Ativa Mostrar todos para ver o equipamento/local em falta.",""
"activation>place_dojo>bodyweight","activation","place_dojo","bodyweight","","","","","","","okEmptyWithExplicitNotice","0","0","Não há exercícios disponíveis para este foco com as capacidades atuais. Ativa Mostrar todos para ver o equipamento/local em falta.",""
"activation>place_dojo>floor","activation","place_dojo","floor","","","","","","","okEmptyWithExplicitNotice","0","0","Não há exercícios disponíveis para este foco com as capacidades atuais. Ativa Mostrar todos para ver o equipamento/local em falta.",""
"activation>place_dojo>wall","activation","place_dojo","wall","","","","","","","okEmptyWithExplicitNotice","0","0","Não há exercícios disponíveis para este foco com as capacidades atuais. Ativa Mostrar todos para ver o equipamento/local em falta.",""
"activation>place_dojo>mat","activation","place_dojo","mat","","","","","","","okEmptyWithExplicitNotice","0","0","Não há exercícios disponíveis para este foco com as capacidades atuais. Ativa Mostrar todos para ver o equipamento/local em falta.",""
"activation>place_tatami>bodyweight","activation","place_tatami","bodyweight","","","","","","","okEmptyWithExplicitNotice","0","0","Não há exercícios disponíveis para este foco com as capacidades atuais. Ativa Mostrar todos para ver o equipamento/local em falta.",""
"activation>place_tatami>floor","activation","place_tatami","floor","","","","","","","okEmptyWithExplicitNotice","0","0","Não há exercícios disponíveis para este foco com as capacidades atuais. Ativa Mostrar todos para ver o equipamento/local em falta.",""
"activation>place_tatami>wall","activation","place_tatami","wall","","","","","","","okEmptyWithExplicitNotice","0","0","Não há exercícios disponíveis para este foco com as capacidades atuais. Ativa Mostrar todos para ver o equipamento/local em falta.",""
"activation>place_tatami>mat","activation","place_tatami","mat","","","","","","","okEmptyWithExplicitNotice","0","0","Não há exercícios disponíveis para este foco com as capacidades atuais. Ativa Mostrar todos para ver o equipamento/local em falta.",""
"activation>place_outdoor>bodyweight","activation","place_outdoor","bodyweight","","","","","","","okEmptyWithExplicitNotice","0","0","Não há exercícios disponíveis para este foco com as capacidades atuais. Ativa Mostrar todos para ver o equipamento/local em falta.",""
"activation>place_outdoor>floor","activation","place_outdoor","floor","","","","","","","okEmptyWithExplicitNotice","0","0","Não há exercícios disponíveis para este foco com as capacidades atuais. Ativa Mostrar todos para ver o equipamento/local em falta.",""
"activation>place_outdoor>wall","activation","place_outdoor","wall","","","","","","","okEmptyWithExplicitNotice","0","0","Não há exercícios disponíveis para este foco com as capacidades atuais. Ativa Mostrar todos para ver o equipamento/local em falta.",""
"activation>place_outdoor>mat","activation","place_outdoor","mat","","","","","","","okEmptyWithExplicitNotice","0","0","Não há exercícios disponíveis para este foco com as capacidades atuais. Ativa Mostrar todos para ver o equipamento/local em falta.",""
"activation>place_work_travel>bodyweight","activation","place_work_travel","bodyweight","","","","","","","okEmptyWithExplicitNotice","0","0","Não há exercícios disponíveis para este foco com as capacidades atuais. Ativa Mostrar todos para ver o equipamento/local em falta.",""
"activation>place_work_travel>floor","activation","place_work_travel","floor","","","","","","","okEmptyWithExplicitNotice","0","0","Não há exercícios disponíveis para este foco com as capacidades atuais. Ativa Mostrar todos para ver o equipamento/local em falta.",""
"activation>place_work_travel>wall","activation","place_work_travel","wall","","","","","","","okEmptyWithExplicitNotice","0","0","Não há exercícios disponíveis para este foco com as capacidades atuais. Ativa Mostrar todos para ver o equipamento/local em falta.",""
"activation>place_work_travel>mat","activation","place_work_travel","mat","","","","","","","okEmptyWithExplicitNotice","0","0","Não há exercícios disponíveis para este foco com as capacidades atuais. Ativa Mostrar todos para ver o equipamento/local em falta.",""
"activation>place_clinic>bodyweight","activation","place_clinic","bodyweight","","","","","","","okEmptyWithExplicitNotice","0","0","Não há exercícios disponíveis para este foco com as capacidades atuais. Ativa Mostrar todos para ver o equipamento/local em falta.",""
"activation>place_clinic>floor","activation","place_clinic","floor","","","","","","","okEmptyWithExplicitNotice","0","0","Não há exercícios disponíveis para este foco com as capacidades atuais. Ativa Mostrar todos para ver o equipamento/local em falta.",""
"activation>place_clinic>wall","activation","place_clinic","wall","","","","","","","okEmptyWithExplicitNotice","0","0","Não há exercícios disponíveis para este foco com as capacidades atuais. Ativa Mostrar todos para ver o equipamento/local em falta.",""
"activation>place_clinic>mat","activation","place_clinic","mat","","","","","","","okEmptyWithExplicitNotice","0","0","Não há exercícios disponíveis para este foco com as capacidades atuais. Ativa Mostrar todos para ver o equipamento/local em falta.",""
"prevention>place_home_no_equipment>bodyweight","prevention","place_home_no_equipment","bodyweight","","","","","","","okEmptyWithExplicitNotice","0","0","Não há exercícios disponíveis para este foco com as capacidades atuais. Ativa Mostrar todos para ver o equipamento/local em falta.",""
"prevention>place_home_no_equipment>floor","prevention","place_home_no_equipment","floor","","","","","","","okEmptyWithExplicitNotice","0","0","Não há exercícios disponíveis para este foco com as capacidades atuais. Ativa Mostrar todos para ver o equipamento/local em falta.",""
"prevention>place_home_no_equipment>wall","prevention","place_home_no_equipment","wall","","","","","","","okEmptyWithExplicitNotice","0","0","Não há exercícios disponíveis para este foco com as capacidades atuais. Ativa Mostrar todos para ver o equipamento/local em falta.",""
"prevention>place_home_no_equipment>mat","prevention","place_home_no_equipment","mat","","","","","","","okEmptyWithExplicitNotice","0","0","Não há exercícios disponíveis para este foco com as capacidades atuais. Ativa Mostrar todos para ver o equipamento/local em falta.",""
"prevention>place_home_equipped>bodyweight","prevention","place_home_equipped","bodyweight","","","","","","","okEmptyWithExplicitNotice","0","0","Não há exercícios disponíveis para este foco com as capacidades atuais. Ativa Mostrar todos para ver o equipamento/local em falta.",""
"prevention>place_home_equipped>floor","prevention","place_home_equipped","floor","","","","","","","okEmptyWithExplicitNotice","0","0","Não há exercícios disponíveis para este foco com as capacidades atuais. Ativa Mostrar todos para ver o equipamento/local em falta.",""
"prevention>place_home_equipped>wall","prevention","place_home_equipped","wall","","","","","","","okEmptyWithExplicitNotice","0","0","Não há exercícios disponíveis para este foco com as capacidades atuais. Ativa Mostrar todos para ver o equipamento/local em falta.",""
"prevention>place_home_equipped>mat","prevention","place_home_equipped","mat","","","","","","","okEmptyWithExplicitNotice","0","0","Não há exercícios disponíveis para este foco com as capacidades atuais. Ativa Mostrar todos para ver o equipamento/local em falta.",""
"prevention>place_gym>bodyweight","prevention","place_gym","bodyweight","","","","","","","okEmptyWithExplicitNotice","0","0","Não há exercícios disponíveis para este foco com as capacidades atuais. Ativa Mostrar todos para ver o equipamento/local em falta.",""
"prevention>place_gym>floor","prevention","place_gym","floor","","","","","","","okEmptyWithExplicitNotice","0","0","Não há exercícios disponíveis para este foco com as capacidades atuais. Ativa Mostrar todos para ver o equipamento/local em falta.",""
"prevention>place_gym>wall","prevention","place_gym","wall","","","","","","","okEmptyWithExplicitNotice","0","0","Não há exercícios disponíveis para este foco com as capacidades atuais. Ativa Mostrar todos para ver o equipamento/local em falta.",""
"prevention>place_gym>mat","prevention","place_gym","mat","","","","","","","okEmptyWithExplicitNotice","0","0","Não há exercícios disponíveis para este foco com as capacidades atuais. Ativa Mostrar todos para ver o equipamento/local em falta.",""
"prevention>place_dojo>bodyweight","prevention","place_dojo","bodyweight","","","","","","","okEmptyWithExplicitNotice","0","0","Não há exercícios disponíveis para este foco com as capacidades atuais. Ativa Mostrar todos para ver o equipamento/local em falta.",""
"prevention>place_dojo>floor","prevention","place_dojo","floor","","","","","","","okEmptyWithExplicitNotice","0","0","Não há exercícios disponíveis para este foco com as capacidades atuais. Ativa Mostrar todos para ver o equipamento/local em falta.",""
"prevention>place_dojo>wall","prevention","place_dojo","wall","","","","","","","okEmptyWithExplicitNotice","0","0","Não há exercícios disponíveis para este foco com as capacidades atuais. Ativa Mostrar todos para ver o equipamento/local em falta.",""
"prevention>place_dojo>mat","prevention","place_dojo","mat","","","","","","","okEmptyWithExplicitNotice","0","0","Não há exercícios disponíveis para este foco com as capacidades atuais. Ativa Mostrar todos para ver o equipamento/local em falta.",""
"prevention>place_tatami>bodyweight","prevention","place_tatami","bodyweight","","","","","","","okEmptyWithExplicitNotice","0","0","Não há exercícios disponíveis para este foco com as capacidades atuais. Ativa Mostrar todos para ver o equipamento/local em falta.",""
"prevention>place_tatami>floor","prevention","place_tatami","floor","","","","","","","okEmptyWithExplicitNotice","0","0","Não há exercícios disponíveis para este foco com as capacidades atuais. Ativa Mostrar todos para ver o equipamento/local em falta.",""
"prevention>place_tatami>wall","prevention","place_tatami","wall","","","","","","","okEmptyWithExplicitNotice","0","0","Não há exercícios disponíveis para este foco com as capacidades atuais. Ativa Mostrar todos para ver o equipamento/local em falta.",""
"prevention>place_tatami>mat","prevention","place_tatami","mat","","","","","","","okEmptyWithExplicitNotice","0","0","Não há exercícios disponíveis para este foco com as capacidades atuais. Ativa Mostrar todos para ver o equipamento/local em falta.",""
"prevention>place_outdoor>bodyweight","prevention","place_outdoor","bodyweight","","","","","","","okEmptyWithExplicitNotice","0","0","Não há exercícios disponíveis para este foco com as capacidades atuais. Ativa Mostrar todos para ver o equipamento/local em falta.",""
"prevention>place_outdoor>floor","prevention","place_outdoor","floor","","","","","","","okEmptyWithExplicitNotice","0","0","Não há exercícios disponíveis para este foco com as capacidades atuais. Ativa Mostrar todos para ver o equipamento/local em falta.",""
"prevention>place_outdoor>wall","prevention","place_outdoor","wall","","","","","","","okEmptyWithExplicitNotice","0","0","Não há exercícios disponíveis para este foco com as capacidades atuais. Ativa Mostrar todos para ver o equipamento/local em falta.",""
"prevention>place_outdoor>mat","prevention","place_outdoor","mat","","","","","","","okEmptyWithExplicitNotice","0","0","Não há exercícios disponíveis para este foco com as capacidades atuais. Ativa Mostrar todos para ver o equipamento/local em falta.",""
"prevention>place_work_travel>bodyweight","prevention","place_work_travel","bodyweight","","","","","","","okEmptyWithExplicitNotice","0","0","Não há exercícios disponíveis para este foco com as capacidades atuais. Ativa Mostrar todos para ver o equipamento/local em falta.",""
"prevention>place_work_travel>floor","prevention","place_work_travel","floor","","","","","","","okEmptyWithExplicitNotice","0","0","Não há exercícios disponíveis para este foco com as capacidades atuais. Ativa Mostrar todos para ver o equipamento/local em falta.",""
"prevention>place_work_travel>wall","prevention","place_work_travel","wall","","","","","","","okEmptyWithExplicitNotice","0","0","Não há exercícios disponíveis para este foco com as capacidades atuais. Ativa Mostrar todos para ver o equipamento/local em falta.",""
"prevention>place_work_travel>mat","prevention","place_work_travel","mat","","","","","","","okEmptyWithExplicitNotice","0","0","Não há exercícios disponíveis para este foco com as capacidades atuais. Ativa Mostrar todos para ver o equipamento/local em falta.",""
"prevention>place_clinic>bodyweight","prevention","place_clinic","bodyweight","","","","","","","okEmptyWithExplicitNotice","0","0","Não há exercícios disponíveis para este foco com as capacidades atuais. Ativa Mostrar todos para ver o equipamento/local em falta.",""
"prevention>place_clinic>floor","prevention","place_clinic","floor","","","","","","","okEmptyWithExplicitNotice","0","0","Não há exercícios disponíveis para este foco com as capacidades atuais. Ativa Mostrar todos para ver o equipamento/local em falta.",""
"prevention>place_clinic>wall","prevention","place_clinic","wall","","","","","","","okEmptyWithExplicitNotice","0","0","Não há exercícios disponíveis para este foco com as capacidades atuais. Ativa Mostrar todos para ver o equipamento/local em falta.",""
"prevention>place_clinic>mat","prevention","place_clinic","mat","","","","","","","okEmptyWithExplicitNotice","0","0","Não há exercícios disponíveis para este foco com as capacidades atuais. Ativa Mostrar todos para ver o equipamento/local em falta.",""
