"category","type","combination","item","count","recommendation","details"
"FAIL_WRONG_RESULTS","Cardio","Cardio > Casa sem equipamento > Peso corporal > no_equipment","cardio>place_home_no_equipment>bodyweight>no_equipment","0","A. corrigir filtro; validar equipamento/local antes de devolver resultados","Resultado fora do tipo esperado: Mountain climbers"
"FAIL_WRONG_RESULTS","Cardio","Cardio > Casa sem equipamento > Peso corporal > hiit","cardio>place_home_no_equipment>bodyweight>hiit","0","A. corrigir filtro; validar equipamento/local antes de devolver resultados","Resultado fora do tipo esperado: Mountain climbers"
"FAIL_WRONG_RESULTS","Cardio","Cardio > Casa sem equipamento > hiit > no_equipment","cardio>place_home_no_equipment>hiit>no_equipment","0","A. corrigir filtro; validar equipamento/local antes de devolver resultados","Resultado fora do tipo esperado: Mountain climbers"
"FAIL_WRONG_RESULTS","Cardio","Cardio > Casa sem equipamento > hiit > hiit","cardio>place_home_no_equipment>hiit>hiit","0","A. corrigir filtro; validar equipamento/local antes de devolver resultados","Resultado fora do tipo esperado: Mountain climbers"
"FAIL_WRONG_RESULTS","Cardio","Cardio > Casa equipada > Peso corporal > no_equipment","cardio>place_home_equipped>bodyweight>no_equipment","0","A. corrigir filtro; validar equipamento/local antes de devolver resultados","Resultado fora do tipo esperado: Mountain climbers"
"FAIL_WRONG_RESULTS","Cardio","Cardio > Casa equipada > Peso corporal > hiit","cardio>place_home_equipped>bodyweight>hiit","0","A. corrigir filtro; validar equipamento/local antes de devolver resultados","Resultado fora do tipo esperado: Mountain climbers"
"FAIL_WRONG_RESULTS","Cardio","Cardio > Casa equipada > hiit > no_equipment","cardio>place_home_equipped>hiit>no_equipment","0","A. corrigir filtro; validar equipamento/local antes de devolver resultados","Resultado fora do tipo esperado: Mountain climbers"
"FAIL_WRONG_RESULTS","Cardio","Cardio > Casa equipada > hiit > hiit","cardio>place_home_equipped>hiit>hiit","0","A. corrigir filtro; validar equipamento/local antes de devolver resultados","Resultado fora do tipo esperado: Mountain climbers"
"FAIL_WRONG_RESULTS","Cardio","Cardio > Ginasio > Peso corporal > no_equipment","cardio>place_gym>bodyweight>no_equipment","0","A. corrigir filtro; validar equipamento/local antes de devolver resultados","Resultado fora do tipo esperado: Mountain climbers"
"FAIL_WRONG_RESULTS","Cardio","Cardio > Ginasio > Peso corporal > hiit","cardio>place_gym>bodyweight>hiit","0","A. corrigir filtro; validar equipamento/local antes de devolver resultados","Resultado fora do tipo esperado: Mountain climbers"
"FAIL_WRONG_RESULTS","Cardio","Cardio > Ginasio > hiit > no_equipment","cardio>place_gym>hiit>no_equipment","0","A. corrigir filtro; validar equipamento/local antes de devolver resultados","Resultado fora do tipo esperado: Mountain climbers"
"FAIL_WRONG_RESULTS","Cardio","Cardio > Ginasio > hiit > hiit","cardio>place_gym>hiit>hiit","0","A. corrigir filtro; validar equipamento/local antes de devolver resultados","Resultado fora do tipo esperado: Mountain climbers"
"FAIL_WRONG_RESULTS","Cardio","Cardio > Dojo > Peso corporal > no_equipment","cardio>place_dojo>bodyweight>no_equipment","0","A. corrigir filtro; validar equipamento/local antes de devolver resultados","Resultado fora do tipo esperado: Mountain climbers"
"FAIL_WRONG_RESULTS","Cardio","Cardio > Dojo > Peso corporal > hiit","cardio>place_dojo>bodyweight>hiit","0","A. corrigir filtro; validar equipamento/local antes de devolver resultados","Resultado fora do tipo esperado: Mountain climbers"
"FAIL_WRONG_RESULTS","Cardio","Cardio > Dojo > hiit > no_equipment","cardio>place_dojo>hiit>no_equipment","0","A. corrigir filtro; validar equipamento/local antes de devolver resultados","Resultado fora do tipo esperado: Mountain climbers"
"FAIL_WRONG_RESULTS","Cardio","Cardio > Dojo > hiit > hiit","cardio>place_dojo>hiit>hiit","0","A. corrigir filtro; validar equipamento/local antes de devolver resultados","Resultado fora do tipo esperado: Mountain climbers"
"FAIL_WRONG_RESULTS","Cardio","Cardio > Tatami > Peso corporal > no_equipment","cardio>place_tatami>bodyweight>no_equipment","0","A. corrigir filtro; validar equipamento/local antes de devolver resultados","Resultado fora do tipo esperado: Mountain climbers"
"FAIL_WRONG_RESULTS","Cardio","Cardio > Tatami > Peso corporal > hiit","cardio>place_tatami>bodyweight>hiit","0","A. corrigir filtro; validar equipamento/local antes de devolver resultados","Resultado fora do tipo esperado: Mountain climbers"
"FAIL_WRONG_RESULTS","Cardio","Cardio > Tatami > hiit > no_equipment","cardio>place_tatami>hiit>no_equipment","0","A. corrigir filtro; validar equipamento/local antes de devolver resultados","Resultado fora do tipo esperado: Mountain climbers"
"FAIL_WRONG_RESULTS","Cardio","Cardio > Tatami > hiit > hiit","cardio>place_tatami>hiit>hiit","0","A. corrigir filtro; validar equipamento/local antes de devolver resultados","Resultado fora do tipo esperado: Mountain climbers"
"FAIL_WRONG_RESULTS","Cardio","Cardio > Exterior > Peso corporal > no_equipment","cardio>place_outdoor>bodyweight>no_equipment","0","A. corrigir filtro; validar equipamento/local antes de devolver resultados","Resultado fora do tipo esperado: Mountain climbers"
"FAIL_WRONG_RESULTS","Cardio","Cardio > Exterior > Peso corporal > hiit","cardio>place_outdoor>bodyweight>hiit","0","A. corrigir filtro; validar equipamento/local antes de devolver resultados","Resultado fora do tipo esperado: Mountain climbers"
"FAIL_WRONG_RESULTS","Cardio","Cardio > Exterior > hiit > no_equipment","cardio>place_outdoor>hiit>no_equipment","0","A. corrigir filtro; validar equipamento/local antes de devolver resultados","Resultado fora do tipo esperado: Mountain climbers"
"FAIL_WRONG_RESULTS","Cardio","Cardio > Exterior > hiit > hiit","cardio>place_outdoor>hiit>hiit","0","A. corrigir filtro; validar equipamento/local antes de devolver resultados","Resultado fora do tipo esperado: Mountain climbers"
"FAIL_WRONG_RESULTS","Cardio","Cardio > Trabalho ou viagem > Peso corporal > no_equipment","cardio>place_work_travel>bodyweight>no_equipment","0","A. corrigir filtro; validar equipamento/local antes de devolver resultados","Resultado fora do tipo esperado: Mountain climbers"
"FAIL_WRONG_RESULTS","Cardio","Cardio > Trabalho ou viagem > Peso corporal > hiit","cardio>place_work_travel>bodyweight>hiit","0","A. corrigir filtro; validar equipamento/local antes de devolver resultados","Resultado fora do tipo esperado: Mountain climbers"
"FAIL_WRONG_RESULTS","Cardio","Cardio > Trabalho ou viagem > hiit > no_equipment","cardio>place_work_travel>hiit>no_equipment","0","A. corrigir filtro; validar equipamento/local antes de devolver resultados","Resultado fora do tipo esperado: Mountain climbers"
"FAIL_WRONG_RESULTS","Cardio","Cardio > Trabalho ou viagem > hiit > hiit","cardio>place_work_travel>hiit>hiit","0","A. corrigir filtro; validar equipamento/local antes de devolver resultados","Resultado fora do tipo esperado: Mountain climbers"
"FAIL_WRONG_RESULTS","Cardio","Cardio > Clinica ou fisioterapia > Peso corporal > no_equipment","cardio>place_clinic>bodyweight>no_equipment","0","A. corrigir filtro; validar equipamento/local antes de devolver resultados","Resultado fora do tipo esperado: Mountain climbers"
"FAIL_WRONG_RESULTS","Cardio","Cardio > Clinica ou fisioterapia > Peso corporal > hiit","cardio>place_clinic>bodyweight>hiit","0","A. corrigir filtro; validar equipamento/local antes de devolver resultados","Resultado fora do tipo esperado: Mountain climbers"
"FAIL_WRONG_RESULTS","Cardio","Cardio > Clinica ou fisioterapia > hiit > no_equipment","cardio>place_clinic>hiit>no_equipment","0","A. corrigir filtro; validar equipamento/local antes de devolver resultados","Resultado fora do tipo esperado: Mountain climbers"
"FAIL_WRONG_RESULTS","Cardio","Cardio > Clinica ou fisioterapia > hiit > hiit","cardio>place_clinic>hiit>hiit","0","A. corrigir filtro; validar equipamento/local antes de devolver resultados","Resultado fora do tipo esperado: Mountain climbers"
"FAIL_WRONG_RESULTS","Mobilidade","Mobilidade > Casa sem equipamento > Peso corporal > Geral","mobility>place_home_no_equipment>bodyweight>general_mobility>general_mobility","0","A. corrigir filtro ou D. esconder rota demasiado ampla ate haver mapeamento correto","Resultado fora do tipo esperado: Technical stand-up lento"
"FAIL_WRONG_RESULTS","Mobilidade","Mobilidade > Casa sem equipamento > Chão livre > Geral","mobility>place_home_no_equipment>floor>general_mobility>general_mobility","0","A. corrigir filtro ou D. esconder rota demasiado ampla ate haver mapeamento correto","Resultado fora do tipo esperado: Technical stand-up lento"
"FAIL_WRONG_RESULTS","Mobilidade","Mobilidade > Casa sem equipamento > Parede estável > Geral","mobility>place_home_no_equipment>wall>general_mobility>general_mobility","0","A. corrigir filtro ou D. esconder rota demasiado ampla ate haver mapeamento correto","Resultado fora do tipo esperado: Technical stand-up lento"
"FAIL_WRONG_RESULTS","Mobilidade","Mobilidade > Casa sem equipamento > Tapete / colchonete > Geral","mobility>place_home_no_equipment>mat>general_mobility>general_mobility","0","A. corrigir filtro ou D. esconder rota demasiado ampla ate haver mapeamento correto","Resultado fora do tipo esperado: Technical stand-up lento"
"FAIL_WRONG_RESULTS","Mobilidade","Mobilidade > Casa equipada > Peso corporal > Geral","mobility>place_home_equipped>bodyweight>general_mobility>general_mobility","0","A. corrigir filtro ou D. esconder rota demasiado ampla ate haver mapeamento correto","Resultado fora do tipo esperado: Technical stand-up lento"
"FAIL_WRONG_RESULTS","Mobilidade","Mobilidade > Casa equipada > Chão livre > Geral","mobility>place_home_equipped>floor>general_mobility>general_mobility","0","A. corrigir filtro ou D. esconder rota demasiado ampla ate haver mapeamento correto","Resultado fora do tipo esperado: Technical stand-up lento"
"FAIL_WRONG_RESULTS","Mobilidade","Mobilidade > Casa equipada > Parede estável > Geral","mobility>place_home_equipped>wall>general_mobility>general_mobility","0","A. corrigir filtro ou D. esconder rota demasiado ampla ate haver mapeamento correto","Resultado fora do tipo esperado: Technical stand-up lento"
"FAIL_WRONG_RESULTS","Mobilidade","Mobilidade > Casa equipada > Tapete / colchonete > Geral","mobility>place_home_equipped>mat>general_mobility>general_mobility","0","A. corrigir filtro ou D. esconder rota demasiado ampla ate haver mapeamento correto","Resultado fora do tipo esperado: Technical stand-up lento"
"FAIL_WRONG_RESULTS","Mobilidade","Mobilidade > Ginasio > Peso corporal > Geral","mobility>place_gym>bodyweight>general_mobility>general_mobility","0","A. corrigir filtro ou D. esconder rota demasiado ampla ate haver mapeamento correto","Resultado fora do tipo esperado: Technical stand-up lento"
"FAIL_WRONG_RESULTS","Mobilidade","Mobilidade > Ginasio > Chão livre > Geral","mobility>place_gym>floor>general_mobility>general_mobility","0","A. corrigir filtro ou D. esconder rota demasiado ampla ate haver mapeamento correto","Resultado fora do tipo esperado: Technical stand-up lento"
"FAIL_WRONG_RESULTS","Mobilidade","Mobilidade > Ginasio > Parede estável > Geral","mobility>place_gym>wall>general_mobility>general_mobility","0","A. corrigir filtro ou D. esconder rota demasiado ampla ate haver mapeamento correto","Resultado fora do tipo esperado: Technical stand-up lento"
"FAIL_WRONG_RESULTS","Mobilidade","Mobilidade > Ginasio > Tapete / colchonete > Geral","mobility>place_gym>mat>general_mobility>general_mobility","0","A. corrigir filtro ou D. esconder rota demasiado ampla ate haver mapeamento correto","Resultado fora do tipo esperado: Technical stand-up lento"
"FAIL_WRONG_RESULTS","Mobilidade","Mobilidade > Dojo > Peso corporal > Geral","mobility>place_dojo>bodyweight>general_mobility>general_mobility","0","A. corrigir filtro ou D. esconder rota demasiado ampla ate haver mapeamento correto","Resultado fora do tipo esperado: Technical stand-up lento"
"FAIL_WRONG_RESULTS","Mobilidade","Mobilidade > Dojo > Chão livre > Geral","mobility>place_dojo>floor>general_mobility>general_mobility","0","A. corrigir filtro ou D. esconder rota demasiado ampla ate haver mapeamento correto","Resultado fora do tipo esperado: Technical stand-up lento"
"FAIL_WRONG_RESULTS","Mobilidade","Mobilidade > Dojo > Parede estável > Geral","mobility>place_dojo>wall>general_mobility>general_mobility","0","A. corrigir filtro ou D. esconder rota demasiado ampla ate haver mapeamento correto","Resultado fora do tipo esperado: Technical stand-up lento"
"FAIL_WRONG_RESULTS","Mobilidade","Mobilidade > Dojo > Tapete / colchonete > Geral","mobility>place_dojo>mat>general_mobility>general_mobility","0","A. corrigir filtro ou D. esconder rota demasiado ampla ate haver mapeamento correto","Resultado fora do tipo esperado: Technical stand-up lento"
"FAIL_WRONG_RESULTS","Mobilidade","Mobilidade > Tatami > Peso corporal > Geral","mobility>place_tatami>bodyweight>general_mobility>general_mobility","0","A. corrigir filtro ou D. esconder rota demasiado ampla ate haver mapeamento correto","Resultado fora do tipo esperado: Technical stand-up lento"
"FAIL_WRONG_RESULTS","Mobilidade","Mobilidade > Tatami > Chão livre > Geral","mobility>place_tatami>floor>general_mobility>general_mobility","0","A. corrigir filtro ou D. esconder rota demasiado ampla ate haver mapeamento correto","Resultado fora do tipo esperado: Technical stand-up lento"
"FAIL_WRONG_RESULTS","Mobilidade","Mobilidade > Tatami > Parede estável > Geral","mobility>place_tatami>wall>general_mobility>general_mobility","0","A. corrigir filtro ou D. esconder rota demasiado ampla ate haver mapeamento correto","Resultado fora do tipo esperado: Technical stand-up lento"
"FAIL_WRONG_RESULTS","Mobilidade","Mobilidade > Tatami > Tapete / colchonete > Geral","mobility>place_tatami>mat>general_mobility>general_mobility","0","A. corrigir filtro ou D. esconder rota demasiado ampla ate haver mapeamento correto","Resultado fora do tipo esperado: Technical stand-up lento"
"FAIL_WRONG_RESULTS","Mobilidade","Mobilidade > Exterior > Peso corporal > Geral","mobility>place_outdoor>bodyweight>general_mobility>general_mobility","0","A. corrigir filtro ou D. esconder rota demasiado ampla ate haver mapeamento correto","Resultado fora do tipo esperado: Technical stand-up lento"
"FAIL_WRONG_RESULTS","Mobilidade","Mobilidade > Exterior > Chão livre > Geral","mobility>place_outdoor>floor>general_mobility>general_mobility","0","A. corrigir filtro ou D. esconder rota demasiado ampla ate haver mapeamento correto","Resultado fora do tipo esperado: Technical stand-up lento"
"FAIL_WRONG_RESULTS","Mobilidade","Mobilidade > Exterior > Parede estável > Geral","mobility>place_outdoor>wall>general_mobility>general_mobility","0","A. corrigir filtro ou D. esconder rota demasiado ampla ate haver mapeamento correto","Resultado fora do tipo esperado: Technical stand-up lento"
"FAIL_WRONG_RESULTS","Mobilidade","Mobilidade > Exterior > Tapete / colchonete > Geral","mobility>place_outdoor>mat>general_mobility>general_mobility","0","A. corrigir filtro ou D. esconder rota demasiado ampla ate haver mapeamento correto","Resultado fora do tipo esperado: Technical stand-up lento"
"FAIL_WRONG_RESULTS","Mobilidade","Mobilidade > Trabalho ou viagem > Peso corporal > Geral","mobility>place_work_travel>bodyweight>general_mobility>general_mobility","0","A. corrigir filtro ou D. esconder rota demasiado ampla ate haver mapeamento correto","Resultado fora do tipo esperado: Technical stand-up lento"
"FAIL_WRONG_RESULTS","Mobilidade","Mobilidade > Trabalho ou viagem > Chão livre > Geral","mobility>place_work_travel>floor>general_mobility>general_mobility","0","A. corrigir filtro ou D. esconder rota demasiado ampla ate haver mapeamento correto","Resultado fora do tipo esperado: Technical stand-up lento"
"FAIL_WRONG_RESULTS","Mobilidade","Mobilidade > Trabalho ou viagem > Parede estável > Geral","mobility>place_work_travel>wall>general_mobility>general_mobility","0","A. corrigir filtro ou D. esconder rota demasiado ampla ate haver mapeamento correto","Resultado fora do tipo esperado: Technical stand-up lento"
"FAIL_WRONG_RESULTS","Mobilidade","Mobilidade > Trabalho ou viagem > Tapete / colchonete > Geral","mobility>place_work_travel>mat>general_mobility>general_mobility","0","A. corrigir filtro ou D. esconder rota demasiado ampla ate haver mapeamento correto","Resultado fora do tipo esperado: Technical stand-up lento"
"FAIL_WRONG_RESULTS","Mobilidade","Mobilidade > Clinica ou fisioterapia > Peso corporal > Geral","mobility>place_clinic>bodyweight>general_mobility>general_mobility","0","A. corrigir filtro ou D. esconder rota demasiado ampla ate haver mapeamento correto","Resultado fora do tipo esperado: Technical stand-up lento"
"FAIL_WRONG_RESULTS","Mobilidade","Mobilidade > Clinica ou fisioterapia > Chão livre > Geral","mobility>place_clinic>floor>general_mobility>general_mobility","0","A. corrigir filtro ou D. esconder rota demasiado ampla ate haver mapeamento correto","Resultado fora do tipo esperado: Technical stand-up lento"
"FAIL_WRONG_RESULTS","Mobilidade","Mobilidade > Clinica ou fisioterapia > Parede estável > Geral","mobility>place_clinic>wall>general_mobility>general_mobility","0","A. corrigir filtro ou D. esconder rota demasiado ampla ate haver mapeamento correto","Resultado fora do tipo esperado: Technical stand-up lento"
"FAIL_WRONG_RESULTS","Mobilidade","Mobilidade > Clinica ou fisioterapia > Tapete / colchonete > Geral","mobility>place_clinic>mat>general_mobility>general_mobility","0","A. corrigir filtro ou D. esconder rota demasiado ampla ate haver mapeamento correto","Resultado fora do tipo esperado: Technical stand-up lento"
"FAIL_WRONG_RESULTS","Recuperacao","Recuperacao > Casa sem equipamento > Peso corporal > Caminhada leve","recovery>place_home_no_equipment>bodyweight>easy_walk>easy_walk","0","A. corrigir filtro ou D. esconder rota demasiado ampla ate haver mapeamento correto","Resultado fora do tipo esperado: Respiração diafragmática, Caminhada leve, Relaxamento deitado, Respiração nasal lenta, Arrefecimento pós-treino de força"
"FAIL_WRONG_RESULTS","Recuperacao","Recuperacao > Casa sem equipamento > Peso corporal > Mobilidade leve","recovery>place_home_no_equipment>bodyweight>light_mobility>light_mobility","0","A. corrigir filtro ou D. esconder rota demasiado ampla ate haver mapeamento correto","Resultado fora do tipo esperado: Mobilidade torácica, Mobilidade de ombro, Mobilidade de anca, Círculos de ombro, Alongamento posterior do ombro"
"FAIL_WRONG_RESULTS","Recuperacao","Recuperacao > Casa sem equipamento > Peso corporal > Respiração","recovery>place_home_no_equipment>bodyweight>breathing>breathing","0","A. corrigir filtro ou D. esconder rota demasiado ampla ate haver mapeamento correto","Resultado fora do tipo esperado: Respiração diafragmática, Caminhada leve, Relaxamento deitado, Respiração nasal lenta, Respiração 90/90 com costelas baixas"
"FAIL_WRONG_RESULTS","Recuperacao","Recuperacao > Casa sem equipamento > Peso corporal > Recuperação ativa","recovery>place_home_no_equipment>bodyweight>active_recovery>active_recovery","0","A. corrigir filtro ou D. esconder rota demasiado ampla ate haver mapeamento correto","Resultado fora do tipo esperado: Respiração diafragmática, Caminhada leve, Relaxamento deitado, Respiração nasal lenta, Arrefecimento pós-treino de força"
"FAIL_WRONG_RESULTS","Recuperacao","Recuperacao > Casa sem equipamento > Chão livre > Caminhada leve","recovery>place_home_no_equipment>floor>easy_walk>easy_walk","0","A. corrigir filtro ou D. esconder rota demasiado ampla ate haver mapeamento correto","Resultado fora do tipo esperado: Respiração diafragmática, Caminhada leve, Relaxamento deitado, Respiração nasal lenta, Arrefecimento pós-treino de força"
"FAIL_WRONG_RESULTS","Recuperacao","Recuperacao > Casa sem equipamento > Chão livre > Mobilidade leve","recovery>place_home_no_equipment>floor>light_mobility>light_mobility","0","A. corrigir filtro ou D. esconder rota demasiado ampla ate haver mapeamento correto","Resultado fora do tipo esperado: Mobilidade torácica, Mobilidade de ombro, Mobilidade de anca, Círculos de ombro, Alongamento posterior do ombro"
"FAIL_WRONG_RESULTS","Recuperacao","Recuperacao > Casa sem equipamento > Chão livre > Respiração","recovery>place_home_no_equipment>floor>breathing>breathing","0","A. corrigir filtro ou D. esconder rota demasiado ampla ate haver mapeamento correto","Resultado fora do tipo esperado: Respiração diafragmática, Caminhada leve, Relaxamento deitado, Respiração nasal lenta, Respiração 90/90 com costelas baixas"
"FAIL_WRONG_RESULTS","Recuperacao","Recuperacao > Casa sem equipamento > Chão livre > Recuperação ativa","recovery>place_home_no_equipment>floor>active_recovery>active_recovery","0","A. corrigir filtro ou D. esconder rota demasiado ampla ate haver mapeamento correto","Resultado fora do tipo esperado: Respiração diafragmática, Caminhada leve, Relaxamento deitado, Respiração nasal lenta, Arrefecimento pós-treino de força"
"FAIL_WRONG_RESULTS","Recuperacao","Recuperacao > Casa sem equipamento > Parede estável > Caminhada leve","recovery>place_home_no_equipment>wall>easy_walk>easy_walk","0","A. corrigir filtro ou D. esconder rota demasiado ampla ate haver mapeamento correto","Resultado fora do tipo esperado: Respiração diafragmática, Caminhada leve, Relaxamento deitado, Respiração nasal lenta, Arrefecimento pós-treino de força"
"FAIL_WRONG_RESULTS","Recuperacao","Recuperacao > Casa sem equipamento > Parede estável > Mobilidade leve","recovery>place_home_no_equipment>wall>light_mobility>light_mobility","0","A. corrigir filtro ou D. esconder rota demasiado ampla ate haver mapeamento correto","Resultado fora do tipo esperado: Mobilidade torácica, Mobilidade de ombro, Mobilidade de anca, Círculos de ombro, Alongamento posterior do ombro"
"FAIL_WRONG_RESULTS","Recuperacao","Recuperacao > Casa sem equipamento > Parede estável > Respiração","recovery>place_home_no_equipment>wall>breathing>breathing","0","A. corrigir filtro ou D. esconder rota demasiado ampla ate haver mapeamento correto","Resultado fora do tipo esperado: Respiração diafragmática, Caminhada leve, Relaxamento deitado, Respiração nasal lenta, Respiração 90/90 com costelas baixas"
"FAIL_WRONG_RESULTS","Recuperacao","Recuperacao > Casa sem equipamento > Parede estável > Recuperação ativa","recovery>place_home_no_equipment>wall>active_recovery>active_recovery","0","A. corrigir filtro ou D. esconder rota demasiado ampla ate haver mapeamento correto","Resultado fora do tipo esperado: Respiração diafragmática, Caminhada leve, Relaxamento deitado, Respiração nasal lenta, Arrefecimento pós-treino de força"
"FAIL_WRONG_RESULTS","Recuperacao","Recuperacao > Casa sem equipamento > Tapete / colchonete > Caminhada leve","recovery>place_home_no_equipment>mat>easy_walk>easy_walk","0","A. corrigir filtro ou D. esconder rota demasiado ampla ate haver mapeamento correto","Resultado fora do tipo esperado: Respiração diafragmática, Caminhada leve, Relaxamento deitado, Respiração nasal lenta, Arrefecimento pós-treino de força"
"FAIL_WRONG_RESULTS","Recuperacao","Recuperacao > Casa sem equipamento > Tapete / colchonete > Mobilidade leve","recovery>place_home_no_equipment>mat>light_mobility>light_mobility","0","A. corrigir filtro ou D. esconder rota demasiado ampla ate haver mapeamento correto","Resultado fora do tipo esperado: Mobilidade torácica, Mobilidade de ombro, Mobilidade de anca, Círculos de ombro, Alongamento posterior do ombro"
"FAIL_WRONG_RESULTS","Recuperacao","Recuperacao > Casa sem equipamento > Tapete / colchonete > Respiração","recovery>place_home_no_equipment>mat>breathing>breathing","0","A. corrigir filtro ou D. esconder rota demasiado ampla ate haver mapeamento correto","Resultado fora do tipo esperado: Respiração diafragmática, Caminhada leve, Relaxamento deitado, Respiração nasal lenta, Respiração 90/90 com costelas baixas"
"FAIL_WRONG_RESULTS","Recuperacao","Recuperacao > Casa sem equipamento > Tapete / colchonete > Recuperação ativa","recovery>place_home_no_equipment>mat>active_recovery>active_recovery","0","A. corrigir filtro ou D. esconder rota demasiado ampla ate haver mapeamento correto","Resultado fora do tipo esperado: Respiração diafragmática, Caminhada leve, Relaxamento deitado, Respiração nasal lenta, Arrefecimento pós-treino de força"
"FAIL_WRONG_RESULTS","Recuperacao","Recuperacao > Casa equipada > Peso corporal > Caminhada leve","recovery>place_home_equipped>bodyweight>easy_walk>easy_walk","0","A. corrigir filtro ou D. esconder rota demasiado ampla ate haver mapeamento correto","Resultado fora do tipo esperado: Respiração diafragmática, Caminhada leve, Relaxamento deitado, Respiração nasal lenta, Arrefecimento pós-treino de força"
"FAIL_WRONG_RESULTS","Recuperacao","Recuperacao > Casa equipada > Peso corporal > Mobilidade leve","recovery>place_home_equipped>bodyweight>light_mobility>light_mobility","0","A. corrigir filtro ou D. esconder rota demasiado ampla ate haver mapeamento correto","Resultado fora do tipo esperado: Mobilidade torácica, Mobilidade de ombro, Mobilidade de anca, Círculos de ombro, Alongamento posterior do ombro"
"FAIL_WRONG_RESULTS","Recuperacao","Recuperacao > Casa equipada > Peso corporal > Respiração","recovery>place_home_equipped>bodyweight>breathing>breathing","0","A. corrigir filtro ou D. esconder rota demasiado ampla ate haver mapeamento correto","Resultado fora do tipo esperado: Respiração diafragmática, Caminhada leve, Relaxamento deitado, Respiração nasal lenta, Respiração 90/90 com costelas baixas"
"FAIL_WRONG_RESULTS","Recuperacao","Recuperacao > Casa equipada > Peso corporal > Recuperação ativa","recovery>place_home_equipped>bodyweight>active_recovery>active_recovery","0","A. corrigir filtro ou D. esconder rota demasiado ampla ate haver mapeamento correto","Resultado fora do tipo esperado: Respiração diafragmática, Caminhada leve, Relaxamento deitado, Respiração nasal lenta, Arrefecimento pós-treino de força"
"FAIL_WRONG_RESULTS","Recuperacao","Recuperacao > Casa equipada > Chão livre > Caminhada leve","recovery>place_home_equipped>floor>easy_walk>easy_walk","0","A. corrigir filtro ou D. esconder rota demasiado ampla ate haver mapeamento correto","Resultado fora do tipo esperado: Respiração diafragmática, Caminhada leve, Relaxamento deitado, Respiração nasal lenta, Arrefecimento pós-treino de força"
"FAIL_WRONG_RESULTS","Recuperacao","Recuperacao > Casa equipada > Chão livre > Mobilidade leve","recovery>place_home_equipped>floor>light_mobility>light_mobility","0","A. corrigir filtro ou D. esconder rota demasiado ampla ate haver mapeamento correto","Resultado fora do tipo esperado: Mobilidade torácica, Mobilidade de ombro, Mobilidade de anca, Círculos de ombro, Alongamento posterior do ombro"
"FAIL_WRONG_RESULTS","Recuperacao","Recuperacao > Casa equipada > Chão livre > Respiração","recovery>place_home_equipped>floor>breathing>breathing","0","A. corrigir filtro ou D. esconder rota demasiado ampla ate haver mapeamento correto","Resultado fora do tipo esperado: Respiração diafragmática, Caminhada leve, Relaxamento deitado, Respiração nasal lenta, Respiração 90/90 com costelas baixas"
"FAIL_WRONG_RESULTS","Recuperacao","Recuperacao > Casa equipada > Chão livre > Recuperação ativa","recovery>place_home_equipped>floor>active_recovery>active_recovery","0","A. corrigir filtro ou D. esconder rota demasiado ampla ate haver mapeamento correto","Resultado fora do tipo esperado: Respiração diafragmática, Caminhada leve, Relaxamento deitado, Respiração nasal lenta, Arrefecimento pós-treino de força"
"FAIL_WRONG_RESULTS","Recuperacao","Recuperacao > Casa equipada > Parede estável > Caminhada leve","recovery>place_home_equipped>wall>easy_walk>easy_walk","0","A. corrigir filtro ou D. esconder rota demasiado ampla ate haver mapeamento correto","Resultado fora do tipo esperado: Respiração diafragmática, Caminhada leve, Relaxamento deitado, Respiração nasal lenta, Arrefecimento pós-treino de força"
"FAIL_WRONG_RESULTS","Recuperacao","Recuperacao > Casa equipada > Parede estável > Mobilidade leve","recovery>place_home_equipped>wall>light_mobility>light_mobility","0","A. corrigir filtro ou D. esconder rota demasiado ampla ate haver mapeamento correto","Resultado fora do tipo esperado: Mobilidade torácica, Mobilidade de ombro, Mobilidade de anca, Círculos de ombro, Alongamento posterior do ombro"
"FAIL_WRONG_RESULTS","Recuperacao","Recuperacao > Casa equipada > Parede estável > Respiração","recovery>place_home_equipped>wall>breathing>breathing","0","A. corrigir filtro ou D. esconder rota demasiado ampla ate haver mapeamento correto","Resultado fora do tipo esperado: Respiração diafragmática, Caminhada leve, Relaxamento deitado, Respiração nasal lenta, Respiração 90/90 com costelas baixas"
"FAIL_WRONG_RESULTS","Recuperacao","Recuperacao > Casa equipada > Parede estável > Recuperação ativa","recovery>place_home_equipped>wall>active_recovery>active_recovery","0","A. corrigir filtro ou D. esconder rota demasiado ampla ate haver mapeamento correto","Resultado fora do tipo esperado: Respiração diafragmática, Caminhada leve, Relaxamento deitado, Respiração nasal lenta, Arrefecimento pós-treino de força"
"FAIL_WRONG_RESULTS","Recuperacao","Recuperacao > Casa equipada > Tapete / colchonete > Caminhada leve","recovery>place_home_equipped>mat>easy_walk>easy_walk","0","A. corrigir filtro ou D. esconder rota demasiado ampla ate haver mapeamento correto","Resultado fora do tipo esperado: Respiração diafragmática, Caminhada leve, Relaxamento deitado, Respiração nasal lenta, Arrefecimento pós-treino de força"
"FAIL_WRONG_RESULTS","Recuperacao","Recuperacao > Casa equipada > Tapete / colchonete > Mobilidade leve","recovery>place_home_equipped>mat>light_mobility>light_mobility","0","A. corrigir filtro ou D. esconder rota demasiado ampla ate haver mapeamento correto","Resultado fora do tipo esperado: Mobilidade torácica, Mobilidade de ombro, Mobilidade de anca, Círculos de ombro, Alongamento posterior do ombro"
"FAIL_WRONG_RESULTS","Recuperacao","Recuperacao > Casa equipada > Tapete / colchonete > Respiração","recovery>place_home_equipped>mat>breathing>breathing","0","A. corrigir filtro ou D. esconder rota demasiado ampla ate haver mapeamento correto","Resultado fora do tipo esperado: Respiração diafragmática, Caminhada leve, Relaxamento deitado, Respiração nasal lenta, Respiração 90/90 com costelas baixas"
"FAIL_WRONG_RESULTS","Recuperacao","Recuperacao > Casa equipada > Tapete / colchonete > Recuperação ativa","recovery>place_home_equipped>mat>active_recovery>active_recovery","0","A. corrigir filtro ou D. esconder rota demasiado ampla ate haver mapeamento correto","Resultado fora do tipo esperado: Respiração diafragmática, Caminhada leve, Relaxamento deitado, Respiração nasal lenta, Arrefecimento pós-treino de força"
"FAIL_WRONG_RESULTS","Recuperacao","Recuperacao > Ginasio > Peso corporal > Caminhada leve","recovery>place_gym>bodyweight>easy_walk>easy_walk","0","A. corrigir filtro ou D. esconder rota demasiado ampla ate haver mapeamento correto","Resultado fora do tipo esperado: Respiração diafragmática, Caminhada leve, Relaxamento deitado, Respiração nasal lenta, Arrefecimento pós-treino de força"
"FAIL_WRONG_RESULTS","Recuperacao","Recuperacao > Ginasio > Peso corporal > Mobilidade leve","recovery>place_gym>bodyweight>light_mobility>light_mobility","0","A. corrigir filtro ou D. esconder rota demasiado ampla ate haver mapeamento correto","Resultado fora do tipo esperado: Mobilidade torácica, Mobilidade de ombro, Mobilidade de anca, Círculos de ombro, Alongamento posterior do ombro"
"FAIL_WRONG_RESULTS","Recuperacao","Recuperacao > Ginasio > Peso corporal > Respiração","recovery>place_gym>bodyweight>breathing>breathing","0","A. corrigir filtro ou D. esconder rota demasiado ampla ate haver mapeamento correto","Resultado fora do tipo esperado: Respiração diafragmática, Caminhada leve, Relaxamento deitado, Respiração nasal lenta, Respiração 90/90 com costelas baixas"
"FAIL_WRONG_RESULTS","Recuperacao","Recuperacao > Ginasio > Peso corporal > Recuperação ativa","recovery>place_gym>bodyweight>active_recovery>active_recovery","0","A. corrigir filtro ou D. esconder rota demasiado ampla ate haver mapeamento correto","Resultado fora do tipo esperado: Respiração diafragmática, Caminhada leve, Relaxamento deitado, Respiração nasal lenta, Arrefecimento pós-treino de força"
"FAIL_WRONG_RESULTS","Recuperacao","Recuperacao > Ginasio > Chão livre > Caminhada leve","recovery>place_gym>floor>easy_walk>easy_walk","0","A. corrigir filtro ou D. esconder rota demasiado ampla ate haver mapeamento correto","Resultado fora do tipo esperado: Respiração diafragmática, Caminhada leve, Relaxamento deitado, Respiração nasal lenta, Arrefecimento pós-treino de força"
"FAIL_WRONG_RESULTS","Recuperacao","Recuperacao > Ginasio > Chão livre > Mobilidade leve","recovery>place_gym>floor>light_mobility>light_mobility","0","A. corrigir filtro ou D. esconder rota demasiado ampla ate haver mapeamento correto","Resultado fora do tipo esperado: Mobilidade torácica, Mobilidade de ombro, Mobilidade de anca, Círculos de ombro, Alongamento posterior do ombro"
"FAIL_WRONG_RESULTS","Recuperacao","Recuperacao > Ginasio > Chão livre > Respiração","recovery>place_gym>floor>breathing>breathing","0","A. corrigir filtro ou D. esconder rota demasiado ampla ate haver mapeamento correto","Resultado fora do tipo esperado: Respiração diafragmática, Caminhada leve, Relaxamento deitado, Respiração nasal lenta, Respiração 90/90 com costelas baixas"
"FAIL_WRONG_RESULTS","Recuperacao","Recuperacao > Ginasio > Chão livre > Recuperação ativa","recovery>place_gym>floor>active_recovery>active_recovery","0","A. corrigir filtro ou D. esconder rota demasiado ampla ate haver mapeamento correto","Resultado fora do tipo esperado: Respiração diafragmática, Caminhada leve, Relaxamento deitado, Respiração nasal lenta, Arrefecimento pós-treino de força"
"FAIL_WRONG_RESULTS","Recuperacao","Recuperacao > Ginasio > Parede estável > Caminhada leve","recovery>place_gym>wall>easy_walk>easy_walk","0","A. corrigir filtro ou D. esconder rota demasiado ampla ate haver mapeamento correto","Resultado fora do tipo esperado: Respiração diafragmática, Caminhada leve, Relaxamento deitado, Respiração nasal lenta, Arrefecimento pós-treino de força"
"FAIL_WRONG_RESULTS","Recuperacao","Recuperacao > Ginasio > Parede estável > Mobilidade leve","recovery>place_gym>wall>light_mobility>light_mobility","0","A. corrigir filtro ou D. esconder rota demasiado ampla ate haver mapeamento correto","Resultado fora do tipo esperado: Mobilidade torácica, Mobilidade de ombro, Mobilidade de anca, Círculos de ombro, Alongamento posterior do ombro"
"FAIL_WRONG_RESULTS","Recuperacao","Recuperacao > Ginasio > Parede estável > Respiração","recovery>place_gym>wall>breathing>breathing","0","A. corrigir filtro ou D. esconder rota demasiado ampla ate haver mapeamento correto","Resultado fora do tipo esperado: Respiração diafragmática, Caminhada leve, Relaxamento deitado, Respiração nasal lenta, Respiração 90/90 com costelas baixas"
"FAIL_WRONG_RESULTS","Recuperacao","Recuperacao > Ginasio > Parede estável > Recuperação ativa","recovery>place_gym>wall>active_recovery>active_recovery","0","A. corrigir filtro ou D. esconder rota demasiado ampla ate haver mapeamento correto","Resultado fora do tipo esperado: Respiração diafragmática, Caminhada leve, Relaxamento deitado, Respiração nasal lenta, Arrefecimento pós-treino de força"
"FAIL_WRONG_RESULTS","Recuperacao","Recuperacao > Ginasio > Tapete / colchonete > Caminhada leve","recovery>place_gym>mat>easy_walk>easy_walk","0","A. corrigir filtro ou D. esconder rota demasiado ampla ate haver mapeamento correto","Resultado fora do tipo esperado: Respiração diafragmática, Caminhada leve, Relaxamento deitado, Respiração nasal lenta, Arrefecimento pós-treino de força"
"FAIL_WRONG_RESULTS","Recuperacao","Recuperacao > Ginasio > Tapete / colchonete > Mobilidade leve","recovery>place_gym>mat>light_mobility>light_mobility","0","A. corrigir filtro ou D. esconder rota demasiado ampla ate haver mapeamento correto","Resultado fora do tipo esperado: Mobilidade torácica, Mobilidade de ombro, Mobilidade de anca, Círculos de ombro, Alongamento posterior do ombro"
"FAIL_WRONG_RESULTS","Recuperacao","Recuperacao > Ginasio > Tapete / colchonete > Respiração","recovery>place_gym>mat>breathing>breathing","0","A. corrigir filtro ou D. esconder rota demasiado ampla ate haver mapeamento correto","Resultado fora do tipo esperado: Respiração diafragmática, Caminhada leve, Relaxamento deitado, Respiração nasal lenta, Respiração 90/90 com costelas baixas"
"FAIL_WRONG_RESULTS","Recuperacao","Recuperacao > Ginasio > Tapete / colchonete > Recuperação ativa","recovery>place_gym>mat>active_recovery>active_recovery","0","A. corrigir filtro ou D. esconder rota demasiado ampla ate haver mapeamento correto","Resultado fora do tipo esperado: Respiração diafragmática, Caminhada leve, Relaxamento deitado, Respiração nasal lenta, Arrefecimento pós-treino de força"
"FAIL_WRONG_RESULTS","Recuperacao","Recuperacao > Dojo > Peso corporal > Caminhada leve","recovery>place_dojo>bodyweight>easy_walk>easy_walk","0","A. corrigir filtro ou D. esconder rota demasiado ampla ate haver mapeamento correto","Resultado fora do tipo esperado: Respiração diafragmática, Caminhada leve, Relaxamento deitado, Respiração nasal lenta, Arrefecimento pós-treino de força"
"FAIL_WRONG_RESULTS","Recuperacao","Recuperacao > Dojo > Peso corporal > Mobilidade leve","recovery>place_dojo>bodyweight>light_mobility>light_mobility","0","A. corrigir filtro ou D. esconder rota demasiado ampla ate haver mapeamento correto","Resultado fora do tipo esperado: Mobilidade torácica, Mobilidade de ombro, Mobilidade de anca, Círculos de ombro, Alongamento posterior do ombro"
"FAIL_WRONG_RESULTS","Recuperacao","Recuperacao > Dojo > Peso corporal > Respiração","recovery>place_dojo>bodyweight>breathing>breathing","0","A. corrigir filtro ou D. esconder rota demasiado ampla ate haver mapeamento correto","Resultado fora do tipo esperado: Respiração diafragmática, Caminhada leve, Relaxamento deitado, Respiração nasal lenta, Respiração 90/90 com costelas baixas"
"FAIL_WRONG_RESULTS","Recuperacao","Recuperacao > Dojo > Peso corporal > Recuperação ativa","recovery>place_dojo>bodyweight>active_recovery>active_recovery","0","A. corrigir filtro ou D. esconder rota demasiado ampla ate haver mapeamento correto","Resultado fora do tipo esperado: Respiração diafragmática, Caminhada leve, Relaxamento deitado, Respiração nasal lenta, Arrefecimento pós-treino de força"
"FAIL_WRONG_RESULTS","Recuperacao","Recuperacao > Dojo > Chão livre > Caminhada leve","recovery>place_dojo>floor>easy_walk>easy_walk","0","A. corrigir filtro ou D. esconder rota demasiado ampla ate haver mapeamento correto","Resultado fora do tipo esperado: Respiração diafragmática, Caminhada leve, Relaxamento deitado, Respiração nasal lenta, Arrefecimento pós-treino de força"
"FAIL_WRONG_RESULTS","Recuperacao","Recuperacao > Dojo > Chão livre > Mobilidade leve","recovery>place_dojo>floor>light_mobility>light_mobility","0","A. corrigir filtro ou D. esconder rota demasiado ampla ate haver mapeamento correto","Resultado fora do tipo esperado: Mobilidade torácica, Mobilidade de ombro, Mobilidade de anca, Círculos de ombro, Alongamento posterior do ombro"
"FAIL_WRONG_RESULTS","Recuperacao","Recuperacao > Dojo > Chão livre > Respiração","recovery>place_dojo>floor>breathing>breathing","0","A. corrigir filtro ou D. esconder rota demasiado ampla ate haver mapeamento correto","Resultado fora do tipo esperado: Respiração diafragmática, Caminhada leve, Relaxamento deitado, Respiração nasal lenta, Respiração 90/90 com costelas baixas"
"FAIL_WRONG_RESULTS","Recuperacao","Recuperacao > Dojo > Chão livre > Recuperação ativa","recovery>place_dojo>floor>active_recovery>active_recovery","0","A. corrigir filtro ou D. esconder rota demasiado ampla ate haver mapeamento correto","Resultado fora do tipo esperado: Respiração diafragmática, Caminhada leve, Relaxamento deitado, Respiração nasal lenta, Arrefecimento pós-treino de força"
"FAIL_WRONG_RESULTS","Recuperacao","Recuperacao > Dojo > Parede estável > Caminhada leve","recovery>place_dojo>wall>easy_walk>easy_walk","0","A. corrigir filtro ou D. esconder rota demasiado ampla ate haver mapeamento correto","Resultado fora do tipo esperado: Respiração diafragmática, Caminhada leve, Relaxamento deitado, Respiração nasal lenta, Arrefecimento pós-treino de força"
"FAIL_WRONG_RESULTS","Recuperacao","Recuperacao > Dojo > Parede estável > Mobilidade leve","recovery>place_dojo>wall>light_mobility>light_mobility","0","A. corrigir filtro ou D. esconder rota demasiado ampla ate haver mapeamento correto","Resultado fora do tipo esperado: Mobilidade torácica, Mobilidade de ombro, Mobilidade de anca, Círculos de ombro, Alongamento posterior do ombro"
"FAIL_WRONG_RESULTS","Recuperacao","Recuperacao > Dojo > Parede estável > Respiração","recovery>place_dojo>wall>breathing>breathing","0","A. corrigir filtro ou D. esconder rota demasiado ampla ate haver mapeamento correto","Resultado fora do tipo esperado: Respiração diafragmática, Caminhada leve, Relaxamento deitado, Respiração nasal lenta, Respiração 90/90 com costelas baixas"
"FAIL_WRONG_RESULTS","Recuperacao","Recuperacao > Dojo > Parede estável > Recuperação ativa","recovery>place_dojo>wall>active_recovery>active_recovery","0","A. corrigir filtro ou D. esconder rota demasiado ampla ate haver mapeamento correto","Resultado fora do tipo esperado: Respiração diafragmática, Caminhada leve, Relaxamento deitado, Respiração nasal lenta, Arrefecimento pós-treino de força"
"FAIL_WRONG_RESULTS","Recuperacao","Recuperacao > Dojo > Tapete / colchonete > Caminhada leve","recovery>place_dojo>mat>easy_walk>easy_walk","0","A. corrigir filtro ou D. esconder rota demasiado ampla ate haver mapeamento correto","Resultado fora do tipo esperado: Respiração diafragmática, Caminhada leve, Relaxamento deitado, Respiração nasal lenta, Arrefecimento pós-treino de força"
"FAIL_WRONG_RESULTS","Recuperacao","Recuperacao > Dojo > Tapete / colchonete > Mobilidade leve","recovery>place_dojo>mat>light_mobility>light_mobility","0","A. corrigir filtro ou D. esconder rota demasiado ampla ate haver mapeamento correto","Resultado fora do tipo esperado: Mobilidade torácica, Mobilidade de ombro, Mobilidade de anca, Círculos de ombro, Alongamento posterior do ombro"
"FAIL_WRONG_RESULTS","Recuperacao","Recuperacao > Dojo > Tapete / colchonete > Respiração","recovery>place_dojo>mat>breathing>breathing","0","A. corrigir filtro ou D. esconder rota demasiado ampla ate haver mapeamento correto","Resultado fora do tipo esperado: Respiração diafragmática, Caminhada leve, Relaxamento deitado, Respiração nasal lenta, Respiração 90/90 com costelas baixas"
"FAIL_WRONG_RESULTS","Recuperacao","Recuperacao > Dojo > Tapete / colchonete > Recuperação ativa","recovery>place_dojo>mat>active_recovery>active_recovery","0","A. corrigir filtro ou D. esconder rota demasiado ampla ate haver mapeamento correto","Resultado fora do tipo esperado: Respiração diafragmática, Caminhada leve, Relaxamento deitado, Respiração nasal lenta, Arrefecimento pós-treino de força"
"FAIL_WRONG_RESULTS","Recuperacao","Recuperacao > Tatami > Peso corporal > Caminhada leve","recovery>place_tatami>bodyweight>easy_walk>easy_walk","0","A. corrigir filtro ou D. esconder rota demasiado ampla ate haver mapeamento correto","Resultado fora do tipo esperado: Respiração diafragmática, Caminhada leve, Relaxamento deitado, Respiração nasal lenta, Arrefecimento pós-treino de força"
"FAIL_WRONG_RESULTS","Recuperacao","Recuperacao > Tatami > Peso corporal > Mobilidade leve","recovery>place_tatami>bodyweight>light_mobility>light_mobility","0","A. corrigir filtro ou D. esconder rota demasiado ampla ate haver mapeamento correto","Resultado fora do tipo esperado: Mobilidade torácica, Mobilidade de ombro, Mobilidade de anca, Círculos de ombro, Alongamento posterior do ombro"
"FAIL_WRONG_RESULTS","Recuperacao","Recuperacao > Tatami > Peso corporal > Respiração","recovery>place_tatami>bodyweight>breathing>breathing","0","A. corrigir filtro ou D. esconder rota demasiado ampla ate haver mapeamento correto","Resultado fora do tipo esperado: Respiração diafragmática, Caminhada leve, Relaxamento deitado, Respiração nasal lenta, Respiração 90/90 com costelas baixas"
"FAIL_WRONG_RESULTS","Recuperacao","Recuperacao > Tatami > Peso corporal > Recuperação ativa","recovery>place_tatami>bodyweight>active_recovery>active_recovery","0","A. corrigir filtro ou D. esconder rota demasiado ampla ate haver mapeamento correto","Resultado fora do tipo esperado: Respiração diafragmática, Caminhada leve, Relaxamento deitado, Respiração nasal lenta, Arrefecimento pós-treino de força"
"FAIL_WRONG_RESULTS","Recuperacao","Recuperacao > Tatami > Chão livre > Caminhada leve","recovery>place_tatami>floor>easy_walk>easy_walk","0","A. corrigir filtro ou D. esconder rota demasiado ampla ate haver mapeamento correto","Resultado fora do tipo esperado: Respiração diafragmática, Caminhada leve, Relaxamento deitado, Respiração nasal lenta, Arrefecimento pós-treino de força"
"FAIL_WRONG_RESULTS","Recuperacao","Recuperacao > Tatami > Chão livre > Mobilidade leve","recovery>place_tatami>floor>light_mobility>light_mobility","0","A. corrigir filtro ou D. esconder rota demasiado ampla ate haver mapeamento correto","Resultado fora do tipo esperado: Mobilidade torácica, Mobilidade de ombro, Mobilidade de anca, Círculos de ombro, Alongamento posterior do ombro"
"FAIL_WRONG_RESULTS","Recuperacao","Recuperacao > Tatami > Chão livre > Respiração","recovery>place_tatami>floor>breathing>breathing","0","A. corrigir filtro ou D. esconder rota demasiado ampla ate haver mapeamento correto","Resultado fora do tipo esperado: Respiração diafragmática, Caminhada leve, Relaxamento deitado, Respiração nasal lenta, Respiração 90/90 com costelas baixas"
"FAIL_WRONG_RESULTS","Recuperacao","Recuperacao > Tatami > Chão livre > Recuperação ativa","recovery>place_tatami>floor>active_recovery>active_recovery","0","A. corrigir filtro ou D. esconder rota demasiado ampla ate haver mapeamento correto","Resultado fora do tipo esperado: Respiração diafragmática, Caminhada leve, Relaxamento deitado, Respiração nasal lenta, Arrefecimento pós-treino de força"
"FAIL_WRONG_RESULTS","Recuperacao","Recuperacao > Tatami > Parede estável > Caminhada leve","recovery>place_tatami>wall>easy_walk>easy_walk","0","A. corrigir filtro ou D. esconder rota demasiado ampla ate haver mapeamento correto","Resultado fora do tipo esperado: Respiração diafragmática, Caminhada leve, Relaxamento deitado, Respiração nasal lenta, Arrefecimento pós-treino de força"
"FAIL_WRONG_RESULTS","Recuperacao","Recuperacao > Tatami > Parede estável > Mobilidade leve","recovery>place_tatami>wall>light_mobility>light_mobility","0","A. corrigir filtro ou D. esconder rota demasiado ampla ate haver mapeamento correto","Resultado fora do tipo esperado: Mobilidade torácica, Mobilidade de ombro, Mobilidade de anca, Círculos de ombro, Alongamento posterior do ombro"
"FAIL_WRONG_RESULTS","Recuperacao","Recuperacao > Tatami > Parede estável > Respiração","recovery>place_tatami>wall>breathing>breathing","0","A. corrigir filtro ou D. esconder rota demasiado ampla ate haver mapeamento correto","Resultado fora do tipo esperado: Respiração diafragmática, Caminhada leve, Relaxamento deitado, Respiração nasal lenta, Respiração 90/90 com costelas baixas"
"FAIL_WRONG_RESULTS","Recuperacao","Recuperacao > Tatami > Parede estável > Recuperação ativa","recovery>place_tatami>wall>active_recovery>active_recovery","0","A. corrigir filtro ou D. esconder rota demasiado ampla ate haver mapeamento correto","Resultado fora do tipo esperado: Respiração diafragmática, Caminhada leve, Relaxamento deitado, Respiração nasal lenta, Arrefecimento pós-treino de força"
"FAIL_WRONG_RESULTS","Recuperacao","Recuperacao > Tatami > Tapete / colchonete > Caminhada leve","recovery>place_tatami>mat>easy_walk>easy_walk","0","A. corrigir filtro ou D. esconder rota demasiado ampla ate haver mapeamento correto","Resultado fora do tipo esperado: Respiração diafragmática, Caminhada leve, Relaxamento deitado, Respiração nasal lenta, Arrefecimento pós-treino de força"
"FAIL_WRONG_RESULTS","Recuperacao","Recuperacao > Tatami > Tapete / colchonete > Mobilidade leve","recovery>place_tatami>mat>light_mobility>light_mobility","0","A. corrigir filtro ou D. esconder rota demasiado ampla ate haver mapeamento correto","Resultado fora do tipo esperado: Mobilidade torácica, Mobilidade de ombro, Mobilidade de anca, Círculos de ombro, Alongamento posterior do ombro"
"FAIL_WRONG_RESULTS","Recuperacao","Recuperacao > Tatami > Tapete / colchonete > Respiração","recovery>place_tatami>mat>breathing>breathing","0","A. corrigir filtro ou D. esconder rota demasiado ampla ate haver mapeamento correto","Resultado fora do tipo esperado: Respiração diafragmática, Caminhada leve, Relaxamento deitado, Respiração nasal lenta, Respiração 90/90 com costelas baixas"
"FAIL_WRONG_RESULTS","Recuperacao","Recuperacao > Tatami > Tapete / colchonete > Recuperação ativa","recovery>place_tatami>mat>active_recovery>active_recovery","0","A. corrigir filtro ou D. esconder rota demasiado ampla ate haver mapeamento correto","Resultado fora do tipo esperado: Respiração diafragmática, Caminhada leve, Relaxamento deitado, Respiração nasal lenta, Arrefecimento pós-treino de força"
"FAIL_WRONG_RESULTS","Recuperacao","Recuperacao > Exterior > Peso corporal > Caminhada leve","recovery>place_outdoor>bodyweight>easy_walk>easy_walk","0","A. corrigir filtro ou D. esconder rota demasiado ampla ate haver mapeamento correto","Resultado fora do tipo esperado: Respiração diafragmática, Caminhada leve, Relaxamento deitado, Respiração nasal lenta, Arrefecimento pós-treino de força"
"FAIL_WRONG_RESULTS","Recuperacao","Recuperacao > Exterior > Peso corporal > Mobilidade leve","recovery>place_outdoor>bodyweight>light_mobility>light_mobility","0","A. corrigir filtro ou D. esconder rota demasiado ampla ate haver mapeamento correto","Resultado fora do tipo esperado: Mobilidade torácica, Mobilidade de ombro, Mobilidade de anca, Círculos de ombro, Alongamento posterior do ombro"
"FAIL_WRONG_RESULTS","Recuperacao","Recuperacao > Exterior > Peso corporal > Respiração","recovery>place_outdoor>bodyweight>breathing>breathing","0","A. corrigir filtro ou D. esconder rota demasiado ampla ate haver mapeamento correto","Resultado fora do tipo esperado: Respiração diafragmática, Caminhada leve, Relaxamento deitado, Respiração nasal lenta, Respiração 90/90 com costelas baixas"
"FAIL_WRONG_RESULTS","Recuperacao","Recuperacao > Exterior > Peso corporal > Recuperação ativa","recovery>place_outdoor>bodyweight>active_recovery>active_recovery","0","A. corrigir filtro ou D. esconder rota demasiado ampla ate haver mapeamento correto","Resultado fora do tipo esperado: Respiração diafragmática, Caminhada leve, Relaxamento deitado, Respiração nasal lenta, Arrefecimento pós-treino de força"
"FAIL_WRONG_RESULTS","Recuperacao","Recuperacao > Exterior > Chão livre > Caminhada leve","recovery>place_outdoor>floor>easy_walk>easy_walk","0","A. corrigir filtro ou D. esconder rota demasiado ampla ate haver mapeamento correto","Resultado fora do tipo esperado: Respiração diafragmática, Caminhada leve, Relaxamento deitado, Respiração nasal lenta, Arrefecimento pós-treino de força"
"FAIL_WRONG_RESULTS","Recuperacao","Recuperacao > Exterior > Chão livre > Mobilidade leve","recovery>place_outdoor>floor>light_mobility>light_mobility","0","A. corrigir filtro ou D. esconder rota demasiado ampla ate haver mapeamento correto","Resultado fora do tipo esperado: Mobilidade torácica, Mobilidade de ombro, Mobilidade de anca, Círculos de ombro, Alongamento posterior do ombro"
"FAIL_WRONG_RESULTS","Recuperacao","Recuperacao > Exterior > Chão livre > Respiração","recovery>place_outdoor>floor>breathing>breathing","0","A. corrigir filtro ou D. esconder rota demasiado ampla ate haver mapeamento correto","Resultado fora do tipo esperado: Respiração diafragmática, Caminhada leve, Relaxamento deitado, Respiração nasal lenta, Respiração 90/90 com costelas baixas"
"FAIL_WRONG_RESULTS","Recuperacao","Recuperacao > Exterior > Chão livre > Recuperação ativa","recovery>place_outdoor>floor>active_recovery>active_recovery","0","A. corrigir filtro ou D. esconder rota demasiado ampla ate haver mapeamento correto","Resultado fora do tipo esperado: Respiração diafragmática, Caminhada leve, Relaxamento deitado, Respiração nasal lenta, Arrefecimento pós-treino de força"
"FAIL_WRONG_RESULTS","Recuperacao","Recuperacao > Exterior > Parede estável > Caminhada leve","recovery>place_outdoor>wall>easy_walk>easy_walk","0","A. corrigir filtro ou D. esconder rota demasiado ampla ate haver mapeamento correto","Resultado fora do tipo esperado: Respiração diafragmática, Caminhada leve, Relaxamento deitado, Respiração nasal lenta, Arrefecimento pós-treino de força"
"FAIL_WRONG_RESULTS","Recuperacao","Recuperacao > Exterior > Parede estável > Mobilidade leve","recovery>place_outdoor>wall>light_mobility>light_mobility","0","A. corrigir filtro ou D. esconder rota demasiado ampla ate haver mapeamento correto","Resultado fora do tipo esperado: Mobilidade torácica, Mobilidade de ombro, Mobilidade de anca, Círculos de ombro, Alongamento posterior do ombro"
"FAIL_WRONG_RESULTS","Recuperacao","Recuperacao > Exterior > Parede estável > Respiração","recovery>place_outdoor>wall>breathing>breathing","0","A. corrigir filtro ou D. esconder rota demasiado ampla ate haver mapeamento correto","Resultado fora do tipo esperado: Respiração diafragmática, Caminhada leve, Relaxamento deitado, Respiração nasal lenta, Respiração 90/90 com costelas baixas"
"FAIL_WRONG_RESULTS","Recuperacao","Recuperacao > Exterior > Parede estável > Recuperação ativa","recovery>place_outdoor>wall>active_recovery>active_recovery","0","A. corrigir filtro ou D. esconder rota demasiado ampla ate haver mapeamento correto","Resultado fora do tipo esperado: Respiração diafragmática, Caminhada leve, Relaxamento deitado, Respiração nasal lenta, Arrefecimento pós-treino de força"
"FAIL_WRONG_RESULTS","Recuperacao","Recuperacao > Exterior > Tapete / colchonete > Caminhada leve","recovery>place_outdoor>mat>easy_walk>easy_walk","0","A. corrigir filtro ou D. esconder rota demasiado ampla ate haver mapeamento correto","Resultado fora do tipo esperado: Respiração diafragmática, Caminhada leve, Relaxamento deitado, Respiração nasal lenta, Arrefecimento pós-treino de força"
"FAIL_WRONG_RESULTS","Recuperacao","Recuperacao > Exterior > Tapete / colchonete > Mobilidade leve","recovery>place_outdoor>mat>light_mobility>light_mobility","0","A. corrigir filtro ou D. esconder rota demasiado ampla ate haver mapeamento correto","Resultado fora do tipo esperado: Mobilidade torácica, Mobilidade de ombro, Mobilidade de anca, Círculos de ombro, Alongamento posterior do ombro"
"FAIL_WRONG_RESULTS","Recuperacao","Recuperacao > Exterior > Tapete / colchonete > Respiração","recovery>place_outdoor>mat>breathing>breathing","0","A. corrigir filtro ou D. esconder rota demasiado ampla ate haver mapeamento correto","Resultado fora do tipo esperado: Respiração diafragmática, Caminhada leve, Relaxamento deitado, Respiração nasal lenta, Respiração 90/90 com costelas baixas"
"FAIL_WRONG_RESULTS","Recuperacao","Recuperacao > Exterior > Tapete / colchonete > Recuperação ativa","recovery>place_outdoor>mat>active_recovery>active_recovery","0","A. corrigir filtro ou D. esconder rota demasiado ampla ate haver mapeamento correto","Resultado fora do tipo esperado: Respiração diafragmática, Caminhada leve, Relaxamento deitado, Respiração nasal lenta, Arrefecimento pós-treino de força"
"FAIL_WRONG_RESULTS","Recuperacao","Recuperacao > Trabalho ou viagem > Peso corporal > Caminhada leve","recovery>place_work_travel>bodyweight>easy_walk>easy_walk","0","A. corrigir filtro ou D. esconder rota demasiado ampla ate haver mapeamento correto","Resultado fora do tipo esperado: Respiração diafragmática, Caminhada leve, Relaxamento deitado, Respiração nasal lenta, Arrefecimento pós-treino de força"
"FAIL_WRONG_RESULTS","Recuperacao","Recuperacao > Trabalho ou viagem > Peso corporal > Mobilidade leve","recovery>place_work_travel>bodyweight>light_mobility>light_mobility","0","A. corrigir filtro ou D. esconder rota demasiado ampla ate haver mapeamento correto","Resultado fora do tipo esperado: Mobilidade torácica, Mobilidade de ombro, Mobilidade de anca, Círculos de ombro, Alongamento posterior do ombro"
"FAIL_WRONG_RESULTS","Recuperacao","Recuperacao > Trabalho ou viagem > Peso corporal > Respiração","recovery>place_work_travel>bodyweight>breathing>breathing","0","A. corrigir filtro ou D. esconder rota demasiado ampla ate haver mapeamento correto","Resultado fora do tipo esperado: Respiração diafragmática, Caminhada leve, Relaxamento deitado, Respiração nasal lenta, Respiração 90/90 com costelas baixas"
"FAIL_WRONG_RESULTS","Recuperacao","Recuperacao > Trabalho ou viagem > Peso corporal > Recuperação ativa","recovery>place_work_travel>bodyweight>active_recovery>active_recovery","0","A. corrigir filtro ou D. esconder rota demasiado ampla ate haver mapeamento correto","Resultado fora do tipo esperado: Respiração diafragmática, Caminhada leve, Relaxamento deitado, Respiração nasal lenta, Arrefecimento pós-treino de força"
"FAIL_WRONG_RESULTS","Recuperacao","Recuperacao > Trabalho ou viagem > Chão livre > Caminhada leve","recovery>place_work_travel>floor>easy_walk>easy_walk","0","A. corrigir filtro ou D. esconder rota demasiado ampla ate haver mapeamento correto","Resultado fora do tipo esperado: Respiração diafragmática, Caminhada leve, Relaxamento deitado, Respiração nasal lenta, Arrefecimento pós-treino de força"
"FAIL_WRONG_RESULTS","Recuperacao","Recuperacao > Trabalho ou viagem > Chão livre > Mobilidade leve","recovery>place_work_travel>floor>light_mobility>light_mobility","0","A. corrigir filtro ou D. esconder rota demasiado ampla ate haver mapeamento correto","Resultado fora do tipo esperado: Mobilidade torácica, Mobilidade de ombro, Mobilidade de anca, Círculos de ombro, Alongamento posterior do ombro"
"FAIL_WRONG_RESULTS","Recuperacao","Recuperacao > Trabalho ou viagem > Chão livre > Respiração","recovery>place_work_travel>floor>breathing>breathing","0","A. corrigir filtro ou D. esconder rota demasiado ampla ate haver mapeamento correto","Resultado fora do tipo esperado: Respiração diafragmática, Caminhada leve, Relaxamento deitado, Respiração nasal lenta, Respiração 90/90 com costelas baixas"
"FAIL_WRONG_RESULTS","Recuperacao","Recuperacao > Trabalho ou viagem > Chão livre > Recuperação ativa","recovery>place_work_travel>floor>active_recovery>active_recovery","0","A. corrigir filtro ou D. esconder rota demasiado ampla ate haver mapeamento correto","Resultado fora do tipo esperado: Respiração diafragmática, Caminhada leve, Relaxamento deitado, Respiração nasal lenta, Arrefecimento pós-treino de força"
"FAIL_WRONG_RESULTS","Recuperacao","Recuperacao > Trabalho ou viagem > Parede estável > Caminhada leve","recovery>place_work_travel>wall>easy_walk>easy_walk","0","A. corrigir filtro ou D. esconder rota demasiado ampla ate haver mapeamento correto","Resultado fora do tipo esperado: Respiração diafragmática, Caminhada leve, Relaxamento deitado, Respiração nasal lenta, Arrefecimento pós-treino de força"
"FAIL_WRONG_RESULTS","Recuperacao","Recuperacao > Trabalho ou viagem > Parede estável > Mobilidade leve","recovery>place_work_travel>wall>light_mobility>light_mobility","0","A. corrigir filtro ou D. esconder rota demasiado ampla ate haver mapeamento correto","Resultado fora do tipo esperado: Mobilidade torácica, Mobilidade de ombro, Mobilidade de anca, Círculos de ombro, Alongamento posterior do ombro"
"FAIL_WRONG_RESULTS","Recuperacao","Recuperacao > Trabalho ou viagem > Parede estável > Respiração","recovery>place_work_travel>wall>breathing>breathing","0","A. corrigir filtro ou D. esconder rota demasiado ampla ate haver mapeamento correto","Resultado fora do tipo esperado: Respiração diafragmática, Caminhada leve, Relaxamento deitado, Respiração nasal lenta, Respiração 90/90 com costelas baixas"
"FAIL_WRONG_RESULTS","Recuperacao","Recuperacao > Trabalho ou viagem > Parede estável > Recuperação ativa","recovery>place_work_travel>wall>active_recovery>active_recovery","0","A. corrigir filtro ou D. esconder rota demasiado ampla ate haver mapeamento correto","Resultado fora do tipo esperado: Respiração diafragmática, Caminhada leve, Relaxamento deitado, Respiração nasal lenta, Arrefecimento pós-treino de força"
"FAIL_WRONG_RESULTS","Recuperacao","Recuperacao > Trabalho ou viagem > Tapete / colchonete > Caminhada leve","recovery>place_work_travel>mat>easy_walk>easy_walk","0","A. corrigir filtro ou D. esconder rota demasiado ampla ate haver mapeamento correto","Resultado fora do tipo esperado: Respiração diafragmática, Caminhada leve, Relaxamento deitado, Respiração nasal lenta, Arrefecimento pós-treino de força"
"FAIL_WRONG_RESULTS","Recuperacao","Recuperacao > Trabalho ou viagem > Tapete / colchonete > Mobilidade leve","recovery>place_work_travel>mat>light_mobility>light_mobility","0","A. corrigir filtro ou D. esconder rota demasiado ampla ate haver mapeamento correto","Resultado fora do tipo esperado: Mobilidade torácica, Mobilidade de ombro, Mobilidade de anca, Círculos de ombro, Alongamento posterior do ombro"
"FAIL_WRONG_RESULTS","Recuperacao","Recuperacao > Trabalho ou viagem > Tapete / colchonete > Respiração","recovery>place_work_travel>mat>breathing>breathing","0","A. corrigir filtro ou D. esconder rota demasiado ampla ate haver mapeamento correto","Resultado fora do tipo esperado: Respiração diafragmática, Caminhada leve, Relaxamento deitado, Respiração nasal lenta, Respiração 90/90 com costelas baixas"
"FAIL_WRONG_RESULTS","Recuperacao","Recuperacao > Trabalho ou viagem > Tapete / colchonete > Recuperação ativa","recovery>place_work_travel>mat>active_recovery>active_recovery","0","A. corrigir filtro ou D. esconder rota demasiado ampla ate haver mapeamento correto","Resultado fora do tipo esperado: Respiração diafragmática, Caminhada leve, Relaxamento deitado, Respiração nasal lenta, Arrefecimento pós-treino de força"
"FAIL_WRONG_RESULTS","Recuperacao","Recuperacao > Clinica ou fisioterapia > Peso corporal > Caminhada leve","recovery>place_clinic>bodyweight>easy_walk>easy_walk","0","A. corrigir filtro ou D. esconder rota demasiado ampla ate haver mapeamento correto","Resultado fora do tipo esperado: Respiração diafragmática, Caminhada leve, Relaxamento deitado, Respiração nasal lenta, Arrefecimento pós-treino de força"
"FAIL_WRONG_RESULTS","Recuperacao","Recuperacao > Clinica ou fisioterapia > Peso corporal > Mobilidade leve","recovery>place_clinic>bodyweight>light_mobility>light_mobility","0","A. corrigir filtro ou D. esconder rota demasiado ampla ate haver mapeamento correto","Resultado fora do tipo esperado: Mobilidade torácica, Mobilidade de ombro, Mobilidade de anca, Círculos de ombro, Alongamento posterior do ombro"
"FAIL_WRONG_RESULTS","Recuperacao","Recuperacao > Clinica ou fisioterapia > Peso corporal > Respiração","recovery>place_clinic>bodyweight>breathing>breathing","0","A. corrigir filtro ou D. esconder rota demasiado ampla ate haver mapeamento correto","Resultado fora do tipo esperado: Respiração diafragmática, Caminhada leve, Relaxamento deitado, Respiração nasal lenta, Respiração 90/90 com costelas baixas"
"FAIL_WRONG_RESULTS","Recuperacao","Recuperacao > Clinica ou fisioterapia > Peso corporal > Recuperação ativa","recovery>place_clinic>bodyweight>active_recovery>active_recovery","0","A. corrigir filtro ou D. esconder rota demasiado ampla ate haver mapeamento correto","Resultado fora do tipo esperado: Respiração diafragmática, Caminhada leve, Relaxamento deitado, Respiração nasal lenta, Arrefecimento pós-treino de força"
"FAIL_WRONG_RESULTS","Recuperacao","Recuperacao > Clinica ou fisioterapia > Chão livre > Caminhada leve","recovery>place_clinic>floor>easy_walk>easy_walk","0","A. corrigir filtro ou D. esconder rota demasiado ampla ate haver mapeamento correto","Resultado fora do tipo esperado: Respiração diafragmática, Caminhada leve, Relaxamento deitado, Respiração nasal lenta, Arrefecimento pós-treino de força"
"FAIL_WRONG_RESULTS","Recuperacao","Recuperacao > Clinica ou fisioterapia > Chão livre > Mobilidade leve","recovery>place_clinic>floor>light_mobility>light_mobility","0","A. corrigir filtro ou D. esconder rota demasiado ampla ate haver mapeamento correto","Resultado fora do tipo esperado: Mobilidade torácica, Mobilidade de ombro, Mobilidade de anca, Círculos de ombro, Alongamento posterior do ombro"
"FAIL_WRONG_RESULTS","Recuperacao","Recuperacao > Clinica ou fisioterapia > Chão livre > Respiração","recovery>place_clinic>floor>breathing>breathing","0","A. corrigir filtro ou D. esconder rota demasiado ampla ate haver mapeamento correto","Resultado fora do tipo esperado: Respiração diafragmática, Caminhada leve, Relaxamento deitado, Respiração nasal lenta, Respiração 90/90 com costelas baixas"
"FAIL_WRONG_RESULTS","Recuperacao","Recuperacao > Clinica ou fisioterapia > Chão livre > Recuperação ativa","recovery>place_clinic>floor>active_recovery>active_recovery","0","A. corrigir filtro ou D. esconder rota demasiado ampla ate haver mapeamento correto","Resultado fora do tipo esperado: Respiração diafragmática, Caminhada leve, Relaxamento deitado, Respiração nasal lenta, Arrefecimento pós-treino de força"
"FAIL_WRONG_RESULTS","Recuperacao","Recuperacao > Clinica ou fisioterapia > Parede estável > Caminhada leve","recovery>place_clinic>wall>easy_walk>easy_walk","0","A. corrigir filtro ou D. esconder rota demasiado ampla ate haver mapeamento correto","Resultado fora do tipo esperado: Respiração diafragmática, Caminhada leve, Relaxamento deitado, Respiração nasal lenta, Arrefecimento pós-treino de força"
"FAIL_WRONG_RESULTS","Recuperacao","Recuperacao > Clinica ou fisioterapia > Parede estável > Mobilidade leve","recovery>place_clinic>wall>light_mobility>light_mobility","0","A. corrigir filtro ou D. esconder rota demasiado ampla ate haver mapeamento correto","Resultado fora do tipo esperado: Mobilidade torácica, Mobilidade de ombro, Mobilidade de anca, Círculos de ombro, Alongamento posterior do ombro"
"FAIL_WRONG_RESULTS","Recuperacao","Recuperacao > Clinica ou fisioterapia > Parede estável > Respiração","recovery>place_clinic>wall>breathing>breathing","0","A. corrigir filtro ou D. esconder rota demasiado ampla ate haver mapeamento correto","Resultado fora do tipo esperado: Respiração diafragmática, Caminhada leve, Relaxamento deitado, Respiração nasal lenta, Respiração 90/90 com costelas baixas"
"FAIL_WRONG_RESULTS","Recuperacao","Recuperacao > Clinica ou fisioterapia > Parede estável > Recuperação ativa","recovery>place_clinic>wall>active_recovery>active_recovery","0","A. corrigir filtro ou D. esconder rota demasiado ampla ate haver mapeamento correto","Resultado fora do tipo esperado: Respiração diafragmática, Caminhada leve, Relaxamento deitado, Respiração nasal lenta, Arrefecimento pós-treino de força"
"FAIL_WRONG_RESULTS","Recuperacao","Recuperacao > Clinica ou fisioterapia > Tapete / colchonete > Caminhada leve","recovery>place_clinic>mat>easy_walk>easy_walk","0","A. corrigir filtro ou D. esconder rota demasiado ampla ate haver mapeamento correto","Resultado fora do tipo esperado: Respiração diafragmática, Caminhada leve, Relaxamento deitado, Respiração nasal lenta, Arrefecimento pós-treino de força"
"FAIL_WRONG_RESULTS","Recuperacao","Recuperacao > Clinica ou fisioterapia > Tapete / colchonete > Mobilidade leve","recovery>place_clinic>mat>light_mobility>light_mobility","0","A. corrigir filtro ou D. esconder rota demasiado ampla ate haver mapeamento correto","Resultado fora do tipo esperado: Mobilidade torácica, Mobilidade de ombro, Mobilidade de anca, Círculos de ombro, Alongamento posterior do ombro"
"FAIL_WRONG_RESULTS","Recuperacao","Recuperacao > Clinica ou fisioterapia > Tapete / colchonete > Respiração","recovery>place_clinic>mat>breathing>breathing","0","A. corrigir filtro ou D. esconder rota demasiado ampla ate haver mapeamento correto","Resultado fora do tipo esperado: Respiração diafragmática, Caminhada leve, Relaxamento deitado, Respiração nasal lenta, Respiração 90/90 com costelas baixas"
"FAIL_WRONG_RESULTS","Recuperacao","Recuperacao > Clinica ou fisioterapia > Tapete / colchonete > Recuperação ativa","recovery>place_clinic>mat>active_recovery>active_recovery","0","A. corrigir filtro ou D. esconder rota demasiado ampla ate haver mapeamento correto","Resultado fora do tipo esperado: Respiração diafragmática, Caminhada leve, Relaxamento deitado, Respiração nasal lenta, Arrefecimento pós-treino de força"
"UNREACHABLE_EXERCISE","musculacao","Musculacao > local/equipamento > zona/musculo correspondente","Press militar com barra em pé","1","triagem de rota/filtro/contexto","B/C/D: filtro de local/equipamento/musculo pode bloquear ou matriz nao gerou a rota fina correta."
"UNREACHABLE_EXERCISE","musculacao","Musculacao > local/equipamento > zona/musculo correspondente","Press militar com halteres","1","triagem de rota/filtro/contexto","B/C/D: filtro de local/equipamento/musculo pode bloquear ou matriz nao gerou a rota fina correta."
"UNREACHABLE_EXERCISE","musculacao","Musculacao > local/equipamento > zona/musculo correspondente","Press militar com barra","1","triagem de rota/filtro/contexto","B/C/D: filtro de local/equipamento/musculo pode bloquear ou matriz nao gerou a rota fina correta."
"UNREACHABLE_EXERCISE","musculacao","Musculacao > local/equipamento > zona/musculo correspondente","Arnold press","1","triagem de rota/filtro/contexto","B/C/D: filtro de local/equipamento/musculo pode bloquear ou matriz nao gerou a rota fina correta."
"UNREACHABLE_EXERCISE","musculacao","Musculacao > local/equipamento > zona/musculo correspondente","Elevação lateral","1","triagem de rota/filtro/contexto","B/C/D: filtro de local/equipamento/musculo pode bloquear ou matriz nao gerou a rota fina correta."
"UNREACHABLE_EXERCISE","musculacao","Musculacao > local/equipamento > zona/musculo correspondente","Elevação frontal","1","triagem de rota/filtro/contexto","B/C/D: filtro de local/equipamento/musculo pode bloquear ou matriz nao gerou a rota fina correta."
"UNREACHABLE_EXERCISE","musculacao","Musculacao > local/equipamento > zona/musculo correspondente","Elevação posterior","1","triagem de rota/filtro/contexto","B/C/D: filtro de local/equipamento/musculo pode bloquear ou matriz nao gerou a rota fina correta."
"UNREACHABLE_EXERCISE","musculacao","Musculacao > local/equipamento > zona/musculo correspondente","Reverse fly","1","triagem de rota/filtro/contexto","B/C/D: filtro de local/equipamento/musculo pode bloquear ou matriz nao gerou a rota fina correta."
"UNREACHABLE_EXERCISE","musculacao","Musculacao > local/equipamento > zona/musculo correspondente","Mobilidade de ombro com elástico","1","triagem de rota/filtro/contexto","B/C/D: filtro de local/equipamento/musculo pode bloquear ou matriz nao gerou a rota fina correta."
"UNREACHABLE_EXERCISE","musculacao","Musculacao > local/equipamento > zona/musculo correspondente","Rotação externa","1","triagem de rota/filtro/contexto","B/C/D: filtro de local/equipamento/musculo pode bloquear ou matriz nao gerou a rota fina correta."
"UNREACHABLE_EXERCISE","musculacao","Musculacao > local/equipamento > zona/musculo correspondente","Rotação externa com elástico","1","triagem de rota/filtro/contexto","B/C/D: filtro de local/equipamento/musculo pode bloquear ou matriz nao gerou a rota fina correta."
"UNREACHABLE_EXERCISE","musculacao","Musculacao > local/equipamento > zona/musculo correspondente","Rotação interna","1","triagem de rota/filtro/contexto","B/C/D: filtro de local/equipamento/musculo pode bloquear ou matriz nao gerou a rota fina correta."
"UNREACHABLE_EXERCISE","musculacao","Musculacao > local/equipamento > zona/musculo correspondente","Rotação interna com elástico","1","triagem de rota/filtro/contexto","B/C/D: filtro de local/equipamento/musculo pode bloquear ou matriz nao gerou a rota fina correta."
"UNREACHABLE_EXERCISE","musculacao","Musculacao > local/equipamento > zona/musculo correspondente","Elevação no plano da omoplata","1","triagem de rota/filtro/contexto","B/C/D: filtro de local/equipamento/musculo pode bloquear ou matriz nao gerou a rota fina correta."
"UNREACHABLE_EXERCISE","musculacao","Musculacao > local/equipamento > zona/musculo correspondente","Supino com barra","1","triagem de rota/filtro/contexto","B/C/D: filtro de local/equipamento/musculo pode bloquear ou matriz nao gerou a rota fina correta."
"UNREACHABLE_EXERCISE","musculacao","Musculacao > local/equipamento > zona/musculo correspondente","Supino com halteres","1","triagem de rota/filtro/contexto","B/C/D: filtro de local/equipamento/musculo pode bloquear ou matriz nao gerou a rota fina correta."
"UNREACHABLE_EXERCISE","musculacao","Musculacao > local/equipamento > zona/musculo correspondente","Supino inclinado com halteres","1","triagem de rota/filtro/contexto","B/C/D: filtro de local/equipamento/musculo pode bloquear ou matriz nao gerou a rota fina correta."
"UNREACHABLE_EXERCISE","musculacao","Musculacao > local/equipamento > zona/musculo correspondente","Supino inclinado com barra","1","triagem de rota/filtro/contexto","B/C/D: filtro de local/equipamento/musculo pode bloquear ou matriz nao gerou a rota fina correta."
"UNREACHABLE_EXERCISE","musculacao","Musculacao > local/equipamento > zona/musculo correspondente","Supino declinado com halteres","1","triagem de rota/filtro/contexto","B/C/D: filtro de local/equipamento/musculo pode bloquear ou matriz nao gerou a rota fina correta."
"UNREACHABLE_EXERCISE","musculacao","Musculacao > local/equipamento > zona/musculo correspondente","Supino declinado com barra","1","triagem de rota/filtro/contexto","B/C/D: filtro de local/equipamento/musculo pode bloquear ou matriz nao gerou a rota fina correta."
"UNREACHABLE_EXERCISE","musculacao","Musculacao > local/equipamento > zona/musculo correspondente","Supino declinado na máquina","1","triagem de rota/filtro/contexto","B/C/D: filtro de local/equipamento/musculo pode bloquear ou matriz nao gerou a rota fina correta."
"UNREACHABLE_EXERCISE","musculacao","Musculacao > local/equipamento > zona/musculo correspondente","Aberturas com halteres","1","triagem de rota/filtro/contexto","B/C/D: filtro de local/equipamento/musculo pode bloquear ou matriz nao gerou a rota fina correta."
"UNREACHABLE_EXERCISE","musculacao","Musculacao > local/equipamento > zona/musculo correspondente","Aberturas inclinadas com halteres","1","triagem de rota/filtro/contexto","B/C/D: filtro de local/equipamento/musculo pode bloquear ou matriz nao gerou a rota fina correta."
"UNREACHABLE_EXERCISE","musculacao","Musculacao > local/equipamento > zona/musculo correspondente","Aberturas inclinadas no cabo","1","triagem de rota/filtro/contexto","B/C/D: filtro de local/equipamento/musculo pode bloquear ou matriz nao gerou a rota fina correta."
"UNREACHABLE_EXERCISE","musculacao","Musculacao > local/equipamento > zona/musculo correspondente","Aberturas inclinadas com elástico","1","triagem de rota/filtro/contexto","B/C/D: filtro de local/equipamento/musculo pode bloquear ou matriz nao gerou a rota fina correta."
"UNREACHABLE_EXERCISE","musculacao","Musculacao > local/equipamento > zona/musculo correspondente","Squeeze press","1","triagem de rota/filtro/contexto","B/C/D: filtro de local/equipamento/musculo pode bloquear ou matriz nao gerou a rota fina correta."
"UNREACHABLE_EXERCISE","musculacao","Musculacao > local/equipamento > zona/musculo correspondente","Chest press","1","triagem de rota/filtro/contexto","B/C/D: filtro de local/equipamento/musculo pode bloquear ou matriz nao gerou a rota fina correta."
"UNREACHABLE_EXERCISE","musculacao","Musculacao > local/equipamento > zona/musculo correspondente","Dips para peito em paralelas","1","triagem de rota/filtro/contexto","B/C/D: filtro de local/equipamento/musculo pode bloquear ou matriz nao gerou a rota fina correta."
"UNREACHABLE_EXERCISE","musculacao","Musculacao > local/equipamento > zona/musculo correspondente","Dips assistidos para peito na máquina","1","triagem de rota/filtro/contexto","B/C/D: filtro de local/equipamento/musculo pode bloquear ou matriz nao gerou a rota fina correta."
"UNREACHABLE_EXERCISE","musculacao","Musculacao > local/equipamento > zona/musculo correspondente","Crossover no cabo","1","triagem de rota/filtro/contexto","B/C/D: filtro de local/equipamento/musculo pode bloquear ou matriz nao gerou a rota fina correta."
"UNREACHABLE_EXERCISE","musculacao","Musculacao > local/equipamento > zona/musculo correspondente","Pullover com halter","1","triagem de rota/filtro/contexto","B/C/D: filtro de local/equipamento/musculo pode bloquear ou matriz nao gerou a rota fina correta."
"UNREACHABLE_EXERCISE","musculacao","Musculacao > local/equipamento > zona/musculo correspondente","Puxada alta","1","triagem de rota/filtro/contexto","B/C/D: filtro de local/equipamento/musculo pode bloquear ou matriz nao gerou a rota fina correta."
"UNREACHABLE_EXERCISE","musculacao","Musculacao > local/equipamento > zona/musculo correspondente","Puxada alta pega aberta","1","triagem de rota/filtro/contexto","B/C/D: filtro de local/equipamento/musculo pode bloquear ou matriz nao gerou a rota fina correta."
"UNREACHABLE_EXERCISE","musculacao","Musculacao > local/equipamento > zona/musculo correspondente","Puxada alta pega neutra","1","triagem de rota/filtro/contexto","B/C/D: filtro de local/equipamento/musculo pode bloquear ou matriz nao gerou a rota fina correta."
"UNREACHABLE_EXERCISE","musculacao","Musculacao > local/equipamento > zona/musculo correspondente","Puxada alta pega fechada","1","triagem de rota/filtro/contexto","B/C/D: filtro de local/equipamento/musculo pode bloquear ou matriz nao gerou a rota fina correta."
"UNREACHABLE_EXERCISE","musculacao","Musculacao > local/equipamento > zona/musculo correspondente","Remo baixo no cabo","1","triagem de rota/filtro/contexto","B/C/D: filtro de local/equipamento/musculo pode bloquear ou matriz nao gerou a rota fina correta."
"UNREACHABLE_EXERCISE","musculacao","Musculacao > local/equipamento > zona/musculo correspondente","Remo sentado","1","triagem de rota/filtro/contexto","B/C/D: filtro de local/equipamento/musculo pode bloquear ou matriz nao gerou a rota fina correta."
"UNREACHABLE_EXERCISE","musculacao","Musculacao > local/equipamento > zona/musculo correspondente","Remo unilateral com halter","1","triagem de rota/filtro/contexto","B/C/D: filtro de local/equipamento/musculo pode bloquear ou matriz nao gerou a rota fina correta."
"UNREACHABLE_EXERCISE","musculacao","Musculacao > local/equipamento > zona/musculo correspondente","Remo com barra","1","triagem de rota/filtro/contexto","B/C/D: filtro de local/equipamento/musculo pode bloquear ou matriz nao gerou a rota fina correta."
"UNREACHABLE_EXERCISE","musculacao","Musculacao > local/equipamento > zona/musculo correspondente","Remo invertido","1","triagem de rota/filtro/contexto","B/C/D: filtro de local/equipamento/musculo pode bloquear ou matriz nao gerou a rota fina correta."
"UNREACHABLE_EXERCISE","musculacao","Musculacao > local/equipamento > zona/musculo correspondente","Remo invertido em mesa resistente","1","triagem de rota/filtro/contexto","B/C/D: filtro de local/equipamento/musculo pode bloquear ou matriz nao gerou a rota fina correta."
"UNREACHABLE_EXERCISE","musculacao","Musculacao > local/equipamento > zona/musculo correspondente","Pull-up","1","triagem de rota/filtro/contexto","B/C/D: filtro de local/equipamento/musculo pode bloquear ou matriz nao gerou a rota fina correta."
"UNREACHABLE_EXERCISE","musculacao","Musculacao > local/equipamento > zona/musculo correspondente","Scapular pull-up","1","triagem de rota/filtro/contexto","B/C/D: filtro de local/equipamento/musculo pode bloquear ou matriz nao gerou a rota fina correta."
"UNREACHABLE_EXERCISE","musculacao","Musculacao > local/equipamento > zona/musculo correspondente","Dead hang escapular","1","triagem de rota/filtro/contexto","B/C/D: filtro de local/equipamento/musculo pode bloquear ou matriz nao gerou a rota fina correta."
"UNREACHABLE_EXERCISE","musculacao","Musculacao > local/equipamento > zona/musculo correspondente","Face pull no cabo","1","triagem de rota/filtro/contexto","B/C/D: filtro de local/equipamento/musculo pode bloquear ou matriz nao gerou a rota fina correta."
"UNREACHABLE_EXERCISE","musculacao","Musculacao > local/equipamento > zona/musculo correspondente","Pullover no cabo","1","triagem de rota/filtro/contexto","B/C/D: filtro de local/equipamento/musculo pode bloquear ou matriz nao gerou a rota fina correta."
"UNREACHABLE_EXERCISE","musculacao","Musculacao > local/equipamento > zona/musculo correspondente","Pullover com halter","1","triagem de rota/filtro/contexto","B/C/D: filtro de local/equipamento/musculo pode bloquear ou matriz nao gerou a rota fina correta."
"UNREACHABLE_EXERCISE","musculacao","Musculacao > local/equipamento > zona/musculo correspondente","Puxada com braços esticados","1","triagem de rota/filtro/contexto","B/C/D: filtro de local/equipamento/musculo pode bloquear ou matriz nao gerou a rota fina correta."
"UNREACHABLE_EXERCISE","musculacao","Musculacao > local/equipamento > zona/musculo correspondente","Remo com elástico","1","triagem de rota/filtro/contexto","B/C/D: filtro de local/equipamento/musculo pode bloquear ou matriz nao gerou a rota fina correta."
"UNREACHABLE_EXERCISE","musculacao","Musculacao > local/equipamento > zona/musculo correspondente","Hiperextensão lombar","1","triagem de rota/filtro/contexto","B/C/D: filtro de local/equipamento/musculo pode bloquear ou matriz nao gerou a rota fina correta."
"UNREACHABLE_EXERCISE","musculacao","Musculacao > local/equipamento > zona/musculo correspondente","Hiperextensão no banco romano","1","triagem de rota/filtro/contexto","B/C/D: filtro de local/equipamento/musculo pode bloquear ou matriz nao gerou a rota fina correta."
"UNREACHABLE_EXERCISE","musculacao","Musculacao > local/equipamento > zona/musculo correspondente","Good morning com barra","1","triagem de rota/filtro/contexto","B/C/D: filtro de local/equipamento/musculo pode bloquear ou matriz nao gerou a rota fina correta."
"UNREACHABLE_EXERCISE","musculacao","Musculacao > local/equipamento > zona/musculo correspondente","Good morning leve isométrico","1","triagem de rota/filtro/contexto","B/C/D: filtro de local/equipamento/musculo pode bloquear ou matriz nao gerou a rota fina correta."
"UNREACHABLE_EXERCISE","musculacao","Musculacao > local/equipamento > zona/musculo correspondente","Extensão lombar com elástico","1","triagem de rota/filtro/contexto","B/C/D: filtro de local/equipamento/musculo pode bloquear ou matriz nao gerou a rota fina correta."
"UNREACHABLE_EXERCISE","musculacao","Musculacao > local/equipamento > zona/musculo correspondente","Curl inverso","1","triagem de rota/filtro/contexto","B/C/D: filtro de local/equipamento/musculo pode bloquear ou matriz nao gerou a rota fina correta."
"UNREACHABLE_EXERCISE","musculacao","Musculacao > local/equipamento > zona/musculo correspondente","Curl inverso com halteres","1","triagem de rota/filtro/contexto","B/C/D: filtro de local/equipamento/musculo pode bloquear ou matriz nao gerou a rota fina correta."
"UNREACHABLE_EXERCISE","musculacao","Musculacao > local/equipamento > zona/musculo correspondente","Extensão de tríceps no cabo","1","triagem de rota/filtro/contexto","B/C/D: filtro de local/equipamento/musculo pode bloquear ou matriz nao gerou a rota fina correta."
"UNREACHABLE_EXERCISE","musculacao","Musculacao > local/equipamento > zona/musculo correspondente","Extensão acima da cabeça com halter","1","triagem de rota/filtro/contexto","B/C/D: filtro de local/equipamento/musculo pode bloquear ou matriz nao gerou a rota fina correta."
"UNREACHABLE_EXERCISE","musculacao","Musculacao > local/equipamento > zona/musculo correspondente","Tríceps testa com barra EZ","1","triagem de rota/filtro/contexto","B/C/D: filtro de local/equipamento/musculo pode bloquear ou matriz nao gerou a rota fina correta."
"UNREACHABLE_EXERCISE","musculacao","Musculacao > local/equipamento > zona/musculo correspondente","Tríceps testa com halteres","1","triagem de rota/filtro/contexto","B/C/D: filtro de local/equipamento/musculo pode bloquear ou matriz nao gerou a rota fina correta."
"UNREACHABLE_EXERCISE","musculacao","Musculacao > local/equipamento > zona/musculo correspondente","Extensão de tríceps deitado com halteres","1","triagem de rota/filtro/contexto","B/C/D: filtro de local/equipamento/musculo pode bloquear ou matriz nao gerou a rota fina correta."
"UNREACHABLE_EXERCISE","musculacao","Musculacao > local/equipamento > zona/musculo correspondente","Supino fechado","1","triagem de rota/filtro/contexto","B/C/D: filtro de local/equipamento/musculo pode bloquear ou matriz nao gerou a rota fina correta."
"UNREACHABLE_EXERCISE","musculacao","Musculacao > local/equipamento > zona/musculo correspondente","Press fechado com halteres","1","triagem de rota/filtro/contexto","B/C/D: filtro de local/equipamento/musculo pode bloquear ou matriz nao gerou a rota fina correta."
"UNREACHABLE_EXERCISE","musculacao","Musculacao > local/equipamento > zona/musculo correspondente","Tate press","1","triagem de rota/filtro/contexto","B/C/D: filtro de local/equipamento/musculo pode bloquear ou matriz nao gerou a rota fina correta."
"UNREACHABLE_EXERCISE","musculacao","Musculacao > local/equipamento > zona/musculo correspondente","Fundos entre apoios","1","triagem de rota/filtro/contexto","B/C/D: filtro de local/equipamento/musculo pode bloquear ou matriz nao gerou a rota fina correta."
"UNREACHABLE_EXERCISE","musculacao","Musculacao > local/equipamento > zona/musculo correspondente","Kickback de tríceps","1","triagem de rota/filtro/contexto","B/C/D: filtro de local/equipamento/musculo pode bloquear ou matriz nao gerou a rota fina correta."
"UNREACHABLE_EXERCISE","musculacao","Musculacao > local/equipamento > zona/musculo correspondente","Kickback no cabo","1","triagem de rota/filtro/contexto","B/C/D: filtro de local/equipamento/musculo pode bloquear ou matriz nao gerou a rota fina correta."
"UNREACHABLE_EXERCISE","musculacao","Musculacao > local/equipamento > zona/musculo correspondente","Extensão unilateral de tríceps","1","triagem de rota/filtro/contexto","B/C/D: filtro de local/equipamento/musculo pode bloquear ou matriz nao gerou a rota fina correta."
"UNREACHABLE_EXERCISE","musculacao","Musculacao > local/equipamento > zona/musculo correspondente","Extensão francesa com halter","1","triagem de rota/filtro/contexto","B/C/D: filtro de local/equipamento/musculo pode bloquear ou matriz nao gerou a rota fina correta."
"UNREACHABLE_EXERCISE","musculacao","Musculacao > local/equipamento > zona/musculo correspondente","Extensão francesa com barra EZ","1","triagem de rota/filtro/contexto","B/C/D: filtro de local/equipamento/musculo pode bloquear ou matriz nao gerou a rota fina correta."
"UNREACHABLE_EXERCISE","musculacao","Musculacao > local/equipamento > zona/musculo correspondente","Extensão francesa no cabo","1","triagem de rota/filtro/contexto","B/C/D: filtro de local/equipamento/musculo pode bloquear ou matriz nao gerou a rota fina correta."
"UNREACHABLE_EXERCISE","musculacao","Musculacao > local/equipamento > zona/musculo correspondente","Dips para tríceps","1","triagem de rota/filtro/contexto","B/C/D: filtro de local/equipamento/musculo pode bloquear ou matriz nao gerou a rota fina correta."
"UNREACHABLE_EXERCISE","musculacao","Musculacao > local/equipamento > zona/musculo correspondente","Tríceps no cabo com corda","1","triagem de rota/filtro/contexto","B/C/D: filtro de local/equipamento/musculo pode bloquear ou matriz nao gerou a rota fina correta."
"UNREACHABLE_EXERCISE","musculacao","Musculacao > local/equipamento > zona/musculo correspondente","Tríceps com elástico","1","triagem de rota/filtro/contexto","B/C/D: filtro de local/equipamento/musculo pode bloquear ou matriz nao gerou a rota fina correta."
"UNREACHABLE_EXERCISE","musculacao","Musculacao > local/equipamento > zona/musculo correspondente","Prancha","1","triagem de rota/filtro/contexto","B/C/D: filtro de local/equipamento/musculo pode bloquear ou matriz nao gerou a rota fina correta."
"UNREACHABLE_EXERCISE","musculacao","Musculacao > local/equipamento > zona/musculo correspondente","Prancha lateral","1","triagem de rota/filtro/contexto","B/C/D: filtro de local/equipamento/musculo pode bloquear ou matriz nao gerou a rota fina correta."
"UNREACHABLE_EXERCISE","musculacao","Musculacao > local/equipamento > zona/musculo correspondente","Crunch","1","triagem de rota/filtro/contexto","B/C/D: filtro de local/equipamento/musculo pode bloquear ou matriz nao gerou a rota fina correta."
"UNREACHABLE_EXERCISE","musculacao","Musculacao > local/equipamento > zona/musculo correspondente","Reverse crunch","1","triagem de rota/filtro/contexto","B/C/D: filtro de local/equipamento/musculo pode bloquear ou matriz nao gerou a rota fina correta."
"UNREACHABLE_EXERCISE","musculacao","Musculacao > local/equipamento > zona/musculo correspondente","Elevação de pernas","1","triagem de rota/filtro/contexto","B/C/D: filtro de local/equipamento/musculo pode bloquear ou matriz nao gerou a rota fina correta."
"UNREACHABLE_EXERCISE","musculacao","Musculacao > local/equipamento > zona/musculo correspondente","Elevação de joelhos suspenso","1","triagem de rota/filtro/contexto","B/C/D: filtro de local/equipamento/musculo pode bloquear ou matriz nao gerou a rota fina correta."
"UNREACHABLE_EXERCISE","musculacao","Musculacao > local/equipamento > zona/musculo correspondente","Dead bug","1","triagem de rota/filtro/contexto","B/C/D: filtro de local/equipamento/musculo pode bloquear ou matriz nao gerou a rota fina correta."
"UNREACHABLE_EXERCISE","musculacao","Musculacao > local/equipamento > zona/musculo correspondente","Hollow hold","1","triagem de rota/filtro/contexto","B/C/D: filtro de local/equipamento/musculo pode bloquear ou matriz nao gerou a rota fina correta."
"UNREACHABLE_EXERCISE","musculacao","Musculacao > local/equipamento > zona/musculo correspondente","Mountain climbers","1","triagem de rota/filtro/contexto","B/C/D: filtro de local/equipamento/musculo pode bloquear ou matriz nao gerou a rota fina correta."
"UNREACHABLE_EXERCISE","musculacao","Musculacao > local/equipamento > zona/musculo correspondente","Pallof press no cabo","1","triagem de rota/filtro/contexto","B/C/D: filtro de local/equipamento/musculo pode bloquear ou matriz nao gerou a rota fina correta."
"UNREACHABLE_EXERCISE","musculacao","Musculacao > local/equipamento > zona/musculo correspondente","Pallof press com elástico","1","triagem de rota/filtro/contexto","B/C/D: filtro de local/equipamento/musculo pode bloquear ou matriz nao gerou a rota fina correta."
"UNREACHABLE_EXERCISE","musculacao","Musculacao > local/equipamento > zona/musculo correspondente","Russian twist","1","triagem de rota/filtro/contexto","B/C/D: filtro de local/equipamento/musculo pode bloquear ou matriz nao gerou a rota fina correta."
"UNREACHABLE_EXERCISE","musculacao","Musculacao > local/equipamento > zona/musculo correspondente","Bicycle crunch","1","triagem de rota/filtro/contexto","B/C/D: filtro de local/equipamento/musculo pode bloquear ou matriz nao gerou a rota fina correta."
"UNREACHABLE_EXERCISE","musculacao","Musculacao > local/equipamento > zona/musculo correspondente","Bird dog","1","triagem de rota/filtro/contexto","B/C/D: filtro de local/equipamento/musculo pode bloquear ou matriz nao gerou a rota fina correta."
"UNREACHABLE_EXERCISE","musculacao","Musculacao > local/equipamento > zona/musculo correspondente","Side bend","1","triagem de rota/filtro/contexto","B/C/D: filtro de local/equipamento/musculo pode bloquear ou matriz nao gerou a rota fina correta."
"UNREACHABLE_EXERCISE","musculacao","Musculacao > local/equipamento > zona/musculo correspondente","Vacuum abdominal","1","triagem de rota/filtro/contexto","B/C/D: filtro de local/equipamento/musculo pode bloquear ou matriz nao gerou a rota fina correta."
"UNREACHABLE_EXERCISE","musculacao","Musculacao > local/equipamento > zona/musculo correspondente","Flutter kicks","1","triagem de rota/filtro/contexto","B/C/D: filtro de local/equipamento/musculo pode bloquear ou matriz nao gerou a rota fina correta."
"UNREACHABLE_EXERCISE","musculacao","Musculacao > local/equipamento > zona/musculo correspondente","Toe touches","1","triagem de rota/filtro/contexto","B/C/D: filtro de local/equipamento/musculo pode bloquear ou matriz nao gerou a rota fina correta."
"UNREACHABLE_EXERCISE","musculacao","Musculacao > local/equipamento > zona/musculo correspondente","Superman","1","triagem de rota/filtro/contexto","B/C/D: filtro de local/equipamento/musculo pode bloquear ou matriz nao gerou a rota fina correta."
"UNREACHABLE_EXERCISE","musculacao","Musculacao > local/equipamento > zona/musculo correspondente","Lenhador no cabo","1","triagem de rota/filtro/contexto","B/C/D: filtro de local/equipamento/musculo pode bloquear ou matriz nao gerou a rota fina correta."
"UNREACHABLE_EXERCISE","musculacao","Musculacao > local/equipamento > zona/musculo correspondente","Prancha com toque no ombro","1","triagem de rota/filtro/contexto","B/C/D: filtro de local/equipamento/musculo pode bloquear ou matriz nao gerou a rota fina correta."
"UNREACHABLE_EXERCISE","musculacao","Musculacao > local/equipamento > zona/musculo correspondente","Agachamento goblet","1","triagem de rota/filtro/contexto","B/C/D: filtro de local/equipamento/musculo pode bloquear ou matriz nao gerou a rota fina correta."
"UNREACHABLE_EXERCISE","musculacao","Musculacao > local/equipamento > zona/musculo correspondente","Agachamento com halteres ao lado","1","triagem de rota/filtro/contexto","B/C/D: filtro de local/equipamento/musculo pode bloquear ou matriz nao gerou a rota fina correta."
"UNREACHABLE_EXERCISE","musculacao","Musculacao > local/equipamento > zona/musculo correspondente","Agachamento com barra","1","triagem de rota/filtro/contexto","B/C/D: filtro de local/equipamento/musculo pode bloquear ou matriz nao gerou a rota fina correta."
"UNREACHABLE_EXERCISE","musculacao","Musculacao > local/equipamento > zona/musculo correspondente","Agachamento com mochila","1","triagem de rota/filtro/contexto","B/C/D: filtro de local/equipamento/musculo pode bloquear ou matriz nao gerou a rota fina correta."
"UNREACHABLE_EXERCISE","musculacao","Musculacao > local/equipamento > zona/musculo correspondente","Agachamento com garrafão","1","triagem de rota/filtro/contexto","B/C/D: filtro de local/equipamento/musculo pode bloquear ou matriz nao gerou a rota fina correta."
"UNREACHABLE_EXERCISE","musculacao","Musculacao > local/equipamento > zona/musculo correspondente","Agachamento na máquina Smith","1","triagem de rota/filtro/contexto","B/C/D: filtro de local/equipamento/musculo pode bloquear ou matriz nao gerou a rota fina correta."
"UNREACHABLE_EXERCISE","musculacao","Musculacao > local/equipamento > zona/musculo correspondente","Agachamento búlgaro","1","triagem de rota/filtro/contexto","B/C/D: filtro de local/equipamento/musculo pode bloquear ou matriz nao gerou a rota fina correta."
"UNREACHABLE_EXERCISE","musculacao","Musculacao > local/equipamento > zona/musculo correspondente","Agachamento búlgaro com apoio","1","triagem de rota/filtro/contexto","B/C/D: filtro de local/equipamento/musculo pode bloquear ou matriz nao gerou a rota fina correta."
"UNREACHABLE_EXERCISE","musculacao","Musculacao > local/equipamento > zona/musculo correspondente","Extensão de perna","1","triagem de rota/filtro/contexto","B/C/D: filtro de local/equipamento/musculo pode bloquear ou matriz nao gerou a rota fina correta."
"UNREACHABLE_EXERCISE","musculacao","Musculacao > local/equipamento > zona/musculo correspondente","Leg press","1","triagem de rota/filtro/contexto","B/C/D: filtro de local/equipamento/musculo pode bloquear ou matriz nao gerou a rota fina correta."
"UNREACHABLE_EXERCISE","musculacao","Musculacao > local/equipamento > zona/musculo correspondente","Step-up","1","triagem de rota/filtro/contexto","B/C/D: filtro de local/equipamento/musculo pode bloquear ou matriz nao gerou a rota fina correta."
"UNREACHABLE_EXERCISE","musculacao","Musculacao > local/equipamento > zona/musculo correspondente","Lunges com halteres","1","triagem de rota/filtro/contexto","B/C/D: filtro de local/equipamento/musculo pode bloquear ou matriz nao gerou a rota fina correta."
"UNREACHABLE_EXERCISE","musculacao","Musculacao > local/equipamento > zona/musculo correspondente","Lunges com mochila","1","triagem de rota/filtro/contexto","B/C/D: filtro de local/equipamento/musculo pode bloquear ou matriz nao gerou a rota fina correta."
"UNREACHABLE_EXERCISE","musculacao","Musculacao > local/equipamento > zona/musculo correspondente","Peso morto tradicional","1","triagem de rota/filtro/contexto","B/C/D: filtro de local/equipamento/musculo pode bloquear ou matriz nao gerou a rota fina correta."
"UNREACHABLE_EXERCISE","musculacao","Musculacao > local/equipamento > zona/musculo correspondente","Peso morto romeno com halteres","1","triagem de rota/filtro/contexto","B/C/D: filtro de local/equipamento/musculo pode bloquear ou matriz nao gerou a rota fina correta."
"UNREACHABLE_EXERCISE","musculacao","Musculacao > local/equipamento > zona/musculo correspondente","Curl de perna","1","triagem de rota/filtro/contexto","B/C/D: filtro de local/equipamento/musculo pode bloquear ou matriz nao gerou a rota fina correta."
"UNREACHABLE_EXERCISE","musculacao","Musculacao > local/equipamento > zona/musculo correspondente","Good morning leve","1","triagem de rota/filtro/contexto","B/C/D: filtro de local/equipamento/musculo pode bloquear ou matriz nao gerou a rota fina correta."
"UNREACHABLE_EXERCISE","musculacao","Musculacao > local/equipamento > zona/musculo correspondente","Abdução de anca","1","triagem de rota/filtro/contexto","B/C/D: filtro de local/equipamento/musculo pode bloquear ou matriz nao gerou a rota fina correta."
"UNREACHABLE_EXERCISE","musculacao","Musculacao > local/equipamento > zona/musculo correspondente","Adução de anca","1","triagem de rota/filtro/contexto","B/C/D: filtro de local/equipamento/musculo pode bloquear ou matriz nao gerou a rota fina correta."
"UNREACHABLE_EXERCISE","musculacao","Musculacao > local/equipamento > zona/musculo correspondente","Gémeos sentado","1","triagem de rota/filtro/contexto","B/C/D: filtro de local/equipamento/musculo pode bloquear ou matriz nao gerou a rota fina correta."
"UNREACHABLE_EXERCISE","musculacao","Musculacao > local/equipamento > zona/musculo correspondente","Sóleo sentado","1","triagem de rota/filtro/contexto","B/C/D: filtro de local/equipamento/musculo pode bloquear ou matriz nao gerou a rota fina correta."
"UNREACHABLE_EXERCISE","musculacao","Musculacao > local/equipamento > zona/musculo correspondente","Dorsiflexão do tornozelo com elástico","1","triagem de rota/filtro/contexto","B/C/D: filtro de local/equipamento/musculo pode bloquear ou matriz nao gerou a rota fina correta."
"UNREACHABLE_EXERCISE","musculacao","Musculacao > local/equipamento > zona/musculo correspondente","Inversão do tornozelo com elástico","1","triagem de rota/filtro/contexto","B/C/D: filtro de local/equipamento/musculo pode bloquear ou matriz nao gerou a rota fina correta."
"UNREACHABLE_EXERCISE","musculacao","Musculacao > local/equipamento > zona/musculo correspondente","Eversão do tornozelo com elástico","1","triagem de rota/filtro/contexto","B/C/D: filtro de local/equipamento/musculo pode bloquear ou matriz nao gerou a rota fina correta."
"UNREACHABLE_EXERCISE","musculacao","Musculacao > local/equipamento > zona/musculo correspondente","Flexão da anca em pé com elástico","1","triagem de rota/filtro/contexto","B/C/D: filtro de local/equipamento/musculo pode bloquear ou matriz nao gerou a rota fina correta."
"UNREACHABLE_EXERCISE","musculacao","Musculacao > local/equipamento > zona/musculo correspondente","Copenhagen plank com apoio","1","triagem de rota/filtro/contexto","B/C/D: filtro de local/equipamento/musculo pode bloquear ou matriz nao gerou a rota fina correta."
"UNREACHABLE_EXERCISE","musculacao","Musculacao > local/equipamento > zona/musculo correspondente","Extensão terminal do joelho com elástico","1","triagem de rota/filtro/contexto","B/C/D: filtro de local/equipamento/musculo pode bloquear ou matriz nao gerou a rota fina correta."
"UNREACHABLE_EXERCISE","musculacao","Musculacao > local/equipamento > zona/musculo correspondente","Peso morto unilateral com halteres","1","triagem de rota/filtro/contexto","B/C/D: filtro de local/equipamento/musculo pode bloquear ou matriz nao gerou a rota fina correta."
"UNREACHABLE_EXERCISE","cardio","Cardio > equipamento/modalidade/foco correspondente","Marcha no lugar","1","triagem de rota/filtro/contexto","A/B: rota cardio/equipamento pode nao ligar ao contexto do exercicio."
"UNREACHABLE_EXERCISE","cardio","Cardio > equipamento/modalidade/foco correspondente","Jumping jacks","1","triagem de rota/filtro/contexto","A/B: rota cardio/equipamento pode nao ligar ao contexto do exercicio."
"UNREACHABLE_EXERCISE","cardio","Cardio > equipamento/modalidade/foco correspondente","Burpees","1","triagem de rota/filtro/contexto","A/B: rota cardio/equipamento pode nao ligar ao contexto do exercicio."
"UNREACHABLE_EXERCISE","cardio","Cardio > equipamento/modalidade/foco correspondente","Skaters","1","triagem de rota/filtro/contexto","A/B: rota cardio/equipamento pode nao ligar ao contexto do exercicio."
"UNREACHABLE_EXERCISE","cardio","Cardio > equipamento/modalidade/foco correspondente","High knees","1","triagem de rota/filtro/contexto","A/B: rota cardio/equipamento pode nao ligar ao contexto do exercicio."
"UNREACHABLE_EXERCISE","cardio","Cardio > equipamento/modalidade/foco correspondente","Circuito cardio peso corporal","1","triagem de rota/filtro/contexto","A/B: rota cardio/equipamento pode nao ligar ao contexto do exercicio."
"UNREACHABLE_EXERCISE","cardio","Cardio > equipamento/modalidade/foco correspondente","Sprints exterior","1","triagem de rota/filtro/contexto","A/B: rota cardio/equipamento pode nao ligar ao contexto do exercicio."
"UNREACHABLE_EXERCISE","cardio","Cardio > equipamento/modalidade/foco correspondente","Corrida em subida","1","triagem de rota/filtro/contexto","A/B: rota cardio/equipamento pode nao ligar ao contexto do exercicio."
"UNREACHABLE_EXERCISE","cardio","Cardio > equipamento/modalidade/foco correspondente","HIIT peso corporal","1","triagem de rota/filtro/contexto","A/B: rota cardio/equipamento pode nao ligar ao contexto do exercicio."
"UNREACHABLE_EXERCISE","cardio","Cardio > equipamento/modalidade/foco correspondente","HIIT cardio","1","triagem de rota/filtro/contexto","A/B: rota cardio/equipamento pode nao ligar ao contexto do exercicio."
"UNREACHABLE_EXERCISE","cardio","Cardio > equipamento/modalidade/foco correspondente","HIIT simples","1","triagem de rota/filtro/contexto","A/B: rota cardio/equipamento pode nao ligar ao contexto do exercicio."
"UNREACHABLE_EXERCISE","cardio","Cardio > equipamento/modalidade/foco correspondente","Circuito cardio leve","1","triagem de rota/filtro/contexto","A/B: rota cardio/equipamento pode nao ligar ao contexto do exercicio."
"UNREACHABLE_EXERCISE","cardio","Cardio > equipamento/modalidade/foco correspondente","Shadow boxing leve","1","triagem de rota/filtro/contexto","A/B: rota cardio/equipamento pode nao ligar ao contexto do exercicio."
"UNREACHABLE_EXERCISE","cardio","Cardio > equipamento/modalidade/foco correspondente","Shuttle runs / corrida vaivém","1","triagem de rota/filtro/contexto","A/B: rota cardio/equipamento pode nao ligar ao contexto do exercicio."
"UNREACHABLE_EXERCISE","artes_marciais","Artes marciais > local marcial > modalidade/foco correspondente","Trabalho leve ao saco","1","triagem de rota/filtro/contexto","A/E/F: rota marcial insuficiente, exercicio auxiliar interno ou precisa de fallback/menu novo."
"UNREACHABLE_EXERCISE","artes_marciais","Artes marciais > local marcial > modalidade/foco correspondente","Shrimp / fuga de anca","1","triagem de rota/filtro/contexto","A/E/F: rota marcial insuficiente, exercicio auxiliar interno ou precisa de fallback/menu novo."
"UNREACHABLE_EXERCISE","artes_marciais","Artes marciais > local marcial > modalidade/foco correspondente","Ponte de grappling","1","triagem de rota/filtro/contexto","A/E/F: rota marcial insuficiente, exercicio auxiliar interno ou precisa de fallback/menu novo."
"UNREACHABLE_EXERCISE","artes_marciais","Artes marciais > Dojo/Tatami > BJJ > Solo ou Defesa pessoal","Technical stand-up","1","triagem de rota/filtro/contexto","A/E/F: rota marcial insuficiente, exercicio auxiliar interno ou precisa de fallback/menu novo."
"UNREACHABLE_EXERCISE","artes_marciais","Artes marciais > local marcial > modalidade/foco correspondente","Sprawl","1","triagem de rota/filtro/contexto","A/E/F: rota marcial insuficiente, exercicio auxiliar interno ou precisa de fallback/menu novo."
"UNREACHABLE_EXERCISE","artes_marciais","Artes marciais > local marcial > modalidade/foco correspondente","Drills de guarda","1","triagem de rota/filtro/contexto","A/E/F: rota marcial insuficiente, exercicio auxiliar interno ou precisa de fallback/menu novo."
"UNREACHABLE_EXERCISE","artes_marciais","Artes marciais > local marcial > modalidade/foco correspondente","Drills de passagem de guarda","1","triagem de rota/filtro/contexto","A/E/F: rota marcial insuficiente, exercicio auxiliar interno ou precisa de fallback/menu novo."
"UNREACHABLE_EXERCISE","artes_marciais","Artes marciais > local marcial > modalidade/foco correspondente","Rolamentos de solo","1","triagem de rota/filtro/contexto","A/E/F: rota marcial insuficiente, exercicio auxiliar interno ou precisa de fallback/menu novo."
"UNREACHABLE_EXERCISE","artes_marciais","Artes marciais > local marcial > modalidade/foco correspondente","Breakfalls (ukemi)","1","triagem de rota/filtro/contexto","A/E/F: rota marcial insuficiente, exercicio auxiliar interno ou precisa de fallback/menu novo."
"UNREACHABLE_EXERCISE","artes_marciais","Artes marciais > local marcial > modalidade/foco correspondente","Inversão granby com apoio","1","triagem de rota/filtro/contexto","A/E/F: rota marcial insuficiente, exercicio auxiliar interno ou precisa de fallback/menu novo."
"UNREACHABLE_EXERCISE","mobilidade","Mobilidade > articulacao/zona correspondente","Tocar nos pés sentado","1","triagem de rota/filtro/contexto","A/F: menu do dominio e generico demais ou precisa de fallback/rota por zona."
"UNREACHABLE_EXERCISE","mobilidade","Mobilidade > articulacao/zona correspondente","Tocar nos pés em pé","1","triagem de rota/filtro/contexto","A/F: menu do dominio e generico demais ou precisa de fallback/rota por zona."
"UNREACHABLE_EXERCISE","mobilidade","Mobilidade > articulacao/zona correspondente","Respiração diafragmática","1","triagem de rota/filtro/contexto","A/F: menu do dominio e generico demais ou precisa de fallback/rota por zona."
"UNREACHABLE_EXERCISE","mobilidade","Mobilidade > articulacao/zona correspondente","Caminhada leve","1","triagem de rota/filtro/contexto","A/F: menu do dominio e generico demais ou precisa de fallback/rota por zona."
"UNREACHABLE_EXERCISE","mobilidade","Mobilidade > articulacao/zona correspondente","Relaxamento deitado","1","triagem de rota/filtro/contexto","A/F: menu do dominio e generico demais ou precisa de fallback/rota por zona."
"UNREACHABLE_EXERCISE","mobilidade","Mobilidade > articulacao/zona correspondente","Respiração nasal lenta","1","triagem de rota/filtro/contexto","A/F: menu do dominio e generico demais ou precisa de fallback/rota por zona."
"UNREACHABLE_EXERCISE","mobilidade","Mobilidade > articulacao/zona correspondente","Foam roller para pernas","1","triagem de rota/filtro/contexto","A/F: menu do dominio e generico demais ou precisa de fallback/rota por zona."
"UNREACHABLE_EXERCISE","mobilidade","Mobilidade > articulacao/zona correspondente","Foam roller para costas","1","triagem de rota/filtro/contexto","A/F: menu do dominio e generico demais ou precisa de fallback/rota por zona."
"UNREACHABLE_EXERCISE","mobilidade","Mobilidade > articulacao/zona correspondente","Bola de massagem para pés e glúteos","1","triagem de rota/filtro/contexto","A/F: menu do dominio e generico demais ou precisa de fallback/rota por zona."
"UNREACHABLE_EXERCISE","mobilidade","Mobilidade > articulacao/zona correspondente","Arrefecimento pós-treino de força","1","triagem de rota/filtro/contexto","A/F: menu do dominio e generico demais ou precisa de fallback/rota por zona."
"UNREACHABLE_EXERCISE","mobilidade","Mobilidade > articulacao/zona correspondente","Arrefecimento pós-artes marciais","1","triagem de rota/filtro/contexto","A/F: menu do dominio e generico demais ou precisa de fallback/rota por zona."
"UNREACHABLE_EXERCISE","artes_marciais","Artes marciais > local marcial > modalidade/foco correspondente","Mawashi geri em alvo médio","1","triagem de rota/filtro/contexto","A/E/F: rota marcial insuficiente, exercicio auxiliar interno ou precisa de fallback/menu novo."
"UNREACHABLE_EXERCISE","artes_marciais","Artes marciais > local marcial > modalidade/foco correspondente","Trabalho leve ao saco com gyaku zuki","1","triagem de rota/filtro/contexto","A/E/F: rota marcial insuficiente, exercicio auxiliar interno ou precisa de fallback/menu novo."
"UNREACHABLE_EXERCISE","artes_marciais","Artes marciais > local marcial > modalidade/foco correspondente","Mae geri no saco leve","1","triagem de rota/filtro/contexto","A/E/F: rota marcial insuficiente, exercicio auxiliar interno ou precisa de fallback/menu novo."
"UNREACHABLE_EXERCISE","artes_marciais","Artes marciais > local marcial > modalidade/foco correspondente","Shrimp básico no solo","1","triagem de rota/filtro/contexto","A/E/F: rota marcial insuficiente, exercicio auxiliar interno ou precisa de fallback/menu novo."
"UNREACHABLE_EXERCISE","artes_marciais","Artes marciais > local marcial > modalidade/foco correspondente","Base de boxe estática","1","triagem de rota/filtro/contexto","A/E/F: rota marcial insuficiente, exercicio auxiliar interno ou precisa de fallback/menu novo."
"UNREACHABLE_EXERCISE","artes_marciais","Artes marciais > local marcial > modalidade/foco correspondente","Guarda alta básica","1","triagem de rota/filtro/contexto","A/E/F: rota marcial insuficiente, exercicio auxiliar interno ou precisa de fallback/menu novo."
"UNREACHABLE_EXERCISE","artes_marciais","Artes marciais > local marcial > modalidade/foco correspondente","Queixo protegido em guarda","1","triagem de rota/filtro/contexto","A/E/F: rota marcial insuficiente, exercicio auxiliar interno ou precisa de fallback/menu novo."
"UNREACHABLE_EXERCISE","artes_marciais","Artes marciais > local marcial > modalidade/foco correspondente","Step-drag para frente e trás","1","triagem de rota/filtro/contexto","A/E/F: rota marcial insuficiente, exercicio auxiliar interno ou precisa de fallback/menu novo."
"UNREACHABLE_EXERCISE","artes_marciais","Artes marciais > local marcial > modalidade/foco correspondente","Passo lateral com guarda","1","triagem de rota/filtro/contexto","A/E/F: rota marcial insuficiente, exercicio auxiliar interno ou precisa de fallback/menu novo."
"UNREACHABLE_EXERCISE","artes_marciais","Artes marciais > local marcial > modalidade/foco correspondente","Pivot básico","1","triagem de rota/filtro/contexto","A/E/F: rota marcial insuficiente, exercicio auxiliar interno ou precisa de fallback/menu novo."
"UNREACHABLE_EXERCISE","artes_marciais","Artes marciais > local marcial > modalidade/foco correspondente","Entrar e sair com jab imaginário","1","triagem de rota/filtro/contexto","A/E/F: rota marcial insuficiente, exercicio auxiliar interno ou precisa de fallback/menu novo."
"UNREACHABLE_EXERCISE","artes_marciais","Artes marciais > local marcial > modalidade/foco correspondente","Jab parado","1","triagem de rota/filtro/contexto","A/E/F: rota marcial insuficiente, exercicio auxiliar interno ou precisa de fallback/menu novo."
"UNREACHABLE_EXERCISE","artes_marciais","Artes marciais > local marcial > modalidade/foco correspondente","Jab com passo","1","triagem de rota/filtro/contexto","A/E/F: rota marcial insuficiente, exercicio auxiliar interno ou precisa de fallback/menu novo."
"UNREACHABLE_EXERCISE","artes_marciais","Artes marciais > local marcial > modalidade/foco correspondente","Direto parado","1","triagem de rota/filtro/contexto","A/E/F: rota marcial insuficiente, exercicio auxiliar interno ou precisa de fallback/menu novo."
"UNREACHABLE_EXERCISE","artes_marciais","Artes marciais > local marcial > modalidade/foco correspondente","Jab e direto 1-2","1","triagem de rota/filtro/contexto","A/E/F: rota marcial insuficiente, exercicio auxiliar interno ou precisa de fallback/menu novo."
"UNREACHABLE_EXERCISE","artes_marciais","Artes marciais > local marcial > modalidade/foco correspondente","Gancho curto por fases","1","triagem de rota/filtro/contexto","A/E/F: rota marcial insuficiente, exercicio auxiliar interno ou precisa de fallback/menu novo."
"UNREACHABLE_EXERCISE","artes_marciais","Artes marciais > local marcial > modalidade/foco correspondente","Uppercut curto por fases","1","triagem de rota/filtro/contexto","A/E/F: rota marcial insuficiente, exercicio auxiliar interno ou precisa de fallback/menu novo."
"UNREACHABLE_EXERCISE","artes_marciais","Artes marciais > local marcial > modalidade/foco correspondente","Golpe ao corpo em sombra","1","triagem de rota/filtro/contexto","A/E/F: rota marcial insuficiente, exercicio auxiliar interno ou precisa de fallback/menu novo."
"UNREACHABLE_EXERCISE","artes_marciais","Artes marciais > local marcial > modalidade/foco correspondente","Parry de jab com parceiro","1","triagem de rota/filtro/contexto","A/E/F: rota marcial insuficiente, exercicio auxiliar interno ou precisa de fallback/menu novo."
"UNREACHABLE_EXERCISE","artes_marciais","Artes marciais > local marcial > modalidade/foco correspondente","Bloqueio em guarda alta","1","triagem de rota/filtro/contexto","A/E/F: rota marcial insuficiente, exercicio auxiliar interno ou precisa de fallback/menu novo."
"UNREACHABLE_EXERCISE","artes_marciais","Artes marciais > local marcial > modalidade/foco correspondente","Slip esquerda-direita","1","triagem de rota/filtro/contexto","A/E/F: rota marcial insuficiente, exercicio auxiliar interno ou precisa de fallback/menu novo."
"UNREACHABLE_EXERCISE","artes_marciais","Artes marciais > local marcial > modalidade/foco correspondente","Roll por baixo de linha","1","triagem de rota/filtro/contexto","A/E/F: rota marcial insuficiente, exercicio auxiliar interno ou precisa de fallback/menu novo."
"UNREACHABLE_EXERCISE","artes_marciais","Artes marciais > local marcial > modalidade/foco correspondente","Cobrir e sair em ângulo","1","triagem de rota/filtro/contexto","A/E/F: rota marcial insuficiente, exercicio auxiliar interno ou precisa de fallback/menu novo."
"UNREACHABLE_EXERCISE","artes_marciais","Artes marciais > local marcial > modalidade/foco correspondente","Sombra de boxe leve","1","triagem de rota/filtro/contexto","A/E/F: rota marcial insuficiente, exercicio auxiliar interno ou precisa de fallback/menu novo."
"UNREACHABLE_EXERCISE","artes_marciais","Artes marciais > local marcial > modalidade/foco correspondente","Sombra de boxe por rounds","1","triagem de rota/filtro/contexto","A/E/F: rota marcial insuficiente, exercicio auxiliar interno ou precisa de fallback/menu novo."
"UNREACHABLE_EXERCISE","artes_marciais","Artes marciais > local marcial > modalidade/foco correspondente","Rounds no saco de boxe ritmo leve","1","triagem de rota/filtro/contexto","A/E/F: rota marcial insuficiente, exercicio auxiliar interno ou precisa de fallback/menu novo."
"UNREACHABLE_EXERCISE","artes_marciais","Artes marciais > local marcial > modalidade/foco correspondente","Rounds no saco de boxe ritmo moderado","1","triagem de rota/filtro/contexto","A/E/F: rota marcial insuficiente, exercicio auxiliar interno ou precisa de fallback/menu novo."
"UNREACHABLE_EXERCISE","artes_marciais","Artes marciais > local marcial > modalidade/foco correspondente","1-2 e saída lateral","1","triagem de rota/filtro/contexto","A/E/F: rota marcial insuficiente, exercicio auxiliar interno ou precisa de fallback/menu novo."
"UNREACHABLE_EXERCISE","artes_marciais","Artes marciais > local marcial > modalidade/foco correspondente","Base de kickboxing estática","1","triagem de rota/filtro/contexto","A/E/F: rota marcial insuficiente, exercicio auxiliar interno ou precisa de fallback/menu novo."
"UNREACHABLE_EXERCISE","artes_marciais","Artes marciais > local marcial > modalidade/foco correspondente","Guarda de kickboxing","1","triagem de rota/filtro/contexto","A/E/F: rota marcial insuficiente, exercicio auxiliar interno ou precisa de fallback/menu novo."
"UNREACHABLE_EXERCISE","artes_marciais","Artes marciais > local marcial > modalidade/foco correspondente","Drill de distância mão-perna","1","triagem de rota/filtro/contexto","A/E/F: rota marcial insuficiente, exercicio auxiliar interno ou precisa de fallback/menu novo."
"UNREACHABLE_EXERCISE","artes_marciais","Artes marciais > local marcial > modalidade/foco correspondente","Recuperar base após pontapé","1","triagem de rota/filtro/contexto","A/E/F: rota marcial insuficiente, exercicio auxiliar interno ou precisa de fallback/menu novo."
"UNREACHABLE_EXERCISE","artes_marciais","Artes marciais > local marcial > modalidade/foco correspondente","Jab de kickboxing","1","triagem de rota/filtro/contexto","A/E/F: rota marcial insuficiente, exercicio auxiliar interno ou precisa de fallback/menu novo."
"UNREACHABLE_EXERCISE","artes_marciais","Artes marciais > local marcial > modalidade/foco correspondente","Direto de kickboxing","1","triagem de rota/filtro/contexto","A/E/F: rota marcial insuficiente, exercicio auxiliar interno ou precisa de fallback/menu novo."
"UNREACHABLE_EXERCISE","artes_marciais","Artes marciais > local marcial > modalidade/foco correspondente","Low kick por fases","1","triagem de rota/filtro/contexto","A/E/F: rota marcial insuficiente, exercicio auxiliar interno ou precisa de fallback/menu novo."
"UNREACHABLE_EXERCISE","artes_marciais","Artes marciais > local marcial > modalidade/foco correspondente","Low kick ao saco leve","1","triagem de rota/filtro/contexto","A/E/F: rota marcial insuficiente, exercicio auxiliar interno ou precisa de fallback/menu novo."
"UNREACHABLE_EXERCISE","artes_marciais","Artes marciais > local marcial > modalidade/foco correspondente","Middle kick por fases","1","triagem de rota/filtro/contexto","A/E/F: rota marcial insuficiente, exercicio auxiliar interno ou precisa de fallback/menu novo."
"UNREACHABLE_EXERCISE","artes_marciais","Artes marciais > local marcial > modalidade/foco correspondente","High kick técnico baixo para alto","1","triagem de rota/filtro/contexto","A/E/F: rota marcial insuficiente, exercicio auxiliar interno ou precisa de fallback/menu novo."
"UNREACHABLE_EXERCISE","artes_marciais","Artes marciais > local marcial > modalidade/foco correspondente","Front kick para distância","1","triagem de rota/filtro/contexto","A/E/F: rota marcial insuficiente, exercicio auxiliar interno ou precisa de fallback/menu novo."
"UNREACHABLE_EXERCISE","artes_marciais","Artes marciais > local marcial > modalidade/foco correspondente","Side kick técnico","1","triagem de rota/filtro/contexto","A/E/F: rota marcial insuficiente, exercicio auxiliar interno ou precisa de fallback/menu novo."
"UNREACHABLE_EXERCISE","artes_marciais","Artes marciais > local marcial > modalidade/foco correspondente","Jab, direto, low kick","1","triagem de rota/filtro/contexto","A/E/F: rota marcial insuficiente, exercicio auxiliar interno ou precisa de fallback/menu novo."
"UNREACHABLE_EXERCISE","artes_marciais","Artes marciais > local marcial > modalidade/foco correspondente","Jab, direto, middle kick","1","triagem de rota/filtro/contexto","A/E/F: rota marcial insuficiente, exercicio auxiliar interno ou precisa de fallback/menu novo."
"UNREACHABLE_EXERCISE","artes_marciais","Artes marciais > local marcial > modalidade/foco correspondente","Low kick para direto","1","triagem de rota/filtro/contexto","A/E/F: rota marcial insuficiente, exercicio auxiliar interno ou precisa de fallback/menu novo."
"UNREACHABLE_EXERCISE","artes_marciais","Artes marciais > local marcial > modalidade/foco correspondente","Check de low kick básico","1","triagem de rota/filtro/contexto","A/E/F: rota marcial insuficiente, exercicio auxiliar interno ou precisa de fallback/menu novo."
"UNREACHABLE_EXERCISE","artes_marciais","Artes marciais > local marcial > modalidade/foco correspondente","Sair em ângulo após combinação","1","triagem de rota/filtro/contexto","A/E/F: rota marcial insuficiente, exercicio auxiliar interno ou precisa de fallback/menu novo."
"UNREACHABLE_EXERCISE","artes_marciais","Artes marciais > local marcial > modalidade/foco correspondente","Combinações de kickboxing no saco leve","1","triagem de rota/filtro/contexto","A/E/F: rota marcial insuficiente, exercicio auxiliar interno ou precisa de fallback/menu novo."
"UNREACHABLE_EXERCISE","artes_marciais","Artes marciais > local marcial > modalidade/foco correspondente","Rounds de kickboxing no saco moderado","1","triagem de rota/filtro/contexto","A/E/F: rota marcial insuficiente, exercicio auxiliar interno ou precisa de fallback/menu novo."
"UNREACHABLE_EXERCISE","artes_marciais","Artes marciais > local marcial > modalidade/foco correspondente","Base de Muay Thai estática","1","triagem de rota/filtro/contexto","A/E/F: rota marcial insuficiente, exercicio auxiliar interno ou precisa de fallback/menu novo."
"UNREACHABLE_EXERCISE","artes_marciais","Artes marciais > local marcial > modalidade/foco correspondente","Guarda alta de Muay Thai","1","triagem de rota/filtro/contexto","A/E/F: rota marcial insuficiente, exercicio auxiliar interno ou precisa de fallback/menu novo."
"UNREACHABLE_EXERCISE","artes_marciais","Artes marciais > local marcial > modalidade/foco correspondente","Transferência de peso para check","1","triagem de rota/filtro/contexto","A/E/F: rota marcial insuficiente, exercicio auxiliar interno ou precisa de fallback/menu novo."
"UNREACHABLE_EXERCISE","artes_marciais","Artes marciais > local marcial > modalidade/foco correspondente","Low kick técnico sem impacto","1","triagem de rota/filtro/contexto","A/E/F: rota marcial insuficiente, exercicio auxiliar interno ou precisa de fallback/menu novo."
"UNREACHABLE_EXERCISE","artes_marciais","Artes marciais > local marcial > modalidade/foco correspondente","Low kick ao saco","1","triagem de rota/filtro/contexto","A/E/F: rota marcial insuficiente, exercicio auxiliar interno ou precisa de fallback/menu novo."
"UNREACHABLE_EXERCISE","artes_marciais","Artes marciais > local marcial > modalidade/foco correspondente","Middle kick técnico","1","triagem de rota/filtro/contexto","A/E/F: rota marcial insuficiente, exercicio auxiliar interno ou precisa de fallback/menu novo."
"UNREACHABLE_EXERCISE","artes_marciais","Artes marciais > local marcial > modalidade/foco correspondente","Middle kick ao saco","1","triagem de rota/filtro/contexto","A/E/F: rota marcial insuficiente, exercicio auxiliar interno ou precisa de fallback/menu novo."
"UNREACHABLE_EXERCISE","artes_marciais","Artes marciais > local marcial > modalidade/foco correspondente","Teep técnico","1","triagem de rota/filtro/contexto","A/E/F: rota marcial insuficiente, exercicio auxiliar interno ou precisa de fallback/menu novo."
"UNREACHABLE_EXERCISE","artes_marciais","Artes marciais > local marcial > modalidade/foco correspondente","Teep em alvo leve","1","triagem de rota/filtro/contexto","A/E/F: rota marcial insuficiente, exercicio auxiliar interno ou precisa de fallback/menu novo."
"UNREACHABLE_EXERCISE","artes_marciais","Artes marciais > local marcial > modalidade/foco correspondente","Check de low kick em sombra","1","triagem de rota/filtro/contexto","A/E/F: rota marcial insuficiente, exercicio auxiliar interno ou precisa de fallback/menu novo."
"UNREACHABLE_EXERCISE","artes_marciais","Artes marciais > local marcial > modalidade/foco correspondente","Jab e direto em guarda alta","1","triagem de rota/filtro/contexto","A/E/F: rota marcial insuficiente, exercicio auxiliar interno ou precisa de fallback/menu novo."
"UNREACHABLE_EXERCISE","artes_marciais","Artes marciais > local marcial > modalidade/foco correspondente","Cotovelo horizontal básico","1","triagem de rota/filtro/contexto","A/E/F: rota marcial insuficiente, exercicio auxiliar interno ou precisa de fallback/menu novo."
"UNREACHABLE_EXERCISE","artes_marciais","Artes marciais > local marcial > modalidade/foco correspondente","Joelhada direta em sombra","1","triagem de rota/filtro/contexto","A/E/F: rota marcial insuficiente, exercicio auxiliar interno ou precisa de fallback/menu novo."
"UNREACHABLE_EXERCISE","artes_marciais","Artes marciais > local marcial > modalidade/foco correspondente","Joelhada no saco","1","triagem de rota/filtro/contexto","A/E/F: rota marcial insuficiente, exercicio auxiliar interno ou precisa de fallback/menu novo."
"UNREACHABLE_EXERCISE","artes_marciais","Artes marciais > local marcial > modalidade/foco correspondente","Postura de clinch com parceiro","1","triagem de rota/filtro/contexto","A/E/F: rota marcial insuficiente, exercicio auxiliar interno ou precisa de fallback/menu novo."
"UNREACHABLE_EXERCISE","artes_marciais","Artes marciais > local marcial > modalidade/foco correspondente","Entrada defensiva para clinch","1","triagem de rota/filtro/contexto","A/E/F: rota marcial insuficiente, exercicio auxiliar interno ou precisa de fallback/menu novo."
"UNREACHABLE_EXERCISE","artes_marciais","Artes marciais > local marcial > modalidade/foco correspondente","Virar no clinch","1","triagem de rota/filtro/contexto","A/E/F: rota marcial insuficiente, exercicio auxiliar interno ou precisa de fallback/menu novo."
"UNREACHABLE_EXERCISE","artes_marciais","Artes marciais > local marcial > modalidade/foco correspondente","Sair do clinch","1","triagem de rota/filtro/contexto","A/E/F: rota marcial insuficiente, exercicio auxiliar interno ou precisa de fallback/menu novo."
"UNREACHABLE_EXERCISE","artes_marciais","Artes marciais > local marcial > modalidade/foco correspondente","Round leve no saco de Muay Thai","1","triagem de rota/filtro/contexto","A/E/F: rota marcial insuficiente, exercicio auxiliar interno ou precisa de fallback/menu novo."
"UNREACHABLE_EXERCISE","artes_marciais","Artes marciais > local marcial > modalidade/foco correspondente","Round moderado no saco de Muay Thai","1","triagem de rota/filtro/contexto","A/E/F: rota marcial insuficiente, exercicio auxiliar interno ou precisa de fallback/menu novo."
"UNREACHABLE_EXERCISE","artes_marciais","Artes marciais > local marcial > modalidade/foco correspondente","Ukemi para trás por fases","1","triagem de rota/filtro/contexto","A/E/F: rota marcial insuficiente, exercicio auxiliar interno ou precisa de fallback/menu novo."
"UNREACHABLE_EXERCISE","artes_marciais","Artes marciais > local marcial > modalidade/foco correspondente","Ukemi lateral por fases","1","triagem de rota/filtro/contexto","A/E/F: rota marcial insuficiente, exercicio auxiliar interno ou precisa de fallback/menu novo."
"UNREACHABLE_EXERCISE","artes_marciais","Artes marciais > local marcial > modalidade/foco correspondente","Rolamento frontal básico","1","triagem de rota/filtro/contexto","A/E/F: rota marcial insuficiente, exercicio auxiliar interno ou precisa de fallback/menu novo."
"UNREACHABLE_EXERCISE","artes_marciais","Artes marciais > local marcial > modalidade/foco correspondente","Levantar após queda","1","triagem de rota/filtro/contexto","A/E/F: rota marcial insuficiente, exercicio auxiliar interno ou precisa de fallback/menu novo."
"UNREACHABLE_EXERCISE","artes_marciais","Artes marciais > local marcial > modalidade/foco correspondente","Postura natural de Judo","1","triagem de rota/filtro/contexto","A/E/F: rota marcial insuficiente, exercicio auxiliar interno ou precisa de fallback/menu novo."
"UNREACHABLE_EXERCISE","artes_marciais","Artes marciais > local marcial > modalidade/foco correspondente","Kumi kata básico","1","triagem de rota/filtro/contexto","A/E/F: rota marcial insuficiente, exercicio auxiliar interno ou precisa de fallback/menu novo."
"UNREACHABLE_EXERCISE","artes_marciais","Artes marciais > local marcial > modalidade/foco correspondente","Quebra de pegada simples","1","triagem de rota/filtro/contexto","A/E/F: rota marcial insuficiente, exercicio auxiliar interno ou precisa de fallback/menu novo."
"UNREACHABLE_EXERCISE","artes_marciais","Artes marciais > local marcial > modalidade/foco correspondente","Controlo de postura com pegada","1","triagem de rota/filtro/contexto","A/E/F: rota marcial insuficiente, exercicio auxiliar interno ou precisa de fallback/menu novo."
"UNREACHABLE_EXERCISE","artes_marciais","Artes marciais > local marcial > modalidade/foco correspondente","Kuzushi para a frente","1","triagem de rota/filtro/contexto","A/E/F: rota marcial insuficiente, exercicio auxiliar interno ou precisa de fallback/menu novo."
"UNREACHABLE_EXERCISE","artes_marciais","Artes marciais > local marcial > modalidade/foco correspondente","Kuzushi para trás","1","triagem de rota/filtro/contexto","A/E/F: rota marcial insuficiente, exercicio auxiliar interno ou precisa de fallback/menu novo."
"UNREACHABLE_EXERCISE","artes_marciais","Artes marciais > local marcial > modalidade/foco correspondente","Uchikomi parado","1","triagem de rota/filtro/contexto","A/E/F: rota marcial insuficiente, exercicio auxiliar interno ou precisa de fallback/menu novo."
"UNREACHABLE_EXERCISE","artes_marciais","Artes marciais > local marcial > modalidade/foco correspondente","Uchikomi em movimento","1","triagem de rota/filtro/contexto","A/E/F: rota marcial insuficiente, exercicio auxiliar interno ou precisa de fallback/menu novo."
"UNREACHABLE_EXERCISE","artes_marciais","Artes marciais > local marcial > modalidade/foco correspondente","O soto gari por fases","1","triagem de rota/filtro/contexto","A/E/F: rota marcial insuficiente, exercicio auxiliar interno ou precisa de fallback/menu novo."
"UNREACHABLE_EXERCISE","artes_marciais","Artes marciais > local marcial > modalidade/foco correspondente","O goshi por fases","1","triagem de rota/filtro/contexto","A/E/F: rota marcial insuficiente, exercicio auxiliar interno ou precisa de fallback/menu novo."
"UNREACHABLE_EXERCISE","artes_marciais","Artes marciais > local marcial > modalidade/foco correspondente","De ashi barai técnico","1","triagem de rota/filtro/contexto","A/E/F: rota marcial insuficiente, exercicio auxiliar interno ou precisa de fallback/menu novo."
"UNREACHABLE_EXERCISE","artes_marciais","Artes marciais > local marcial > modalidade/foco correspondente","Seoi nage entrada básica","1","triagem de rota/filtro/contexto","A/E/F: rota marcial insuficiente, exercicio auxiliar interno ou precisa de fallback/menu novo."
"UNREACHABLE_EXERCISE","artes_marciais","Artes marciais > local marcial > modalidade/foco correspondente","Kesa gatame básico","1","triagem de rota/filtro/contexto","A/E/F: rota marcial insuficiente, exercicio auxiliar interno ou precisa de fallback/menu novo."
"UNREACHABLE_EXERCISE","artes_marciais","Artes marciais > local marcial > modalidade/foco correspondente","Escape de imobilização básico","1","triagem de rota/filtro/contexto","A/E/F: rota marcial insuficiente, exercicio auxiliar interno ou precisa de fallback/menu novo."
"UNREACHABLE_EXERCISE","artes_marciais","Artes marciais > local marcial > modalidade/foco correspondente","Transição queda para controlo","1","triagem de rota/filtro/contexto","A/E/F: rota marcial insuficiente, exercicio auxiliar interno ou precisa de fallback/menu novo."
"UNREACHABLE_EXERCISE","artes_marciais","Artes marciais > local marcial > modalidade/foco correspondente","Base de Taekwondo estática","1","triagem de rota/filtro/contexto","A/E/F: rota marcial insuficiente, exercicio auxiliar interno ou precisa de fallback/menu novo."
"UNREACHABLE_EXERCISE","artes_marciais","Artes marciais > local marcial > modalidade/foco correspondente","Guarda de Taekwondo","1","triagem de rota/filtro/contexto","A/E/F: rota marcial insuficiente, exercicio auxiliar interno ou precisa de fallback/menu novo."
"UNREACHABLE_EXERCISE","artes_marciais","Artes marciais > local marcial > modalidade/foco correspondente","Bounce step leve","1","triagem de rota/filtro/contexto","A/E/F: rota marcial insuficiente, exercicio auxiliar interno ou precisa de fallback/menu novo."
"UNREACHABLE_EXERCISE","artes_marciais","Artes marciais > local marcial > modalidade/foco correspondente","Entrar e sair da distância de pontapé","1","triagem de rota/filtro/contexto","A/E/F: rota marcial insuficiente, exercicio auxiliar interno ou precisa de fallback/menu novo."
"UNREACHABLE_EXERCISE","artes_marciais","Artes marciais > local marcial > modalidade/foco correspondente","Pontapé frontal por fases","1","triagem de rota/filtro/contexto","A/E/F: rota marcial insuficiente, exercicio auxiliar interno ou precisa de fallback/menu novo."
"UNREACHABLE_EXERCISE","artes_marciais","Artes marciais > local marcial > modalidade/foco correspondente","Pontapé circular baixo","1","triagem de rota/filtro/contexto","A/E/F: rota marcial insuficiente, exercicio auxiliar interno ou precisa de fallback/menu novo."
"UNREACHABLE_EXERCISE","artes_marciais","Artes marciais > local marcial > modalidade/foco correspondente","Pontapé circular médio em alvo","1","triagem de rota/filtro/contexto","A/E/F: rota marcial insuficiente, exercicio auxiliar interno ou precisa de fallback/menu novo."
"UNREACHABLE_EXERCISE","artes_marciais","Artes marciais > local marcial > modalidade/foco correspondente","Pontapé lateral por fases","1","triagem de rota/filtro/contexto","A/E/F: rota marcial insuficiente, exercicio auxiliar interno ou precisa de fallback/menu novo."
"UNREACHABLE_EXERCISE","artes_marciais","Artes marciais > local marcial > modalidade/foco correspondente","Pontapé para trás técnico","1","triagem de rota/filtro/contexto","A/E/F: rota marcial insuficiente, exercicio auxiliar interno ou precisa de fallback/menu novo."
"UNREACHABLE_EXERCISE","artes_marciais","Artes marciais > local marcial > modalidade/foco correspondente","Pontapé descendente controlado","1","triagem de rota/filtro/contexto","A/E/F: rota marcial insuficiente, exercicio auxiliar interno ou precisa de fallback/menu novo."
"UNREACHABLE_EXERCISE","artes_marciais","Artes marciais > local marcial > modalidade/foco correspondente","Hold de câmara de pontapé","1","triagem de rota/filtro/contexto","A/E/F: rota marcial insuficiente, exercicio auxiliar interno ou precisa de fallback/menu novo."
"UNREACHABLE_EXERCISE","artes_marciais","Artes marciais > local marcial > modalidade/foco correspondente","Extensão e recolha lenta","1","triagem de rota/filtro/contexto","A/E/F: rota marcial insuficiente, exercicio auxiliar interno ou precisa de fallback/menu novo."
"UNREACHABLE_EXERCISE","artes_marciais","Artes marciais > local marcial > modalidade/foco correspondente","Equilíbrio em uma perna","1","triagem de rota/filtro/contexto","A/E/F: rota marcial insuficiente, exercicio auxiliar interno ou precisa de fallback/menu novo."
"UNREACHABLE_EXERCISE","artes_marciais","Artes marciais > local marcial > modalidade/foco correspondente","Progressão de altura do pontapé","1","triagem de rota/filtro/contexto","A/E/F: rota marcial insuficiente, exercicio auxiliar interno ou precisa de fallback/menu novo."
"UNREACHABLE_EXERCISE","artes_marciais","Artes marciais > local marcial > modalidade/foco correspondente","Sequência frontal e circular","1","triagem de rota/filtro/contexto","A/E/F: rota marcial insuficiente, exercicio auxiliar interno ou precisa de fallback/menu novo."
"UNREACHABLE_EXERCISE","artes_marciais","Artes marciais > local marcial > modalidade/foco correspondente","Rounds de pontapés técnicos","1","triagem de rota/filtro/contexto","A/E/F: rota marcial insuficiente, exercicio auxiliar interno ou precisa de fallback/menu novo."
"UNREACHABLE_EXERCISE","artes_marciais","Artes marciais > local marcial > modalidade/foco correspondente","Sombra de pontapés","1","triagem de rota/filtro/contexto","A/E/F: rota marcial insuficiente, exercicio auxiliar interno ou precisa de fallback/menu novo."
"UNREACHABLE_EXERCISE","artes_marciais","Artes marciais > local marcial > modalidade/foco correspondente","Mapa rápido de saídas","1","triagem de rota/filtro/contexto","A/E/F: rota marcial insuficiente, exercicio auxiliar interno ou precisa de fallback/menu novo."
"UNREACHABLE_EXERCISE","artes_marciais","Artes marciais > local marcial > modalidade/foco correspondente","Guarda não agressiva","1","triagem de rota/filtro/contexto","A/E/F: rota marcial insuficiente, exercicio auxiliar interno ou precisa de fallback/menu novo."
"UNREACHABLE_EXERCISE","artes_marciais","Artes marciais > local marcial > modalidade/foco correspondente","Guarda defensiva básica","1","triagem de rota/filtro/contexto","A/E/F: rota marcial insuficiente, exercicio auxiliar interno ou precisa de fallback/menu novo."
"UNREACHABLE_EXERCISE","artes_marciais","Artes marciais > local marcial > modalidade/foco correspondente","Passo para trás e ângulo","1","triagem de rota/filtro/contexto","A/E/F: rota marcial insuficiente, exercicio auxiliar interno ou precisa de fallback/menu novo."
"UNREACHABLE_EXERCISE","artes_marciais","Artes marciais > local marcial > modalidade/foco correspondente","Barreira verbal e mãos abertas","1","triagem de rota/filtro/contexto","A/E/F: rota marcial insuficiente, exercicio auxiliar interno ou precisa de fallback/menu novo."
"UNREACHABLE_EXERCISE","artes_marciais","Artes marciais > local marcial > modalidade/foco correspondente","Cobertura básica contra golpes","1","triagem de rota/filtro/contexto","A/E/F: rota marcial insuficiente, exercicio auxiliar interno ou precisa de fallback/menu novo."
"UNREACHABLE_EXERCISE","artes_marciais","Artes marciais > local marcial > modalidade/foco correspondente","Sair da linha de ataque","1","triagem de rota/filtro/contexto","A/E/F: rota marcial insuficiente, exercicio auxiliar interno ou precisa de fallback/menu novo."
"UNREACHABLE_EXERCISE","artes_marciais","Artes marciais > local marcial > modalidade/foco correspondente","Desvio simples de mão","1","triagem de rota/filtro/contexto","A/E/F: rota marcial insuficiente, exercicio auxiliar interno ou precisa de fallback/menu novo."
"UNREACHABLE_EXERCISE","artes_marciais","Artes marciais > local marcial > modalidade/foco correspondente","Entrada defensiva para clinch","1","triagem de rota/filtro/contexto","A/E/F: rota marcial insuficiente, exercicio auxiliar interno ou precisa de fallback/menu novo."
"UNREACHABLE_EXERCISE","artes_marciais","Artes marciais > local marcial > modalidade/foco correspondente","Palm strike e saída","1","triagem de rota/filtro/contexto","A/E/F: rota marcial insuficiente, exercicio auxiliar interno ou precisa de fallback/menu novo."
"UNREACHABLE_EXERCISE","artes_marciais","Artes marciais > local marcial > modalidade/foco correspondente","Saída de agarre no pulso","1","triagem de rota/filtro/contexto","A/E/F: rota marcial insuficiente, exercicio auxiliar interno ou precisa de fallback/menu novo."
"UNREACHABLE_EXERCISE","artes_marciais","Artes marciais > local marcial > modalidade/foco correspondente","Frame no clinch","1","triagem de rota/filtro/contexto","A/E/F: rota marcial insuficiente, exercicio auxiliar interno ou precisa de fallback/menu novo."
"UNREACHABLE_EXERCISE","artes_marciais","Artes marciais > local marcial > modalidade/foco correspondente","Sair do clinch com frame e passo","1","triagem de rota/filtro/contexto","A/E/F: rota marcial insuficiente, exercicio auxiliar interno ou precisa de fallback/menu novo."
"UNREACHABLE_EXERCISE","artes_marciais","Artes marciais > local marcial > modalidade/foco correspondente","Sprawl funcional","1","triagem de rota/filtro/contexto","A/E/F: rota marcial insuficiente, exercicio auxiliar interno ou precisa de fallback/menu novo."
"UNREACHABLE_EXERCISE","artes_marciais","Artes marciais > local marcial > modalidade/foco correspondente","Queda segura funcional","1","triagem de rota/filtro/contexto","A/E/F: rota marcial insuficiente, exercicio auxiliar interno ou precisa de fallback/menu novo."
"UNREACHABLE_EXERCISE","artes_marciais","Artes marciais > local marcial > modalidade/foco correspondente","Frames no chão contra pressão","1","triagem de rota/filtro/contexto","A/E/F: rota marcial insuficiente, exercicio auxiliar interno ou precisa de fallback/menu novo."
"UNREACHABLE_EXERCISE","artes_marciais","Artes marciais > Dojo/Tatami > BJJ > Solo ou Defesa pessoal","Technical stand-up funcional","1","triagem de rota/filtro/contexto","A/E/F: rota marcial insuficiente, exercicio auxiliar interno ou precisa de fallback/menu novo."
"UNREACHABLE_EXERCISE","artes_marciais","Artes marciais > local marcial > modalidade/foco correspondente","Palm strike em alvo","1","triagem de rota/filtro/contexto","A/E/F: rota marcial insuficiente, exercicio auxiliar interno ou precisa de fallback/menu novo."
"UNREACHABLE_EXERCISE","artes_marciais","Artes marciais > local marcial > modalidade/foco correspondente","Low kick simples funcional","1","triagem de rota/filtro/contexto","A/E/F: rota marcial insuficiente, exercicio auxiliar interno ou precisa de fallback/menu novo."
"UNREACHABLE_EXERCISE","artes_marciais","Artes marciais > local marcial > modalidade/foco correspondente","Joelhada simples para criar espaço","1","triagem de rota/filtro/contexto","A/E/F: rota marcial insuficiente, exercicio auxiliar interno ou precisa de fallback/menu novo."
"UNREACHABLE_EXERCISE","artes_marciais","Artes marciais > local marcial > modalidade/foco correspondente","Empurrar e sair","1","triagem de rota/filtro/contexto","A/E/F: rota marcial insuficiente, exercicio auxiliar interno ou precisa de fallback/menu novo."
"UNREACHABLE_EXERCISE","artes_marciais","Artes marciais > local marcial > modalidade/foco correspondente","Drill decisão de fuga","1","triagem de rota/filtro/contexto","A/E/F: rota marcial insuficiente, exercicio auxiliar interno ou precisa de fallback/menu novo."
"UNREACHABLE_EXERCISE","artes_marciais","Artes marciais > local marcial > modalidade/foco correspondente","Regra de múltiplas ameaças","1","triagem de rota/filtro/contexto","A/E/F: rota marcial insuficiente, exercicio auxiliar interno ou precisa de fallback/menu novo."
"UNREACHABLE_EXERCISE","artes_marciais","Artes marciais > local marcial > modalidade/foco correspondente","Sair da parede com ângulo","1","triagem de rota/filtro/contexto","A/E/F: rota marcial insuficiente, exercicio auxiliar interno ou precisa de fallback/menu novo."
"UNREACHABLE_EXERCISE","artes_marciais","Artes marciais > local marcial > modalidade/foco correspondente","Boxe","1","triagem de rota/filtro/contexto","A/E/F: rota marcial insuficiente, exercicio auxiliar interno ou precisa de fallback/menu novo."
"UNREACHABLE_EXERCISE","artes_marciais","Artes marciais > local marcial > modalidade/foco correspondente","Muay Thai","1","triagem de rota/filtro/contexto","A/E/F: rota marcial insuficiente, exercicio auxiliar interno ou precisa de fallback/menu novo."
"UNREACHABLE_EXERCISE","artes_marciais","Artes marciais > local marcial > modalidade/foco correspondente","Jiu-Jitsu / BJJ","1","triagem de rota/filtro/contexto","A/E/F: rota marcial insuficiente, exercicio auxiliar interno ou precisa de fallback/menu novo."
"UNREACHABLE_EXERCISE","artes_marciais","Artes marciais > local marcial > modalidade/foco correspondente","Judo","1","triagem de rota/filtro/contexto","A/E/F: rota marcial insuficiente, exercicio auxiliar interno ou precisa de fallback/menu novo."
"UNREACHABLE_EXERCISE","mobilidade","Mobilidade > articulacao/zona correspondente","CARs cervicais suaves","1","triagem de rota/filtro/contexto","A/F: menu do dominio e generico demais ou precisa de fallback/rota por zona."
"UNREACHABLE_EXERCISE","mobilidade","Mobilidade > articulacao/zona correspondente","Chin tuck deitado","1","triagem de rota/filtro/contexto","A/F: menu do dominio e generico demais ou precisa de fallback/rota por zona."
"UNREACHABLE_EXERCISE","mobilidade","Mobilidade > articulacao/zona correspondente","Extensão torácica no chão","1","triagem de rota/filtro/contexto","A/F: menu do dominio e generico demais ou precisa de fallback/rota por zona."
"UNREACHABLE_EXERCISE","mobilidade","Mobilidade > articulacao/zona correspondente","Extensão torácica sobre rolo","1","triagem de rota/filtro/contexto","A/F: menu do dominio e generico demais ou precisa de fallback/rota por zona."
"UNREACHABLE_EXERCISE","mobilidade","Mobilidade > articulacao/zona correspondente","Rotação torácica em quadrupedia","1","triagem de rota/filtro/contexto","A/F: menu do dominio e generico demais ou precisa de fallback/rota por zona."
"UNREACHABLE_EXERCISE","mobilidade","Mobilidade > articulacao/zona correspondente","Thread the needle","1","triagem de rota/filtro/contexto","A/F: menu do dominio e generico demais ou precisa de fallback/rota por zona."
"UNREACHABLE_EXERCISE","mobilidade","Mobilidade > articulacao/zona correspondente","Thread the needle com alcance","1","triagem de rota/filtro/contexto","A/F: menu do dominio e generico demais ou precisa de fallback/rota por zona."
"UNREACHABLE_EXERCISE","mobilidade","Mobilidade > articulacao/zona correspondente","Respiração costal deitada","1","triagem de rota/filtro/contexto","A/F: menu do dominio e generico demais ou precisa de fallback/rota por zona."
"UNREACHABLE_EXERCISE","mobilidade","Mobilidade > articulacao/zona correspondente","Wall angels","1","triagem de rota/filtro/contexto","A/F: menu do dominio e generico demais ou precisa de fallback/rota por zona."
"UNREACHABLE_EXERCISE","mobilidade","Mobilidade > articulacao/zona correspondente","Elevação de braços contra parede","1","triagem de rota/filtro/contexto","A/F: menu do dominio e generico demais ou precisa de fallback/rota por zona."
"UNREACHABLE_EXERCISE","mobilidade","Mobilidade > articulacao/zona correspondente","Pelvic tilts deitado","1","triagem de rota/filtro/contexto","A/F: menu do dominio e generico demais ou precisa de fallback/rota por zona."
"UNREACHABLE_EXERCISE","mobilidade","Mobilidade > articulacao/zona correspondente","Pelvic tilts em quadrupedia","1","triagem de rota/filtro/contexto","A/F: menu do dominio e generico demais ou precisa de fallback/rota por zona."
"UNREACHABLE_EXERCISE","mobilidade","Mobilidade > articulacao/zona correspondente","Rock back com coluna neutra","1","triagem de rota/filtro/contexto","A/F: menu do dominio e generico demais ou precisa de fallback/rota por zona."
"UNREACHABLE_EXERCISE","mobilidade","Mobilidade > articulacao/zona correspondente","Hinge drill sem carga","1","triagem de rota/filtro/contexto","A/F: menu do dominio e generico demais ou precisa de fallback/rota por zona."
"UNREACHABLE_EXERCISE","mobilidade","Mobilidade > articulacao/zona correspondente","Cat cow controlado","1","triagem de rota/filtro/contexto","A/F: menu do dominio e generico demais ou precisa de fallback/rota por zona."
"UNREACHABLE_EXERCISE","mobilidade","Mobilidade > articulacao/zona correspondente","Rotação lombar deitado joelhos lado a lado","1","triagem de rota/filtro/contexto","A/F: menu do dominio e generico demais ou precisa de fallback/rota por zona."
"UNREACHABLE_EXERCISE","mobilidade","Mobilidade > articulacao/zona correspondente","Dead bug com retroversão","1","triagem de rota/filtro/contexto","A/F: menu do dominio e generico demais ou precisa de fallback/rota por zona."
"UNREACHABLE_EXERCISE","mobilidade","Mobilidade > articulacao/zona correspondente","Respiração com bracing leve","1","triagem de rota/filtro/contexto","A/F: menu do dominio e generico demais ou precisa de fallback/rota por zona."
"UNREACHABLE_EXERCISE","mobilidade","Mobilidade > articulacao/zona correspondente","Scapular push-up","1","triagem de rota/filtro/contexto","A/F: menu do dominio e generico demais ou precisa de fallback/rota por zona."
"UNREACHABLE_EXERCISE","mobilidade","Mobilidade > articulacao/zona correspondente","Protração e retração em quadrupedia","1","triagem de rota/filtro/contexto","A/F: menu do dominio e generico demais ou precisa de fallback/rota por zona."
"UNREACHABLE_EXERCISE","mobilidade","Mobilidade > articulacao/zona correspondente","Elevação e depressão escapular em pé","1","triagem de rota/filtro/contexto","A/F: menu do dominio e generico demais ou precisa de fallback/rota por zona."
"UNREACHABLE_EXERCISE","mobilidade","Mobilidade > articulacao/zona correspondente","Depressão escapular na barra","1","triagem de rota/filtro/contexto","A/F: menu do dominio e generico demais ou precisa de fallback/rota por zona."
"UNREACHABLE_EXERCISE","mobilidade","Mobilidade > articulacao/zona correspondente","Serratus reach","1","triagem de rota/filtro/contexto","A/F: menu do dominio e generico demais ou precisa de fallback/rota por zona."
"UNREACHABLE_EXERCISE","mobilidade","Mobilidade > articulacao/zona correspondente","Prancha com protração escapular","1","triagem de rota/filtro/contexto","A/F: menu do dominio e generico demais ou precisa de fallback/rota por zona."
"UNREACHABLE_EXERCISE","mobilidade","Mobilidade > articulacao/zona correspondente","Bear position scapular control","1","triagem de rota/filtro/contexto","A/F: menu do dominio e generico demais ou precisa de fallback/rota por zona."
"UNREACHABLE_EXERCISE","mobilidade","Mobilidade > articulacao/zona correspondente","Scapular pull-up","1","triagem de rota/filtro/contexto","A/F: menu do dominio e generico demais ou precisa de fallback/rota por zona."
"UNREACHABLE_EXERCISE","mobilidade","Mobilidade > articulacao/zona correspondente","CARs escapulares em pé","1","triagem de rota/filtro/contexto","A/F: menu do dominio e generico demais ou precisa de fallback/rota por zona."
"UNREACHABLE_EXERCISE","mobilidade","Mobilidade > articulacao/zona correspondente","Flexão de ombro deitado","1","triagem de rota/filtro/contexto","A/F: menu do dominio e generico demais ou precisa de fallback/rota por zona."
"UNREACHABLE_EXERCISE","mobilidade","Mobilidade > articulacao/zona correspondente","Elevação de braços na parede","1","triagem de rota/filtro/contexto","A/F: menu do dominio e generico demais ou precisa de fallback/rota por zona."
"UNREACHABLE_EXERCISE","mobilidade","Mobilidade > articulacao/zona correspondente","Shoulder extension lift-off","1","triagem de rota/filtro/contexto","A/F: menu do dominio e generico demais ou precisa de fallback/rota por zona."
"UNREACHABLE_EXERCISE","mobilidade","Mobilidade > articulacao/zona correspondente","Rotação externa com cotovelo junto ao corpo","1","triagem de rota/filtro/contexto","A/F: menu do dominio e generico demais ou precisa de fallback/rota por zona."
"UNREACHABLE_EXERCISE","mobilidade","Mobilidade > articulacao/zona correspondente","Rotação externa deitado de lado","1","triagem de rota/filtro/contexto","A/F: menu do dominio e generico demais ou precisa de fallback/rota por zona."
"UNREACHABLE_EXERCISE","mobilidade","Mobilidade > articulacao/zona correspondente","Rotação interna com cotovelo junto ao corpo","1","triagem de rota/filtro/contexto","A/F: menu do dominio e generico demais ou precisa de fallback/rota por zona."
"UNREACHABLE_EXERCISE","mobilidade","Mobilidade > articulacao/zona correspondente","Shoulder CARs","1","triagem de rota/filtro/contexto","A/F: menu do dominio e generico demais ou precisa de fallback/rota por zona."
"UNREACHABLE_EXERCISE","mobilidade","Mobilidade > articulacao/zona correspondente","Overhead hold sem carga","1","triagem de rota/filtro/contexto","A/F: menu do dominio e generico demais ou precisa de fallback/rota por zona."
"UNREACHABLE_EXERCISE","mobilidade","Mobilidade > articulacao/zona correspondente","Passagens com cabo de vassoura","1","triagem de rota/filtro/contexto","A/F: menu do dominio e generico demais ou precisa de fallback/rota por zona."
"UNREACHABLE_EXERCISE","mobilidade","Mobilidade > articulacao/zona correspondente","Shoulder dislocates controlados","1","triagem de rota/filtro/contexto","A/F: menu do dominio e generico demais ou precisa de fallback/rota por zona."
"UNREACHABLE_EXERCISE","mobilidade","Mobilidade > articulacao/zona correspondente","Guarda alta com respiração","1","triagem de rota/filtro/contexto","A/F: menu do dominio e generico demais ou precisa de fallback/rota por zona."
"UNREACHABLE_EXERCISE","mobilidade","Mobilidade > articulacao/zona correspondente","Guarda alta com passos leves","1","triagem de rota/filtro/contexto","A/F: menu do dominio e generico demais ou precisa de fallback/rota por zona."
"UNREACHABLE_EXERCISE","mobilidade","Mobilidade > articulacao/zona correspondente","Flexão e extensão ativa do cotovelo","1","triagem de rota/filtro/contexto","A/F: menu do dominio e generico demais ou precisa de fallback/rota por zona."
"UNREACHABLE_EXERCISE","mobilidade","Mobilidade > articulacao/zona correspondente","Extensão terminal do cotovelo leve","1","triagem de rota/filtro/contexto","A/F: menu do dominio e generico demais ou precisa de fallback/rota por zona."
"UNREACHABLE_EXERCISE","mobilidade","Mobilidade > articulacao/zona correspondente","Pronação e supinação com cotovelo fixo","1","triagem de rota/filtro/contexto","A/F: menu do dominio e generico demais ou precisa de fallback/rota por zona."
"UNREACHABLE_EXERCISE","mobilidade","Mobilidade > articulacao/zona correspondente","Pronação e supinação com halter leve","1","triagem de rota/filtro/contexto","A/F: menu do dominio e generico demais ou precisa de fallback/rota por zona."
"UNREACHABLE_EXERCISE","mobilidade","Mobilidade > articulacao/zona correspondente","Isometria leve de cotovelo a 90 graus","1","triagem de rota/filtro/contexto","A/F: menu do dominio e generico demais ou precisa de fallback/rota por zona."
"UNREACHABLE_EXERCISE","mobilidade","Mobilidade > articulacao/zona correspondente","Frames leves em quadrupedia","1","triagem de rota/filtro/contexto","A/F: menu do dominio e generico demais ou precisa de fallback/rota por zona."
"UNREACHABLE_EXERCISE","mobilidade","Mobilidade > articulacao/zona correspondente","Desvio radial e ulnar ativo","1","triagem de rota/filtro/contexto","A/F: menu do dominio e generico demais ou precisa de fallback/rota por zona."
"UNREACHABLE_EXERCISE","mobilidade","Mobilidade > articulacao/zona correspondente","Rocking de punho em quadrupedia","1","triagem de rota/filtro/contexto","A/F: menu do dominio e generico demais ou precisa de fallback/rota por zona."
"UNREACHABLE_EXERCISE","mobilidade","Mobilidade > articulacao/zona correspondente","Extensão de punho com palmas no chão","1","triagem de rota/filtro/contexto","A/F: menu do dominio e generico demais ou precisa de fallback/rota por zona."
"UNREACHABLE_EXERCISE","mobilidade","Mobilidade > articulacao/zona correspondente","Punhos para flexões","1","triagem de rota/filtro/contexto","A/F: menu do dominio e generico demais ou precisa de fallback/rota por zona."
"UNREACHABLE_EXERCISE","mobilidade","Mobilidade > articulacao/zona correspondente","Abrir e fechar dedos","1","triagem de rota/filtro/contexto","A/F: menu do dominio e generico demais ou precisa de fallback/rota por zona."
"UNREACHABLE_EXERCISE","mobilidade","Mobilidade > articulacao/zona correspondente","Extensão dos dedos com elástico","1","triagem de rota/filtro/contexto","A/F: menu do dominio e generico demais ou precisa de fallback/rota por zona."
"UNREACHABLE_EXERCISE","mobilidade","Mobilidade > articulacao/zona correspondente","Ondas dos dedos","1","triagem de rota/filtro/contexto","A/F: menu do dominio e generico demais ou precisa de fallback/rota por zona."
"UNREACHABLE_EXERCISE","mobilidade","Mobilidade > articulacao/zona correspondente","Aquecimento de dedos para kimono","1","triagem de rota/filtro/contexto","A/F: menu do dominio e generico demais ou precisa de fallback/rota por zona."
"UNREACHABLE_EXERCISE","mobilidade","Mobilidade > articulacao/zona correspondente","Flexão de anca em pé com apoio","1","triagem de rota/filtro/contexto","A/F: menu do dominio e generico demais ou precisa de fallback/rota por zona."
"UNREACHABLE_EXERCISE","mobilidade","Mobilidade > articulacao/zona correspondente","Marcha lenta com joelho alto","1","triagem de rota/filtro/contexto","A/F: menu do dominio e generico demais ou precisa de fallback/rota por zona."
"UNREACHABLE_EXERCISE","mobilidade","Mobilidade > articulacao/zona correspondente","Extensão de anca em quadrupedia","1","triagem de rota/filtro/contexto","A/F: menu do dominio e generico demais ou precisa de fallback/rota por zona."
"UNREACHABLE_EXERCISE","mobilidade","Mobilidade > articulacao/zona correspondente","Hip extension lift-off","1","triagem de rota/filtro/contexto","A/F: menu do dominio e generico demais ou precisa de fallback/rota por zona."
"UNREACHABLE_EXERCISE","mobilidade","Mobilidade > articulacao/zona correspondente","Rotação interna de anca sentado","1","triagem de rota/filtro/contexto","A/F: menu do dominio e generico demais ou precisa de fallback/rota por zona."
"UNREACHABLE_EXERCISE","mobilidade","Mobilidade > articulacao/zona correspondente","90/90 lift-off rotação interna","1","triagem de rota/filtro/contexto","A/F: menu do dominio e generico demais ou precisa de fallback/rota por zona."
"UNREACHABLE_EXERCISE","mobilidade","Mobilidade > articulacao/zona correspondente","Rotação externa de anca sentado","1","triagem de rota/filtro/contexto","A/F: menu do dominio e generico demais ou precisa de fallback/rota por zona."
"UNREACHABLE_EXERCISE","mobilidade","Mobilidade > articulacao/zona correspondente","Pigeon ativo","1","triagem de rota/filtro/contexto","A/F: menu do dominio e generico demais ou precisa de fallback/rota por zona."
"UNREACHABLE_EXERCISE","mobilidade","Ativacao > Adutores","Rock back de adutores","1","triagem de rota/filtro/contexto","A/F: menu do dominio e generico demais ou precisa de fallback/rota por zona."
"UNREACHABLE_EXERCISE","mobilidade","Mobilidade > articulacao/zona correspondente","Cossack squat assistido","1","triagem de rota/filtro/contexto","A/F: menu do dominio e generico demais ou precisa de fallback/rota por zona."
"UNREACHABLE_EXERCISE","mobilidade","Mobilidade > articulacao/zona correspondente","Hip CARs em pé com apoio","1","triagem de rota/filtro/contexto","A/F: menu do dominio e generico demais ou precisa de fallback/rota por zona."
"UNREACHABLE_EXERCISE","mobilidade","Mobilidade > articulacao/zona correspondente","Hip CARs em quadrupedia","1","triagem de rota/filtro/contexto","A/F: menu do dominio e generico demais ou precisa de fallback/rota por zona."
"UNREACHABLE_EXERCISE","mobilidade","Mobilidade > articulacao/zona correspondente","90/90 switches","1","triagem de rota/filtro/contexto","A/F: menu do dominio e generico demais ou precisa de fallback/rota por zona."
"UNREACHABLE_EXERCISE","mobilidade","Mobilidade > articulacao/zona correspondente","90/90 hold ativo","1","triagem de rota/filtro/contexto","A/F: menu do dominio e generico demais ou precisa de fallback/rota por zona."
"UNREACHABLE_EXERCISE","mobilidade","Mobilidade > articulacao/zona correspondente","Agachamento profundo assistido","1","triagem de rota/filtro/contexto","A/F: menu do dominio e generico demais ou precisa de fallback/rota por zona."
"UNREACHABLE_EXERCISE","mobilidade","Mobilidade > articulacao/zona correspondente","Squat pry leve","1","triagem de rota/filtro/contexto","A/F: menu do dominio e generico demais ou precisa de fallback/rota por zona."
"UNREACHABLE_EXERCISE","mobilidade","Mobilidade > articulacao/zona correspondente","Câmara de pontapé frontal","1","triagem de rota/filtro/contexto","A/F: menu do dominio e generico demais ou precisa de fallback/rota por zona."
"UNREACHABLE_EXERCISE","mobilidade","Mobilidade > articulacao/zona correspondente","Câmara de pontapé circular","1","triagem de rota/filtro/contexto","A/F: menu do dominio e generico demais ou precisa de fallback/rota por zona."
"UNREACHABLE_EXERCISE","mobilidade","Mobilidade > articulacao/zona correspondente","Recolha lenta do pontapé","1","triagem de rota/filtro/contexto","A/F: menu do dominio e generico demais ou precisa de fallback/rota por zona."
"UNREACHABLE_EXERCISE","mobilidade","Mobilidade > articulacao/zona correspondente","Hip heist lento","1","triagem de rota/filtro/contexto","A/F: menu do dominio e generico demais ou precisa de fallback/rota por zona."
"UNREACHABLE_EXERCISE","mobilidade","Mobilidade > articulacao/zona correspondente","Shin box switch","1","triagem de rota/filtro/contexto","A/F: menu do dominio e generico demais ou precisa de fallback/rota por zona."
"UNREACHABLE_EXERCISE","mobilidade","Mobilidade > articulacao/zona correspondente","Heel slides","1","triagem de rota/filtro/contexto","A/F: menu do dominio e generico demais ou precisa de fallback/rota por zona."
"UNREACHABLE_EXERCISE","mobilidade","Mobilidade > articulacao/zona correspondente","Flexão de joelho em pé","1","triagem de rota/filtro/contexto","A/F: menu do dominio e generico demais ou precisa de fallback/rota por zona."
"UNREACHABLE_EXERCISE","mobilidade","Mobilidade > articulacao/zona correspondente","Extensão ativa do joelho sentado","1","triagem de rota/filtro/contexto","A/F: menu do dominio e generico demais ou precisa de fallback/rota por zona."
"UNREACHABLE_EXERCISE","mobilidade","Mobilidade > articulacao/zona correspondente","Extensão terminal do joelho com elástico","1","triagem de rota/filtro/contexto","A/F: menu do dominio e generico demais ou precisa de fallback/rota por zona."
"UNREACHABLE_EXERCISE","mobilidade","Mobilidade > articulacao/zona correspondente","Agachamento para cadeira controlado","1","triagem de rota/filtro/contexto","A/F: menu do dominio e generico demais ou precisa de fallback/rota por zona."
"UNREACHABLE_EXERCISE","mobilidade","Mobilidade > articulacao/zona correspondente","Step down controlado","1","triagem de rota/filtro/contexto","A/F: menu do dominio e generico demais ou precisa de fallback/rota por zona."
"UNREACHABLE_EXERCISE","mobilidade","Mobilidade > articulacao/zona correspondente","Split squat parcial controlado","1","triagem de rota/filtro/contexto","A/F: menu do dominio e generico demais ou precisa de fallback/rota por zona."
"UNREACHABLE_EXERCISE","mobilidade","Mobilidade > articulacao/zona correspondente","Base marcial com joelho alinhado","1","triagem de rota/filtro/contexto","A/F: menu do dominio e generico demais ou precisa de fallback/rota por zona."
"UNREACHABLE_EXERCISE","mobilidade","Mobilidade > articulacao/zona correspondente","Knee to wall","1","triagem de rota/filtro/contexto","A/F: menu do dominio e generico demais ou precisa de fallback/rota por zona."
"UNREACHABLE_EXERCISE","mobilidade","Mobilidade > articulacao/zona correspondente","Flexão plantar ativa","1","triagem de rota/filtro/contexto","A/F: menu do dominio e generico demais ou precisa de fallback/rota por zona."
"UNREACHABLE_EXERCISE","mobilidade","Mobilidade > articulacao/zona correspondente","Apontar e puxar o pé","1","triagem de rota/filtro/contexto","A/F: menu do dominio e generico demais ou precisa de fallback/rota por zona."
"UNREACHABLE_EXERCISE","mobilidade","Mobilidade > articulacao/zona correspondente","Inversão e eversão ativas","1","triagem de rota/filtro/contexto","A/F: menu do dominio e generico demais ou precisa de fallback/rota por zona."
"UNREACHABLE_EXERCISE","mobilidade","Mobilidade > articulacao/zona correspondente","Inversão e eversão com elástico leve","1","triagem de rota/filtro/contexto","A/F: menu do dominio e generico demais ou precisa de fallback/rota por zona."
"UNREACHABLE_EXERCISE","mobilidade","Mobilidade > articulacao/zona correspondente","Mobilidade de tornozelo em agachamento","1","triagem de rota/filtro/contexto","A/F: menu do dominio e generico demais ou precisa de fallback/rota por zona."
"UNREACHABLE_EXERCISE","mobilidade","Mobilidade > articulacao/zona correspondente","Pogo prep leve","1","triagem de rota/filtro/contexto","A/F: menu do dominio e generico demais ou precisa de fallback/rota por zona."
"UNREACHABLE_EXERCISE","mobilidade","Mobilidade > articulacao/zona correspondente","Pivots controlados","1","triagem de rota/filtro/contexto","A/F: menu do dominio e generico demais ou precisa de fallback/rota por zona."
"UNREACHABLE_EXERCISE","mobilidade","Mobilidade > articulacao/zona correspondente","Short foot","1","triagem de rota/filtro/contexto","A/F: menu do dominio e generico demais ou precisa de fallback/rota por zona."
"UNREACHABLE_EXERCISE","mobilidade","Mobilidade > articulacao/zona correspondente","Doming do pé","1","triagem de rota/filtro/contexto","A/F: menu do dominio e generico demais ou precisa de fallback/rota por zona."
"UNREACHABLE_EXERCISE","mobilidade","Mobilidade > articulacao/zona correspondente","Elevação do dedo grande","1","triagem de rota/filtro/contexto","A/F: menu do dominio e generico demais ou precisa de fallback/rota por zona."
"UNREACHABLE_EXERCISE","mobilidade","Mobilidade > articulacao/zona correspondente","Elevação dos quatro dedos","1","triagem de rota/filtro/contexto","A/F: menu do dominio e generico demais ou precisa de fallback/rota por zona."
"UNREACHABLE_EXERCISE","mobilidade","Mobilidade > articulacao/zona correspondente","Flexão dos dedos na toalha","1","triagem de rota/filtro/contexto","A/F: menu do dominio e generico demais ou precisa de fallback/rota por zona."
"UNREACHABLE_EXERCISE","mobilidade","Mobilidade > articulacao/zona correspondente","Mobilidade do dedo grande na parede","1","triagem de rota/filtro/contexto","A/F: menu do dominio e generico demais ou precisa de fallback/rota por zona."
"UNREACHABLE_EXERCISE","mobilidade","Mobilidade > articulacao/zona correspondente","Pronação e supinação controlada do pé","1","triagem de rota/filtro/contexto","A/F: menu do dominio e generico demais ou precisa de fallback/rota por zona."
"UNREACHABLE_EXERCISE","mobilidade","Mobilidade > articulacao/zona correspondente","Equilíbrio unipodal","1","triagem de rota/filtro/contexto","A/F: menu do dominio e generico demais ou precisa de fallback/rota por zona."
"UNREACHABLE_EXERCISE","mobilidade","Mobilidade > articulacao/zona correspondente","Sit to stand sem mãos","1","triagem de rota/filtro/contexto","A/F: menu do dominio e generico demais ou precisa de fallback/rota por zona."
"UNREACHABLE_EXERCISE","artes_marciais","Artes marciais > Dojo/Tatami > BJJ > Solo ou Defesa pessoal","Technical stand-up lento","1","triagem de rota/filtro/contexto","A/E/F: rota marcial insuficiente, exercicio auxiliar interno ou precisa de fallback/menu novo."
"UNREACHABLE_EXERCISE","mobilidade","Mobilidade > articulacao/zona correspondente","Entrar e sair do agachamento profundo assistido","1","triagem de rota/filtro/contexto","A/F: menu do dominio e generico demais ou precisa de fallback/rota por zona."
"UNREACHABLE_EXERCISE","mobilidade","Mobilidade > articulacao/zona correspondente","Agachamento profundo com troca de peso","1","triagem de rota/filtro/contexto","A/F: menu do dominio e generico demais ou precisa de fallback/rota por zona."
"UNREACHABLE_EXERCISE","mobilidade","Mobilidade > articulacao/zona correspondente","Bear crawl leve","1","triagem de rota/filtro/contexto","A/F: menu do dominio e generico demais ou precisa de fallback/rota por zona."
"UNREACHABLE_EXERCISE","mobilidade","Mobilidade > articulacao/zona correspondente","Crawling em quadrupedia lento","1","triagem de rota/filtro/contexto","A/F: menu do dominio e generico demais ou precisa de fallback/rota por zona."
"UNREACHABLE_EXERCISE","mobilidade","Mobilidade > articulacao/zona correspondente","Rolamento lateral controlado","1","triagem de rota/filtro/contexto","A/F: menu do dominio e generico demais ou precisa de fallback/rota por zona."
"UNREACHABLE_EXERCISE","mobilidade","Mobilidade > articulacao/zona correspondente","Rolamento frontal suave","1","triagem de rota/filtro/contexto","A/F: menu do dominio e generico demais ou precisa de fallback/rota por zona."
"UNREACHABLE_EXERCISE","mobilidade","Mobilidade > articulacao/zona correspondente","World greatest stretch flow","1","triagem de rota/filtro/contexto","A/F: menu do dominio e generico demais ou precisa de fallback/rota por zona."
"UNREACHABLE_EXERCISE","mobilidade","Mobilidade > articulacao/zona correspondente","Flow guarda, chão e levantar","1","triagem de rota/filtro/contexto","A/F: menu do dominio e generico demais ou precisa de fallback/rota por zona."
"UNREACHABLE_EXERCISE","mobilidade","Mobilidade > articulacao/zona correspondente","Câmara de pontapé frontal com apoio","1","triagem de rota/filtro/contexto","A/F: menu do dominio e generico demais ou precisa de fallback/rota por zona."
"UNREACHABLE_EXERCISE","mobilidade","Mobilidade > articulacao/zona correspondente","Câmara de pontapé circular com apoio","1","triagem de rota/filtro/contexto","A/F: menu do dominio e generico demais ou precisa de fallback/rota por zona."
"UNREACHABLE_EXERCISE","mobilidade","Mobilidade > articulacao/zona correspondente","Pontapé lento sem impacto","1","triagem de rota/filtro/contexto","A/F: menu do dominio e generico demais ou precisa de fallback/rota por zona."
"UNREACHABLE_EXERCISE","mobilidade","Mobilidade > articulacao/zona correspondente","90/90 para guarda no chão","1","triagem de rota/filtro/contexto","A/F: menu do dominio e generico demais ou precisa de fallback/rota por zona."
"UNREACHABLE_EXERCISE","mobilidade","Mobilidade > articulacao/zona correspondente","Shrimp lento de mobilidade","1","triagem de rota/filtro/contexto","A/F: menu do dominio e generico demais ou precisa de fallback/rota por zona."
"UNREACHABLE_EXERCISE","mobilidade","Mobilidade > articulacao/zona correspondente","Sprawl lento por fases","1","triagem de rota/filtro/contexto","A/F: menu do dominio e generico demais ou precisa de fallback/rota por zona."
"UNREACHABLE_EXERCISE","artes_marciais","Artes marciais > Dojo/Tatami > BJJ > Solo ou Defesa pessoal","Technical stand-up lento por fases","1","triagem de rota/filtro/contexto","A/E/F: rota marcial insuficiente, exercicio auxiliar interno ou precisa de fallback/menu novo."
"UNREACHABLE_EXERCISE","mobilidade","Mobilidade > articulacao/zona correspondente","Postura de clinch sem parceiro","1","triagem de rota/filtro/contexto","A/F: menu do dominio e generico demais ou precisa de fallback/rota por zona."
"UNREACHABLE_EXERCISE","mobilidade","Mobilidade > articulacao/zona correspondente","Pivot lento de boxe","1","triagem de rota/filtro/contexto","A/F: menu do dominio e generico demais ou precisa de fallback/rota por zona."
"UNREACHABLE_EXERCISE","mobilidade","Mobilidade > articulacao/zona correspondente","Pivot para pontapé circular","1","triagem de rota/filtro/contexto","A/F: menu do dominio e generico demais ou precisa de fallback/rota por zona."
"UNREACHABLE_EXERCISE","mobilidade","Mobilidade > articulacao/zona correspondente","Preparação de punhos para ukemi","1","triagem de rota/filtro/contexto","A/F: menu do dominio e generico demais ou precisa de fallback/rota por zona."
"UNREACHABLE_EXERCISE","mobilidade","Mobilidade > articulacao/zona correspondente","Rolamento suave de preparação","1","triagem de rota/filtro/contexto","A/F: menu do dominio e generico demais ou precisa de fallback/rota por zona."
"UNREACHABLE_EXERCISE","mobilidade","Mobilidade > articulacao/zona correspondente","mobilidade","1","triagem de rota/filtro/contexto","A/F: menu do dominio e generico demais ou precisa de fallback/rota por zona."
"UNREACHABLE_EXERCISE","elasticidade","Elasticidade > zona/articulacao correspondente","Inclinação lateral do pescoço sentado","1","triagem de rota/filtro/contexto","A/F: menu do dominio e generico demais ou precisa de fallback/rota por zona."
"UNREACHABLE_EXERCISE","elasticidade","Elasticidade > zona/articulacao correspondente","Inclinação lateral com mão atrás das costas","1","triagem de rota/filtro/contexto","A/F: menu do dominio e generico demais ou precisa de fallback/rota por zona."
"UNREACHABLE_EXERCISE","elasticidade","Elasticidade > zona/articulacao correspondente","Alongamento do trapézio superior sentado","1","triagem de rota/filtro/contexto","A/F: menu do dominio e generico demais ou precisa de fallback/rota por zona."
"UNREACHABLE_EXERCISE","elasticidade","Elasticidade > zona/articulacao correspondente","Trapézio superior com mão presa à cadeira","1","triagem de rota/filtro/contexto","A/F: menu do dominio e generico demais ou precisa de fallback/rota por zona."
"UNREACHABLE_EXERCISE","elasticidade","Elasticidade > zona/articulacao correspondente","Alongamento do elevador da escápula em diagonal","1","triagem de rota/filtro/contexto","A/F: menu do dominio e generico demais ou precisa de fallback/rota por zona."
"UNREACHABLE_EXERCISE","elasticidade","Elasticidade > zona/articulacao correspondente","Alongamento suave dos escalenos com respiração","1","triagem de rota/filtro/contexto","A/F: menu do dominio e generico demais ou precisa de fallback/rota por zona."
"UNREACHABLE_EXERCISE","elasticidade","Elasticidade > zona/articulacao correspondente","Relaxamento suboccipital deitado","1","triagem de rota/filtro/contexto","A/F: menu do dominio e generico demais ou precisa de fallback/rota por zona."
"UNREACHABLE_EXERCISE","elasticidade","Elasticidade > zona/articulacao correspondente","Sequência cervical leve pós-treino","1","triagem de rota/filtro/contexto","A/F: menu do dominio e generico demais ou precisa de fallback/rota por zona."
"UNREACHABLE_EXERCISE","elasticidade","Elasticidade > zona/articulacao correspondente","Alongamento de peito na porta","1","triagem de rota/filtro/contexto","A/F: menu do dominio e generico demais ou precisa de fallback/rota por zona."
"UNREACHABLE_EXERCISE","elasticidade","Elasticidade > zona/articulacao correspondente","Alongamento unilateral de peito na porta","1","triagem de rota/filtro/contexto","A/F: menu do dominio e generico demais ou precisa de fallback/rota por zona."
"UNREACHABLE_EXERCISE","elasticidade","Elasticidade > zona/articulacao correspondente","Alongamento de peito no canto","1","triagem de rota/filtro/contexto","A/F: menu do dominio e generico demais ou precisa de fallback/rota por zona."
"UNREACHABLE_EXERCISE","elasticidade","Elasticidade > zona/articulacao correspondente","Mãos atrás das costas","1","triagem de rota/filtro/contexto","A/F: menu do dominio e generico demais ou precisa de fallback/rota por zona."
"UNREACHABLE_EXERCISE","elasticidade","Elasticidade > zona/articulacao correspondente","Ombro anterior com mãos apoiadas atrás","1","triagem de rota/filtro/contexto","A/F: menu do dominio e generico demais ou precisa de fallback/rota por zona."
"UNREACHABLE_EXERCISE","elasticidade","Elasticidade > zona/articulacao correspondente","Alongamento do bíceps na parede","1","triagem de rota/filtro/contexto","A/F: menu do dominio e generico demais ou precisa de fallback/rota por zona."
"UNREACHABLE_EXERCISE","elasticidade","Elasticidade > zona/articulacao correspondente","Bíceps com palma na parede dedos para trás","1","triagem de rota/filtro/contexto","A/F: menu do dominio e generico demais ou precisa de fallback/rota por zona."
"UNREACHABLE_EXERCISE","elasticidade","Elasticidade > zona/articulacao correspondente","Abertura dinâmica de braços","1","triagem de rota/filtro/contexto","A/F: menu do dominio e generico demais ou precisa de fallback/rota por zona."
"UNREACHABLE_EXERCISE","elasticidade","Elasticidade > zona/articulacao correspondente","Cooldown de peito pós-empurrar","1","triagem de rota/filtro/contexto","A/F: menu do dominio e generico demais ou precisa de fallback/rota por zona."
"UNREACHABLE_EXERCISE","elasticidade","Elasticidade > zona/articulacao correspondente","Child pose com braços longos","1","triagem de rota/filtro/contexto","A/F: menu do dominio e generico demais ou precisa de fallback/rota por zona."
"UNREACHABLE_EXERCISE","elasticidade","Elasticidade > zona/articulacao correspondente","Child pose com mãos em banco","1","triagem de rota/filtro/contexto","A/F: menu do dominio e generico demais ou precisa de fallback/rota por zona."
"UNREACHABLE_EXERCISE","elasticidade","Elasticidade > zona/articulacao correspondente","Child pose lateral","1","triagem de rota/filtro/contexto","A/F: menu do dominio e generico demais ou precisa de fallback/rota por zona."
"UNREACHABLE_EXERCISE","elasticidade","Elasticidade > zona/articulacao correspondente","Alongamento lateral em pé","1","triagem de rota/filtro/contexto","A/F: menu do dominio e generico demais ou precisa de fallback/rota por zona."
"UNREACHABLE_EXERCISE","elasticidade","Elasticidade > zona/articulacao correspondente","Suspensão passiva leve na barra","1","triagem de rota/filtro/contexto","A/F: menu do dominio e generico demais ou precisa de fallback/rota por zona."
"UNREACHABLE_EXERCISE","elasticidade","Elasticidade > zona/articulacao correspondente","Suspensão com pés apoiados","1","triagem de rota/filtro/contexto","A/F: menu do dominio e generico demais ou precisa de fallback/rota por zona."
"UNREACHABLE_EXERCISE","elasticidade","Elasticidade > zona/articulacao correspondente","Alongamento do quadrado lombar sentado","1","triagem de rota/filtro/contexto","A/F: menu do dominio e generico demais ou precisa de fallback/rota por zona."
"UNREACHABLE_EXERCISE","elasticidade","Elasticidade > zona/articulacao correspondente","Alongamento lateral com respiração","1","triagem de rota/filtro/contexto","A/F: menu do dominio e generico demais ou precisa de fallback/rota por zona."
"UNREACHABLE_EXERCISE","elasticidade","Elasticidade > zona/articulacao correspondente","Cooldown de dorsal pós-puxar","1","triagem de rota/filtro/contexto","A/F: menu do dominio e generico demais ou precisa de fallback/rota por zona."
"UNREACHABLE_EXERCISE","elasticidade","Elasticidade > zona/articulacao correspondente","Braço cruzado à frente do peito","1","triagem de rota/filtro/contexto","A/F: menu do dominio e generico demais ou precisa de fallback/rota por zona."
"UNREACHABLE_EXERCISE","elasticidade","Elasticidade > zona/articulacao correspondente","Alongamento posterior com apoio na parede","1","triagem de rota/filtro/contexto","A/F: menu do dominio e generico demais ou precisa de fallback/rota por zona."
"UNREACHABLE_EXERCISE","elasticidade","Elasticidade > zona/articulacao correspondente","Alongamento do deltoide posterior sentado","1","triagem de rota/filtro/contexto","A/F: menu do dominio e generico demais ou precisa de fallback/rota por zona."
"UNREACHABLE_EXERCISE","elasticidade","Elasticidade > zona/articulacao correspondente","Abraçar o próprio corpo","1","triagem de rota/filtro/contexto","A/F: menu do dominio e generico demais ou precisa de fallback/rota por zona."
"UNREACHABLE_EXERCISE","elasticidade","Elasticidade > zona/articulacao correspondente","Alcance à frente com mãos entrelaçadas","1","triagem de rota/filtro/contexto","A/F: menu do dominio e generico demais ou precisa de fallback/rota por zona."
"UNREACHABLE_EXERCISE","elasticidade","Elasticidade > zona/articulacao correspondente","Sleeper stretch leve","1","triagem de rota/filtro/contexto","A/F: menu do dominio e generico demais ou precisa de fallback/rota por zona."
"UNREACHABLE_EXERCISE","elasticidade","Elasticidade > zona/articulacao correspondente","Cooldown posterior do ombro pós-puxar","1","triagem de rota/filtro/contexto","A/F: menu do dominio e generico demais ou precisa de fallback/rota por zona."
"UNREACHABLE_EXERCISE","elasticidade","Elasticidade > zona/articulacao correspondente","Relaxamento dos ombros pós-guarda alta","1","triagem de rota/filtro/contexto","A/F: menu do dominio e generico demais ou precisa de fallback/rota por zona."
"UNREACHABLE_EXERCISE","elasticidade","Elasticidade > zona/articulacao correspondente","Tríceps acima da cabeça","1","triagem de rota/filtro/contexto","A/F: menu do dominio e generico demais ou precisa de fallback/rota por zona."
"UNREACHABLE_EXERCISE","elasticidade","Elasticidade > zona/articulacao correspondente","Tríceps acima da cabeça com toalha","1","triagem de rota/filtro/contexto","A/F: menu do dominio e generico demais ou precisa de fallback/rota por zona."
"UNREACHABLE_EXERCISE","elasticidade","Elasticidade > zona/articulacao correspondente","Braço acima da cabeça na parede","1","triagem de rota/filtro/contexto","A/F: menu do dominio e generico demais ou precisa de fallback/rota por zona."
"UNREACHABLE_EXERCISE","elasticidade","Elasticidade > zona/articulacao correspondente","Child pose com cotovelos dobrados","1","triagem de rota/filtro/contexto","A/F: menu do dominio e generico demais ou precisa de fallback/rota por zona."
"UNREACHABLE_EXERCISE","elasticidade","Elasticidade > zona/articulacao correspondente","Respiração em posição overhead","1","triagem de rota/filtro/contexto","A/F: menu do dominio e generico demais ou precisa de fallback/rota por zona."
"UNREACHABLE_EXERCISE","elasticidade","Elasticidade > zona/articulacao correspondente","Cooldown de tríceps pós-empurrar","1","triagem de rota/filtro/contexto","A/F: menu do dominio e generico demais ou precisa de fallback/rota por zona."
"UNREACHABLE_EXERCISE","elasticidade","Elasticidade > zona/articulacao correspondente","Alongamento dos flexores do punho na parede","1","triagem de rota/filtro/contexto","A/F: menu do dominio e generico demais ou precisa de fallback/rota por zona."
"UNREACHABLE_EXERCISE","elasticidade","Elasticidade > zona/articulacao correspondente","Palmas no chão dedos para trás","1","triagem de rota/filtro/contexto","A/F: menu do dominio e generico demais ou precisa de fallback/rota por zona."
"UNREACHABLE_EXERCISE","elasticidade","Elasticidade > zona/articulacao correspondente","Alongamento dos extensores do punho","1","triagem de rota/filtro/contexto","A/F: menu do dominio e generico demais ou precisa de fallback/rota por zona."
"UNREACHABLE_EXERCISE","elasticidade","Elasticidade > zona/articulacao correspondente","Dorso da mão no chão leve","1","triagem de rota/filtro/contexto","A/F: menu do dominio e generico demais ou precisa de fallback/rota por zona."
"UNREACHABLE_EXERCISE","elasticidade","Elasticidade > zona/articulacao correspondente","Relaxamento de rotação do antebraço","1","triagem de rota/filtro/contexto","A/F: menu do dominio e generico demais ou precisa de fallback/rota por zona."
"UNREACHABLE_EXERCISE","elasticidade","Elasticidade > zona/articulacao correspondente","Alongamento de extensão dos dedos","1","triagem de rota/filtro/contexto","A/F: menu do dominio e generico demais ou precisa de fallback/rota por zona."
"UNREACHABLE_EXERCISE","elasticidade","Elasticidade > zona/articulacao correspondente","Alongamento de flexão dos dedos","1","triagem de rota/filtro/contexto","A/F: menu do dominio e generico demais ou precisa de fallback/rota por zona."
"UNREACHABLE_EXERCISE","elasticidade","Elasticidade > zona/articulacao correspondente","Shake out das mãos","1","triagem de rota/filtro/contexto","A/F: menu do dominio e generico demais ou precisa de fallback/rota por zona."
"UNREACHABLE_EXERCISE","elasticidade","Elasticidade > zona/articulacao correspondente","Sequência pós-pega para antebraço","1","triagem de rota/filtro/contexto","A/F: menu do dominio e generico demais ou precisa de fallback/rota por zona."
"UNREACHABLE_EXERCISE","elasticidade","Elasticidade > zona/articulacao correspondente","Sphinx pose","1","triagem de rota/filtro/contexto","A/F: menu do dominio e generico demais ou precisa de fallback/rota por zona."
"UNREACHABLE_EXERCISE","elasticidade","Elasticidade > zona/articulacao correspondente","Cobra leve","1","triagem de rota/filtro/contexto","A/F: menu do dominio e generico demais ou precisa de fallback/rota por zona."
"UNREACHABLE_EXERCISE","elasticidade","Elasticidade > zona/articulacao correspondente","Cobra baixa com respiração","1","triagem de rota/filtro/contexto","A/F: menu do dominio e generico demais ou precisa de fallback/rota por zona."
"UNREACHABLE_EXERCISE","elasticidade","Elasticidade > zona/articulacao correspondente","Inclinação lateral em pé","1","triagem de rota/filtro/contexto","A/F: menu do dominio e generico demais ou precisa de fallback/rota por zona."
"UNREACHABLE_EXERCISE","elasticidade","Elasticidade > zona/articulacao correspondente","Alcance lateral sentado","1","triagem de rota/filtro/contexto","A/F: menu do dominio e generico demais ou precisa de fallback/rota por zona."
"UNREACHABLE_EXERCISE","elasticidade","Elasticidade > zona/articulacao correspondente","Respiração em extensão leve","1","triagem de rota/filtro/contexto","A/F: menu do dominio e generico demais ou precisa de fallback/rota por zona."
"UNREACHABLE_EXERCISE","elasticidade","Elasticidade > zona/articulacao correspondente","Cooldown abdominal pós-core","1","triagem de rota/filtro/contexto","A/F: menu do dominio e generico demais ou precisa de fallback/rota por zona."
"UNREACHABLE_EXERCISE","elasticidade","Elasticidade > zona/articulacao correspondente","Figura 4 deitado","1","triagem de rota/filtro/contexto","A/F: menu do dominio e generico demais ou precisa de fallback/rota por zona."
"UNREACHABLE_EXERCISE","elasticidade","Elasticidade > zona/articulacao correspondente","Figura 4 sentado","1","triagem de rota/filtro/contexto","A/F: menu do dominio e generico demais ou precisa de fallback/rota por zona."
"UNREACHABLE_EXERCISE","elasticidade","Elasticidade > zona/articulacao correspondente","Piriforme deitado joelho ao peito cruzado","1","triagem de rota/filtro/contexto","A/F: menu do dominio e generico demais ou precisa de fallback/rota por zona."
"UNREACHABLE_EXERCISE","elasticidade","Elasticidade > zona/articulacao correspondente","Pigeon passivo com apoio","1","triagem de rota/filtro/contexto","A/F: menu do dominio e generico demais ou precisa de fallback/rota por zona."
"UNREACHABLE_EXERCISE","elasticidade","Elasticidade > zona/articulacao correspondente","90/90 passivo para glúteo","1","triagem de rota/filtro/contexto","A/F: menu do dominio e generico demais ou precisa de fallback/rota por zona."
"UNREACHABLE_EXERCISE","elasticidade","Elasticidade > zona/articulacao correspondente","PNF leve de glúteo em figura 4","1","triagem de rota/filtro/contexto","A/F: menu do dominio e generico demais ou precisa de fallback/rota por zona."
"UNREACHABLE_EXERCISE","elasticidade","Elasticidade > zona/articulacao correspondente","Cooldown de glúteos pós-pernas","1","triagem de rota/filtro/contexto","A/F: menu do dominio e generico demais ou precisa de fallback/rota por zona."
"UNREACHABLE_EXERCISE","elasticidade","Elasticidade > zona/articulacao correspondente","Flexor da anca em meio ajoelhado","1","triagem de rota/filtro/contexto","A/F: menu do dominio e generico demais ou precisa de fallback/rota por zona."
"UNREACHABLE_EXERCISE","elasticidade","Elasticidade > zona/articulacao correspondente","Flexor da anca com braço acima da cabeça","1","triagem de rota/filtro/contexto","A/F: menu do dominio e generico demais ou precisa de fallback/rota por zona."
"UNREACHABLE_EXERCISE","elasticidade","Elasticidade > zona/articulacao correspondente","Couch stretch leve","1","triagem de rota/filtro/contexto","A/F: menu do dominio e generico demais ou precisa de fallback/rota por zona."
"UNREACHABLE_EXERCISE","elasticidade","Elasticidade > zona/articulacao correspondente","Couch stretch com glúteo contraído","1","triagem de rota/filtro/contexto","A/F: menu do dominio e generico demais ou precisa de fallback/rota por zona."
"UNREACHABLE_EXERCISE","elasticidade","Elasticidade > zona/articulacao correspondente","Quadríceps em pé","1","triagem de rota/filtro/contexto","A/F: menu do dominio e generico demais ou precisa de fallback/rota por zona."
"UNREACHABLE_EXERCISE","elasticidade","Elasticidade > zona/articulacao correspondente","Quadríceps deitado de lado","1","triagem de rota/filtro/contexto","A/F: menu do dominio e generico demais ou precisa de fallback/rota por zona."
"UNREACHABLE_EXERCISE","elasticidade","Elasticidade > zona/articulacao correspondente","Reto femoral em meio ajoelhado com pé elevado","1","triagem de rota/filtro/contexto","A/F: menu do dominio e generico demais ou precisa de fallback/rota por zona."
"UNREACHABLE_EXERCISE","elasticidade","Elasticidade > zona/articulacao correspondente","Lunge dinâmico de flexores da anca","1","triagem de rota/filtro/contexto","A/F: menu do dominio e generico demais ou precisa de fallback/rota por zona."
"UNREACHABLE_EXERCISE","elasticidade","Elasticidade > zona/articulacao correspondente","PNF leve dos flexores da anca","1","triagem de rota/filtro/contexto","A/F: menu do dominio e generico demais ou precisa de fallback/rota por zona."
"UNREACHABLE_EXERCISE","elasticidade","Elasticidade > zona/articulacao correspondente","Cooldown de quadríceps pós-pernas","1","triagem de rota/filtro/contexto","A/F: menu do dominio e generico demais ou precisa de fallback/rota por zona."
"UNREACHABLE_EXERCISE","elasticidade","Elasticidade > zona/articulacao correspondente","Posterior de coxa deitado com toalha","1","triagem de rota/filtro/contexto","A/F: menu do dominio e generico demais ou precisa de fallback/rota por zona."
"UNREACHABLE_EXERCISE","elasticidade","Elasticidade > zona/articulacao correspondente","Posterior de coxa deitado unilateral","1","triagem de rota/filtro/contexto","A/F: menu do dominio e generico demais ou precisa de fallback/rota por zona."
"UNREACHABLE_EXERCISE","elasticidade","Elasticidade > zona/articulacao correspondente","Posterior de coxa sentado","1","triagem de rota/filtro/contexto","A/F: menu do dominio e generico demais ou precisa de fallback/rota por zona."
"UNREACHABLE_EXERCISE","elasticidade","Elasticidade > zona/articulacao correspondente","Alongamento em pé com dobradiça de anca","1","triagem de rota/filtro/contexto","A/F: menu do dominio e generico demais ou precisa de fallback/rota por zona."
"UNREACHABLE_EXERCISE","elasticidade","Elasticidade > zona/articulacao correspondente","Perna elevada em banco","1","triagem de rota/filtro/contexto","A/F: menu do dominio e generico demais ou precisa de fallback/rota por zona."
"UNREACHABLE_EXERCISE","elasticidade","Elasticidade > zona/articulacao correspondente","Leg swings frontais controlados","1","triagem de rota/filtro/contexto","A/F: menu do dominio e generico demais ou precisa de fallback/rota por zona."
"UNREACHABLE_EXERCISE","elasticidade","Elasticidade > zona/articulacao correspondente","PNF posterior de coxa deitado","1","triagem de rota/filtro/contexto","A/F: menu do dominio e generico demais ou precisa de fallback/rota por zona."
"UNREACHABLE_EXERCISE","elasticidade","Elasticidade > zona/articulacao correspondente","Posterior de coxa para pontapé frontal","1","triagem de rota/filtro/contexto","A/F: menu do dominio e generico demais ou precisa de fallback/rota por zona."
"UNREACHABLE_EXERCISE","elasticidade","Elasticidade > zona/articulacao correspondente","Cooldown de posterior pós-peso morto","1","triagem de rota/filtro/contexto","A/F: menu do dominio e generico demais ou precisa de fallback/rota por zona."
"UNREACHABLE_EXERCISE","elasticidade","Elasticidade > zona/articulacao correspondente","Borboleta sentada","1","triagem de rota/filtro/contexto","A/F: menu do dominio e generico demais ou precisa de fallback/rota por zona."
"UNREACHABLE_EXERCISE","elasticidade","Elasticidade > zona/articulacao correspondente","Borboleta com inclinação do tronco","1","triagem de rota/filtro/contexto","A/F: menu do dominio e generico demais ou precisa de fallback/rota por zona."
"UNREACHABLE_EXERCISE","elasticidade","Elasticidade > zona/articulacao correspondente","Frog stretch","1","triagem de rota/filtro/contexto","A/F: menu do dominio e generico demais ou precisa de fallback/rota por zona."
"UNREACHABLE_EXERCISE","elasticidade","Ativacao > Adutores","Alongamento lateral de adutores","1","triagem de rota/filtro/contexto","A/F: menu do dominio e generico demais ou precisa de fallback/rota por zona."
"UNREACHABLE_EXERCISE","elasticidade","Elasticidade > zona/articulacao correspondente","Cossack passivo","1","triagem de rota/filtro/contexto","A/F: menu do dominio e generico demais ou precisa de fallback/rota por zona."
"UNREACHABLE_EXERCISE","elasticidade","Ativacao > Adutores","Rock back de adutores dinâmico","1","triagem de rota/filtro/contexto","A/F: menu do dominio e generico demais ou precisa de fallback/rota por zona."
"UNREACHABLE_EXERCISE","elasticidade","Ativacao > Adutores","PNF de adutores em borboleta","1","triagem de rota/filtro/contexto","A/F: menu do dominio e generico demais ou precisa de fallback/rota por zona."
"UNREACHABLE_EXERCISE","elasticidade","Elasticidade > zona/articulacao correspondente","Abertura lateral assistida","1","triagem de rota/filtro/contexto","A/F: menu do dominio e generico demais ou precisa de fallback/rota por zona."
"UNREACHABLE_EXERCISE","elasticidade","Ativacao > Adutores","Cooldown de adutores pós-artes marciais","1","triagem de rota/filtro/contexto","A/F: menu do dominio e generico demais ou precisa de fallback/rota por zona."
"UNREACHABLE_EXERCISE","elasticidade","Elasticidade > zona/articulacao correspondente","TFL em pé com perna cruzada","1","triagem de rota/filtro/contexto","A/F: menu do dominio e generico demais ou precisa de fallback/rota por zona."
"UNREACHABLE_EXERCISE","elasticidade","Elasticidade > zona/articulacao correspondente","TFL contra parede","1","triagem de rota/filtro/contexto","A/F: menu do dominio e generico demais ou precisa de fallback/rota por zona."
"UNREACHABLE_EXERCISE","elasticidade","Elasticidade > zona/articulacao correspondente","Alongamento lateral da anca deitado","1","triagem de rota/filtro/contexto","A/F: menu do dominio e generico demais ou precisa de fallback/rota por zona."
"UNREACHABLE_EXERCISE","elasticidade","Elasticidade > zona/articulacao correspondente","Glúteo médio joelho cruzado ao peito","1","triagem de rota/filtro/contexto","A/F: menu do dominio e generico demais ou precisa de fallback/rota por zona."
"UNREACHABLE_EXERCISE","elasticidade","Elasticidade > zona/articulacao correspondente","Cadeia lateral da coxa com perna cruzada","1","triagem de rota/filtro/contexto","A/F: menu do dominio e generico demais ou precisa de fallback/rota por zona."
"UNREACHABLE_EXERCISE","elasticidade","Elasticidade > zona/articulacao correspondente","Cooldown lateral da anca pós-corrida","1","triagem de rota/filtro/contexto","A/F: menu do dominio e generico demais ou precisa de fallback/rota por zona."
"UNREACHABLE_EXERCISE","elasticidade","Elasticidade > zona/articulacao correspondente","Gémeos na parede com joelho estendido","1","triagem de rota/filtro/contexto","A/F: menu do dominio e generico demais ou precisa de fallback/rota por zona."
"UNREACHABLE_EXERCISE","elasticidade","Elasticidade > zona/articulacao correspondente","Gémeos com apoio em degrau baixo","1","triagem de rota/filtro/contexto","A/F: menu do dominio e generico demais ou precisa de fallback/rota por zona."
"UNREACHABLE_EXERCISE","elasticidade","Elasticidade > zona/articulacao correspondente","Sóleo na parede com joelho fletido","1","triagem de rota/filtro/contexto","A/F: menu do dominio e generico demais ou precisa de fallback/rota por zona."
"UNREACHABLE_EXERCISE","elasticidade","Elasticidade > zona/articulacao correspondente","Alongamento de gémeos em degrau","1","triagem de rota/filtro/contexto","A/F: menu do dominio e generico demais ou precisa de fallback/rota por zona."
"UNREACHABLE_EXERCISE","elasticidade","Elasticidade > zona/articulacao correspondente","Rocking dinâmico de tornozelo e gémeos","1","triagem de rota/filtro/contexto","A/F: menu do dominio e generico demais ou precisa de fallback/rota por zona."
"UNREACHABLE_EXERCISE","elasticidade","Elasticidade > zona/articulacao correspondente","Alongamento leve do Aquiles","1","triagem de rota/filtro/contexto","A/F: menu do dominio e generico demais ou precisa de fallback/rota por zona."
"UNREACHABLE_EXERCISE","elasticidade","Elasticidade > zona/articulacao correspondente","Cooldown de gémeos pós-corrida","1","triagem de rota/filtro/contexto","A/F: menu do dominio e generico demais ou precisa de fallback/rota por zona."
"UNREACHABLE_EXERCISE","elasticidade","Elasticidade > zona/articulacao correspondente","Tibial anterior ajoelhado","1","triagem de rota/filtro/contexto","A/F: menu do dominio e generico demais ou precisa de fallback/rota por zona."
"UNREACHABLE_EXERCISE","elasticidade","Elasticidade > zona/articulacao correspondente","Peito do pé sentado sobre os pés","1","triagem de rota/filtro/contexto","A/F: menu do dominio e generico demais ou precisa de fallback/rota por zona."
"UNREACHABLE_EXERCISE","elasticidade","Elasticidade > zona/articulacao correspondente","Peito do pé em pé com apoio","1","triagem de rota/filtro/contexto","A/F: menu do dominio e generico demais ou precisa de fallback/rota por zona."
"UNREACHABLE_EXERCISE","elasticidade","Elasticidade > zona/articulacao correspondente","Alongamento dos extensores dos dedos do pé","1","triagem de rota/filtro/contexto","A/F: menu do dominio e generico demais ou precisa de fallback/rota por zona."
"UNREACHABLE_EXERCISE","elasticidade","Elasticidade > zona/articulacao correspondente","Cooldown leve da canela pós-corrida","1","triagem de rota/filtro/contexto","A/F: menu do dominio e generico demais ou precisa de fallback/rota por zona."
"UNREACHABLE_EXERCISE","elasticidade","Elasticidade > zona/articulacao correspondente","Peito do pé para pontapés","1","triagem de rota/filtro/contexto","A/F: menu do dominio e generico demais ou precisa de fallback/rota por zona."
"UNREACHABLE_EXERCISE","elasticidade","Elasticidade > zona/articulacao correspondente","Dedos contra parede","1","triagem de rota/filtro/contexto","A/F: menu do dominio e generico demais ou precisa de fallback/rota por zona."
"UNREACHABLE_EXERCISE","elasticidade","Elasticidade > zona/articulacao correspondente","Alongamento da planta do pé ajoelhado","1","triagem de rota/filtro/contexto","A/F: menu do dominio e generico demais ou precisa de fallback/rota por zona."
"UNREACHABLE_EXERCISE","elasticidade","Elasticidade > zona/articulacao correspondente","Alongamento do dedo grande na parede","1","triagem de rota/filtro/contexto","A/F: menu do dominio e generico demais ou precisa de fallback/rota por zona."
"UNREACHABLE_EXERCISE","elasticidade","Elasticidade > zona/articulacao correspondente","Alongamento dos flexores dos dedos","1","triagem de rota/filtro/contexto","A/F: menu do dominio e generico demais ou precisa de fallback/rota por zona."
"UNREACHABLE_EXERCISE","elasticidade","Elasticidade > zona/articulacao correspondente","Bola de massagem na planta do pé","1","triagem de rota/filtro/contexto","A/F: menu do dominio e generico demais ou precisa de fallback/rota por zona."
"UNREACHABLE_EXERCISE","elasticidade","Elasticidade > zona/articulacao correspondente","Sequência de pés pós-dia em pé","1","triagem de rota/filtro/contexto","A/F: menu do dominio e generico demais ou precisa de fallback/rota por zona."
"UNREACHABLE_EXERCISE","elasticidade","Elasticidade > zona/articulacao correspondente","Half split","1","triagem de rota/filtro/contexto","A/F: menu do dominio e generico demais ou precisa de fallback/rota por zona."
"UNREACHABLE_EXERCISE","elasticidade","Elasticidade > zona/articulacao correspondente","Half split com pé fletido","1","triagem de rota/filtro/contexto","A/F: menu do dominio e generico demais ou precisa de fallback/rota por zona."
"UNREACHABLE_EXERCISE","elasticidade","Elasticidade > zona/articulacao correspondente","Lunge profundo para abertura frontal","1","triagem de rota/filtro/contexto","A/F: menu do dominio e generico demais ou precisa de fallback/rota por zona."
"UNREACHABLE_EXERCISE","elasticidade","Elasticidade > zona/articulacao correspondente","Abertura frontal assistida com apoios","1","triagem de rota/filtro/contexto","A/F: menu do dominio e generico demais ou precisa de fallback/rota por zona."
"UNREACHABLE_EXERCISE","elasticidade","Elasticidade > zona/articulacao correspondente","PNF em half split","1","triagem de rota/filtro/contexto","A/F: menu do dominio e generico demais ou precisa de fallback/rota por zona."
"UNREACHABLE_EXERCISE","elasticidade","Elasticidade > zona/articulacao correspondente","Perna elevada em banco para pontapé frontal","1","triagem de rota/filtro/contexto","A/F: menu do dominio e generico demais ou precisa de fallback/rota por zona."
"UNREACHABLE_EXERCISE","elasticidade","Elasticidade > zona/articulacao correspondente","Pontapé frontal lento com amplitude progressiva","1","triagem de rota/filtro/contexto","A/F: menu do dominio e generico demais ou precisa de fallback/rota por zona."
"UNREACHABLE_EXERCISE","elasticidade","Elasticidade > zona/articulacao correspondente","Abertura lateral em pé assistida","1","triagem de rota/filtro/contexto","A/F: menu do dominio e generico demais ou precisa de fallback/rota por zona."
"UNREACHABLE_EXERCISE","elasticidade","Elasticidade > zona/articulacao correspondente","Abertura lateral com apoios","1","triagem de rota/filtro/contexto","A/F: menu do dominio e generico demais ou precisa de fallback/rota por zona."
"UNREACHABLE_EXERCISE","elasticidade","Elasticidade > zona/articulacao correspondente","Frog stretch para side split","1","triagem de rota/filtro/contexto","A/F: menu do dominio e generico demais ou precisa de fallback/rota por zona."
"UNREACHABLE_EXERCISE","elasticidade","Elasticidade > zona/articulacao correspondente","Cossack passivo para side split","1","triagem de rota/filtro/contexto","A/F: menu do dominio e generico demais ou precisa de fallback/rota por zona."
"UNREACHABLE_EXERCISE","elasticidade","Ativacao > Adutores","PNF de adutores para side split","1","triagem de rota/filtro/contexto","A/F: menu do dominio e generico demais ou precisa de fallback/rota por zona."
"UNREACHABLE_EXERCISE","elasticidade","Ativacao > Adutores","Adutor em banco para pontapé circular","1","triagem de rota/filtro/contexto","A/F: menu do dominio e generico demais ou precisa de fallback/rota por zona."
"UNREACHABLE_EXERCISE","elasticidade","Elasticidade > zona/articulacao correspondente","Pontapé circular lento com amplitude progressiva","1","triagem de rota/filtro/contexto","A/F: menu do dominio e generico demais ou precisa de fallback/rota por zona."
"UNREACHABLE_EXERCISE","elasticidade","Elasticidade > zona/articulacao correspondente","elasticidade","1","triagem de rota/filtro/contexto","A/F: menu do dominio e generico demais ou precisa de fallback/rota por zona."
"UNREACHABLE_EXERCISE","elasticidade","Elasticidade > zona/articulacao correspondente","mobilidade","1","triagem de rota/filtro/contexto","A/F: menu do dominio e generico demais ou precisa de fallback/rota por zona."
"UNREACHABLE_EXERCISE","recuperacao","Recuperacao > zona/objetivo correspondente","Caminhada leve de recuperação","1","triagem de rota/filtro/contexto","A/F: menu do dominio e generico demais ou precisa de fallback/rota por zona."
"UNREACHABLE_EXERCISE","recuperacao","Recuperacao > zona/objetivo correspondente","Caminhada nasal leve","1","triagem de rota/filtro/contexto","A/F: menu do dominio e generico demais ou precisa de fallback/rota por zona."
"UNREACHABLE_EXERCISE","recuperacao","Recuperacao > zona/objetivo correspondente","Passeio leve pós-refeição","1","triagem de rota/filtro/contexto","A/F: menu do dominio e generico demais ou precisa de fallback/rota por zona."
"UNREACHABLE_EXERCISE","recuperacao","Recuperacao > zona/objetivo correspondente","Bicicleta muito leve de recuperação","1","triagem de rota/filtro/contexto","A/F: menu do dominio e generico demais ou precisa de fallback/rota por zona."
"UNREACHABLE_EXERCISE","recuperacao","Recuperacao > zona/objetivo correspondente","Bicicleta leve pós-treino de pernas","1","triagem de rota/filtro/contexto","A/F: menu do dominio e generico demais ou precisa de fallback/rota por zona."
"UNREACHABLE_EXERCISE","recuperacao","Recuperacao > zona/objetivo correspondente","Elíptica muito leve de recuperação","1","triagem de rota/filtro/contexto","A/F: menu do dominio e generico demais ou precisa de fallback/rota por zona."
"UNREACHABLE_EXERCISE","recuperacao","Recuperacao > zona/objetivo correspondente","Air bike muito leve de recuperação","1","triagem de rota/filtro/contexto","A/F: menu do dominio e generico demais ou precisa de fallback/rota por zona."
"UNREACHABLE_EXERCISE","recuperacao","Recuperacao > zona/objetivo correspondente","Remo ergómetro muito leve","1","triagem de rota/filtro/contexto","A/F: menu do dominio e generico demais ou precisa de fallback/rota por zona."
"UNREACHABLE_EXERCISE","recuperacao","Recuperacao > zona/objetivo correspondente","Cardio zona 1 em máquina","1","triagem de rota/filtro/contexto","A/F: menu do dominio e generico demais ou precisa de fallback/rota por zona."
"UNREACHABLE_EXERCISE","recuperacao","Recuperacao > zona/objetivo correspondente","Flush pós-pernas","1","triagem de rota/filtro/contexto","A/F: menu do dominio e generico demais ou precisa de fallback/rota por zona."
"UNREACHABLE_EXERCISE","recuperacao","Recuperacao > zona/objetivo correspondente","Sombra técnica muito leve","1","triagem de rota/filtro/contexto","A/F: menu do dominio e generico demais ou precisa de fallback/rota por zona."
"UNREACHABLE_EXERCISE","recuperacao","Recuperacao > zona/objetivo correspondente","Footwork leve de recuperação","1","triagem de rota/filtro/contexto","A/F: menu do dominio e generico demais ou precisa de fallback/rota por zona."
"UNREACHABLE_EXERCISE","recuperacao","Cardio > Passadeira > Resistencia aerobia/ritmo/intervalos conforme foco","Cooldown na passadeira","1","triagem de rota/filtro/contexto","A/F: menu do dominio e generico demais ou precisa de fallback/rota por zona."
"UNREACHABLE_EXERCISE","recuperacao","Recuperacao > zona/objetivo correspondente","Cooldown caminhada exterior","1","triagem de rota/filtro/contexto","A/F: menu do dominio e generico demais ou precisa de fallback/rota por zona."
"UNREACHABLE_EXERCISE","recuperacao","Recuperacao > zona/objetivo correspondente","Cooldown pós-musculação geral","1","triagem de rota/filtro/contexto","A/F: menu do dominio e generico demais ou precisa de fallback/rota por zona."
"UNREACHABLE_EXERCISE","recuperacao","Recuperacao > zona/objetivo correspondente","Cooldown pós-treino superior","1","triagem de rota/filtro/contexto","A/F: menu do dominio e generico demais ou precisa de fallback/rota por zona."
"UNREACHABLE_EXERCISE","recuperacao","Recuperacao > zona/objetivo correspondente","Cooldown pós-treino inferior","1","triagem de rota/filtro/contexto","A/F: menu do dominio e generico demais ou precisa de fallback/rota por zona."
"UNREACHABLE_EXERCISE","recuperacao","Recuperacao > zona/objetivo correspondente","Cooldown pós-corrida","1","triagem de rota/filtro/contexto","A/F: menu do dominio e generico demais ou precisa de fallback/rota por zona."
"UNREACHABLE_EXERCISE","recuperacao","Recuperacao > zona/objetivo correspondente","Cooldown pós-intervalos intensos","1","triagem de rota/filtro/contexto","A/F: menu do dominio e generico demais ou precisa de fallback/rota por zona."
"UNREACHABLE_EXERCISE","recuperacao","Recuperacao > zona/objetivo correspondente","Cooldown pós-Karate","1","triagem de rota/filtro/contexto","A/F: menu do dominio e generico demais ou precisa de fallback/rota por zona."
"UNREACHABLE_EXERCISE","recuperacao","Recuperacao > zona/objetivo correspondente","Cooldown pós-BJJ","1","triagem de rota/filtro/contexto","A/F: menu do dominio e generico demais ou precisa de fallback/rota por zona."
"UNREACHABLE_EXERCISE","recuperacao","Recuperacao > zona/objetivo correspondente","Cooldown pós-saco","1","triagem de rota/filtro/contexto","A/F: menu do dominio e generico demais ou precisa de fallback/rota por zona."
"UNREACHABLE_EXERCISE","recuperacao","Recuperacao > zona/objetivo correspondente","Reset respiratório sentado","1","triagem de rota/filtro/contexto","A/F: menu do dominio e generico demais ou precisa de fallback/rota por zona."
"UNREACHABLE_EXERCISE","recuperacao","Recuperacao > zona/objetivo correspondente","Reset articular pós-treino","1","triagem de rota/filtro/contexto","A/F: menu do dominio e generico demais ou precisa de fallback/rota por zona."
"UNREACHABLE_EXERCISE","recuperacao","Recuperacao > zona/objetivo correspondente","Respiração com expiração longa deitado","1","triagem de rota/filtro/contexto","A/F: menu do dominio e generico demais ou precisa de fallback/rota por zona."
"UNREACHABLE_EXERCISE","recuperacao","Recuperacao > zona/objetivo correspondente","Respiração 4 entra, 6 sai","1","triagem de rota/filtro/contexto","A/F: menu do dominio e generico demais ou precisa de fallback/rota por zona."
"UNREACHABLE_EXERCISE","recuperacao","Recuperacao > zona/objetivo correspondente","Respiração 90/90 na parede","1","triagem de rota/filtro/contexto","A/F: menu do dominio e generico demais ou precisa de fallback/rota por zona."
"UNREACHABLE_EXERCISE","recuperacao","Recuperacao > zona/objetivo correspondente","Respiração 90/90 com pés no sofá","1","triagem de rota/filtro/contexto","A/F: menu do dominio e generico demais ou precisa de fallback/rota por zona."
"UNREACHABLE_EXERCISE","recuperacao","Recuperacao > zona/objetivo correspondente","Box breathing leve","1","triagem de rota/filtro/contexto","A/F: menu do dominio e generico demais ou precisa de fallback/rota por zona."
"UNREACHABLE_EXERCISE","recuperacao","Recuperacao > zona/objetivo correspondente","Caminhada leve com respiração nasal","1","triagem de rota/filtro/contexto","A/F: menu do dominio e generico demais ou precisa de fallback/rota por zona."
"UNREACHABLE_EXERCISE","recuperacao","Recuperacao > zona/objetivo correspondente","Respiração costal lateral","1","triagem de rota/filtro/contexto","A/F: menu do dominio e generico demais ou precisa de fallback/rota por zona."
"UNREACHABLE_EXERCISE","recuperacao","Recuperacao > zona/objetivo correspondente","Sequência desligar pós-treino","1","triagem de rota/filtro/contexto","A/F: menu do dominio e generico demais ou precisa de fallback/rota por zona."
"UNREACHABLE_EXERCISE","recuperacao","Recuperacao > zona/objetivo correspondente","CARs leves de corpo inteiro","1","triagem de rota/filtro/contexto","A/F: menu do dominio e generico demais ou precisa de fallback/rota por zona."
"UNREACHABLE_EXERCISE","recuperacao","Recuperacao > zona/objetivo correspondente","CARs leves de ombros e anca","1","triagem de rota/filtro/contexto","A/F: menu do dominio e generico demais ou precisa de fallback/rota por zona."
"UNREACHABLE_EXERCISE","recuperacao","Recuperacao > zona/objetivo correspondente","Flow leve de mobilidade","1","triagem de rota/filtro/contexto","A/F: menu do dominio e generico demais ou precisa de fallback/rota por zona."
"UNREACHABLE_EXERCISE","recuperacao","Recuperacao > zona/objetivo correspondente","Reset articular matinal","1","triagem de rota/filtro/contexto","A/F: menu do dominio e generico demais ou precisa de fallback/rota por zona."
"UNREACHABLE_EXERCISE","recuperacao","Recuperacao > zona/objetivo correspondente","Reset articular ao fim do dia","1","triagem de rota/filtro/contexto","A/F: menu do dominio e generico demais ou precisa de fallback/rota por zona."
"UNREACHABLE_EXERCISE","recuperacao","Recuperacao > zona/objetivo correspondente","Flow leve coluna e anca","1","triagem de rota/filtro/contexto","A/F: menu do dominio e generico demais ou precisa de fallback/rota por zona."
"UNREACHABLE_EXERCISE","recuperacao","Recuperacao > zona/objetivo correspondente","Cat cow e 90/90 leve","1","triagem de rota/filtro/contexto","A/F: menu do dominio e generico demais ou precisa de fallback/rota por zona."
"UNREACHABLE_EXERCISE","recuperacao","Recuperacao > zona/objetivo correspondente","Flow leve de ombros","1","triagem de rota/filtro/contexto","A/F: menu do dominio e generico demais ou precisa de fallback/rota por zona."
"UNREACHABLE_EXERCISE","recuperacao","Recuperacao > zona/objetivo correspondente","Alongamento estático leve geral","1","triagem de rota/filtro/contexto","A/F: menu do dominio e generico demais ou precisa de fallback/rota por zona."
"UNREACHABLE_EXERCISE","recuperacao","Recuperacao > zona/objetivo correspondente","Sequência leve pós-treino superior","1","triagem de rota/filtro/contexto","A/F: menu do dominio e generico demais ou precisa de fallback/rota por zona."
"UNREACHABLE_EXERCISE","recuperacao","Recuperacao > zona/objetivo correspondente","Sequência leve pós-treino inferior","1","triagem de rota/filtro/contexto","A/F: menu do dominio e generico demais ou precisa de fallback/rota por zona."
"UNREACHABLE_EXERCISE","recuperacao","Recuperacao > zona/objetivo correspondente","Alongamentos leves à noite","1","triagem de rota/filtro/contexto","A/F: menu do dominio e generico demais ou precisa de fallback/rota por zona."
"UNREACHABLE_EXERCISE","recuperacao","Recuperacao > zona/objetivo correspondente","Pescoço e peito pós-computador","1","triagem de rota/filtro/contexto","A/F: menu do dominio e generico demais ou precisa de fallback/rota por zona."
"UNREACHABLE_EXERCISE","recuperacao","Recuperacao > zona/objetivo correspondente","Anca e posterior leve","1","triagem de rota/filtro/contexto","A/F: menu do dominio e generico demais ou precisa de fallback/rota por zona."
"UNREACHABLE_EXERCISE","recuperacao","Recuperacao > zona/objetivo correspondente","Alongamento leve pós-pontapés","1","triagem de rota/filtro/contexto","A/F: menu do dominio e generico demais ou precisa de fallback/rota por zona."
"UNREACHABLE_EXERCISE","recuperacao","Recuperacao > zona/objetivo correspondente","Foam roller nos quadríceps","1","triagem de rota/filtro/contexto","A/F: menu do dominio e generico demais ou precisa de fallback/rota por zona."
"UNREACHABLE_EXERCISE","recuperacao","Recuperacao > zona/objetivo correspondente","Foam roller nos gémeos","1","triagem de rota/filtro/contexto","A/F: menu do dominio e generico demais ou precisa de fallback/rota por zona."
"UNREACHABLE_EXERCISE","recuperacao","Recuperacao > zona/objetivo correspondente","Foam roller nos glúteos","1","triagem de rota/filtro/contexto","A/F: menu do dominio e generico demais ou precisa de fallback/rota por zona."
"UNREACHABLE_EXERCISE","recuperacao","Recuperacao > zona/objetivo correspondente","Foam roller no dorsal","1","triagem de rota/filtro/contexto","A/F: menu do dominio e generico demais ou precisa de fallback/rota por zona."
"UNREACHABLE_EXERCISE","recuperacao","Recuperacao > zona/objetivo correspondente","Foam roller na parte alta das costas","1","triagem de rota/filtro/contexto","A/F: menu do dominio e generico demais ou precisa de fallback/rota por zona."
"UNREACHABLE_EXERCISE","recuperacao","Ativacao > Adutores","Foam roller nos adutores","1","triagem de rota/filtro/contexto","A/F: menu do dominio e generico demais ou precisa de fallback/rota por zona."
"UNREACHABLE_EXERCISE","recuperacao","Recuperacao > zona/objetivo correspondente","Sequência foam roller pós-pernas","1","triagem de rota/filtro/contexto","A/F: menu do dominio e generico demais ou precisa de fallback/rota por zona."
"UNREACHABLE_EXERCISE","recuperacao","Recuperacao > zona/objetivo correspondente","Foam roller pós-artes marciais","1","triagem de rota/filtro/contexto","A/F: menu do dominio e generico demais ou precisa de fallback/rota por zona."
"UNREACHABLE_EXERCISE","recuperacao","Recuperacao > zona/objetivo correspondente","Bola de massagem na planta do pé","1","triagem de rota/filtro/contexto","A/F: menu do dominio e generico demais ou precisa de fallback/rota por zona."
"UNREACHABLE_EXERCISE","recuperacao","Recuperacao > zona/objetivo correspondente","Bola de massagem nos glúteos","1","triagem de rota/filtro/contexto","A/F: menu do dominio e generico demais ou precisa de fallback/rota por zona."
"UNREACHABLE_EXERCISE","recuperacao","Recuperacao > zona/objetivo correspondente","Bola de massagem no peitoral contra parede","1","triagem de rota/filtro/contexto","A/F: menu do dominio e generico demais ou precisa de fallback/rota por zona."
"UNREACHABLE_EXERCISE","recuperacao","Recuperacao > zona/objetivo correspondente","Bola no trapézio contra parede","1","triagem de rota/filtro/contexto","A/F: menu do dominio e generico demais ou precisa de fallback/rota por zona."
"UNREACHABLE_EXERCISE","recuperacao","Recuperacao > zona/objetivo correspondente","Bola de massagem no antebraço","1","triagem de rota/filtro/contexto","A/F: menu do dominio e generico demais ou precisa de fallback/rota por zona."
"UNREACHABLE_EXERCISE","recuperacao","Recuperacao > zona/objetivo correspondente","Bola nas costas altas contra parede","1","triagem de rota/filtro/contexto","A/F: menu do dominio e generico demais ou precisa de fallback/rota por zona."
"UNREACHABLE_EXERCISE","recuperacao","Recuperacao > zona/objetivo correspondente","Pistola de massagem nos quadríceps","1","triagem de rota/filtro/contexto","A/F: menu do dominio e generico demais ou precisa de fallback/rota por zona."
"UNREACHABLE_EXERCISE","recuperacao","Recuperacao > zona/objetivo correspondente","Pistola de massagem nos glúteos","1","triagem de rota/filtro/contexto","A/F: menu do dominio e generico demais ou precisa de fallback/rota por zona."
"UNREACHABLE_EXERCISE","recuperacao","Recuperacao > zona/objetivo correspondente","Pistola de massagem nos gémeos","1","triagem de rota/filtro/contexto","A/F: menu do dominio e generico demais ou precisa de fallback/rota por zona."
"UNREACHABLE_EXERCISE","recuperacao","Recuperacao > zona/objetivo correspondente","Pistola de massagem no dorsal","1","triagem de rota/filtro/contexto","A/F: menu do dominio e generico demais ou precisa de fallback/rota por zona."
"UNREACHABLE_EXERCISE","recuperacao","Recuperacao > zona/objetivo correspondente","Pistola de massagem no deltoide","1","triagem de rota/filtro/contexto","A/F: menu do dominio e generico demais ou precisa de fallback/rota por zona."
"UNREACHABLE_EXERCISE","recuperacao","Recuperacao > zona/objetivo correspondente","Protocolo seguro de pistola de massagem","1","triagem de rota/filtro/contexto","A/F: menu do dominio e generico demais ou precisa de fallback/rota por zona."
"UNREACHABLE_EXERCISE","recuperacao","Recuperacao > zona/objetivo correspondente","Calor leve para relaxamento muscular","1","triagem de rota/filtro/contexto","A/F: menu do dominio e generico demais ou precisa de fallback/rota por zona."
"UNREACHABLE_EXERCISE","recuperacao","Recuperacao > zona/objetivo correspondente","Duche quente pós-treino leve","1","triagem de rota/filtro/contexto","A/F: menu do dominio e generico demais ou precisa de fallback/rota por zona."
"UNREACHABLE_EXERCISE","recuperacao","Recuperacao > zona/objetivo correspondente","Frio local curto","1","triagem de rota/filtro/contexto","A/F: menu do dominio e generico demais ou precisa de fallback/rota por zona."
"UNREACHABLE_EXERCISE","recuperacao","Recuperacao > zona/objetivo correspondente","Contraste simples no duche","1","triagem de rota/filtro/contexto","A/F: menu do dominio e generico demais ou precisa de fallback/rota por zona."
"UNREACHABLE_EXERCISE","recuperacao","Recuperacao > zona/objetivo correspondente","Calor para rigidez matinal","1","triagem de rota/filtro/contexto","A/F: menu do dominio e generico demais ou precisa de fallback/rota por zona."
"UNREACHABLE_EXERCISE","recuperacao","Recuperacao > zona/objetivo correspondente","Checklist de segurança para temperatura","1","triagem de rota/filtro/contexto","A/F: menu do dominio e generico demais ou precisa de fallback/rota por zona."
"UNREACHABLE_EXERCISE","recuperacao","Recuperacao > zona/objetivo correspondente","Shake out de mãos entre rounds","1","triagem de rota/filtro/contexto","A/F: menu do dominio e generico demais ou precisa de fallback/rota por zona."
"UNREACHABLE_EXERCISE","recuperacao","Recuperacao > zona/objetivo correspondente","Shake out pós-barras","1","triagem de rota/filtro/contexto","A/F: menu do dominio e generico demais ou precisa de fallback/rota por zona."
"UNREACHABLE_EXERCISE","recuperacao","Recuperacao > zona/objetivo correspondente","Alongamento leve de flexores do punho","1","triagem de rota/filtro/contexto","A/F: menu do dominio e generico demais ou precisa de fallback/rota por zona."
"UNREACHABLE_EXERCISE","recuperacao","Recuperacao > zona/objetivo correspondente","Alongamento leve de extensores do punho","1","triagem de rota/filtro/contexto","A/F: menu do dominio e generico demais ou precisa de fallback/rota por zona."
"UNREACHABLE_EXERCISE","recuperacao","Recuperacao > zona/objetivo correspondente","Extensão dos dedos com elástico leve","1","triagem de rota/filtro/contexto","A/F: menu do dominio e generico demais ou precisa de fallback/rota por zona."
"UNREACHABLE_EXERCISE","recuperacao","Recuperacao > zona/objetivo correspondente","Sequência pós-BJJ para pega","1","triagem de rota/filtro/contexto","A/F: menu do dominio e generico demais ou precisa de fallback/rota por zona."
"UNREACHABLE_EXERCISE","recuperacao","Recuperacao > zona/objetivo correspondente","Sequência pós-barras e farmer walks","1","triagem de rota/filtro/contexto","A/F: menu do dominio e generico demais ou precisa de fallback/rota por zona."
"UNREACHABLE_EXERCISE","recuperacao","Recuperacao > zona/objetivo correspondente","Reset de punhos após apoios","1","triagem de rota/filtro/contexto","A/F: menu do dominio e generico demais ou precisa de fallback/rota por zona."
"UNREACHABLE_EXERCISE","recuperacao","Recuperacao > zona/objetivo correspondente","Recuperação dos pés após dia em pé","1","triagem de rota/filtro/contexto","A/F: menu do dominio e generico demais ou precisa de fallback/rota por zona."
"UNREACHABLE_EXERCISE","recuperacao","Recuperacao > zona/objetivo correspondente","Libertação leve da planta do pé","1","triagem de rota/filtro/contexto","A/F: menu do dominio e generico demais ou precisa de fallback/rota por zona."
"UNREACHABLE_EXERCISE","recuperacao","Recuperacao > zona/objetivo correspondente","Mobilidade leve de tornozelo pós-treino","1","triagem de rota/filtro/contexto","A/F: menu do dominio e generico demais ou precisa de fallback/rota por zona."
"UNREACHABLE_EXERCISE","recuperacao","Recuperacao > zona/objetivo correspondente","Recuperação de gémeos pós-corrida","1","triagem de rota/filtro/contexto","A/F: menu do dominio e generico demais ou precisa de fallback/rota por zona."
"UNREACHABLE_EXERCISE","recuperacao","Cardio > Passadeira > Resistencia aerobia/ritmo/intervalos conforme foco","Recuperação de tibial anterior pós-passadeira","1","triagem de rota/filtro/contexto","A/F: menu do dominio e generico demais ou precisa de fallback/rota por zona."
"UNREACHABLE_EXERCISE","recuperacao","Recuperacao > zona/objetivo correspondente","Elevação leve de pernas","1","triagem de rota/filtro/contexto","A/F: menu do dominio e generico demais ou precisa de fallback/rota por zona."
"UNREACHABLE_EXERCISE","recuperacao","Recuperacao > zona/objetivo correspondente","Sequência pós-trabalho físico de pernas","1","triagem de rota/filtro/contexto","A/F: menu do dominio e generico demais ou precisa de fallback/rota por zona."
"UNREACHABLE_EXERCISE","recuperacao","Recuperacao > zona/objetivo correspondente","Posição de descarga lombar com pernas elevadas","1","triagem de rota/filtro/contexto","A/F: menu do dominio e generico demais ou precisa de fallback/rota por zona."
"UNREACHABLE_EXERCISE","recuperacao","Recuperacao > zona/objetivo correspondente","Child pose leve para lombar","1","triagem de rota/filtro/contexto","A/F: menu do dominio e generico demais ou precisa de fallback/rota por zona."
"UNREACHABLE_EXERCISE","recuperacao","Recuperacao > zona/objetivo correspondente","Cat cow leve de recuperação","1","triagem de rota/filtro/contexto","A/F: menu do dominio e generico demais ou precisa de fallback/rota por zona."
"UNREACHABLE_EXERCISE","recuperacao","Recuperacao > zona/objetivo correspondente","Reset coluna pós-computador","1","triagem de rota/filtro/contexto","A/F: menu do dominio e generico demais ou precisa de fallback/rota por zona."
"UNREACHABLE_EXERCISE","recuperacao","Recuperacao > zona/objetivo correspondente","Reset de costas altas e escápulas","1","triagem de rota/filtro/contexto","A/F: menu do dominio e generico demais ou precisa de fallback/rota por zona."
"UNREACHABLE_EXERCISE","recuperacao","Recuperacao > zona/objetivo correspondente","Recuperação lombar pós-dobradiça","1","triagem de rota/filtro/contexto","A/F: menu do dominio e generico demais ou precisa de fallback/rota por zona."
"UNREACHABLE_EXERCISE","recuperacao","Recuperacao > zona/objetivo correspondente","Checklist de alerta para lombar","1","triagem de rota/filtro/contexto","A/F: menu do dominio e generico demais ou precisa de fallback/rota por zona."
"UNREACHABLE_EXERCISE","recuperacao","Recuperacao > zona/objetivo correspondente","Sequência pós-Karate","1","triagem de rota/filtro/contexto","A/F: menu do dominio e generico demais ou precisa de fallback/rota por zona."
"UNREACHABLE_EXERCISE","recuperacao","Recuperacao > zona/objetivo correspondente","Sequência pós-BJJ","1","triagem de rota/filtro/contexto","A/F: menu do dominio e generico demais ou precisa de fallback/rota por zona."
"UNREACHABLE_EXERCISE","recuperacao","Recuperacao > zona/objetivo correspondente","Sequência pós-saco","1","triagem de rota/filtro/contexto","A/F: menu do dominio e generico demais ou precisa de fallback/rota por zona."
"UNREACHABLE_EXERCISE","recuperacao","Recuperacao > zona/objetivo correspondente","Pescoço e ombros pós-grappling","1","triagem de rota/filtro/contexto","A/F: menu do dominio e generico demais ou precisa de fallback/rota por zona."
"UNREACHABLE_EXERCISE","recuperacao","Ativacao > Adutores","Adutores e anca pós-artes marciais","1","triagem de rota/filtro/contexto","A/F: menu do dominio e generico demais ou precisa de fallback/rota por zona."
"UNREACHABLE_EXERCISE","recuperacao","Recuperacao > zona/objetivo correspondente","Desligar sistema nervoso pós-treino marcial","1","triagem de rota/filtro/contexto","A/F: menu do dominio e generico demais ou precisa de fallback/rota por zona."
"UNREACHABLE_EXERCISE","recuperacao","Recuperacao > zona/objetivo correspondente","Reset leve pós-sparring técnico","1","triagem de rota/filtro/contexto","A/F: menu do dominio e generico demais ou precisa de fallback/rota por zona."
"UNREACHABLE_EXERCISE","recuperacao","Recuperacao > zona/objetivo correspondente","Check-in de carga do dia","1","triagem de rota/filtro/contexto","A/F: menu do dominio e generico demais ou precisa de fallback/rota por zona."
"UNREACHABLE_EXERCISE","recuperacao","Recuperacao > zona/objetivo correspondente","Semana de deload por volume","1","triagem de rota/filtro/contexto","A/F: menu do dominio e generico demais ou precisa de fallback/rota por zona."
"UNREACHABLE_EXERCISE","recuperacao","Recuperacao > zona/objetivo correspondente","Semana de deload por intensidade","1","triagem de rota/filtro/contexto","A/F: menu do dominio e generico demais ou precisa de fallback/rota por zona."
"UNREACHABLE_EXERCISE","recuperacao","Recuperacao > zona/objetivo correspondente","Trocar sessão pesada por sessão leve","1","triagem de rota/filtro/contexto","A/F: menu do dominio e generico demais ou precisa de fallback/rota por zona."
"UNREACHABLE_EXERCISE","recuperacao","Recuperacao > zona/objetivo correspondente","Regra entre treinos do mesmo músculo","1","triagem de rota/filtro/contexto","A/F: menu do dominio e generico demais ou precisa de fallback/rota por zona."
"UNREACHABLE_EXERCISE","recuperacao","Recuperacao > zona/objetivo correspondente","Regra entre treinos de artes marciais","1","triagem de rota/filtro/contexto","A/F: menu do dominio e generico demais ou precisa de fallback/rota por zona."
"UNREACHABLE_EXERCISE","recuperacao","Recuperacao > zona/objetivo correspondente","Escala simples de prontidão","1","triagem de rota/filtro/contexto","A/F: menu do dominio e generico demais ou precisa de fallback/rota por zona."
"UNREACHABLE_EXERCISE","recuperacao","Recuperacao > zona/objetivo correspondente","Checklist de sinais de sobrecarga","1","triagem de rota/filtro/contexto","A/F: menu do dominio e generico demais ou precisa de fallback/rota por zona."
"UNREACHABLE_EXERCISE","recuperacao","Recuperacao > zona/objetivo correspondente","Rotina básica pré-sono","1","triagem de rota/filtro/contexto","A/F: menu do dominio e generico demais ou precisa de fallback/rota por zona."
"UNREACHABLE_EXERCISE","recuperacao","Recuperacao > zona/objetivo correspondente","Desaceleração ao fim do dia","1","triagem de rota/filtro/contexto","A/F: menu do dominio e generico demais ou precisa de fallback/rota por zona."
"UNREACHABLE_EXERCISE","recuperacao","Recuperacao > zona/objetivo correspondente","Mobilidade leve antes de dormir","1","triagem de rota/filtro/contexto","A/F: menu do dominio e generico demais ou precisa de fallback/rota por zona."
"UNREACHABLE_EXERCISE","recuperacao","Recuperacao > zona/objetivo correspondente","Respiração para pré-sono","1","triagem de rota/filtro/contexto","A/F: menu do dominio e generico demais ou precisa de fallback/rota por zona."
"UNREACHABLE_EXERCISE","recuperacao","Recuperacao > zona/objetivo correspondente","Recuperação após treino tardio","1","triagem de rota/filtro/contexto","A/F: menu do dominio e generico demais ou precisa de fallback/rota por zona."
"UNREACHABLE_EXERCISE","recuperacao","Recuperacao > zona/objetivo correspondente","Dia de descanso estruturado","1","triagem de rota/filtro/contexto","A/F: menu do dominio e generico demais ou precisa de fallback/rota por zona."
"UNREACHABLE_EXERCISE","recuperacao","Recuperacao > zona/objetivo correspondente","Triagem de dor muscular tardia","1","triagem de rota/filtro/contexto","A/F: menu do dominio e generico demais ou precisa de fallback/rota por zona."
"UNREACHABLE_EXERCISE","recuperacao","Recuperacao > zona/objetivo correspondente","Regra para dor articular","1","triagem de rota/filtro/contexto","A/F: menu do dominio e generico demais ou precisa de fallback/rota por zona."
"UNREACHABLE_EXERCISE","recuperacao","Recuperacao > zona/objetivo correspondente","Regra para tendão irritado","1","triagem de rota/filtro/contexto","A/F: menu do dominio e generico demais ou precisa de fallback/rota por zona."
"UNREACHABLE_EXERCISE","recuperacao","Recuperacao > zona/objetivo correspondente","Regra para formigueiro ou dormência","1","triagem de rota/filtro/contexto","A/F: menu do dominio e generico demais ou precisa de fallback/rota por zona."
"UNREACHABLE_EXERCISE","recuperacao","Recuperacao > zona/objetivo correspondente","Regra de parar em lesão aguda","1","triagem de rota/filtro/contexto","A/F: menu do dominio e generico demais ou precisa de fallback/rota por zona."
"UNREACHABLE_EXERCISE","recuperacao","Recuperacao > zona/objetivo correspondente","Sinais para avaliação profissional","1","triagem de rota/filtro/contexto","A/F: menu do dominio e generico demais ou precisa de fallback/rota por zona."
"UNREACHABLE_EXERCISE","aquecimento","Aquecimento > zona/foco correspondente","Cardio leve geral","1","triagem de rota/filtro/contexto","A/F: menu do dominio e generico demais ou precisa de fallback/rota por zona."
"UNREACHABLE_EXERCISE","aquecimento","Aquecimento > zona/foco correspondente","Marcha no lugar progressiva","1","triagem de rota/filtro/contexto","A/F: menu do dominio e generico demais ou precisa de fallback/rota por zona."
"UNREACHABLE_EXERCISE","aquecimento","Aquecimento > zona/foco correspondente","Caminhada leve pré-treino","1","triagem de rota/filtro/contexto","A/F: menu do dominio e generico demais ou precisa de fallback/rota por zona."
"UNREACHABLE_EXERCISE","aquecimento","Aquecimento > zona/foco correspondente","Bicicleta leve pré-treino","1","triagem de rota/filtro/contexto","A/F: menu do dominio e generico demais ou precisa de fallback/rota por zona."
"UNREACHABLE_EXERCISE","aquecimento","Cardio > Passadeira > Resistencia aerobia/ritmo/intervalos conforme foco","Passadeira caminhada progressiva","1","triagem de rota/filtro/contexto","A/F: menu do dominio e generico demais ou precisa de fallback/rota por zona."
"UNREACHABLE_EXERCISE","aquecimento","Cardio > Passadeira > Resistencia aerobia/ritmo/intervalos conforme foco","Passadeira corrida muito leve","1","triagem de rota/filtro/contexto","A/F: menu do dominio e generico demais ou precisa de fallback/rota por zona."
"UNREACHABLE_EXERCISE","aquecimento","Aquecimento > zona/foco correspondente","Corda leve de aquecimento","1","triagem de rota/filtro/contexto","A/F: menu do dominio e generico demais ou precisa de fallback/rota por zona."
"UNREACHABLE_EXERCISE","aquecimento","Aquecimento > zona/foco correspondente","Corda boxer step leve","1","triagem de rota/filtro/contexto","A/F: menu do dominio e generico demais ou precisa de fallback/rota por zona."
"UNREACHABLE_EXERCISE","aquecimento","Aquecimento > zona/foco correspondente","Sombra leve geral","1","triagem de rota/filtro/contexto","A/F: menu do dominio e generico demais ou precisa de fallback/rota por zona."
"UNREACHABLE_EXERCISE","aquecimento","Aquecimento > zona/foco correspondente","Sombra com guarda e passos curtos","1","triagem de rota/filtro/contexto","A/F: menu do dominio e generico demais ou precisa de fallback/rota por zona."
"UNREACHABLE_EXERCISE","aquecimento","Aquecimento > zona/foco correspondente","Respiração em rampa leve","1","triagem de rota/filtro/contexto","A/F: menu do dominio e generico demais ou precisa de fallback/rota por zona."
"UNREACHABLE_EXERCISE","aquecimento","Aquecimento > zona/foco correspondente","Caminhada com respiração progressiva","1","triagem de rota/filtro/contexto","A/F: menu do dominio e generico demais ou precisa de fallback/rota por zona."
"UNREACHABLE_EXERCISE","aquecimento","Aquecimento > zona/foco correspondente","CARs gerais de corpo inteiro","1","triagem de rota/filtro/contexto","A/F: menu do dominio e generico demais ou precisa de fallback/rota por zona."
"UNREACHABLE_EXERCISE","aquecimento","Aquecimento > zona/foco correspondente","Sequência pescoço, ombros, anca e tornozelos","1","triagem de rota/filtro/contexto","A/F: menu do dominio e generico demais ou precisa de fallback/rota por zona."
"UNREACHABLE_EXERCISE","aquecimento","Aquecimento > zona/foco correspondente","Pescoço suave de aquecimento","1","triagem de rota/filtro/contexto","A/F: menu do dominio e generico demais ou precisa de fallback/rota por zona."
"UNREACHABLE_EXERCISE","aquecimento","Aquecimento > zona/foco correspondente","Círculos de ombros","1","triagem de rota/filtro/contexto","A/F: menu do dominio e generico demais ou precisa de fallback/rota por zona."
"UNREACHABLE_EXERCISE","aquecimento","Aquecimento > zona/foco correspondente","Shoulder CARs leves","1","triagem de rota/filtro/contexto","A/F: menu do dominio e generico demais ou precisa de fallback/rota por zona."
"UNREACHABLE_EXERCISE","aquecimento","Aquecimento > zona/foco correspondente","Círculos de punho e abrir dedos","1","triagem de rota/filtro/contexto","A/F: menu do dominio e generico demais ou precisa de fallback/rota por zona."
"UNREACHABLE_EXERCISE","aquecimento","Aquecimento > zona/foco correspondente","Rocking leve de punhos","1","triagem de rota/filtro/contexto","A/F: menu do dominio e generico demais ou precisa de fallback/rota por zona."
"UNREACHABLE_EXERCISE","aquecimento","Aquecimento > zona/foco correspondente","Cat cow leve pré-treino","1","triagem de rota/filtro/contexto","A/F: menu do dominio e generico demais ou precisa de fallback/rota por zona."
"UNREACHABLE_EXERCISE","aquecimento","Aquecimento > zona/foco correspondente","Rotação torácica em quadrupedia","1","triagem de rota/filtro/contexto","A/F: menu do dominio e generico demais ou precisa de fallback/rota por zona."
"UNREACHABLE_EXERCISE","aquecimento","Aquecimento > zona/foco correspondente","Círculos de anca com apoio","1","triagem de rota/filtro/contexto","A/F: menu do dominio e generico demais ou precisa de fallback/rota por zona."
"UNREACHABLE_EXERCISE","aquecimento","Aquecimento > zona/foco correspondente","Flexão e extensão leve do joelho","1","triagem de rota/filtro/contexto","A/F: menu do dominio e generico demais ou precisa de fallback/rota por zona."
"UNREACHABLE_EXERCISE","aquecimento","Aquecimento > zona/foco correspondente","Círculos de tornozelo e dedos","1","triagem de rota/filtro/contexto","A/F: menu do dominio e generico demais ou precisa de fallback/rota por zona."
"UNREACHABLE_EXERCISE","aquecimento","Aquecimento > zona/foco correspondente","World greatest stretch dinâmico","1","triagem de rota/filtro/contexto","A/F: menu do dominio e generico demais ou precisa de fallback/rota por zona."
"UNREACHABLE_EXERCISE","aquecimento","Aquecimento > zona/foco correspondente","Flow dinâmico curto","1","triagem de rota/filtro/contexto","A/F: menu do dominio e generico demais ou precisa de fallback/rota por zona."
"UNREACHABLE_EXERCISE","aquecimento","Aquecimento > zona/foco correspondente","Shin box switches dinâmicos","1","triagem de rota/filtro/contexto","A/F: menu do dominio e generico demais ou precisa de fallback/rota por zona."
"UNREACHABLE_EXERCISE","aquecimento","Aquecimento > zona/foco correspondente","90/90 switches leves","1","triagem de rota/filtro/contexto","A/F: menu do dominio e generico demais ou precisa de fallback/rota por zona."
"UNREACHABLE_EXERCISE","aquecimento","Aquecimento > zona/foco correspondente","Open book dinâmico","1","triagem de rota/filtro/contexto","A/F: menu do dominio e generico demais ou precisa de fallback/rota por zona."
"UNREACHABLE_EXERCISE","aquecimento","Aquecimento > zona/foco correspondente","Rotação torácica com alcance","1","triagem de rota/filtro/contexto","A/F: menu do dominio e generico demais ou precisa de fallback/rota por zona."
"UNREACHABLE_EXERCISE","aquecimento","Aquecimento > zona/foco correspondente","Knee to wall dinâmico","1","triagem de rota/filtro/contexto","A/F: menu do dominio e generico demais ou precisa de fallback/rota por zona."
"UNREACHABLE_EXERCISE","aquecimento","Aquecimento > zona/foco correspondente","Rocking de tornozelo em avanço","1","triagem de rota/filtro/contexto","A/F: menu do dominio e generico demais ou precisa de fallback/rota por zona."
"UNREACHABLE_EXERCISE","aquecimento","Aquecimento > zona/foco correspondente","Leg swings frontais controlados","1","triagem de rota/filtro/contexto","A/F: menu do dominio e generico demais ou precisa de fallback/rota por zona."
"UNREACHABLE_EXERCISE","aquecimento","Aquecimento > zona/foco correspondente","Walkouts de posterior leves","1","triagem de rota/filtro/contexto","A/F: menu do dominio e generico demais ou precisa de fallback/rota por zona."
"UNREACHABLE_EXERCISE","aquecimento","Ativacao > Adutores","Rock back de adutores dinâmico","1","triagem de rota/filtro/contexto","A/F: menu do dominio e generico demais ou precisa de fallback/rota por zona."
"UNREACHABLE_EXERCISE","aquecimento","Aquecimento > zona/foco correspondente","Cossack parcial dinâmico","1","triagem de rota/filtro/contexto","A/F: menu do dominio e generico demais ou precisa de fallback/rota por zona."
"UNREACHABLE_EXERCISE","aquecimento","Aquecimento > zona/foco correspondente","Wall slides dinâmicos","1","triagem de rota/filtro/contexto","A/F: menu do dominio e generico demais ou precisa de fallback/rota por zona."
"UNREACHABLE_EXERCISE","aquecimento","Aquecimento > zona/foco correspondente","Agachamento assistido dinâmico","1","triagem de rota/filtro/contexto","A/F: menu do dominio e generico demais ou precisa de fallback/rota por zona."
"UNREACHABLE_EXERCISE","ativacao","Ativacao > grupo muscular correspondente","Glute bridge de ativação","1","triagem de rota/filtro/contexto","A/F: menu do dominio e generico demais ou precisa de fallback/rota por zona."
"UNREACHABLE_EXERCISE","ativacao","Ativacao > grupo muscular correspondente","Glute bridge com pausa no topo","1","triagem de rota/filtro/contexto","A/F: menu do dominio e generico demais ou precisa de fallback/rota por zona."
"UNREACHABLE_EXERCISE","ativacao","Ativacao > grupo muscular correspondente","Clam shell leve","1","triagem de rota/filtro/contexto","A/F: menu do dominio e generico demais ou precisa de fallback/rota por zona."
"UNREACHABLE_EXERCISE","ativacao","Ativacao > grupo muscular correspondente","Lateral band walk","1","triagem de rota/filtro/contexto","A/F: menu do dominio e generico demais ou precisa de fallback/rota por zona."
"UNREACHABLE_EXERCISE","ativacao","Ativacao > grupo muscular correspondente","Monster walk leve","1","triagem de rota/filtro/contexto","A/F: menu do dominio e generico demais ou precisa de fallback/rota por zona."
"UNREACHABLE_EXERCISE","ativacao","Ativacao > grupo muscular correspondente","Rotação externa de anca com mini band","1","triagem de rota/filtro/contexto","A/F: menu do dominio e generico demais ou precisa de fallback/rota por zona."
"UNREACHABLE_EXERCISE","ativacao","Ativacao > grupo muscular correspondente","Hip airplane assistido","1","triagem de rota/filtro/contexto","A/F: menu do dominio e generico demais ou precisa de fallback/rota por zona."
"UNREACHABLE_EXERCISE","ativacao","Ativacao > grupo muscular correspondente","Marcha de joelho alto controlada","1","triagem de rota/filtro/contexto","A/F: menu do dominio e generico demais ou precisa de fallback/rota por zona."
"UNREACHABLE_EXERCISE","ativacao","Ativacao > grupo muscular correspondente","Câmara de pontapé frontal ativa","1","triagem de rota/filtro/contexto","A/F: menu do dominio e generico demais ou precisa de fallback/rota por zona."
"UNREACHABLE_EXERCISE","ativacao","Ativacao > Adutores","Adductor squeeze leve","1","triagem de rota/filtro/contexto","A/F: menu do dominio e generico demais ou precisa de fallback/rota por zona."
"UNREACHABLE_EXERCISE","ativacao","Ativacao > grupo muscular correspondente","Copenhagen regressão curta","1","triagem de rota/filtro/contexto","A/F: menu do dominio e generico demais ou precisa de fallback/rota por zona."
"UNREACHABLE_EXERCISE","ativacao","Ativacao > grupo muscular correspondente","Equilíbrio unipodal com joelho alto","1","triagem de rota/filtro/contexto","A/F: menu do dominio e generico demais ou precisa de fallback/rota por zona."
"UNREACHABLE_EXERCISE","ativacao","Ativacao > grupo muscular correspondente","Agachamento com pausa leve","1","triagem de rota/filtro/contexto","A/F: menu do dominio e generico demais ou precisa de fallback/rota por zona."
"UNREACHABLE_EXERCISE","ativacao","Ativacao > grupo muscular correspondente","Squat to stand leve","1","triagem de rota/filtro/contexto","A/F: menu do dominio e generico demais ou precisa de fallback/rota por zona."
"UNREACHABLE_EXERCISE","ativacao","Ativacao > grupo muscular correspondente","Câmara de pontapé circular ativa","1","triagem de rota/filtro/contexto","A/F: menu do dominio e generico demais ou precisa de fallback/rota por zona."
"UNREACHABLE_EXERCISE","ativacao","Ativacao > grupo muscular correspondente","Respiração com bracing leve","1","triagem de rota/filtro/contexto","A/F: menu do dominio e generico demais ou precisa de fallback/rota por zona."
"UNREACHABLE_EXERCISE","ativacao","Ativacao > grupo muscular correspondente","Brace em pé antes de carga","1","triagem de rota/filtro/contexto","A/F: menu do dominio e generico demais ou precisa de fallback/rota por zona."
"UNREACHABLE_EXERCISE","ativacao","Ativacao > grupo muscular correspondente","Prancha curta de ativação","1","triagem de rota/filtro/contexto","A/F: menu do dominio e generico demais ou precisa de fallback/rota por zona."
"UNREACHABLE_EXERCISE","ativacao","Ativacao > grupo muscular correspondente","Hollow hold leve","1","triagem de rota/filtro/contexto","A/F: menu do dominio e generico demais ou precisa de fallback/rota por zona."
"UNREACHABLE_EXERCISE","ativacao","Ativacao > grupo muscular correspondente","Pallof press leve","1","triagem de rota/filtro/contexto","A/F: menu do dominio e generico demais ou precisa de fallback/rota por zona."
"UNREACHABLE_EXERCISE","ativacao","Ativacao > grupo muscular correspondente","Dead bug de ativação","1","triagem de rota/filtro/contexto","A/F: menu do dominio e generico demais ou precisa de fallback/rota por zona."
"UNREACHABLE_EXERCISE","ativacao","Ativacao > grupo muscular correspondente","Dead bug com expiração","1","triagem de rota/filtro/contexto","A/F: menu do dominio e generico demais ou precisa de fallback/rota por zona."
"UNREACHABLE_EXERCISE","ativacao","Ativacao > grupo muscular correspondente","Bird dog de ativação","1","triagem de rota/filtro/contexto","A/F: menu do dominio e generico demais ou precisa de fallback/rota por zona."
"UNREACHABLE_EXERCISE","ativacao","Ativacao > grupo muscular correspondente","Side plank curta","1","triagem de rota/filtro/contexto","A/F: menu do dominio e generico demais ou precisa de fallback/rota por zona."
"UNREACHABLE_EXERCISE","ativacao","Ativacao > grupo muscular correspondente","Side plank com joelhos apoiados","1","triagem de rota/filtro/contexto","A/F: menu do dominio e generico demais ou precisa de fallback/rota por zona."
"UNREACHABLE_EXERCISE","ativacao","Ativacao > grupo muscular correspondente","McGill curl-up leve","1","triagem de rota/filtro/contexto","A/F: menu do dominio e generico demais ou precisa de fallback/rota por zona."
"UNREACHABLE_EXERCISE","ativacao","Ativacao > grupo muscular correspondente","Rotação torácica com core ativo","1","triagem de rota/filtro/contexto","A/F: menu do dominio e generico demais ou precisa de fallback/rota por zona."
"UNREACHABLE_EXERCISE","ativacao","Ativacao > grupo muscular correspondente","Bear hold curto","1","triagem de rota/filtro/contexto","A/F: menu do dominio e generico demais ou precisa de fallback/rota por zona."
"UNREACHABLE_EXERCISE","ativacao","Ativacao > grupo muscular correspondente","Scapular push-up leve","1","triagem de rota/filtro/contexto","A/F: menu do dominio e generico demais ou precisa de fallback/rota por zona."
"UNREACHABLE_EXERCISE","ativacao","Ativacao > grupo muscular correspondente","Prancha com protração escapular","1","triagem de rota/filtro/contexto","A/F: menu do dominio e generico demais ou precisa de fallback/rota por zona."
"UNREACHABLE_EXERCISE","ativacao","Ativacao > grupo muscular correspondente","Band pull-apart leve","1","triagem de rota/filtro/contexto","A/F: menu do dominio e generico demais ou precisa de fallback/rota por zona."
"UNREACHABLE_EXERCISE","ativacao","Ativacao > grupo muscular correspondente","Retração escapular em pé","1","triagem de rota/filtro/contexto","A/F: menu do dominio e generico demais ou precisa de fallback/rota por zona."
"UNREACHABLE_EXERCISE","ativacao","Ativacao > grupo muscular correspondente","Scapular pull-up leve","1","triagem de rota/filtro/contexto","A/F: menu do dominio e generico demais ou precisa de fallback/rota por zona."
"UNREACHABLE_EXERCISE","ativacao","Ativacao > grupo muscular correspondente","Depressão escapular com elástico","1","triagem de rota/filtro/contexto","A/F: menu do dominio e generico demais ou precisa de fallback/rota por zona."
"UNREACHABLE_EXERCISE","ativacao","Ativacao > grupo muscular correspondente","Wall slides com foco em escápula","1","triagem de rota/filtro/contexto","A/F: menu do dominio e generico demais ou precisa de fallback/rota por zona."
"UNREACHABLE_EXERCISE","ativacao","Ativacao > grupo muscular correspondente","Y raise leve","1","triagem de rota/filtro/contexto","A/F: menu do dominio e generico demais ou precisa de fallback/rota por zona."
"UNREACHABLE_EXERCISE","ativacao","Ativacao > grupo muscular correspondente","Prone Y T W leve","1","triagem de rota/filtro/contexto","A/F: menu do dominio e generico demais ou precisa de fallback/rota por zona."
"UNREACHABLE_EXERCISE","ativacao","Ativacao > grupo muscular correspondente","Serratus wall slide","1","triagem de rota/filtro/contexto","A/F: menu do dominio e generico demais ou precisa de fallback/rota por zona."
"UNREACHABLE_EXERCISE","ativacao","Ativacao > grupo muscular correspondente","Face pull leve de ativação","1","triagem de rota/filtro/contexto","A/F: menu do dominio e generico demais ou precisa de fallback/rota por zona."
"UNREACHABLE_EXERCISE","ativacao","Ativacao > grupo muscular correspondente","Guarda alta com serrátil ativo","1","triagem de rota/filtro/contexto","A/F: menu do dominio e generico demais ou precisa de fallback/rota por zona."
"UNREACHABLE_EXERCISE","ativacao","Ativacao > grupo muscular correspondente","Rotação externa com elástico leve","1","triagem de rota/filtro/contexto","A/F: menu do dominio e generico demais ou precisa de fallback/rota por zona."
"UNREACHABLE_EXERCISE","ativacao","Ativacao > grupo muscular correspondente","Rotação externa deitado de lado leve","1","triagem de rota/filtro/contexto","A/F: menu do dominio e generico demais ou precisa de fallback/rota por zona."
"UNREACHABLE_EXERCISE","ativacao","Ativacao > grupo muscular correspondente","Rotação interna com elástico leve","1","triagem de rota/filtro/contexto","A/F: menu do dominio e generico demais ou precisa de fallback/rota por zona."
"UNREACHABLE_EXERCISE","ativacao","Ativacao > grupo muscular correspondente","Isometria de rotação externa na parede","1","triagem de rota/filtro/contexto","A/F: menu do dominio e generico demais ou precisa de fallback/rota por zona."
"UNREACHABLE_EXERCISE","ativacao","Ativacao > grupo muscular correspondente","Isometria de rotação interna na parede","1","triagem de rota/filtro/contexto","A/F: menu do dominio e generico demais ou precisa de fallback/rota por zona."
"UNREACHABLE_EXERCISE","ativacao","Ativacao > grupo muscular correspondente","Overhead hold leve","1","triagem de rota/filtro/contexto","A/F: menu do dominio e generico demais ou precisa de fallback/rota por zona."
"UNREACHABLE_EXERCISE","ativacao","Ativacao > grupo muscular correspondente","Bottoms-up carry leve","1","triagem de rota/filtro/contexto","A/F: menu do dominio e generico demais ou precisa de fallback/rota por zona."
"UNREACHABLE_EXERCISE","ativacao","Ativacao > grupo muscular correspondente","Push-up plus regressivo","1","triagem de rota/filtro/contexto","A/F: menu do dominio e generico demais ou precisa de fallback/rota por zona."
"UNREACHABLE_EXERCISE","ativacao","Ativacao > grupo muscular correspondente","Straight arm pulldown leve","1","triagem de rota/filtro/contexto","A/F: menu do dominio e generico demais ou precisa de fallback/rota por zona."
"UNREACHABLE_EXERCISE","ativacao","Ativacao > grupo muscular correspondente","Jab leve no ar com guarda","1","triagem de rota/filtro/contexto","A/F: menu do dominio e generico demais ou precisa de fallback/rota por zona."
"UNREACHABLE_EXERCISE","ativacao","Ativacao > grupo muscular correspondente","Sombra só de mãos leve","1","triagem de rota/filtro/contexto","A/F: menu do dominio e generico demais ou precisa de fallback/rota por zona."
"UNREACHABLE_EXERCISE","ativacao","Ativacao > grupo muscular correspondente","Frames leves em quadrupedia","1","triagem de rota/filtro/contexto","A/F: menu do dominio e generico demais ou precisa de fallback/rota por zona."
"UNREACHABLE_EXERCISE","aquecimento","Aquecimento > zona/foco correspondente","Rocking de punhos para apoio","1","triagem de rota/filtro/contexto","A/F: menu do dominio e generico demais ou precisa de fallback/rota por zona."
"UNREACHABLE_EXERCISE","aquecimento","Aquecimento > zona/foco correspondente","Punhos para flexões na parede","1","triagem de rota/filtro/contexto","A/F: menu do dominio e generico demais ou precisa de fallback/rota por zona."
"UNREACHABLE_EXERCISE","aquecimento","Aquecimento > zona/foco correspondente","Punhos e dedos para grappling","1","triagem de rota/filtro/contexto","A/F: menu do dominio e generico demais ou precisa de fallback/rota por zona."
"UNREACHABLE_EXERCISE","aquecimento","Aquecimento > zona/foco correspondente","Aquecimento de pega com kimono","1","triagem de rota/filtro/contexto","A/F: menu do dominio e generico demais ou precisa de fallback/rota por zona."
"UNREACHABLE_EXERCISE","aquecimento","Aquecimento > zona/foco correspondente","Pega leve em toalha","1","triagem de rota/filtro/contexto","A/F: menu do dominio e generico demais ou precisa de fallback/rota por zona."
"UNREACHABLE_EXERCISE","aquecimento","Aquecimento > zona/foco correspondente","Aquecimento de pega para barras","1","triagem de rota/filtro/contexto","A/F: menu do dominio e generico demais ou precisa de fallback/rota por zona."
"UNREACHABLE_EXERCISE","aquecimento","Aquecimento > zona/foco correspondente","Extensão de dedos com elástico leve","1","triagem de rota/filtro/contexto","A/F: menu do dominio e generico demais ou precisa de fallback/rota por zona."
"UNREACHABLE_EXERCISE","aquecimento","Aquecimento > zona/foco correspondente","Pronação e supinação ativa","1","triagem de rota/filtro/contexto","A/F: menu do dominio e generico demais ou precisa de fallback/rota por zona."
"UNREACHABLE_EXERCISE","aquecimento","Aquecimento > zona/foco correspondente","Pronação e supinação com halter leve","1","triagem de rota/filtro/contexto","A/F: menu do dominio e generico demais ou precisa de fallback/rota por zona."
"UNREACHABLE_EXERCISE","aquecimento","Aquecimento > zona/foco correspondente","Alinhamento de punho na parede","1","triagem de rota/filtro/contexto","A/F: menu do dominio e generico demais ou precisa de fallback/rota por zona."
"UNREACHABLE_EXERCISE","aquecimento","Aquecimento > zona/foco correspondente","Toques leves no saco para punhos","1","triagem de rota/filtro/contexto","A/F: menu do dominio e generico demais ou precisa de fallback/rota por zona."
"UNREACHABLE_EXERCISE","aquecimento","Aquecimento > zona/foco correspondente","Checklist de mãos antes de contacto","1","triagem de rota/filtro/contexto","A/F: menu do dominio e generico demais ou precisa de fallback/rota por zona."
"UNREACHABLE_EXERCISE","aquecimento","Aquecimento > zona/foco correspondente","Short foot de aquecimento","1","triagem de rota/filtro/contexto","A/F: menu do dominio e generico demais ou precisa de fallback/rota por zona."
"UNREACHABLE_EXERCISE","aquecimento","Aquecimento > zona/foco correspondente","Doming do pé","1","triagem de rota/filtro/contexto","A/F: menu do dominio e generico demais ou precisa de fallback/rota por zona."
"UNREACHABLE_EXERCISE","aquecimento","Aquecimento > zona/foco correspondente","Toe yoga","1","triagem de rota/filtro/contexto","A/F: menu do dominio e generico demais ou precisa de fallback/rota por zona."
"UNREACHABLE_EXERCISE","aquecimento","Aquecimento > zona/foco correspondente","Knee to wall pré-agachamento","1","triagem de rota/filtro/contexto","A/F: menu do dominio e generico demais ou precisa de fallback/rota por zona."
"UNREACHABLE_EXERCISE","aquecimento","Aquecimento > zona/foco correspondente","Equilíbrio unipodal","1","triagem de rota/filtro/contexto","A/F: menu do dominio e generico demais ou precisa de fallback/rota por zona."
"UNREACHABLE_EXERCISE","aquecimento","Aquecimento > zona/foco correspondente","Elevação de tibial na parede","1","triagem de rota/filtro/contexto","A/F: menu do dominio e generico demais ou precisa de fallback/rota por zona."
"UNREACHABLE_EXERCISE","aquecimento","Aquecimento > zona/foco correspondente","Toe raises em pé","1","triagem de rota/filtro/contexto","A/F: menu do dominio e generico demais ou precisa de fallback/rota por zona."
"UNREACHABLE_EXERCISE","aquecimento","Aquecimento > zona/foco correspondente","Calf raises leves","1","triagem de rota/filtro/contexto","A/F: menu do dominio e generico demais ou precisa de fallback/rota por zona."
"UNREACHABLE_EXERCISE","aquecimento","Aquecimento > zona/foco correspondente","Soleus raises leves","1","triagem de rota/filtro/contexto","A/F: menu do dominio e generico demais ou precisa de fallback/rota por zona."
"UNREACHABLE_EXERCISE","aquecimento","Aquecimento > zona/foco correspondente","Pogo prep baixo","1","triagem de rota/filtro/contexto","A/F: menu do dominio e generico demais ou precisa de fallback/rota por zona."
"UNREACHABLE_EXERCISE","aquecimento","Aquecimento > zona/foco correspondente","Pivots controlados","1","triagem de rota/filtro/contexto","A/F: menu do dominio e generico demais ou precisa de fallback/rota por zona."
"UNREACHABLE_EXERCISE","aquecimento","Aquecimento > zona/foco correspondente","Base marcial com troca de peso","1","triagem de rota/filtro/contexto","A/F: menu do dominio e generico demais ou precisa de fallback/rota por zona."
"UNREACHABLE_EXERCISE","prevencao","Prevencao > articulacao/zona correspondente","Circuito leve de ombro preventivo","1","triagem de rota/filtro/contexto","A/F: menu do dominio e generico demais ou precisa de fallback/rota por zona."
"UNREACHABLE_EXERCISE","prevencao","Prevencao > articulacao/zona correspondente","Rotação externa progressiva leve","1","triagem de rota/filtro/contexto","A/F: menu do dominio e generico demais ou precisa de fallback/rota por zona."
"UNREACHABLE_EXERCISE","prevencao","Prevencao > articulacao/zona correspondente","Face pull preventivo leve","1","triagem de rota/filtro/contexto","A/F: menu do dominio e generico demais ou precisa de fallback/rota por zona."
"UNREACHABLE_EXERCISE","prevencao","Prevencao > articulacao/zona correspondente","Y T W preventivo","1","triagem de rota/filtro/contexto","A/F: menu do dominio e generico demais ou precisa de fallback/rota por zona."
"UNREACHABLE_EXERCISE","prevencao","Prevencao > articulacao/zona correspondente","Isometria leve de flexão do cotovelo","1","triagem de rota/filtro/contexto","A/F: menu do dominio e generico demais ou precisa de fallback/rota por zona."
"UNREACHABLE_EXERCISE","prevencao","Prevencao > articulacao/zona correspondente","Isometria leve de extensão do cotovelo","1","triagem de rota/filtro/contexto","A/F: menu do dominio e generico demais ou precisa de fallback/rota por zona."
"UNREACHABLE_EXERCISE","prevencao","Prevencao > articulacao/zona correspondente","Circuito punho-cotovelo leve","1","triagem de rota/filtro/contexto","A/F: menu do dominio e generico demais ou precisa de fallback/rota por zona."
"UNREACHABLE_EXERCISE","prevencao","Prevencao > articulacao/zona correspondente","Sequência preventiva para striking","1","triagem de rota/filtro/contexto","A/F: menu do dominio e generico demais ou precisa de fallback/rota por zona."
"UNREACHABLE_EXERCISE","prevencao","Prevencao > articulacao/zona correspondente","Sequência preventiva para grappling","1","triagem de rota/filtro/contexto","A/F: menu do dominio e generico demais ou precisa de fallback/rota por zona."
"UNREACHABLE_EXERCISE","prevencao","Prevencao > articulacao/zona correspondente","Wall slide e rotação externa","1","triagem de rota/filtro/contexto","A/F: menu do dominio e generico demais ou precisa de fallback/rota por zona."
"UNREACHABLE_EXERCISE","prevencao","Prevencao > articulacao/zona correspondente","Scapular push-up preventivo","1","triagem de rota/filtro/contexto","A/F: menu do dominio e generico demais ou precisa de fallback/rota por zona."
"UNREACHABLE_EXERCISE","prevencao","Prevencao > articulacao/zona correspondente","Rotação externa isométrica semanal","1","triagem de rota/filtro/contexto","A/F: menu do dominio e generico demais ou precisa de fallback/rota por zona."
"UNREACHABLE_EXERCISE","prevencao","Prevencao > articulacao/zona correspondente","Hinge drill com cabo de vassoura","1","triagem de rota/filtro/contexto","A/F: menu do dominio e generico demais ou precisa de fallback/rota por zona."
"UNREACHABLE_EXERCISE","prevencao","Prevencao > articulacao/zona correspondente","Dead bug preventivo","1","triagem de rota/filtro/contexto","A/F: menu do dominio e generico demais ou precisa de fallback/rota por zona."
"UNREACHABLE_EXERCISE","prevencao","Prevencao > articulacao/zona correspondente","Hip airplane assistido preventivo","1","triagem de rota/filtro/contexto","A/F: menu do dominio e generico demais ou precisa de fallback/rota por zona."
"UNREACHABLE_EXERCISE","prevencao","Prevencao > articulacao/zona correspondente","Step down controlado","1","triagem de rota/filtro/contexto","A/F: menu do dominio e generico demais ou precisa de fallback/rota por zona."
"UNREACHABLE_EXERCISE","prevencao","Prevencao > articulacao/zona correspondente","Agachamento para caixa controlado","1","triagem de rota/filtro/contexto","A/F: menu do dominio e generico demais ou precisa de fallback/rota por zona."
"UNREACHABLE_EXERCISE","prevencao","Prevencao > articulacao/zona correspondente","Copenhagen regressão de joelho apoiado","1","triagem de rota/filtro/contexto","A/F: menu do dominio e generico demais ou precisa de fallback/rota por zona."
"UNREACHABLE_EXERCISE","prevencao","Ativacao > Adutores","Adductor squeeze preventivo","1","triagem de rota/filtro/contexto","A/F: menu do dominio e generico demais ou precisa de fallback/rota por zona."
"UNREACHABLE_EXERCISE","prevencao","Prevencao > articulacao/zona correspondente","Hip hinge unilateral assistido","1","triagem de rota/filtro/contexto","A/F: menu do dominio e generico demais ou precisa de fallback/rota por zona."
"UNREACHABLE_EXERCISE","prevencao","Prevencao > articulacao/zona correspondente","Nordic regressão isométrica","1","triagem de rota/filtro/contexto","A/F: menu do dominio e generico demais ou precisa de fallback/rota por zona."
"UNREACHABLE_EXERCISE","prevencao","Prevencao > articulacao/zona correspondente","Monster walk preventivo","1","triagem de rota/filtro/contexto","A/F: menu do dominio e generico demais ou precisa de fallback/rota por zona."
"UNREACHABLE_EXERCISE","prevencao","Prevencao > articulacao/zona correspondente","Split squat controlado","1","triagem de rota/filtro/contexto","A/F: menu do dominio e generico demais ou precisa de fallback/rota por zona."
"UNREACHABLE_EXERCISE","prevencao","Prevencao > articulacao/zona correspondente","Bird dog e shrimp leve","1","triagem de rota/filtro/contexto","A/F: menu do dominio e generico demais ou precisa de fallback/rota por zona."
"UNREACHABLE_EXERCISE","prevencao","Prevencao > articulacao/zona correspondente","Equilíbrio unipodal preventivo","1","triagem de rota/filtro/contexto","A/F: menu do dominio e generico demais ou precisa de fallback/rota por zona."
"UNREACHABLE_EXERCISE","prevencao","Prevencao > articulacao/zona correspondente","Short foot preventivo","1","triagem de rota/filtro/contexto","A/F: menu do dominio e generico demais ou precisa de fallback/rota por zona."
"UNREACHABLE_EXERCISE","prevencao","Prevencao > articulacao/zona correspondente","Toe yoga preventivo","1","triagem de rota/filtro/contexto","A/F: menu do dominio e generico demais ou precisa de fallback/rota por zona."
"UNREACHABLE_EXERCISE","prevencao","Prevencao > articulacao/zona correspondente","Elevação de tibial progressiva","1","triagem de rota/filtro/contexto","A/F: menu do dominio e generico demais ou precisa de fallback/rota por zona."
"UNREACHABLE_EXERCISE","prevencao","Prevencao > articulacao/zona correspondente","Calf raise controlado","1","triagem de rota/filtro/contexto","A/F: menu do dominio e generico demais ou precisa de fallback/rota por zona."
"UNREACHABLE_EXERCISE","prevencao","Prevencao > articulacao/zona correspondente","Soleus raise controlado","1","triagem de rota/filtro/contexto","A/F: menu do dominio e generico demais ou precisa de fallback/rota por zona."
"UNREACHABLE_EXERCISE","prevencao","Prevencao > articulacao/zona correspondente","Isometria de gémeos em meia ponta","1","triagem de rota/filtro/contexto","A/F: menu do dominio e generico demais ou precisa de fallback/rota por zona."
"UNREACHABLE_EXERCISE","prevencao","Prevencao > articulacao/zona correspondente","Aterragem suave de baixa altura","1","triagem de rota/filtro/contexto","A/F: menu do dominio e generico demais ou precisa de fallback/rota por zona."
"UNREACHABLE_EXERCISE","prevencao","Prevencao > articulacao/zona correspondente","Circuito perna inferior para corrida","1","triagem de rota/filtro/contexto","A/F: menu do dominio e generico demais ou precisa de fallback/rota por zona."
"UNREACHABLE_EXERCISE","prevencao","Prevencao > articulacao/zona correspondente","Circuito tornozelo para footwork marcial","1","triagem de rota/filtro/contexto","A/F: menu do dominio e generico demais ou precisa de fallback/rota por zona."
"UNREACHABLE_EXERCISE","aquecimento","Aquecimento > zona/foco correspondente","Aquecimento específico para agachamento","1","triagem de rota/filtro/contexto","A/F: menu do dominio e generico demais ou precisa de fallback/rota por zona."
"UNREACHABLE_EXERCISE","aquecimento","Aquecimento > zona/foco correspondente","Squat sem carga com pausa","1","triagem de rota/filtro/contexto","A/F: menu do dominio e generico demais ou precisa de fallback/rota por zona."
"UNREACHABLE_EXERCISE","aquecimento","Aquecimento > zona/foco correspondente","Aquecimento específico para hinge","1","triagem de rota/filtro/contexto","A/F: menu do dominio e generico demais ou precisa de fallback/rota por zona."
"UNREACHABLE_EXERCISE","aquecimento","Aquecimento > zona/foco correspondente","Good morning sem carga","1","triagem de rota/filtro/contexto","A/F: menu do dominio e generico demais ou precisa de fallback/rota por zona."
"UNREACHABLE_EXERCISE","aquecimento","Aquecimento > zona/foco correspondente","Aquecimento específico para empurrar","1","triagem de rota/filtro/contexto","A/F: menu do dominio e generico demais ou precisa de fallback/rota por zona."
"UNREACHABLE_EXERCISE","aquecimento","Aquecimento > zona/foco correspondente","Flexão inclinada leve","1","triagem de rota/filtro/contexto","A/F: menu do dominio e generico demais ou precisa de fallback/rota por zona."
"UNREACHABLE_EXERCISE","aquecimento","Aquecimento > zona/foco correspondente","Aquecimento específico para puxar","1","triagem de rota/filtro/contexto","A/F: menu do dominio e generico demais ou precisa de fallback/rota por zona."
"UNREACHABLE_EXERCISE","aquecimento","Aquecimento > zona/foco correspondente","Remada elástico leve","1","triagem de rota/filtro/contexto","A/F: menu do dominio e generico demais ou precisa de fallback/rota por zona."
"UNREACHABLE_EXERCISE","aquecimento","Aquecimento > zona/foco correspondente","Aquecimento específico para lunge","1","triagem de rota/filtro/contexto","A/F: menu do dominio e generico demais ou precisa de fallback/rota por zona."
"UNREACHABLE_EXERCISE","aquecimento","Aquecimento > zona/foco correspondente","Aquecimento específico para carries","1","triagem de rota/filtro/contexto","A/F: menu do dominio e generico demais ou precisa de fallback/rota por zona."
"UNREACHABLE_EXERCISE","aquecimento","Aquecimento > zona/foco correspondente","Aquecimento específico para rotação","1","triagem de rota/filtro/contexto","A/F: menu do dominio e generico demais ou precisa de fallback/rota por zona."
"UNREACHABLE_EXERCISE","aquecimento","Aquecimento > zona/foco correspondente","Aterragem e pogo prep","1","triagem de rota/filtro/contexto","A/F: menu do dominio e generico demais ou precisa de fallback/rota por zona."
"UNREACHABLE_EXERCISE","aquecimento","Aquecimento > zona/foco correspondente","Séries de aproximação","1","triagem de rota/filtro/contexto","A/F: menu do dominio e generico demais ou precisa de fallback/rota por zona."
"UNREACHABLE_EXERCISE","aquecimento","Aquecimento > zona/foco correspondente","Série técnica com 40 a 60 por cento da carga","1","triagem de rota/filtro/contexto","A/F: menu do dominio e generico demais ou precisa de fallback/rota por zona."
"UNREACHABLE_EXERCISE","aquecimento","Aquecimento > zona/foco correspondente","Aquecimento para supino","1","triagem de rota/filtro/contexto","A/F: menu do dominio e generico demais ou precisa de fallback/rota por zona."
"UNREACHABLE_EXERCISE","aquecimento","Aquecimento > zona/foco correspondente","Aquecimento para flexões","1","triagem de rota/filtro/contexto","A/F: menu do dominio e generico demais ou precisa de fallback/rota por zona."
"UNREACHABLE_EXERCISE","aquecimento","Aquecimento > zona/foco correspondente","Aquecimento para remadas","1","triagem de rota/filtro/contexto","A/F: menu do dominio e generico demais ou precisa de fallback/rota por zona."
"UNREACHABLE_EXERCISE","aquecimento","Aquecimento > zona/foco correspondente","Aquecimento para barras","1","triagem de rota/filtro/contexto","A/F: menu do dominio e generico demais ou precisa de fallback/rota por zona."
"UNREACHABLE_EXERCISE","aquecimento","Aquecimento > zona/foco correspondente","Aquecimento para ombro","1","triagem de rota/filtro/contexto","A/F: menu do dominio e generico demais ou precisa de fallback/rota por zona."
"UNREACHABLE_EXERCISE","aquecimento","Aquecimento > zona/foco correspondente","Aquecimento para braços","1","triagem de rota/filtro/contexto","A/F: menu do dominio e generico demais ou precisa de fallback/rota por zona."
"UNREACHABLE_EXERCISE","aquecimento","Aquecimento > zona/foco correspondente","Aquecimento para dia de squat","1","triagem de rota/filtro/contexto","A/F: menu do dominio e generico demais ou precisa de fallback/rota por zona."
"UNREACHABLE_EXERCISE","aquecimento","Aquecimento > zona/foco correspondente","Aquecimento para dia de deadlift","1","triagem de rota/filtro/contexto","A/F: menu do dominio e generico demais ou precisa de fallback/rota por zona."
"UNREACHABLE_EXERCISE","aquecimento","Aquecimento > zona/foco correspondente","Aquecimento para treino de core","1","triagem de rota/filtro/contexto","A/F: menu do dominio e generico demais ou precisa de fallback/rota por zona."
"UNREACHABLE_EXERCISE","aquecimento","Aquecimento > zona/foco correspondente","Ramp-up para press vertical","1","triagem de rota/filtro/contexto","A/F: menu do dominio e generico demais ou precisa de fallback/rota por zona."
"UNREACHABLE_EXERCISE","aquecimento","Aquecimento > zona/foco correspondente","Entrada progressiva no cardio","1","triagem de rota/filtro/contexto","A/F: menu do dominio e generico demais ou precisa de fallback/rota por zona."
"UNREACHABLE_EXERCISE","aquecimento","Aquecimento > zona/foco correspondente","Aquecimento para corrida exterior","1","triagem de rota/filtro/contexto","A/F: menu do dominio e generico demais ou precisa de fallback/rota por zona."
"UNREACHABLE_EXERCISE","aquecimento","Cardio > Passadeira > Resistencia aerobia/ritmo/intervalos conforme foco","Aquecimento para passadeira","1","triagem de rota/filtro/contexto","A/F: menu do dominio e generico demais ou precisa de fallback/rota por zona."
"UNREACHABLE_EXERCISE","aquecimento","Aquecimento > zona/foco correspondente","Aquecimento para corda","1","triagem de rota/filtro/contexto","A/F: menu do dominio e generico demais ou precisa de fallback/rota por zona."
"UNREACHABLE_EXERCISE","aquecimento","Aquecimento > zona/foco correspondente","Corda progressiva por blocos","1","triagem de rota/filtro/contexto","A/F: menu do dominio e generico demais ou precisa de fallback/rota por zona."
"UNREACHABLE_EXERCISE","aquecimento","Aquecimento > zona/foco correspondente","Aquecimento para HIIT peso corporal","1","triagem de rota/filtro/contexto","A/F: menu do dominio e generico demais ou precisa de fallback/rota por zona."
"UNREACHABLE_EXERCISE","aquecimento","Aquecimento > zona/foco correspondente","Ramp-up de HIIT em máquina","1","triagem de rota/filtro/contexto","A/F: menu do dominio e generico demais ou precisa de fallback/rota por zona."
"UNREACHABLE_EXERCISE","aquecimento","Aquecimento > zona/foco correspondente","Aquecimento para sprints","1","triagem de rota/filtro/contexto","A/F: menu do dominio e generico demais ou precisa de fallback/rota por zona."
"UNREACHABLE_EXERCISE","aquecimento","Aquecimento > zona/foco correspondente","Acelerações progressivas","1","triagem de rota/filtro/contexto","A/F: menu do dominio e generico demais ou precisa de fallback/rota por zona."
"UNREACHABLE_EXERCISE","aquecimento","Aquecimento > zona/foco correspondente","Aquecimento para mudanças de direção","1","triagem de rota/filtro/contexto","A/F: menu do dominio e generico demais ou precisa de fallback/rota por zona."
"UNREACHABLE_EXERCISE","aquecimento","Aquecimento > zona/foco correspondente","Aquecimento para bicicleta ou elíptica","1","triagem de rota/filtro/contexto","A/F: menu do dominio e generico demais ou precisa de fallback/rota por zona."
"UNREACHABLE_EXERCISE","aquecimento","Aquecimento > zona/foco correspondente","Aquecimento para remo ergómetro","1","triagem de rota/filtro/contexto","A/F: menu do dominio e generico demais ou precisa de fallback/rota por zona."
"UNREACHABLE_EXERCISE","aquecimento","Aquecimento > zona/foco correspondente","Aquecimento marcial geral","1","triagem de rota/filtro/contexto","A/F: menu do dominio e generico demais ou precisa de fallback/rota por zona."
"UNREACHABLE_EXERCISE","aquecimento","Aquecimento > zona/foco correspondente","Aquecimento para Karate","1","triagem de rota/filtro/contexto","A/F: menu do dominio e generico demais ou precisa de fallback/rota por zona."
"UNREACHABLE_EXERCISE","aquecimento","Aquecimento > zona/foco correspondente","Bases de Karate progressivas","1","triagem de rota/filtro/contexto","A/F: menu do dominio e generico demais ou precisa de fallback/rota por zona."
"UNREACHABLE_EXERCISE","aquecimento","Aquecimento > zona/foco correspondente","Aquecimento para BJJ","1","triagem de rota/filtro/contexto","A/F: menu do dominio e generico demais ou precisa de fallback/rota por zona."
"UNREACHABLE_EXERCISE","aquecimento","Aquecimento > zona/foco correspondente","Solo leve de BJJ","1","triagem de rota/filtro/contexto","A/F: menu do dominio e generico demais ou precisa de fallback/rota por zona."
"UNREACHABLE_EXERCISE","aquecimento","Aquecimento > zona/foco correspondente","Aquecimento para Boxe","1","triagem de rota/filtro/contexto","A/F: menu do dominio e generico demais ou precisa de fallback/rota por zona."
"UNREACHABLE_EXERCISE","aquecimento","Aquecimento > zona/foco correspondente","Footwork de Boxe progressivo","1","triagem de rota/filtro/contexto","A/F: menu do dominio e generico demais ou precisa de fallback/rota por zona."
"UNREACHABLE_EXERCISE","aquecimento","Aquecimento > zona/foco correspondente","Aquecimento para Kickboxing e Muay Thai","1","triagem de rota/filtro/contexto","A/F: menu do dominio e generico demais ou precisa de fallback/rota por zona."
"UNREACHABLE_EXERCISE","aquecimento","Aquecimento > zona/foco correspondente","Checks e teeps leves","1","triagem de rota/filtro/contexto","A/F: menu do dominio e generico demais ou precisa de fallback/rota por zona."
"UNREACHABLE_EXERCISE","aquecimento","Aquecimento > zona/foco correspondente","Aquecimento para Judo","1","triagem de rota/filtro/contexto","A/F: menu do dominio e generico demais ou precisa de fallback/rota por zona."
"UNREACHABLE_EXERCISE","aquecimento","Aquecimento > zona/foco correspondente","Ukemi progressivo","1","triagem de rota/filtro/contexto","A/F: menu do dominio e generico demais ou precisa de fallback/rota por zona."
"UNREACHABLE_EXERCISE","aquecimento","Aquecimento > zona/foco correspondente","Aquecimento para Taekwondo","1","triagem de rota/filtro/contexto","A/F: menu do dominio e generico demais ou precisa de fallback/rota por zona."
"UNREACHABLE_EXERCISE","aquecimento","Aquecimento > zona/foco correspondente","Câmaras de pontapé progressivas","1","triagem de rota/filtro/contexto","A/F: menu do dominio e generico demais ou precisa de fallback/rota por zona."
"UNREACHABLE_EXERCISE","aquecimento","Aquecimento > zona/foco correspondente","Aquecimento para defesa pessoal funcional","1","triagem de rota/filtro/contexto","A/F: menu do dominio e generico demais ou precisa de fallback/rota por zona."
"UNREACHABLE_EXERCISE","aquecimento","Aquecimento > zona/foco correspondente","Guarda, saída e levantar do chão","1","triagem de rota/filtro/contexto","A/F: menu do dominio e generico demais ou precisa de fallback/rota por zona."
"UNREACHABLE_EXERCISE","aquecimento","Aquecimento > zona/foco correspondente","Primer neural geral curto","1","triagem de rota/filtro/contexto","A/F: menu do dominio e generico demais ou precisa de fallback/rota por zona."
"UNREACHABLE_EXERCISE","aquecimento","Aquecimento > zona/foco correspondente","Repetições rápidas submáximas","1","triagem de rota/filtro/contexto","A/F: menu do dominio e generico demais ou precisa de fallback/rota por zona."
"UNREACHABLE_EXERCISE","aquecimento","Aquecimento > zona/foco correspondente","Equilíbrio unilateral como primer","1","triagem de rota/filtro/contexto","A/F: menu do dominio e generico demais ou precisa de fallback/rota por zona."
"UNREACHABLE_EXERCISE","aquecimento","Aquecimento > zona/foco correspondente","Reação leve com comandos","1","triagem de rota/filtro/contexto","A/F: menu do dominio e generico demais ou precisa de fallback/rota por zona."
"UNREACHABLE_EXERCISE","aquecimento","Aquecimento > zona/foco correspondente","Ensaio técnico do exercício principal","1","triagem de rota/filtro/contexto","A/F: menu do dominio e generico demais ou precisa de fallback/rota por zona."
"UNREACHABLE_EXERCISE","aquecimento","Aquecimento > zona/foco correspondente","Potenciação leve para força","1","triagem de rota/filtro/contexto","A/F: menu do dominio e generico demais ou precisa de fallback/rota por zona."
"UNREACHABLE_EXERCISE","aquecimento","Aquecimento > zona/foco correspondente","Timing marcial leve","1","triagem de rota/filtro/contexto","A/F: menu do dominio e generico demais ou precisa de fallback/rota por zona."
"UNREACHABLE_EXERCISE","aquecimento","Aquecimento > zona/foco correspondente","Agilidade progressiva com cones","1","triagem de rota/filtro/contexto","A/F: menu do dominio e generico demais ou precisa de fallback/rota por zona."
"UNREACHABLE_EXERCISE","aquecimento","Aquecimento > zona/foco correspondente","Passos laterais progressivos","1","triagem de rota/filtro/contexto","A/F: menu do dominio e generico demais ou precisa de fallback/rota por zona."
"UNREACHABLE_EXERCISE","aquecimento","Aquecimento > zona/foco correspondente","Aceleração técnica curta","1","triagem de rota/filtro/contexto","A/F: menu do dominio e generico demais ou precisa de fallback/rota por zona."
"UNREACHABLE_EXERCISE","prevencao","Prevencao > articulacao/zona correspondente","Preparação para ombros rígidos","1","triagem de rota/filtro/contexto","A/F: menu do dominio e generico demais ou precisa de fallback/rota por zona."
"UNREACHABLE_EXERCISE","prevencao","Prevencao > articulacao/zona correspondente","Preparação para lombar rígida","1","triagem de rota/filtro/contexto","A/F: menu do dominio e generico demais ou precisa de fallback/rota por zona."
"UNREACHABLE_EXERCISE","prevencao","Prevencao > articulacao/zona correspondente","Preparação para joelho sensível","1","triagem de rota/filtro/contexto","A/F: menu do dominio e generico demais ou precisa de fallback/rota por zona."
"UNREACHABLE_EXERCISE","prevencao","Prevencao > articulacao/zona correspondente","Preparação para anca rígida","1","triagem de rota/filtro/contexto","A/F: menu do dominio e generico demais ou precisa de fallback/rota por zona."
"UNREACHABLE_EXERCISE","prevencao","Prevencao > articulacao/zona correspondente","Preparação para gémeos tensos","1","triagem de rota/filtro/contexto","A/F: menu do dominio e generico demais ou precisa de fallback/rota por zona."
"UNREACHABLE_EXERCISE","prevencao","Prevencao > articulacao/zona correspondente","Preparação quando a pega está cansada","1","triagem de rota/filtro/contexto","A/F: menu do dominio e generico demais ou precisa de fallback/rota por zona."
"UNREACHABLE_EXERCISE","prevencao","Prevencao > articulacao/zona correspondente","Preparação pós-computador antes de treinar","1","triagem de rota/filtro/contexto","A/F: menu do dominio e generico demais ou precisa de fallback/rota por zona."
"UNREACHABLE_EXERCISE","prevencao","Prevencao > articulacao/zona correspondente","Aquecimento adaptado a dias de calor","1","triagem de rota/filtro/contexto","A/F: menu do dominio e generico demais ou precisa de fallback/rota por zona."
"UNREACHABLE_EXERCISE","prevencao","Prevencao > articulacao/zona correspondente","Wall slides pós-computador pré-treino","1","triagem de rota/filtro/contexto","A/F: menu do dominio e generico demais ou precisa de fallback/rota por zona."
"UNREACHABLE_EXERCISE","prevencao","Prevencao > articulacao/zona correspondente","Respiração e pelvic tilts pré-treino","1","triagem de rota/filtro/contexto","A/F: menu do dominio e generico demais ou precisa de fallback/rota por zona."
"UNREACHABLE_EXERCISE","aquecimento","Aquecimento > zona/foco correspondente","Check-in geral antes do treino","1","triagem de rota/filtro/contexto","A/F: menu do dominio e generico demais ou precisa de fallback/rota por zona."
"UNREACHABLE_EXERCISE","aquecimento","Aquecimento > zona/foco correspondente","Check de dor articular","1","triagem de rota/filtro/contexto","A/F: menu do dominio e generico demais ou precisa de fallback/rota por zona."
"UNREACHABLE_EXERCISE","aquecimento","Aquecimento > zona/foco correspondente","Check de tendões","1","triagem de rota/filtro/contexto","A/F: menu do dominio e generico demais ou precisa de fallback/rota por zona."
"UNREACHABLE_EXERCISE","aquecimento","Aquecimento > zona/foco correspondente","Check antes de contacto marcial","1","triagem de rota/filtro/contexto","A/F: menu do dominio e generico demais ou precisa de fallback/rota por zona."
"UNREACHABLE_EXERCISE","aquecimento","Aquecimento > zona/foco correspondente","Check antes de HIIT ou sprints","1","triagem de rota/filtro/contexto","A/F: menu do dominio e generico demais ou precisa de fallback/rota por zona."
"UNREACHABLE_EXERCISE","aquecimento","Aquecimento > zona/foco correspondente","Check antes de força pesada","1","triagem de rota/filtro/contexto","A/F: menu do dominio e generico demais ou precisa de fallback/rota por zona."
"UNREACHABLE_EXERCISE","aquecimento","Aquecimento > zona/foco correspondente","Check do intervalo desde o último treino","1","triagem de rota/filtro/contexto","A/F: menu do dominio e generico demais ou precisa de fallback/rota por zona."
"UNREACHABLE_EXERCISE","aquecimento","Aquecimento > zona/foco correspondente","Ajuste do plano pelo estado do dia","1","triagem de rota/filtro/contexto","A/F: menu do dominio e generico demais ou precisa de fallback/rota por zona."
"OK_EMPTY_WITH_EXPLICIT_NOTICE","Musculacao","Musculacao > Casa sem equipamento > Peso corporal > Corpo inteiro","strength>place_home_no_equipment>bodyweight>full_body","0","E. manter aviso, usar fallback ou esconder apos decisao humana","Opcao visivel sem exercicio especifico para local/equipamento/zona."
"OK_EMPTY_WITH_EXPLICIT_NOTICE","Musculacao","Musculacao > Casa sem equipamento > Chão livre > Corpo inteiro","strength>place_home_no_equipment>floor>full_body","0","E. manter aviso, usar fallback ou esconder apos decisao humana","Opcao visivel sem exercicio especifico para local/equipamento/zona."
"OK_EMPTY_WITH_EXPLICIT_NOTICE","Musculacao","Musculacao > Casa sem equipamento > Parede estável > Corpo inteiro","strength>place_home_no_equipment>wall>full_body","0","E. manter aviso, usar fallback ou esconder apos decisao humana","Opcao visivel sem exercicio especifico para local/equipamento/zona."
"OK_EMPTY_WITH_EXPLICIT_NOTICE","Musculacao","Musculacao > Casa sem equipamento > Peso corporal > Parte superior > Pescoço > neck_complete","strength>place_home_no_equipment>bodyweight>upper>neck>neck_complete","0","E. manter aviso, usar fallback ou esconder apos decisao humana","Opcao visivel sem exercicio especifico para local/equipamento/zona."
"OK_EMPTY_WITH_EXPLICIT_NOTICE","Musculacao","Musculacao > Casa sem equipamento > Peso corporal > Parte superior > Pescoço > anterior neck","strength>place_home_no_equipment>bodyweight>upper>neck>anterior_neck","0","E. manter aviso, usar fallback ou esconder apos decisao humana","Opcao visivel sem exercicio especifico para local/equipamento/zona."
"OK_EMPTY_WITH_EXPLICIT_NOTICE","Musculacao","Musculacao > Casa sem equipamento > Peso corporal > Parte superior > Pescoço > posterior neck","strength>place_home_no_equipment>bodyweight>upper>neck>posterior_neck","0","E. manter aviso, usar fallback ou esconder apos decisao humana","Opcao visivel sem exercicio especifico para local/equipamento/zona."
"OK_EMPTY_WITH_EXPLICIT_NOTICE","Musculacao","Musculacao > Casa sem equipamento > Peso corporal > Parte superior > Pescoço > lateral neck","strength>place_home_no_equipment>bodyweight>upper>neck>lateral_neck","0","E. manter aviso, usar fallback ou esconder apos decisao humana","Opcao visivel sem exercicio especifico para local/equipamento/zona."
"OK_EMPTY_WITH_EXPLICIT_NOTICE","Musculacao","Musculacao > Casa sem equipamento > Peso corporal > Parte superior > Pescoço > cervical stabilizers","strength>place_home_no_equipment>bodyweight>upper>neck>cervical_stabilizers","0","E. manter aviso, usar fallback ou esconder apos decisao humana","Opcao visivel sem exercicio especifico para local/equipamento/zona."
"OK_EMPTY_WITH_EXPLICIT_NOTICE","Musculacao","Musculacao > Casa sem equipamento > Peso corporal > Parte superior > Trapézio / cintura escapular","strength>place_home_no_equipment>bodyweight>upper>traps_scapula","0","E. manter aviso, usar fallback ou esconder apos decisao humana","Opcao visivel sem exercicio especifico para local/equipamento/zona."
"OK_EMPTY_WITH_EXPLICIT_NOTICE","Musculacao","Musculacao > Casa sem equipamento > Peso corporal > Parte superior > Trapézio / cintura escapular > traps_complete","strength>place_home_no_equipment>bodyweight>upper>traps_scapula>traps_complete","0","E. manter aviso, usar fallback ou esconder apos decisao humana","Opcao visivel sem exercicio especifico para local/equipamento/zona."
"OK_EMPTY_WITH_EXPLICIT_NOTICE","Musculacao","Musculacao > Casa sem equipamento > Peso corporal > Parte superior > Trapézio / cintura escapular > upper traps","strength>place_home_no_equipment>bodyweight>upper>traps_scapula>upper_traps","0","E. manter aviso, usar fallback ou esconder apos decisao humana","Opcao visivel sem exercicio especifico para local/equipamento/zona."
"OK_EMPTY_WITH_EXPLICIT_NOTICE","Musculacao","Musculacao > Casa sem equipamento > Peso corporal > Parte superior > Trapézio / cintura escapular > mid traps","strength>place_home_no_equipment>bodyweight>upper>traps_scapula>mid_traps","0","E. manter aviso, usar fallback ou esconder apos decisao humana","Opcao visivel sem exercicio especifico para local/equipamento/zona."
"OK_EMPTY_WITH_EXPLICIT_NOTICE","Musculacao","Musculacao > Casa sem equipamento > Peso corporal > Parte superior > Trapézio / cintura escapular > lower traps","strength>place_home_no_equipment>bodyweight>upper>traps_scapula>lower_traps","0","E. manter aviso, usar fallback ou esconder apos decisao humana","Opcao visivel sem exercicio especifico para local/equipamento/zona."
"OK_EMPTY_WITH_EXPLICIT_NOTICE","Musculacao","Musculacao > Casa sem equipamento > Peso corporal > Parte superior > Trapézio / cintura escapular > scapular_stability","strength>place_home_no_equipment>bodyweight>upper>traps_scapula>scapular_stability","0","E. manter aviso, usar fallback ou esconder apos decisao humana","Opcao visivel sem exercicio especifico para local/equipamento/zona."
"OK_EMPTY_WITH_EXPLICIT_NOTICE","Musculacao","Musculacao > Casa sem equipamento > Peso corporal > Parte superior > Peito > chest_complete","strength>place_home_no_equipment>bodyweight>upper>chest>chest_complete","0","E. manter aviso, usar fallback ou esconder apos decisao humana","Opcao visivel sem exercicio especifico para local/equipamento/zona."
"OK_EMPTY_WITH_EXPLICIT_NOTICE","Musculacao","Musculacao > Casa sem equipamento > Peso corporal > Parte superior > Costas > back_complete","strength>place_home_no_equipment>bodyweight>upper>back>back_complete","0","E. manter aviso, usar fallback ou esconder apos decisao humana","Opcao visivel sem exercicio especifico para local/equipamento/zona."
"OK_EMPTY_WITH_EXPLICIT_NOTICE","Musculacao","Musculacao > Casa sem equipamento > Peso corporal > Parte superior > Costas > back_upper","strength>place_home_no_equipment>bodyweight>upper>back>back_upper","0","E. manter aviso, usar fallback ou esconder apos decisao humana","Opcao visivel sem exercicio especifico para local/equipamento/zona."
"OK_EMPTY_WITH_EXPLICIT_NOTICE","Musculacao","Musculacao > Casa sem equipamento > Peso corporal > Parte superior > Costas > back_upper > Trapézio superior","strength>place_home_no_equipment>bodyweight>upper>back>back_upper>upper_traps","0","E. manter aviso, usar fallback ou esconder apos decisao humana","Opcao visivel sem exercicio especifico para local/equipamento/zona."
"OK_EMPTY_WITH_EXPLICIT_NOTICE","Musculacao","Musculacao > Casa sem equipamento > Peso corporal > Parte superior > Costas > back_upper > Trapézio médio","strength>place_home_no_equipment>bodyweight>upper>back>back_upper>mid_traps","0","E. manter aviso, usar fallback ou esconder apos decisao humana","Opcao visivel sem exercicio especifico para local/equipamento/zona."
"OK_EMPTY_WITH_EXPLICIT_NOTICE","Musculacao","Musculacao > Casa sem equipamento > Peso corporal > Parte superior > Costas > back_upper > Trapézio inferior","strength>place_home_no_equipment>bodyweight>upper>back>back_upper>lower_traps","0","E. manter aviso, usar fallback ou esconder apos decisao humana","Opcao visivel sem exercicio especifico para local/equipamento/zona."
"OK_EMPTY_WITH_EXPLICIT_NOTICE","Musculacao","Musculacao > Casa sem equipamento > Peso corporal > Parte superior > Costas > back_upper > Romboides","strength>place_home_no_equipment>bodyweight>upper>back>back_upper>rhomboids","0","E. manter aviso, usar fallback ou esconder apos decisao humana","Opcao visivel sem exercicio especifico para local/equipamento/zona."
"OK_EMPTY_WITH_EXPLICIT_NOTICE","Musculacao","Musculacao > Casa sem equipamento > Peso corporal > Parte superior > Costas > back_upper > Deltoide posterior","strength>place_home_no_equipment>bodyweight>upper>back>back_upper>posterior_deltoid","0","E. manter aviso, usar fallback ou esconder apos decisao humana","Opcao visivel sem exercicio especifico para local/equipamento/zona."
"OK_EMPTY_WITH_EXPLICIT_NOTICE","Musculacao","Musculacao > Casa sem equipamento > Peso corporal > Parte superior > Costas > back_upper > Estabilizadores escapulares","strength>place_home_no_equipment>bodyweight>upper>back>back_upper>scapular_stabilizers","0","E. manter aviso, usar fallback ou esconder apos decisao humana","Opcao visivel sem exercicio especifico para local/equipamento/zona."
"OK_EMPTY_WITH_EXPLICIT_NOTICE","Musculacao","Musculacao > Casa sem equipamento > Peso corporal > Parte superior > Costas > back_mid","strength>place_home_no_equipment>bodyweight>upper>back>back_mid","0","E. manter aviso, usar fallback ou esconder apos decisao humana","Opcao visivel sem exercicio especifico para local/equipamento/zona."
"OK_EMPTY_WITH_EXPLICIT_NOTICE","Musculacao","Musculacao > Casa sem equipamento > Peso corporal > Parte superior > Costas > back_mid > Romboides","strength>place_home_no_equipment>bodyweight>upper>back>back_mid>rhomboids","0","E. manter aviso, usar fallback ou esconder apos decisao humana","Opcao visivel sem exercicio especifico para local/equipamento/zona."
"OK_EMPTY_WITH_EXPLICIT_NOTICE","Musculacao","Musculacao > Casa sem equipamento > Peso corporal > Parte superior > Costas > back_mid > Trapézio médio","strength>place_home_no_equipment>bodyweight>upper>back>back_mid>mid_traps","0","E. manter aviso, usar fallback ou esconder apos decisao humana","Opcao visivel sem exercicio especifico para local/equipamento/zona."
"OK_EMPTY_WITH_EXPLICIT_NOTICE","Musculacao","Musculacao > Casa sem equipamento > Peso corporal > Parte superior > Costas > back_mid > Redondo maior","strength>place_home_no_equipment>bodyweight>upper>back>back_mid>teres_major","0","E. manter aviso, usar fallback ou esconder apos decisao humana","Opcao visivel sem exercicio especifico para local/equipamento/zona."
"OK_EMPTY_WITH_EXPLICIT_NOTICE","Musculacao","Musculacao > Casa sem equipamento > Peso corporal > Parte superior > Costas > back_mid > Redondo menor","strength>place_home_no_equipment>bodyweight>upper>back>back_mid>teres_minor","0","E. manter aviso, usar fallback ou esconder apos decisao humana","Opcao visivel sem exercicio especifico para local/equipamento/zona."
"OK_EMPTY_WITH_EXPLICIT_NOTICE","Musculacao","Musculacao > Casa sem equipamento > Peso corporal > Parte superior > Costas > back_mid > Dorsal / latíssimo do dorso","strength>place_home_no_equipment>bodyweight>upper>back>back_mid>latissimus_dorsi","0","E. manter aviso, usar fallback ou esconder apos decisao humana","Opcao visivel sem exercicio especifico para local/equipamento/zona."
"OK_EMPTY_WITH_EXPLICIT_NOTICE","Musculacao","Musculacao > Casa sem equipamento > Peso corporal > Parte superior > Costas > back_lower","strength>place_home_no_equipment>bodyweight>upper>back>back_lower","0","E. manter aviso, usar fallback ou esconder apos decisao humana","Opcao visivel sem exercicio especifico para local/equipamento/zona."
"OK_EMPTY_WITH_EXPLICIT_NOTICE","Musculacao","Musculacao > Casa sem equipamento > Peso corporal > Parte superior > Costas > back_lower > Eretores da espinha","strength>place_home_no_equipment>bodyweight>upper>back>back_lower>erectors","0","E. manter aviso, usar fallback ou esconder apos decisao humana","Opcao visivel sem exercicio especifico para local/equipamento/zona."
"OK_EMPTY_WITH_EXPLICIT_NOTICE","Musculacao","Musculacao > Casa sem equipamento > Peso corporal > Parte superior > Costas > back_lower > Lombar","strength>place_home_no_equipment>bodyweight>upper>back>back_lower>lumbar","0","E. manter aviso, usar fallback ou esconder apos decisao humana","Opcao visivel sem exercicio especifico para local/equipamento/zona."
"OK_EMPTY_WITH_EXPLICIT_NOTICE","Musculacao","Musculacao > Casa sem equipamento > Peso corporal > Parte superior > Costas > back_lower > Quadrado lombar","strength>place_home_no_equipment>bodyweight>upper>back>back_lower>quadratus_lumborum","0","E. manter aviso, usar fallback ou esconder apos decisao humana","Opcao visivel sem exercicio especifico para local/equipamento/zona."
"OK_EMPTY_WITH_EXPLICIT_NOTICE","Musculacao","Musculacao > Casa sem equipamento > Peso corporal > Parte superior > Costas > back_lower > Estabilidade lombar","strength>place_home_no_equipment>bodyweight>upper>back>back_lower>lumbar_stability","0","E. manter aviso, usar fallback ou esconder apos decisao humana","Opcao visivel sem exercicio especifico para local/equipamento/zona."
"OK_EMPTY_WITH_EXPLICIT_NOTICE","Musculacao","Musculacao > Casa sem equipamento > Peso corporal > Parte superior > Costas > back_width","strength>place_home_no_equipment>bodyweight>upper>back>back_width","0","E. manter aviso, usar fallback ou esconder apos decisao humana","Opcao visivel sem exercicio especifico para local/equipamento/zona."
"OK_EMPTY_WITH_EXPLICIT_NOTICE","Musculacao","Musculacao > Casa sem equipamento > Peso corporal > Parte superior > Costas > back_width > Dorsal / latíssimo do dorso","strength>place_home_no_equipment>bodyweight>upper>back>back_width>latissimus_dorsi","0","E. manter aviso, usar fallback ou esconder apos decisao humana","Opcao visivel sem exercicio especifico para local/equipamento/zona."
"OK_EMPTY_WITH_EXPLICIT_NOTICE","Musculacao","Musculacao > Casa sem equipamento > Peso corporal > Parte superior > Costas > back_width > Redondo maior","strength>place_home_no_equipment>bodyweight>upper>back>back_width>teres_major","0","E. manter aviso, usar fallback ou esconder apos decisao humana","Opcao visivel sem exercicio especifico para local/equipamento/zona."
"OK_EMPTY_WITH_EXPLICIT_NOTICE","Musculacao","Musculacao > Casa sem equipamento > Peso corporal > Parte superior > Costas > back_width > Puxadas verticais","strength>place_home_no_equipment>bodyweight>upper>back>back_width>vertical_pulls","0","E. manter aviso, usar fallback ou esconder apos decisao humana","Opcao visivel sem exercicio especifico para local/equipamento/zona."
"OK_EMPTY_WITH_EXPLICIT_NOTICE","Musculacao","Musculacao > Casa sem equipamento > Peso corporal > Parte superior > Costas > back_thickness","strength>place_home_no_equipment>bodyweight>upper>back>back_thickness","0","E. manter aviso, usar fallback ou esconder apos decisao humana","Opcao visivel sem exercicio especifico para local/equipamento/zona."
"OK_EMPTY_WITH_EXPLICIT_NOTICE","Musculacao","Musculacao > Casa sem equipamento > Peso corporal > Parte superior > Costas > back_thickness > Romboides","strength>place_home_no_equipment>bodyweight>upper>back>back_thickness>rhomboids","0","E. manter aviso, usar fallback ou esconder apos decisao humana","Opcao visivel sem exercicio especifico para local/equipamento/zona."
"OK_EMPTY_WITH_EXPLICIT_NOTICE","Musculacao","Musculacao > Casa sem equipamento > Peso corporal > Parte superior > Costas > back_thickness > Trapézio médio","strength>place_home_no_equipment>bodyweight>upper>back>back_thickness>mid_traps","0","E. manter aviso, usar fallback ou esconder apos decisao humana","Opcao visivel sem exercicio especifico para local/equipamento/zona."
"OK_EMPTY_WITH_EXPLICIT_NOTICE","Musculacao","Musculacao > Casa sem equipamento > Peso corporal > Parte superior > Costas > back_thickness > Trapézio inferior","strength>place_home_no_equipment>bodyweight>upper>back>back_thickness>lower_traps","0","E. manter aviso, usar fallback ou esconder apos decisao humana","Opcao visivel sem exercicio especifico para local/equipamento/zona."
"OK_EMPTY_WITH_EXPLICIT_NOTICE","Musculacao","Musculacao > Casa sem equipamento > Peso corporal > Parte superior > Costas > back_thickness > Remadas horizontais","strength>place_home_no_equipment>bodyweight>upper>back>back_thickness>horizontal_rows","0","E. manter aviso, usar fallback ou esconder apos decisao humana","Opcao visivel sem exercicio especifico para local/equipamento/zona."
"OK_EMPTY_WITH_EXPLICIT_NOTICE","Musculacao","Musculacao > Casa sem equipamento > Peso corporal > Parte superior > Ombros > shoulders_complete","strength>place_home_no_equipment>bodyweight>upper>shoulders>shoulders_complete","0","E. manter aviso, usar fallback ou esconder apos decisao humana","Opcao visivel sem exercicio especifico para local/equipamento/zona."
"OK_EMPTY_WITH_EXPLICIT_NOTICE","Musculacao","Musculacao > Casa sem equipamento > Peso corporal > Parte superior > Ombros > anterior deltoid","strength>place_home_no_equipment>bodyweight>upper>shoulders>anterior_deltoid","0","E. manter aviso, usar fallback ou esconder apos decisao humana","Opcao visivel sem exercicio especifico para local/equipamento/zona."
"OK_EMPTY_WITH_EXPLICIT_NOTICE","Musculacao","Musculacao > Casa sem equipamento > Peso corporal > Parte superior > Ombros > lateral deltoid","strength>place_home_no_equipment>bodyweight>upper>shoulders>lateral_deltoid","0","E. manter aviso, usar fallback ou esconder apos decisao humana","Opcao visivel sem exercicio especifico para local/equipamento/zona."
"OK_EMPTY_WITH_EXPLICIT_NOTICE","Musculacao","Musculacao > Casa sem equipamento > Peso corporal > Parte superior > Ombros > posterior deltoid","strength>place_home_no_equipment>bodyweight>upper>shoulders>posterior_deltoid","0","E. manter aviso, usar fallback ou esconder apos decisao humana","Opcao visivel sem exercicio especifico para local/equipamento/zona."
"OK_EMPTY_WITH_EXPLICIT_NOTICE","Musculacao","Musculacao > Casa sem equipamento > Peso corporal > Parte superior > Ombros > rotator_cuff","strength>place_home_no_equipment>bodyweight>upper>shoulders>rotator_cuff","0","E. manter aviso, usar fallback ou esconder apos decisao humana","Opcao visivel sem exercicio especifico para local/equipamento/zona."
"OK_EMPTY_WITH_EXPLICIT_NOTICE","Musculacao","Musculacao > Casa sem equipamento > Peso corporal > Parte superior > Ombros > external rotators","strength>place_home_no_equipment>bodyweight>upper>shoulders>external_rotators","0","E. manter aviso, usar fallback ou esconder apos decisao humana","Opcao visivel sem exercicio especifico para local/equipamento/zona."
"OK_EMPTY_WITH_EXPLICIT_NOTICE","Musculacao","Musculacao > Casa sem equipamento > Peso corporal > Parte superior > Ombros > internal rotators","strength>place_home_no_equipment>bodyweight>upper>shoulders>internal_rotators","0","E. manter aviso, usar fallback ou esconder apos decisao humana","Opcao visivel sem exercicio especifico para local/equipamento/zona."
"OK_EMPTY_WITH_EXPLICIT_NOTICE","Musculacao","Musculacao > Casa sem equipamento > Peso corporal > Parte superior > Ombros > scapular_stability","strength>place_home_no_equipment>bodyweight>upper>shoulders>scapular_stability","0","E. manter aviso, usar fallback ou esconder apos decisao humana","Opcao visivel sem exercicio especifico para local/equipamento/zona."
"OK_EMPTY_WITH_EXPLICIT_NOTICE","Musculacao","Musculacao > Casa sem equipamento > Peso corporal > Parte superior > Braços > arms_complete","strength>place_home_no_equipment>bodyweight>upper>arms>arms_complete","0","E. manter aviso, usar fallback ou esconder apos decisao humana","Opcao visivel sem exercicio especifico para local/equipamento/zona."
"OK_EMPTY_WITH_EXPLICIT_NOTICE","Musculacao","Musculacao > Casa sem equipamento > Peso corporal > Parte superior > Braços > upper_arm","strength>place_home_no_equipment>bodyweight>upper>arms>upper_arm","0","E. manter aviso, usar fallback ou esconder apos decisao humana","Opcao visivel sem exercicio especifico para local/equipamento/zona."
"OK_EMPTY_WITH_EXPLICIT_NOTICE","Musculacao","Musculacao > Casa sem equipamento > Peso corporal > Parte superior > Braços > upper_arm > Bíceps braquial","strength>place_home_no_equipment>bodyweight>upper>arms>upper_arm>biceps_brachii","0","E. manter aviso, usar fallback ou esconder apos decisao humana","Opcao visivel sem exercicio especifico para local/equipamento/zona."
"OK_EMPTY_WITH_EXPLICIT_NOTICE","Musculacao","Musculacao > Casa sem equipamento > Peso corporal > Parte superior > Braços > upper_arm > Braquial","strength>place_home_no_equipment>bodyweight>upper>arms>upper_arm>brachialis","0","E. manter aviso, usar fallback ou esconder apos decisao humana","Opcao visivel sem exercicio especifico para local/equipamento/zona."
"OK_EMPTY_WITH_EXPLICIT_NOTICE","Musculacao","Musculacao > Casa sem equipamento > Peso corporal > Parte superior > Braços > upper_arm > Braquiorradial","strength>place_home_no_equipment>bodyweight>upper>arms>upper_arm>brachioradialis","0","E. manter aviso, usar fallback ou esconder apos decisao humana","Opcao visivel sem exercicio especifico para local/equipamento/zona."
"OK_EMPTY_WITH_EXPLICIT_NOTICE","Musculacao","Musculacao > Casa sem equipamento > Peso corporal > Parte superior > Braços > upper_arm > Tríceps cabeça longa","strength>place_home_no_equipment>bodyweight>upper>arms>upper_arm>triceps_long","0","E. manter aviso, usar fallback ou esconder apos decisao humana","Opcao visivel sem exercicio especifico para local/equipamento/zona."
"OK_EMPTY_WITH_EXPLICIT_NOTICE","Musculacao","Musculacao > Casa sem equipamento > Peso corporal > Parte superior > Braços > upper_arm > Tríceps cabeça lateral","strength>place_home_no_equipment>bodyweight>upper>arms>upper_arm>triceps_lateral","0","E. manter aviso, usar fallback ou esconder apos decisao humana","Opcao visivel sem exercicio especifico para local/equipamento/zona."
"OK_EMPTY_WITH_EXPLICIT_NOTICE","Musculacao","Musculacao > Casa sem equipamento > Peso corporal > Parte superior > Braços > upper_arm > Tríceps cabeça medial","strength>place_home_no_equipment>bodyweight>upper>arms>upper_arm>triceps_medial","0","E. manter aviso, usar fallback ou esconder apos decisao humana","Opcao visivel sem exercicio especifico para local/equipamento/zona."
"OK_EMPTY_WITH_EXPLICIT_NOTICE","Musculacao","Musculacao > Casa sem equipamento > Peso corporal > Parte superior > Braços > forearm_hand","strength>place_home_no_equipment>bodyweight>upper>arms>forearm_hand","0","E. manter aviso, usar fallback ou esconder apos decisao humana","Opcao visivel sem exercicio especifico para local/equipamento/zona."
"OK_EMPTY_WITH_EXPLICIT_NOTICE","Musculacao","Musculacao > Casa sem equipamento > Peso corporal > Parte superior > Braços > forearm_hand > Antebraço completo","strength>place_home_no_equipment>bodyweight>upper>arms>forearm_hand>forearm_complete","0","E. manter aviso, usar fallback ou esconder apos decisao humana","Opcao visivel sem exercicio especifico para local/equipamento/zona."
"OK_EMPTY_WITH_EXPLICIT_NOTICE","Musculacao","Musculacao > Casa sem equipamento > Peso corporal > Parte superior > Braços > forearm_hand > Flexores do antebraço","strength>place_home_no_equipment>bodyweight>upper>arms>forearm_hand>forearm_flexors","0","E. manter aviso, usar fallback ou esconder apos decisao humana","Opcao visivel sem exercicio especifico para local/equipamento/zona."
"OK_EMPTY_WITH_EXPLICIT_NOTICE","Musculacao","Musculacao > Casa sem equipamento > Peso corporal > Parte superior > Braços > forearm_hand > Extensores do antebraço","strength>place_home_no_equipment>bodyweight>upper>arms>forearm_hand>forearm_extensors","0","E. manter aviso, usar fallback ou esconder apos decisao humana","Opcao visivel sem exercicio especifico para local/equipamento/zona."
"OK_EMPTY_WITH_EXPLICIT_NOTICE","Musculacao","Musculacao > Casa sem equipamento > Peso corporal > Parte superior > Braços > forearm_hand > Pronadores","strength>place_home_no_equipment>bodyweight>upper>arms>forearm_hand>pronators","0","E. manter aviso, usar fallback ou esconder apos decisao humana","Opcao visivel sem exercicio especifico para local/equipamento/zona."
"OK_EMPTY_WITH_EXPLICIT_NOTICE","Musculacao","Musculacao > Casa sem equipamento > Peso corporal > Parte superior > Braços > forearm_hand > Supinadores","strength>place_home_no_equipment>bodyweight>upper>arms>forearm_hand>supinators","0","E. manter aviso, usar fallback ou esconder apos decisao humana","Opcao visivel sem exercicio especifico para local/equipamento/zona."
"OK_EMPTY_WITH_EXPLICIT_NOTICE","Musculacao","Musculacao > Casa sem equipamento > Peso corporal > Parte superior > Braços > forearm_hand > Punho","strength>place_home_no_equipment>bodyweight>upper>arms>forearm_hand>wrist","0","E. manter aviso, usar fallback ou esconder apos decisao humana","Opcao visivel sem exercicio especifico para local/equipamento/zona."
"OK_EMPTY_WITH_EXPLICIT_NOTICE","Musculacao","Musculacao > Casa sem equipamento > Peso corporal > Parte superior > Braços > forearm_hand > Dedos","strength>place_home_no_equipment>bodyweight>upper>arms>forearm_hand>fingers","0","E. manter aviso, usar fallback ou esconder apos decisao humana","Opcao visivel sem exercicio especifico para local/equipamento/zona."
"OK_EMPTY_WITH_EXPLICIT_NOTICE","Musculacao","Musculacao > Casa sem equipamento > Peso corporal > Parte superior > Braços > forearm_hand > Pega de suporte","strength>place_home_no_equipment>bodyweight>upper>arms>forearm_hand>support_grip","0","E. manter aviso, usar fallback ou esconder apos decisao humana","Opcao visivel sem exercicio especifico para local/equipamento/zona."
"OK_EMPTY_WITH_EXPLICIT_NOTICE","Musculacao","Musculacao > Casa sem equipamento > Peso corporal > Parte superior > Braços > forearm_hand > Pega de pinça","strength>place_home_no_equipment>bodyweight>upper>arms>forearm_hand>pinch_grip","0","E. manter aviso, usar fallback ou esconder apos decisao humana","Opcao visivel sem exercicio especifico para local/equipamento/zona."
"OK_EMPTY_WITH_EXPLICIT_NOTICE","Musculacao","Musculacao > Casa sem equipamento > Peso corporal > Parte superior > Braços > forearm_hand > Força de pega geral","strength>place_home_no_equipment>bodyweight>upper>arms>forearm_hand>general_grip","0","E. manter aviso, usar fallback ou esconder apos decisao humana","Opcao visivel sem exercicio especifico para local/equipamento/zona."
"OK_EMPTY_WITH_EXPLICIT_NOTICE","Musculacao","Musculacao > Casa sem equipamento > Peso corporal > Parte superior > Antebraço / punho / mão","strength>place_home_no_equipment>bodyweight>upper>forearm_hand","0","E. manter aviso, usar fallback ou esconder apos decisao humana","Opcao visivel sem exercicio especifico para local/equipamento/zona."
"OK_EMPTY_WITH_EXPLICIT_NOTICE","Musculacao","Musculacao > Casa sem equipamento > Peso corporal > Parte superior > Antebraço / punho / mão > forearm_complete","strength>place_home_no_equipment>bodyweight>upper>forearm_hand>forearm_complete","0","E. manter aviso, usar fallback ou esconder apos decisao humana","Opcao visivel sem exercicio especifico para local/equipamento/zona."
"OK_EMPTY_WITH_EXPLICIT_NOTICE","Musculacao","Musculacao > Casa sem equipamento > Peso corporal > Parte superior > Antebraço / punho / mão > forearm flexors","strength>place_home_no_equipment>bodyweight>upper>forearm_hand>forearm_flexors","0","E. manter aviso, usar fallback ou esconder apos decisao humana","Opcao visivel sem exercicio especifico para local/equipamento/zona."
"OK_EMPTY_WITH_EXPLICIT_NOTICE","Musculacao","Musculacao > Casa sem equipamento > Peso corporal > Parte superior > Antebraço / punho / mão > forearm extensors","strength>place_home_no_equipment>bodyweight>upper>forearm_hand>forearm_extensors","0","E. manter aviso, usar fallback ou esconder apos decisao humana","Opcao visivel sem exercicio especifico para local/equipamento/zona."
"OK_EMPTY_WITH_EXPLICIT_NOTICE","Musculacao","Musculacao > Casa sem equipamento > Peso corporal > Parte superior > Antebraço / punho / mão > pronators","strength>place_home_no_equipment>bodyweight>upper>forearm_hand>pronators","0","E. manter aviso, usar fallback ou esconder apos decisao humana","Opcao visivel sem exercicio especifico para local/equipamento/zona."
"OK_EMPTY_WITH_EXPLICIT_NOTICE","Musculacao","Musculacao > Casa sem equipamento > Peso corporal > Parte superior > Antebraço / punho / mão > supinators","strength>place_home_no_equipment>bodyweight>upper>forearm_hand>supinators","0","E. manter aviso, usar fallback ou esconder apos decisao humana","Opcao visivel sem exercicio especifico para local/equipamento/zona."
"OK_EMPTY_WITH_EXPLICIT_NOTICE","Musculacao","Musculacao > Casa sem equipamento > Peso corporal > Parte superior > Antebraço / punho / mão > wrist","strength>place_home_no_equipment>bodyweight>upper>forearm_hand>wrist","0","E. manter aviso, usar fallback ou esconder apos decisao humana","Opcao visivel sem exercicio especifico para local/equipamento/zona."
"OK_EMPTY_WITH_EXPLICIT_NOTICE","Musculacao","Musculacao > Casa sem equipamento > Peso corporal > Parte superior > Antebraço / punho / mão > fingers","strength>place_home_no_equipment>bodyweight>upper>forearm_hand>fingers","0","E. manter aviso, usar fallback ou esconder apos decisao humana","Opcao visivel sem exercicio especifico para local/equipamento/zona."
"OK_EMPTY_WITH_EXPLICIT_NOTICE","Musculacao","Musculacao > Casa sem equipamento > Peso corporal > Parte superior > Antebraço / punho / mão > support_grip","strength>place_home_no_equipment>bodyweight>upper>forearm_hand>support_grip","0","E. manter aviso, usar fallback ou esconder apos decisao humana","Opcao visivel sem exercicio especifico para local/equipamento/zona."
"OK_EMPTY_WITH_EXPLICIT_NOTICE","Musculacao","Musculacao > Casa sem equipamento > Peso corporal > Parte superior > Antebraço / punho / mão > pinch grip","strength>place_home_no_equipment>bodyweight>upper>forearm_hand>pinch_grip","0","E. manter aviso, usar fallback ou esconder apos decisao humana","Opcao visivel sem exercicio especifico para local/equipamento/zona."
"OK_EMPTY_WITH_EXPLICIT_NOTICE","Musculacao","Musculacao > Casa sem equipamento > Peso corporal > Parte superior > Antebraço / punho / mão > general grip","strength>place_home_no_equipment>bodyweight>upper>forearm_hand>general_grip","0","E. manter aviso, usar fallback ou esconder apos decisao humana","Opcao visivel sem exercicio especifico para local/equipamento/zona."
"OK_EMPTY_WITH_EXPLICIT_NOTICE","Musculacao","Musculacao > Casa sem equipamento > Peso corporal > Core","strength>place_home_no_equipment>bodyweight>core","0","E. manter aviso, usar fallback ou esconder apos decisao humana","Opcao visivel sem exercicio especifico para local/equipamento/zona."
"OK_EMPTY_WITH_EXPLICIT_NOTICE","Musculacao","Musculacao > Casa sem equipamento > Peso corporal > Core > Abdominal","strength>place_home_no_equipment>bodyweight>core>abdominal","0","E. manter aviso, usar fallback ou esconder apos decisao humana","Opcao visivel sem exercicio especifico para local/equipamento/zona."
"OK_EMPTY_WITH_EXPLICIT_NOTICE","Musculacao","Musculacao > Casa sem equipamento > Peso corporal > Core > Oblíquos","strength>place_home_no_equipment>bodyweight>core>obliques","0","E. manter aviso, usar fallback ou esconder apos decisao humana","Opcao visivel sem exercicio especifico para local/equipamento/zona."
"OK_EMPTY_WITH_EXPLICIT_NOTICE","Musculacao","Musculacao > Casa sem equipamento > Peso corporal > Core > Transverso abdominal","strength>place_home_no_equipment>bodyweight>core>transverse_abs","0","E. manter aviso, usar fallback ou esconder apos decisao humana","Opcao visivel sem exercicio especifico para local/equipamento/zona."
"OK_EMPTY_WITH_EXPLICIT_NOTICE","Musculacao","Musculacao > Casa sem equipamento > Peso corporal > Core > Lombar","strength>place_home_no_equipment>bodyweight>core>low_back","0","E. manter aviso, usar fallback ou esconder apos decisao humana","Opcao visivel sem exercicio especifico para local/equipamento/zona."
"OK_EMPTY_WITH_EXPLICIT_NOTICE","Musculacao","Musculacao > Casa sem equipamento > Peso corporal > Core > Estabilidade do core","strength>place_home_no_equipment>bodyweight>core>core_stability","0","E. manter aviso, usar fallback ou esconder apos decisao humana","Opcao visivel sem exercicio especifico para local/equipamento/zona."
"OK_EMPTY_WITH_EXPLICIT_NOTICE","Musculacao","Musculacao > Casa sem equipamento > Peso corporal > Core > Anti-rotação","strength>place_home_no_equipment>bodyweight>core>anti_rotation","0","E. manter aviso, usar fallback ou esconder apos decisao humana","Opcao visivel sem exercicio especifico para local/equipamento/zona."
"OK_EMPTY_WITH_EXPLICIT_NOTICE","Musculacao","Musculacao > Casa sem equipamento > Peso corporal > Core > Anti-extensão","strength>place_home_no_equipment>bodyweight>core>anti_extension","0","E. manter aviso, usar fallback ou esconder apos decisao humana","Opcao visivel sem exercicio especifico para local/equipamento/zona."
"OK_EMPTY_WITH_EXPLICIT_NOTICE","Musculacao","Musculacao > Casa sem equipamento > Peso corporal > Core > Anti-flexão lateral","strength>place_home_no_equipment>bodyweight>core>anti_lateral_flexion","0","E. manter aviso, usar fallback ou esconder apos decisao humana","Opcao visivel sem exercicio especifico para local/equipamento/zona."
"OK_EMPTY_WITH_EXPLICIT_NOTICE","Musculacao","Musculacao > Casa equipada > Peso corporal > Corpo inteiro","strength>place_home_equipped>bodyweight>full_body","0","E. manter aviso, usar fallback ou esconder apos decisao humana","Opcao visivel sem exercicio especifico para local/equipamento/zona."
"OK_EMPTY_WITH_EXPLICIT_NOTICE","Musculacao","Musculacao > Casa equipada > Chão livre > Corpo inteiro","strength>place_home_equipped>floor>full_body","0","E. manter aviso, usar fallback ou esconder apos decisao humana","Opcao visivel sem exercicio especifico para local/equipamento/zona."
"OK_EMPTY_WITH_EXPLICIT_NOTICE","Musculacao","Musculacao > Casa equipada > Parede estável > Corpo inteiro","strength>place_home_equipped>wall>full_body","0","E. manter aviso, usar fallback ou esconder apos decisao humana","Opcao visivel sem exercicio especifico para local/equipamento/zona."
"OK_EMPTY_WITH_EXPLICIT_NOTICE","Musculacao","Musculacao > Casa equipada > Peso corporal > Parte superior > Pescoço > neck_complete","strength>place_home_equipped>bodyweight>upper>neck>neck_complete","0","E. manter aviso, usar fallback ou esconder apos decisao humana","Opcao visivel sem exercicio especifico para local/equipamento/zona."
"OK_EMPTY_WITH_EXPLICIT_NOTICE","Musculacao","Musculacao > Casa equipada > Peso corporal > Parte superior > Pescoço > anterior neck","strength>place_home_equipped>bodyweight>upper>neck>anterior_neck","0","E. manter aviso, usar fallback ou esconder apos decisao humana","Opcao visivel sem exercicio especifico para local/equipamento/zona."
"OK_EMPTY_WITH_EXPLICIT_NOTICE","Musculacao","Musculacao > Casa equipada > Peso corporal > Parte superior > Pescoço > posterior neck","strength>place_home_equipped>bodyweight>upper>neck>posterior_neck","0","E. manter aviso, usar fallback ou esconder apos decisao humana","Opcao visivel sem exercicio especifico para local/equipamento/zona."
"OK_EMPTY_WITH_EXPLICIT_NOTICE","Musculacao","Musculacao > Casa equipada > Peso corporal > Parte superior > Pescoço > lateral neck","strength>place_home_equipped>bodyweight>upper>neck>lateral_neck","0","E. manter aviso, usar fallback ou esconder apos decisao humana","Opcao visivel sem exercicio especifico para local/equipamento/zona."
"OK_EMPTY_WITH_EXPLICIT_NOTICE","Musculacao","Musculacao > Casa equipada > Peso corporal > Parte superior > Pescoço > cervical stabilizers","strength>place_home_equipped>bodyweight>upper>neck>cervical_stabilizers","0","E. manter aviso, usar fallback ou esconder apos decisao humana","Opcao visivel sem exercicio especifico para local/equipamento/zona."
"OK_EMPTY_WITH_EXPLICIT_NOTICE","Musculacao","Musculacao > Casa equipada > Peso corporal > Parte superior > Trapézio / cintura escapular","strength>place_home_equipped>bodyweight>upper>traps_scapula","0","E. manter aviso, usar fallback ou esconder apos decisao humana","Opcao visivel sem exercicio especifico para local/equipamento/zona."
"OK_EMPTY_WITH_EXPLICIT_NOTICE","Musculacao","Musculacao > Casa equipada > Peso corporal > Parte superior > Trapézio / cintura escapular > traps_complete","strength>place_home_equipped>bodyweight>upper>traps_scapula>traps_complete","0","E. manter aviso, usar fallback ou esconder apos decisao humana","Opcao visivel sem exercicio especifico para local/equipamento/zona."
"OK_EMPTY_WITH_EXPLICIT_NOTICE","Musculacao","Musculacao > Casa equipada > Peso corporal > Parte superior > Trapézio / cintura escapular > upper traps","strength>place_home_equipped>bodyweight>upper>traps_scapula>upper_traps","0","E. manter aviso, usar fallback ou esconder apos decisao humana","Opcao visivel sem exercicio especifico para local/equipamento/zona."
"OK_EMPTY_WITH_EXPLICIT_NOTICE","Musculacao","Musculacao > Casa equipada > Peso corporal > Parte superior > Trapézio / cintura escapular > mid traps","strength>place_home_equipped>bodyweight>upper>traps_scapula>mid_traps","0","E. manter aviso, usar fallback ou esconder apos decisao humana","Opcao visivel sem exercicio especifico para local/equipamento/zona."
"OK_EMPTY_WITH_EXPLICIT_NOTICE","Musculacao","Musculacao > Casa equipada > Peso corporal > Parte superior > Trapézio / cintura escapular > lower traps","strength>place_home_equipped>bodyweight>upper>traps_scapula>lower_traps","0","E. manter aviso, usar fallback ou esconder apos decisao humana","Opcao visivel sem exercicio especifico para local/equipamento/zona."
"OK_EMPTY_WITH_EXPLICIT_NOTICE","Musculacao","Musculacao > Casa equipada > Peso corporal > Parte superior > Trapézio / cintura escapular > scapular_stability","strength>place_home_equipped>bodyweight>upper>traps_scapula>scapular_stability","0","E. manter aviso, usar fallback ou esconder apos decisao humana","Opcao visivel sem exercicio especifico para local/equipamento/zona."
"OK_EMPTY_WITH_EXPLICIT_NOTICE","Musculacao","Musculacao > Casa equipada > Peso corporal > Parte superior > Peito > chest_complete","strength>place_home_equipped>bodyweight>upper>chest>chest_complete","0","E. manter aviso, usar fallback ou esconder apos decisao humana","Opcao visivel sem exercicio especifico para local/equipamento/zona."
"OK_EMPTY_WITH_EXPLICIT_NOTICE","Musculacao","Musculacao > Casa equipada > Peso corporal > Parte superior > Costas > back_complete","strength>place_home_equipped>bodyweight>upper>back>back_complete","0","E. manter aviso, usar fallback ou esconder apos decisao humana","Opcao visivel sem exercicio especifico para local/equipamento/zona."
"OK_EMPTY_WITH_EXPLICIT_NOTICE","Musculacao","Musculacao > Casa equipada > Peso corporal > Parte superior > Costas > back_upper","strength>place_home_equipped>bodyweight>upper>back>back_upper","0","E. manter aviso, usar fallback ou esconder apos decisao humana","Opcao visivel sem exercicio especifico para local/equipamento/zona."
"OK_EMPTY_WITH_EXPLICIT_NOTICE","Musculacao","Musculacao > Casa equipada > Peso corporal > Parte superior > Costas > back_upper > Trapézio superior","strength>place_home_equipped>bodyweight>upper>back>back_upper>upper_traps","0","E. manter aviso, usar fallback ou esconder apos decisao humana","Opcao visivel sem exercicio especifico para local/equipamento/zona."
"OK_EMPTY_WITH_EXPLICIT_NOTICE","Musculacao","Musculacao > Casa equipada > Peso corporal > Parte superior > Costas > back_upper > Trapézio médio","strength>place_home_equipped>bodyweight>upper>back>back_upper>mid_traps","0","E. manter aviso, usar fallback ou esconder apos decisao humana","Opcao visivel sem exercicio especifico para local/equipamento/zona."
"OK_EMPTY_WITH_EXPLICIT_NOTICE","Musculacao","Musculacao > Casa equipada > Peso corporal > Parte superior > Costas > back_upper > Trapézio inferior","strength>place_home_equipped>bodyweight>upper>back>back_upper>lower_traps","0","E. manter aviso, usar fallback ou esconder apos decisao humana","Opcao visivel sem exercicio especifico para local/equipamento/zona."
"OK_EMPTY_WITH_EXPLICIT_NOTICE","Musculacao","Musculacao > Casa equipada > Peso corporal > Parte superior > Costas > back_upper > Romboides","strength>place_home_equipped>bodyweight>upper>back>back_upper>rhomboids","0","E. manter aviso, usar fallback ou esconder apos decisao humana","Opcao visivel sem exercicio especifico para local/equipamento/zona."
"OK_EMPTY_WITH_EXPLICIT_NOTICE","Musculacao","Musculacao > Casa equipada > Peso corporal > Parte superior > Costas > back_upper > Deltoide posterior","strength>place_home_equipped>bodyweight>upper>back>back_upper>posterior_deltoid","0","E. manter aviso, usar fallback ou esconder apos decisao humana","Opcao visivel sem exercicio especifico para local/equipamento/zona."
"OK_EMPTY_WITH_EXPLICIT_NOTICE","Musculacao","Musculacao > Casa equipada > Peso corporal > Parte superior > Costas > back_upper > Estabilizadores escapulares","strength>place_home_equipped>bodyweight>upper>back>back_upper>scapular_stabilizers","0","E. manter aviso, usar fallback ou esconder apos decisao humana","Opcao visivel sem exercicio especifico para local/equipamento/zona."
"OK_EMPTY_WITH_EXPLICIT_NOTICE","Musculacao","Musculacao > Casa equipada > Peso corporal > Parte superior > Costas > back_mid","strength>place_home_equipped>bodyweight>upper>back>back_mid","0","E. manter aviso, usar fallback ou esconder apos decisao humana","Opcao visivel sem exercicio especifico para local/equipamento/zona."
"OK_EMPTY_WITH_EXPLICIT_NOTICE","Musculacao","Musculacao > Casa equipada > Peso corporal > Parte superior > Costas > back_mid > Romboides","strength>place_home_equipped>bodyweight>upper>back>back_mid>rhomboids","0","E. manter aviso, usar fallback ou esconder apos decisao humana","Opcao visivel sem exercicio especifico para local/equipamento/zona."
"OK_EMPTY_WITH_EXPLICIT_NOTICE","Musculacao","Musculacao > Casa equipada > Peso corporal > Parte superior > Costas > back_mid > Trapézio médio","strength>place_home_equipped>bodyweight>upper>back>back_mid>mid_traps","0","E. manter aviso, usar fallback ou esconder apos decisao humana","Opcao visivel sem exercicio especifico para local/equipamento/zona."
"OK_EMPTY_WITH_EXPLICIT_NOTICE","Musculacao","Musculacao > Casa equipada > Peso corporal > Parte superior > Costas > back_mid > Redondo maior","strength>place_home_equipped>bodyweight>upper>back>back_mid>teres_major","0","E. manter aviso, usar fallback ou esconder apos decisao humana","Opcao visivel sem exercicio especifico para local/equipamento/zona."
"OK_EMPTY_WITH_EXPLICIT_NOTICE","Musculacao","Musculacao > Casa equipada > Peso corporal > Parte superior > Costas > back_mid > Redondo menor","strength>place_home_equipped>bodyweight>upper>back>back_mid>teres_minor","0","E. manter aviso, usar fallback ou esconder apos decisao humana","Opcao visivel sem exercicio especifico para local/equipamento/zona."
"OK_EMPTY_WITH_EXPLICIT_NOTICE","Musculacao","Musculacao > Casa equipada > Peso corporal > Parte superior > Costas > back_mid > Dorsal / latíssimo do dorso","strength>place_home_equipped>bodyweight>upper>back>back_mid>latissimus_dorsi","0","E. manter aviso, usar fallback ou esconder apos decisao humana","Opcao visivel sem exercicio especifico para local/equipamento/zona."
"OK_EMPTY_WITH_EXPLICIT_NOTICE","Musculacao","Musculacao > Casa equipada > Peso corporal > Parte superior > Costas > back_lower","strength>place_home_equipped>bodyweight>upper>back>back_lower","0","E. manter aviso, usar fallback ou esconder apos decisao humana","Opcao visivel sem exercicio especifico para local/equipamento/zona."
"OK_EMPTY_WITH_EXPLICIT_NOTICE","Musculacao","Musculacao > Casa equipada > Peso corporal > Parte superior > Costas > back_lower > Eretores da espinha","strength>place_home_equipped>bodyweight>upper>back>back_lower>erectors","0","E. manter aviso, usar fallback ou esconder apos decisao humana","Opcao visivel sem exercicio especifico para local/equipamento/zona."
"OK_EMPTY_WITH_EXPLICIT_NOTICE","Musculacao","Musculacao > Casa equipada > Peso corporal > Parte superior > Costas > back_lower > Lombar","strength>place_home_equipped>bodyweight>upper>back>back_lower>lumbar","0","E. manter aviso, usar fallback ou esconder apos decisao humana","Opcao visivel sem exercicio especifico para local/equipamento/zona."
"OK_EMPTY_WITH_EXPLICIT_NOTICE","Musculacao","Musculacao > Casa equipada > Peso corporal > Parte superior > Costas > back_lower > Quadrado lombar","strength>place_home_equipped>bodyweight>upper>back>back_lower>quadratus_lumborum","0","E. manter aviso, usar fallback ou esconder apos decisao humana","Opcao visivel sem exercicio especifico para local/equipamento/zona."
"OK_EMPTY_WITH_EXPLICIT_NOTICE","Musculacao","Musculacao > Casa equipada > Peso corporal > Parte superior > Costas > back_lower > Estabilidade lombar","strength>place_home_equipped>bodyweight>upper>back>back_lower>lumbar_stability","0","E. manter aviso, usar fallback ou esconder apos decisao humana","Opcao visivel sem exercicio especifico para local/equipamento/zona."
"OK_EMPTY_WITH_EXPLICIT_NOTICE","Musculacao","Musculacao > Casa equipada > Peso corporal > Parte superior > Costas > back_width","strength>place_home_equipped>bodyweight>upper>back>back_width","0","E. manter aviso, usar fallback ou esconder apos decisao humana","Opcao visivel sem exercicio especifico para local/equipamento/zona."
"OK_EMPTY_WITH_EXPLICIT_NOTICE","Musculacao","Musculacao > Casa equipada > Peso corporal > Parte superior > Costas > back_width > Dorsal / latíssimo do dorso","strength>place_home_equipped>bodyweight>upper>back>back_width>latissimus_dorsi","0","E. manter aviso, usar fallback ou esconder apos decisao humana","Opcao visivel sem exercicio especifico para local/equipamento/zona."
"OK_EMPTY_WITH_EXPLICIT_NOTICE","Musculacao","Musculacao > Casa equipada > Peso corporal > Parte superior > Costas > back_width > Redondo maior","strength>place_home_equipped>bodyweight>upper>back>back_width>teres_major","0","E. manter aviso, usar fallback ou esconder apos decisao humana","Opcao visivel sem exercicio especifico para local/equipamento/zona."
"OK_EMPTY_WITH_EXPLICIT_NOTICE","Musculacao","Musculacao > Casa equipada > Peso corporal > Parte superior > Costas > back_width > Puxadas verticais","strength>place_home_equipped>bodyweight>upper>back>back_width>vertical_pulls","0","E. manter aviso, usar fallback ou esconder apos decisao humana","Opcao visivel sem exercicio especifico para local/equipamento/zona."
"OK_EMPTY_WITH_EXPLICIT_NOTICE","Musculacao","Musculacao > Casa equipada > Peso corporal > Parte superior > Costas > back_thickness","strength>place_home_equipped>bodyweight>upper>back>back_thickness","0","E. manter aviso, usar fallback ou esconder apos decisao humana","Opcao visivel sem exercicio especifico para local/equipamento/zona."
"OK_EMPTY_WITH_EXPLICIT_NOTICE","Musculacao","Musculacao > Casa equipada > Peso corporal > Parte superior > Costas > back_thickness > Romboides","strength>place_home_equipped>bodyweight>upper>back>back_thickness>rhomboids","0","E. manter aviso, usar fallback ou esconder apos decisao humana","Opcao visivel sem exercicio especifico para local/equipamento/zona."
"OK_EMPTY_WITH_EXPLICIT_NOTICE","Musculacao","Musculacao > Casa equipada > Peso corporal > Parte superior > Costas > back_thickness > Trapézio médio","strength>place_home_equipped>bodyweight>upper>back>back_thickness>mid_traps","0","E. manter aviso, usar fallback ou esconder apos decisao humana","Opcao visivel sem exercicio especifico para local/equipamento/zona."
"OK_EMPTY_WITH_EXPLICIT_NOTICE","Musculacao","Musculacao > Casa equipada > Peso corporal > Parte superior > Costas > back_thickness > Trapézio inferior","strength>place_home_equipped>bodyweight>upper>back>back_thickness>lower_traps","0","E. manter aviso, usar fallback ou esconder apos decisao humana","Opcao visivel sem exercicio especifico para local/equipamento/zona."
"OK_EMPTY_WITH_EXPLICIT_NOTICE","Musculacao","Musculacao > Casa equipada > Peso corporal > Parte superior > Costas > back_thickness > Remadas horizontais","strength>place_home_equipped>bodyweight>upper>back>back_thickness>horizontal_rows","0","E. manter aviso, usar fallback ou esconder apos decisao humana","Opcao visivel sem exercicio especifico para local/equipamento/zona."
"OK_EMPTY_WITH_EXPLICIT_NOTICE","Musculacao","Musculacao > Casa equipada > Peso corporal > Parte superior > Ombros > shoulders_complete","strength>place_home_equipped>bodyweight>upper>shoulders>shoulders_complete","0","E. manter aviso, usar fallback ou esconder apos decisao humana","Opcao visivel sem exercicio especifico para local/equipamento/zona."
"OK_EMPTY_WITH_EXPLICIT_NOTICE","Musculacao","Musculacao > Casa equipada > Peso corporal > Parte superior > Ombros > anterior deltoid","strength>place_home_equipped>bodyweight>upper>shoulders>anterior_deltoid","0","E. manter aviso, usar fallback ou esconder apos decisao humana","Opcao visivel sem exercicio especifico para local/equipamento/zona."
"OK_EMPTY_WITH_EXPLICIT_NOTICE","Musculacao","Musculacao > Casa equipada > Peso corporal > Parte superior > Ombros > lateral deltoid","strength>place_home_equipped>bodyweight>upper>shoulders>lateral_deltoid","0","E. manter aviso, usar fallback ou esconder apos decisao humana","Opcao visivel sem exercicio especifico para local/equipamento/zona."
"OK_EMPTY_WITH_EXPLICIT_NOTICE","Musculacao","Musculacao > Casa equipada > Peso corporal > Parte superior > Ombros > posterior deltoid","strength>place_home_equipped>bodyweight>upper>shoulders>posterior_deltoid","0","E. manter aviso, usar fallback ou esconder apos decisao humana","Opcao visivel sem exercicio especifico para local/equipamento/zona."
"OK_EMPTY_WITH_EXPLICIT_NOTICE","Musculacao","Musculacao > Casa equipada > Peso corporal > Parte superior > Ombros > rotator_cuff","strength>place_home_equipped>bodyweight>upper>shoulders>rotator_cuff","0","E. manter aviso, usar fallback ou esconder apos decisao humana","Opcao visivel sem exercicio especifico para local/equipamento/zona."
"OK_EMPTY_WITH_EXPLICIT_NOTICE","Musculacao","Musculacao > Casa equipada > Peso corporal > Parte superior > Ombros > external rotators","strength>place_home_equipped>bodyweight>upper>shoulders>external_rotators","0","E. manter aviso, usar fallback ou esconder apos decisao humana","Opcao visivel sem exercicio especifico para local/equipamento/zona."
"OK_EMPTY_WITH_EXPLICIT_NOTICE","Musculacao","Musculacao > Casa equipada > Peso corporal > Parte superior > Ombros > internal rotators","strength>place_home_equipped>bodyweight>upper>shoulders>internal_rotators","0","E. manter aviso, usar fallback ou esconder apos decisao humana","Opcao visivel sem exercicio especifico para local/equipamento/zona."
"OK_EMPTY_WITH_EXPLICIT_NOTICE","Musculacao","Musculacao > Casa equipada > Peso corporal > Parte superior > Ombros > scapular_stability","strength>place_home_equipped>bodyweight>upper>shoulders>scapular_stability","0","E. manter aviso, usar fallback ou esconder apos decisao humana","Opcao visivel sem exercicio especifico para local/equipamento/zona."
"OK_EMPTY_WITH_EXPLICIT_NOTICE","Musculacao","Musculacao > Casa equipada > Peso corporal > Parte superior > Braços > arms_complete","strength>place_home_equipped>bodyweight>upper>arms>arms_complete","0","E. manter aviso, usar fallback ou esconder apos decisao humana","Opcao visivel sem exercicio especifico para local/equipamento/zona."
"OK_EMPTY_WITH_EXPLICIT_NOTICE","Musculacao","Musculacao > Casa equipada > Peso corporal > Parte superior > Braços > upper_arm","strength>place_home_equipped>bodyweight>upper>arms>upper_arm","0","E. manter aviso, usar fallback ou esconder apos decisao humana","Opcao visivel sem exercicio especifico para local/equipamento/zona."
"OK_EMPTY_WITH_EXPLICIT_NOTICE","Musculacao","Musculacao > Casa equipada > Peso corporal > Parte superior > Braços > upper_arm > Bíceps braquial","strength>place_home_equipped>bodyweight>upper>arms>upper_arm>biceps_brachii","0","E. manter aviso, usar fallback ou esconder apos decisao humana","Opcao visivel sem exercicio especifico para local/equipamento/zona."
"OK_EMPTY_WITH_EXPLICIT_NOTICE","Musculacao","Musculacao > Casa equipada > Peso corporal > Parte superior > Braços > upper_arm > Braquial","strength>place_home_equipped>bodyweight>upper>arms>upper_arm>brachialis","0","E. manter aviso, usar fallback ou esconder apos decisao humana","Opcao visivel sem exercicio especifico para local/equipamento/zona."
"OK_EMPTY_WITH_EXPLICIT_NOTICE","Musculacao","Musculacao > Casa equipada > Peso corporal > Parte superior > Braços > upper_arm > Braquiorradial","strength>place_home_equipped>bodyweight>upper>arms>upper_arm>brachioradialis","0","E. manter aviso, usar fallback ou esconder apos decisao humana","Opcao visivel sem exercicio especifico para local/equipamento/zona."
"OK_EMPTY_WITH_EXPLICIT_NOTICE","Musculacao","Musculacao > Casa equipada > Peso corporal > Parte superior > Braços > upper_arm > Tríceps cabeça longa","strength>place_home_equipped>bodyweight>upper>arms>upper_arm>triceps_long","0","E. manter aviso, usar fallback ou esconder apos decisao humana","Opcao visivel sem exercicio especifico para local/equipamento/zona."
"OK_EMPTY_WITH_EXPLICIT_NOTICE","Musculacao","Musculacao > Casa equipada > Peso corporal > Parte superior > Braços > upper_arm > Tríceps cabeça lateral","strength>place_home_equipped>bodyweight>upper>arms>upper_arm>triceps_lateral","0","E. manter aviso, usar fallback ou esconder apos decisao humana","Opcao visivel sem exercicio especifico para local/equipamento/zona."
"OK_EMPTY_WITH_EXPLICIT_NOTICE","Musculacao","Musculacao > Casa equipada > Peso corporal > Parte superior > Braços > upper_arm > Tríceps cabeça medial","strength>place_home_equipped>bodyweight>upper>arms>upper_arm>triceps_medial","0","E. manter aviso, usar fallback ou esconder apos decisao humana","Opcao visivel sem exercicio especifico para local/equipamento/zona."
"OK_EMPTY_WITH_EXPLICIT_NOTICE","Musculacao","Musculacao > Casa equipada > Peso corporal > Parte superior > Braços > forearm_hand","strength>place_home_equipped>bodyweight>upper>arms>forearm_hand","0","E. manter aviso, usar fallback ou esconder apos decisao humana","Opcao visivel sem exercicio especifico para local/equipamento/zona."
"OK_EMPTY_WITH_EXPLICIT_NOTICE","Musculacao","Musculacao > Casa equipada > Peso corporal > Parte superior > Braços > forearm_hand > Antebraço completo","strength>place_home_equipped>bodyweight>upper>arms>forearm_hand>forearm_complete","0","E. manter aviso, usar fallback ou esconder apos decisao humana","Opcao visivel sem exercicio especifico para local/equipamento/zona."
"OK_EMPTY_WITH_EXPLICIT_NOTICE","Musculacao","Musculacao > Casa equipada > Peso corporal > Parte superior > Braços > forearm_hand > Flexores do antebraço","strength>place_home_equipped>bodyweight>upper>arms>forearm_hand>forearm_flexors","0","E. manter aviso, usar fallback ou esconder apos decisao humana","Opcao visivel sem exercicio especifico para local/equipamento/zona."
"OK_EMPTY_WITH_EXPLICIT_NOTICE","Musculacao","Musculacao > Casa equipada > Peso corporal > Parte superior > Braços > forearm_hand > Extensores do antebraço","strength>place_home_equipped>bodyweight>upper>arms>forearm_hand>forearm_extensors","0","E. manter aviso, usar fallback ou esconder apos decisao humana","Opcao visivel sem exercicio especifico para local/equipamento/zona."
"OK_EMPTY_WITH_EXPLICIT_NOTICE","Musculacao","Musculacao > Casa equipada > Peso corporal > Parte superior > Braços > forearm_hand > Pronadores","strength>place_home_equipped>bodyweight>upper>arms>forearm_hand>pronators","0","E. manter aviso, usar fallback ou esconder apos decisao humana","Opcao visivel sem exercicio especifico para local/equipamento/zona."
"OK_EMPTY_WITH_EXPLICIT_NOTICE","Musculacao","Musculacao > Casa equipada > Peso corporal > Parte superior > Braços > forearm_hand > Supinadores","strength>place_home_equipped>bodyweight>upper>arms>forearm_hand>supinators","0","E. manter aviso, usar fallback ou esconder apos decisao humana","Opcao visivel sem exercicio especifico para local/equipamento/zona."
"OK_EMPTY_WITH_EXPLICIT_NOTICE","Musculacao","Musculacao > Casa equipada > Peso corporal > Parte superior > Braços > forearm_hand > Punho","strength>place_home_equipped>bodyweight>upper>arms>forearm_hand>wrist","0","E. manter aviso, usar fallback ou esconder apos decisao humana","Opcao visivel sem exercicio especifico para local/equipamento/zona."
"OK_EMPTY_WITH_EXPLICIT_NOTICE","Musculacao","Musculacao > Casa equipada > Peso corporal > Parte superior > Braços > forearm_hand > Dedos","strength>place_home_equipped>bodyweight>upper>arms>forearm_hand>fingers","0","E. manter aviso, usar fallback ou esconder apos decisao humana","Opcao visivel sem exercicio especifico para local/equipamento/zona."
"OK_EMPTY_WITH_EXPLICIT_NOTICE","Musculacao","Musculacao > Casa equipada > Peso corporal > Parte superior > Braços > forearm_hand > Pega de suporte","strength>place_home_equipped>bodyweight>upper>arms>forearm_hand>support_grip","0","E. manter aviso, usar fallback ou esconder apos decisao humana","Opcao visivel sem exercicio especifico para local/equipamento/zona."
"OK_EMPTY_WITH_EXPLICIT_NOTICE","Musculacao","Musculacao > Casa equipada > Peso corporal > Parte superior > Braços > forearm_hand > Pega de pinça","strength>place_home_equipped>bodyweight>upper>arms>forearm_hand>pinch_grip","0","E. manter aviso, usar fallback ou esconder apos decisao humana","Opcao visivel sem exercicio especifico para local/equipamento/zona."
"OK_EMPTY_WITH_EXPLICIT_NOTICE","Musculacao","Musculacao > Casa equipada > Peso corporal > Parte superior > Braços > forearm_hand > Força de pega geral","strength>place_home_equipped>bodyweight>upper>arms>forearm_hand>general_grip","0","E. manter aviso, usar fallback ou esconder apos decisao humana","Opcao visivel sem exercicio especifico para local/equipamento/zona."
"OK_EMPTY_WITH_EXPLICIT_NOTICE","Musculacao","Musculacao > Casa equipada > Peso corporal > Parte superior > Antebraço / punho / mão","strength>place_home_equipped>bodyweight>upper>forearm_hand","0","E. manter aviso, usar fallback ou esconder apos decisao humana","Opcao visivel sem exercicio especifico para local/equipamento/zona."
"OK_EMPTY_WITH_EXPLICIT_NOTICE","Musculacao","Musculacao > Casa equipada > Peso corporal > Parte superior > Antebraço / punho / mão > forearm_complete","strength>place_home_equipped>bodyweight>upper>forearm_hand>forearm_complete","0","E. manter aviso, usar fallback ou esconder apos decisao humana","Opcao visivel sem exercicio especifico para local/equipamento/zona."
"OK_EMPTY_WITH_EXPLICIT_NOTICE","Musculacao","Musculacao > Casa equipada > Peso corporal > Parte superior > Antebraço / punho / mão > forearm flexors","strength>place_home_equipped>bodyweight>upper>forearm_hand>forearm_flexors","0","E. manter aviso, usar fallback ou esconder apos decisao humana","Opcao visivel sem exercicio especifico para local/equipamento/zona."
"OK_EMPTY_WITH_EXPLICIT_NOTICE","Musculacao","Musculacao > Casa equipada > Peso corporal > Parte superior > Antebraço / punho / mão > forearm extensors","strength>place_home_equipped>bodyweight>upper>forearm_hand>forearm_extensors","0","E. manter aviso, usar fallback ou esconder apos decisao humana","Opcao visivel sem exercicio especifico para local/equipamento/zona."
"OK_EMPTY_WITH_EXPLICIT_NOTICE","Musculacao","Musculacao > Casa equipada > Peso corporal > Parte superior > Antebraço / punho / mão > pronators","strength>place_home_equipped>bodyweight>upper>forearm_hand>pronators","0","E. manter aviso, usar fallback ou esconder apos decisao humana","Opcao visivel sem exercicio especifico para local/equipamento/zona."
"OK_EMPTY_WITH_EXPLICIT_NOTICE","Musculacao","Musculacao > Casa equipada > Peso corporal > Parte superior > Antebraço / punho / mão > supinators","strength>place_home_equipped>bodyweight>upper>forearm_hand>supinators","0","E. manter aviso, usar fallback ou esconder apos decisao humana","Opcao visivel sem exercicio especifico para local/equipamento/zona."
"OK_EMPTY_WITH_EXPLICIT_NOTICE","Musculacao","Musculacao > Casa equipada > Peso corporal > Parte superior > Antebraço / punho / mão > wrist","strength>place_home_equipped>bodyweight>upper>forearm_hand>wrist","0","E. manter aviso, usar fallback ou esconder apos decisao humana","Opcao visivel sem exercicio especifico para local/equipamento/zona."
"OK_EMPTY_WITH_EXPLICIT_NOTICE","Musculacao","Musculacao > Casa equipada > Peso corporal > Parte superior > Antebraço / punho / mão > fingers","strength>place_home_equipped>bodyweight>upper>forearm_hand>fingers","0","E. manter aviso, usar fallback ou esconder apos decisao humana","Opcao visivel sem exercicio especifico para local/equipamento/zona."
"OK_EMPTY_WITH_EXPLICIT_NOTICE","Musculacao","Musculacao > Casa equipada > Peso corporal > Parte superior > Antebraço / punho / mão > support_grip","strength>place_home_equipped>bodyweight>upper>forearm_hand>support_grip","0","E. manter aviso, usar fallback ou esconder apos decisao humana","Opcao visivel sem exercicio especifico para local/equipamento/zona."
"OK_EMPTY_WITH_EXPLICIT_NOTICE","Musculacao","Musculacao > Casa equipada > Peso corporal > Parte superior > Antebraço / punho / mão > pinch grip","strength>place_home_equipped>bodyweight>upper>forearm_hand>pinch_grip","0","E. manter aviso, usar fallback ou esconder apos decisao humana","Opcao visivel sem exercicio especifico para local/equipamento/zona."
"OK_EMPTY_WITH_EXPLICIT_NOTICE","Musculacao","Musculacao > Casa equipada > Peso corporal > Parte superior > Antebraço / punho / mão > general grip","strength>place_home_equipped>bodyweight>upper>forearm_hand>general_grip","0","E. manter aviso, usar fallback ou esconder apos decisao humana","Opcao visivel sem exercicio especifico para local/equipamento/zona."
"OK_EMPTY_WITH_EXPLICIT_NOTICE","Musculacao","Musculacao > Casa equipada > Peso corporal > Core","strength>place_home_equipped>bodyweight>core","0","E. manter aviso, usar fallback ou esconder apos decisao humana","Opcao visivel sem exercicio especifico para local/equipamento/zona."
"OK_EMPTY_WITH_EXPLICIT_NOTICE","Musculacao","Musculacao > Casa equipada > Peso corporal > Core > Abdominal","strength>place_home_equipped>bodyweight>core>abdominal","0","E. manter aviso, usar fallback ou esconder apos decisao humana","Opcao visivel sem exercicio especifico para local/equipamento/zona."
"OK_EMPTY_WITH_EXPLICIT_NOTICE","Musculacao","Musculacao > Casa equipada > Peso corporal > Core > Oblíquos","strength>place_home_equipped>bodyweight>core>obliques","0","E. manter aviso, usar fallback ou esconder apos decisao humana","Opcao visivel sem exercicio especifico para local/equipamento/zona."
"OK_EMPTY_WITH_EXPLICIT_NOTICE","Musculacao","Musculacao > Casa equipada > Peso corporal > Core > Transverso abdominal","strength>place_home_equipped>bodyweight>core>transverse_abs","0","E. manter aviso, usar fallback ou esconder apos decisao humana","Opcao visivel sem exercicio especifico para local/equipamento/zona."
"OK_EMPTY_WITH_EXPLICIT_NOTICE","Musculacao","Musculacao > Casa equipada > Peso corporal > Core > Lombar","strength>place_home_equipped>bodyweight>core>low_back","0","E. manter aviso, usar fallback ou esconder apos decisao humana","Opcao visivel sem exercicio especifico para local/equipamento/zona."
"OK_EMPTY_WITH_EXPLICIT_NOTICE","Musculacao","Musculacao > Casa equipada > Peso corporal > Core > Estabilidade do core","strength>place_home_equipped>bodyweight>core>core_stability","0","E. manter aviso, usar fallback ou esconder apos decisao humana","Opcao visivel sem exercicio especifico para local/equipamento/zona."
"OK_EMPTY_WITH_EXPLICIT_NOTICE","Musculacao","Musculacao > Casa equipada > Peso corporal > Core > Anti-rotação","strength>place_home_equipped>bodyweight>core>anti_rotation","0","E. manter aviso, usar fallback ou esconder apos decisao humana","Opcao visivel sem exercicio especifico para local/equipamento/zona."
"OK_EMPTY_WITH_EXPLICIT_NOTICE","Musculacao","Musculacao > Casa equipada > Peso corporal > Core > Anti-extensão","strength>place_home_equipped>bodyweight>core>anti_extension","0","E. manter aviso, usar fallback ou esconder apos decisao humana","Opcao visivel sem exercicio especifico para local/equipamento/zona."
"OK_EMPTY_WITH_EXPLICIT_NOTICE","Musculacao","Musculacao > Casa equipada > Peso corporal > Core > Anti-flexão lateral","strength>place_home_equipped>bodyweight>core>anti_lateral_flexion","0","E. manter aviso, usar fallback ou esconder apos decisao humana","Opcao visivel sem exercicio especifico para local/equipamento/zona."
"OK_EMPTY_WITH_EXPLICIT_NOTICE","Musculacao","Musculacao > Ginasio > Peso corporal > Corpo inteiro","strength>place_gym>bodyweight>full_body","0","E. manter aviso, usar fallback ou esconder apos decisao humana","Opcao visivel sem exercicio especifico para local/equipamento/zona."
"OK_EMPTY_WITH_EXPLICIT_NOTICE","Musculacao","Musculacao > Ginasio > Chão livre > Corpo inteiro","strength>place_gym>floor>full_body","0","E. manter aviso, usar fallback ou esconder apos decisao humana","Opcao visivel sem exercicio especifico para local/equipamento/zona."
"OK_EMPTY_WITH_EXPLICIT_NOTICE","Musculacao","Musculacao > Ginasio > Espaço livre > Corpo inteiro","strength>place_gym>free_space>full_body","0","E. manter aviso, usar fallback ou esconder apos decisao humana","Opcao visivel sem exercicio especifico para local/equipamento/zona."
"OK_EMPTY_WITH_EXPLICIT_NOTICE","Musculacao","Musculacao > Ginasio > Tapete / colchonete > Corpo inteiro","strength>place_gym>mat>full_body","0","E. manter aviso, usar fallback ou esconder apos decisao humana","Opcao visivel sem exercicio especifico para local/equipamento/zona."
"OK_EMPTY_WITH_EXPLICIT_NOTICE","Musculacao","Musculacao > Ginasio > Halteres > Corpo inteiro","strength>place_gym>dumbbells>full_body","0","E. manter aviso, usar fallback ou esconder apos decisao humana","Opcao visivel sem exercicio especifico para local/equipamento/zona."
"OK_EMPTY_WITH_EXPLICIT_NOTICE","Musculacao","Musculacao > Ginasio > Barra > Corpo inteiro","strength>place_gym>barbell>full_body","0","E. manter aviso, usar fallback ou esconder apos decisao humana","Opcao visivel sem exercicio especifico para local/equipamento/zona."
"OK_EMPTY_WITH_EXPLICIT_NOTICE","Musculacao","Musculacao > Ginasio > Discos > Corpo inteiro","strength>place_gym>plates>full_body","0","E. manter aviso, usar fallback ou esconder apos decisao humana","Opcao visivel sem exercicio especifico para local/equipamento/zona."
"OK_EMPTY_WITH_EXPLICIT_NOTICE","Musculacao","Musculacao > Ginasio > Kettlebell > Corpo inteiro","strength>place_gym>kettlebell>full_body","0","E. manter aviso, usar fallback ou esconder apos decisao humana","Opcao visivel sem exercicio especifico para local/equipamento/zona."
"OK_EMPTY_WITH_EXPLICIT_NOTICE","Musculacao","Musculacao > Ginasio > Medicine ball > Corpo inteiro","strength>place_gym>medicine_ball>full_body","0","E. manter aviso, usar fallback ou esconder apos decisao humana","Opcao visivel sem exercicio especifico para local/equipamento/zona."
"OK_EMPTY_WITH_EXPLICIT_NOTICE","Musculacao","Musculacao > Ginasio > Barra fixa > Corpo inteiro","strength>place_gym>pullup_bar>full_body","0","E. manter aviso, usar fallback ou esconder apos decisao humana","Opcao visivel sem exercicio especifico para local/equipamento/zona."
"OK_EMPTY_WITH_EXPLICIT_NOTICE","Musculacao","Musculacao > Ginasio > Paralelas > Corpo inteiro","strength>place_gym>parallel_bars>full_body","0","E. manter aviso, usar fallback ou esconder apos decisao humana","Opcao visivel sem exercicio especifico para local/equipamento/zona."
"OK_EMPTY_WITH_EXPLICIT_NOTICE","Musculacao","Musculacao > Ginasio > Elásticos > Corpo inteiro","strength>place_gym>bands>full_body","0","E. manter aviso, usar fallback ou esconder apos decisao humana","Opcao visivel sem exercicio especifico para local/equipamento/zona."
"OK_EMPTY_WITH_EXPLICIT_NOTICE","Musculacao","Musculacao > Ginasio > Máquina multifunções > Corpo inteiro","strength>place_gym>machine>full_body","0","E. manter aviso, usar fallback ou esconder apos decisao humana","Opcao visivel sem exercicio especifico para local/equipamento/zona."
"OK_EMPTY_WITH_EXPLICIT_NOTICE","Musculacao","Musculacao > Ginasio > Cabo alto > Corpo inteiro","strength>place_gym>high_cable>full_body","0","E. manter aviso, usar fallback ou esconder apos decisao humana","Opcao visivel sem exercicio especifico para local/equipamento/zona."
"OK_EMPTY_WITH_EXPLICIT_NOTICE","Musculacao","Musculacao > Ginasio > Cabo baixo > Corpo inteiro","strength>place_gym>low_cable>full_body","0","E. manter aviso, usar fallback ou esconder apos decisao humana","Opcao visivel sem exercicio especifico para local/equipamento/zona."
"OK_EMPTY_WITH_EXPLICIT_NOTICE","Musculacao","Musculacao > Ginasio > Polia ajustável > Corpo inteiro","strength>place_gym>adjustable_cable>full_body","0","E. manter aviso, usar fallback ou esconder apos decisao humana","Opcao visivel sem exercicio especifico para local/equipamento/zona."
"OK_EMPTY_WITH_EXPLICIT_NOTICE","Musculacao","Musculacao > Ginasio > Lat pulldown > Corpo inteiro","strength>place_gym>lat_pulldown>full_body","0","E. manter aviso, usar fallback ou esconder apos decisao humana","Opcao visivel sem exercicio especifico para local/equipamento/zona."
"OK_EMPTY_WITH_EXPLICIT_NOTICE","Musculacao","Musculacao > Ginasio > Remo sentado > Corpo inteiro","strength>place_gym>seated_row_machine>full_body","0","E. manter aviso, usar fallback ou esconder apos decisao humana","Opcao visivel sem exercicio especifico para local/equipamento/zona."
"OK_EMPTY_WITH_EXPLICIT_NOTICE","Musculacao","Musculacao > Ginasio > Chest press > Corpo inteiro","strength>place_gym>chest_press_machine>full_body","0","E. manter aviso, usar fallback ou esconder apos decisao humana","Opcao visivel sem exercicio especifico para local/equipamento/zona."
"OK_EMPTY_WITH_EXPLICIT_NOTICE","Musculacao","Musculacao > Ginasio > Shoulder press machine > Corpo inteiro","strength>place_gym>shoulder_press_machine>full_body","0","E. manter aviso, usar fallback ou esconder apos decisao humana","Opcao visivel sem exercicio especifico para local/equipamento/zona."
"OK_EMPTY_WITH_EXPLICIT_NOTICE","Musculacao","Musculacao > Ginasio > Leg press > Corpo inteiro","strength>place_gym>leg_press>full_body","0","E. manter aviso, usar fallback ou esconder apos decisao humana","Opcao visivel sem exercicio especifico para local/equipamento/zona."
"OK_EMPTY_WITH_EXPLICIT_NOTICE","Musculacao","Musculacao > Ginasio > Extensão de perna > Corpo inteiro","strength>place_gym>leg_extension>full_body","0","E. manter aviso, usar fallback ou esconder apos decisao humana","Opcao visivel sem exercicio especifico para local/equipamento/zona."
"OK_EMPTY_WITH_EXPLICIT_NOTICE","Musculacao","Musculacao > Ginasio > Curl de perna > Corpo inteiro","strength>place_gym>leg_curl>full_body","0","E. manter aviso, usar fallback ou esconder apos decisao humana","Opcao visivel sem exercicio especifico para local/equipamento/zona."
"OK_EMPTY_WITH_EXPLICIT_NOTICE","Musculacao","Musculacao > Ginasio > Máquina abdutora > Corpo inteiro","strength>place_gym>abductor_machine>full_body","0","E. manter aviso, usar fallback ou esconder apos decisao humana","Opcao visivel sem exercicio especifico para local/equipamento/zona."
"OK_EMPTY_WITH_EXPLICIT_NOTICE","Musculacao","Musculacao > Ginasio > Máquina adutora > Corpo inteiro","strength>place_gym>adductor_machine>full_body","0","E. manter aviso, usar fallback ou esconder apos decisao humana","Opcao visivel sem exercicio especifico para local/equipamento/zona."
"OK_EMPTY_WITH_EXPLICIT_NOTICE","Musculacao","Musculacao > Ginasio > Smith machine > Corpo inteiro","strength>place_gym>smith_machine>full_body","0","E. manter aviso, usar fallback ou esconder apos decisao humana","Opcao visivel sem exercicio especifico para local/equipamento/zona."
"OK_EMPTY_WITH_EXPLICIT_NOTICE","Musculacao","Musculacao > Ginasio > Rack / suporte de agachamento > Corpo inteiro","strength>place_gym>squat_rack>full_body","0","E. manter aviso, usar fallback ou esconder apos decisao humana","Opcao visivel sem exercicio especifico para local/equipamento/zona."
"OK_EMPTY_WITH_EXPLICIT_NOTICE","Musculacao","Musculacao > Ginasio > Banco regulável > Corpo inteiro","strength>place_gym>adjustable_bench>full_body","0","E. manter aviso, usar fallback ou esconder apos decisao humana","Opcao visivel sem exercicio especifico para local/equipamento/zona."
"OK_EMPTY_WITH_EXPLICIT_NOTICE","Musculacao","Musculacao > Ginasio > Banco plano > Corpo inteiro","strength>place_gym>flat_bench>full_body","0","E. manter aviso, usar fallback ou esconder apos decisao humana","Opcao visivel sem exercicio especifico para local/equipamento/zona."
"OK_EMPTY_WITH_EXPLICIT_NOTICE","Musculacao","Musculacao > Ginasio > Banco inclinado > Corpo inteiro","strength>place_gym>incline_bench>full_body","0","E. manter aviso, usar fallback ou esconder apos decisao humana","Opcao visivel sem exercicio especifico para local/equipamento/zona."
"OK_EMPTY_WITH_EXPLICIT_NOTICE","Musculacao","Musculacao > Ginasio > Banco declinado > Corpo inteiro","strength>place_gym>decline_bench>full_body","0","E. manter aviso, usar fallback ou esconder apos decisao humana","Opcao visivel sem exercicio especifico para local/equipamento/zona."
"OK_EMPTY_WITH_EXPLICIT_NOTICE","Musculacao","Musculacao > Ginasio > Passadeira > Corpo inteiro","strength>place_gym>treadmill>full_body","0","E. manter aviso, usar fallback ou esconder apos decisao humana","Opcao visivel sem exercicio especifico para local/equipamento/zona."
"OK_EMPTY_WITH_EXPLICIT_NOTICE","Musculacao","Musculacao > Ginasio > Bicicleta > Corpo inteiro","strength>place_gym>bike>full_body","0","E. manter aviso, usar fallback ou esconder apos decisao humana","Opcao visivel sem exercicio especifico para local/equipamento/zona."
"OK_EMPTY_WITH_EXPLICIT_NOTICE","Musculacao","Musculacao > Ginasio > Elíptica > Corpo inteiro","strength>place_gym>elliptical>full_body","0","E. manter aviso, usar fallback ou esconder apos decisao humana","Opcao visivel sem exercicio especifico para local/equipamento/zona."
"OK_EMPTY_WITH_EXPLICIT_NOTICE","Musculacao","Musculacao > Ginasio > Remo ergómetro > Corpo inteiro","strength>place_gym>rower>full_body","0","E. manter aviso, usar fallback ou esconder apos decisao humana","Opcao visivel sem exercicio especifico para local/equipamento/zona."
"OK_EMPTY_WITH_EXPLICIT_NOTICE","Musculacao","Musculacao > Ginasio > Stepper / escadas > Corpo inteiro","strength>place_gym>stepper>full_body","0","E. manter aviso, usar fallback ou esconder apos decisao humana","Opcao visivel sem exercicio especifico para local/equipamento/zona."
"OK_EMPTY_WITH_EXPLICIT_NOTICE","Musculacao","Musculacao > Ginasio > Air bike > Corpo inteiro","strength>place_gym>air_bike>full_body","0","E. manter aviso, usar fallback ou esconder apos decisao humana","Opcao visivel sem exercicio especifico para local/equipamento/zona."
"OK_EMPTY_WITH_EXPLICIT_NOTICE","Musculacao","Musculacao > Ginasio > Corda de saltar > Corpo inteiro","strength>place_gym>jump_rope>full_body","0","E. manter aviso, usar fallback ou esconder apos decisao humana","Opcao visivel sem exercicio especifico para local/equipamento/zona."
"OK_EMPTY_WITH_EXPLICIT_NOTICE","Musculacao","Musculacao > Ginasio > Cabo de vassoura > Corpo inteiro","strength>place_gym>broomstick>full_body","0","E. manter aviso, usar fallback ou esconder apos decisao humana","Opcao visivel sem exercicio especifico para local/equipamento/zona."
"OK_EMPTY_WITH_EXPLICIT_NOTICE","Musculacao","Musculacao > Ginasio > Banco estável > Corpo inteiro","strength>place_gym>bench>full_body","0","E. manter aviso, usar fallback ou esconder apos decisao humana","Opcao visivel sem exercicio especifico para local/equipamento/zona."
"OK_EMPTY_WITH_EXPLICIT_NOTICE","Musculacao","Musculacao > Ginasio > Banco / cadeira / apoio > Corpo inteiro","strength>place_gym>chair_support>full_body","0","E. manter aviso, usar fallback ou esconder apos decisao humana","Opcao visivel sem exercicio especifico para local/equipamento/zona."
"OK_EMPTY_WITH_EXPLICIT_NOTICE","Musculacao","Musculacao > Ginasio > Degrau / escada estável > Corpo inteiro","strength>place_gym>stable_step>full_body","0","E. manter aviso, usar fallback ou esconder apos decisao humana","Opcao visivel sem exercicio especifico para local/equipamento/zona."
"OK_EMPTY_WITH_EXPLICIT_NOTICE","Musculacao","Musculacao > Ginasio > Parede estável > Corpo inteiro","strength>place_gym>wall>full_body","0","E. manter aviso, usar fallback ou esconder apos decisao humana","Opcao visivel sem exercicio especifico para local/equipamento/zona."
"OK_EMPTY_WITH_EXPLICIT_NOTICE","Musculacao","Musculacao > Ginasio > Peso corporal > Parte superior > Pescoço > neck_complete","strength>place_gym>bodyweight>upper>neck>neck_complete","0","E. manter aviso, usar fallback ou esconder apos decisao humana","Opcao visivel sem exercicio especifico para local/equipamento/zona."
"OK_EMPTY_WITH_EXPLICIT_NOTICE","Musculacao","Musculacao > Ginasio > Peso corporal > Parte superior > Pescoço > anterior neck","strength>place_gym>bodyweight>upper>neck>anterior_neck","0","E. manter aviso, usar fallback ou esconder apos decisao humana","Opcao visivel sem exercicio especifico para local/equipamento/zona."
"OK_EMPTY_WITH_EXPLICIT_NOTICE","Musculacao","Musculacao > Ginasio > Peso corporal > Parte superior > Pescoço > posterior neck","strength>place_gym>bodyweight>upper>neck>posterior_neck","0","E. manter aviso, usar fallback ou esconder apos decisao humana","Opcao visivel sem exercicio especifico para local/equipamento/zona."
"OK_EMPTY_WITH_EXPLICIT_NOTICE","Musculacao","Musculacao > Ginasio > Peso corporal > Parte superior > Pescoço > lateral neck","strength>place_gym>bodyweight>upper>neck>lateral_neck","0","E. manter aviso, usar fallback ou esconder apos decisao humana","Opcao visivel sem exercicio especifico para local/equipamento/zona."
"OK_EMPTY_WITH_EXPLICIT_NOTICE","Musculacao","Musculacao > Ginasio > Peso corporal > Parte superior > Pescoço > cervical stabilizers","strength>place_gym>bodyweight>upper>neck>cervical_stabilizers","0","E. manter aviso, usar fallback ou esconder apos decisao humana","Opcao visivel sem exercicio especifico para local/equipamento/zona."
"OK_EMPTY_WITH_EXPLICIT_NOTICE","Musculacao","Musculacao > Ginasio > Peso corporal > Parte superior > Trapézio / cintura escapular > traps_complete","strength>place_gym>bodyweight>upper>traps_scapula>traps_complete","0","E. manter aviso, usar fallback ou esconder apos decisao humana","Opcao visivel sem exercicio especifico para local/equipamento/zona."
"OK_EMPTY_WITH_EXPLICIT_NOTICE","Musculacao","Musculacao > Ginasio > Peso corporal > Parte superior > Trapézio / cintura escapular > upper traps","strength>place_gym>bodyweight>upper>traps_scapula>upper_traps","0","E. manter aviso, usar fallback ou esconder apos decisao humana","Opcao visivel sem exercicio especifico para local/equipamento/zona."
"OK_EMPTY_WITH_EXPLICIT_NOTICE","Musculacao","Musculacao > Ginasio > Peso corporal > Parte superior > Trapézio / cintura escapular > mid traps","strength>place_gym>bodyweight>upper>traps_scapula>mid_traps","0","E. manter aviso, usar fallback ou esconder apos decisao humana","Opcao visivel sem exercicio especifico para local/equipamento/zona."
"OK_EMPTY_WITH_EXPLICIT_NOTICE","Musculacao","Musculacao > Ginasio > Peso corporal > Parte superior > Trapézio / cintura escapular > lower traps","strength>place_gym>bodyweight>upper>traps_scapula>lower_traps","0","E. manter aviso, usar fallback ou esconder apos decisao humana","Opcao visivel sem exercicio especifico para local/equipamento/zona."
"OK_EMPTY_WITH_EXPLICIT_NOTICE","Musculacao","Musculacao > Ginasio > Peso corporal > Parte superior > Trapézio / cintura escapular > scapular_stability","strength>place_gym>bodyweight>upper>traps_scapula>scapular_stability","0","E. manter aviso, usar fallback ou esconder apos decisao humana","Opcao visivel sem exercicio especifico para local/equipamento/zona."
"OK_EMPTY_WITH_EXPLICIT_NOTICE","Musculacao","Musculacao > Ginasio > Peso corporal > Parte superior > Peito > chest_complete","strength>place_gym>bodyweight>upper>chest>chest_complete","0","E. manter aviso, usar fallback ou esconder apos decisao humana","Opcao visivel sem exercicio especifico para local/equipamento/zona."
"OK_EMPTY_WITH_EXPLICIT_NOTICE","Musculacao","Musculacao > Ginasio > Peso corporal > Parte superior > Costas > back_complete","strength>place_gym>bodyweight>upper>back>back_complete","0","E. manter aviso, usar fallback ou esconder apos decisao humana","Opcao visivel sem exercicio especifico para local/equipamento/zona."
"OK_EMPTY_WITH_EXPLICIT_NOTICE","Musculacao","Musculacao > Ginasio > Peso corporal > Parte superior > Costas > back_upper","strength>place_gym>bodyweight>upper>back>back_upper","0","E. manter aviso, usar fallback ou esconder apos decisao humana","Opcao visivel sem exercicio especifico para local/equipamento/zona."
"OK_EMPTY_WITH_EXPLICIT_NOTICE","Musculacao","Musculacao > Ginasio > Peso corporal > Parte superior > Costas > back_upper > Trapézio superior","strength>place_gym>bodyweight>upper>back>back_upper>upper_traps","0","E. manter aviso, usar fallback ou esconder apos decisao humana","Opcao visivel sem exercicio especifico para local/equipamento/zona."
"OK_EMPTY_WITH_EXPLICIT_NOTICE","Musculacao","Musculacao > Ginasio > Peso corporal > Parte superior > Costas > back_upper > Trapézio médio","strength>place_gym>bodyweight>upper>back>back_upper>mid_traps","0","E. manter aviso, usar fallback ou esconder apos decisao humana","Opcao visivel sem exercicio especifico para local/equipamento/zona."
"OK_EMPTY_WITH_EXPLICIT_NOTICE","Musculacao","Musculacao > Ginasio > Peso corporal > Parte superior > Costas > back_upper > Trapézio inferior","strength>place_gym>bodyweight>upper>back>back_upper>lower_traps","0","E. manter aviso, usar fallback ou esconder apos decisao humana","Opcao visivel sem exercicio especifico para local/equipamento/zona."
"OK_EMPTY_WITH_EXPLICIT_NOTICE","Musculacao","Musculacao > Ginasio > Peso corporal > Parte superior > Costas > back_upper > Romboides","strength>place_gym>bodyweight>upper>back>back_upper>rhomboids","0","E. manter aviso, usar fallback ou esconder apos decisao humana","Opcao visivel sem exercicio especifico para local/equipamento/zona."
"OK_EMPTY_WITH_EXPLICIT_NOTICE","Musculacao","Musculacao > Ginasio > Peso corporal > Parte superior > Costas > back_upper > Deltoide posterior","strength>place_gym>bodyweight>upper>back>back_upper>posterior_deltoid","0","E. manter aviso, usar fallback ou esconder apos decisao humana","Opcao visivel sem exercicio especifico para local/equipamento/zona."
"OK_EMPTY_WITH_EXPLICIT_NOTICE","Musculacao","Musculacao > Ginasio > Peso corporal > Parte superior > Costas > back_upper > Estabilizadores escapulares","strength>place_gym>bodyweight>upper>back>back_upper>scapular_stabilizers","0","E. manter aviso, usar fallback ou esconder apos decisao humana","Opcao visivel sem exercicio especifico para local/equipamento/zona."
"OK_EMPTY_WITH_EXPLICIT_NOTICE","Musculacao","Musculacao > Ginasio > Peso corporal > Parte superior > Costas > back_mid","strength>place_gym>bodyweight>upper>back>back_mid","0","E. manter aviso, usar fallback ou esconder apos decisao humana","Opcao visivel sem exercicio especifico para local/equipamento/zona."
"OK_EMPTY_WITH_EXPLICIT_NOTICE","Musculacao","Musculacao > Ginasio > Peso corporal > Parte superior > Costas > back_mid > Romboides","strength>place_gym>bodyweight>upper>back>back_mid>rhomboids","0","E. manter aviso, usar fallback ou esconder apos decisao humana","Opcao visivel sem exercicio especifico para local/equipamento/zona."
"OK_EMPTY_WITH_EXPLICIT_NOTICE","Musculacao","Musculacao > Ginasio > Peso corporal > Parte superior > Costas > back_mid > Trapézio médio","strength>place_gym>bodyweight>upper>back>back_mid>mid_traps","0","E. manter aviso, usar fallback ou esconder apos decisao humana","Opcao visivel sem exercicio especifico para local/equipamento/zona."
"OK_EMPTY_WITH_EXPLICIT_NOTICE","Musculacao","Musculacao > Ginasio > Peso corporal > Parte superior > Costas > back_mid > Redondo maior","strength>place_gym>bodyweight>upper>back>back_mid>teres_major","0","E. manter aviso, usar fallback ou esconder apos decisao humana","Opcao visivel sem exercicio especifico para local/equipamento/zona."
"OK_EMPTY_WITH_EXPLICIT_NOTICE","Musculacao","Musculacao > Ginasio > Peso corporal > Parte superior > Costas > back_mid > Redondo menor","strength>place_gym>bodyweight>upper>back>back_mid>teres_minor","0","E. manter aviso, usar fallback ou esconder apos decisao humana","Opcao visivel sem exercicio especifico para local/equipamento/zona."
"OK_EMPTY_WITH_EXPLICIT_NOTICE","Musculacao","Musculacao > Ginasio > Peso corporal > Parte superior > Costas > back_mid > Dorsal / latíssimo do dorso","strength>place_gym>bodyweight>upper>back>back_mid>latissimus_dorsi","0","E. manter aviso, usar fallback ou esconder apos decisao humana","Opcao visivel sem exercicio especifico para local/equipamento/zona."
"OK_EMPTY_WITH_EXPLICIT_NOTICE","Musculacao","Musculacao > Ginasio > Peso corporal > Parte superior > Costas > back_lower","strength>place_gym>bodyweight>upper>back>back_lower","0","E. manter aviso, usar fallback ou esconder apos decisao humana","Opcao visivel sem exercicio especifico para local/equipamento/zona."
"OK_EMPTY_WITH_EXPLICIT_NOTICE","Musculacao","Musculacao > Ginasio > Peso corporal > Parte superior > Costas > back_lower > Eretores da espinha","strength>place_gym>bodyweight>upper>back>back_lower>erectors","0","E. manter aviso, usar fallback ou esconder apos decisao humana","Opcao visivel sem exercicio especifico para local/equipamento/zona."
"OK_EMPTY_WITH_EXPLICIT_NOTICE","Musculacao","Musculacao > Ginasio > Peso corporal > Parte superior > Costas > back_lower > Lombar","strength>place_gym>bodyweight>upper>back>back_lower>lumbar","0","E. manter aviso, usar fallback ou esconder apos decisao humana","Opcao visivel sem exercicio especifico para local/equipamento/zona."
"OK_EMPTY_WITH_EXPLICIT_NOTICE","Musculacao","Musculacao > Ginasio > Peso corporal > Parte superior > Costas > back_lower > Quadrado lombar","strength>place_gym>bodyweight>upper>back>back_lower>quadratus_lumborum","0","E. manter aviso, usar fallback ou esconder apos decisao humana","Opcao visivel sem exercicio especifico para local/equipamento/zona."
"OK_EMPTY_WITH_EXPLICIT_NOTICE","Musculacao","Musculacao > Ginasio > Peso corporal > Parte superior > Costas > back_lower > Estabilidade lombar","strength>place_gym>bodyweight>upper>back>back_lower>lumbar_stability","0","E. manter aviso, usar fallback ou esconder apos decisao humana","Opcao visivel sem exercicio especifico para local/equipamento/zona."
"OK_EMPTY_WITH_EXPLICIT_NOTICE","Musculacao","Musculacao > Ginasio > Peso corporal > Parte superior > Costas > back_width","strength>place_gym>bodyweight>upper>back>back_width","0","E. manter aviso, usar fallback ou esconder apos decisao humana","Opcao visivel sem exercicio especifico para local/equipamento/zona."
"OK_EMPTY_WITH_EXPLICIT_NOTICE","Musculacao","Musculacao > Ginasio > Peso corporal > Parte superior > Costas > back_width > Dorsal / latíssimo do dorso","strength>place_gym>bodyweight>upper>back>back_width>latissimus_dorsi","0","E. manter aviso, usar fallback ou esconder apos decisao humana","Opcao visivel sem exercicio especifico para local/equipamento/zona."
"OK_EMPTY_WITH_EXPLICIT_NOTICE","Musculacao","Musculacao > Ginasio > Peso corporal > Parte superior > Costas > back_width > Redondo maior","strength>place_gym>bodyweight>upper>back>back_width>teres_major","0","E. manter aviso, usar fallback ou esconder apos decisao humana","Opcao visivel sem exercicio especifico para local/equipamento/zona."
"OK_EMPTY_WITH_EXPLICIT_NOTICE","Musculacao","Musculacao > Ginasio > Peso corporal > Parte superior > Costas > back_width > Puxadas verticais","strength>place_gym>bodyweight>upper>back>back_width>vertical_pulls","0","E. manter aviso, usar fallback ou esconder apos decisao humana","Opcao visivel sem exercicio especifico para local/equipamento/zona."
"OK_EMPTY_WITH_EXPLICIT_NOTICE","Musculacao","Musculacao > Ginasio > Peso corporal > Parte superior > Costas > back_thickness","strength>place_gym>bodyweight>upper>back>back_thickness","0","E. manter aviso, usar fallback ou esconder apos decisao humana","Opcao visivel sem exercicio especifico para local/equipamento/zona."
"OK_EMPTY_WITH_EXPLICIT_NOTICE","Musculacao","Musculacao > Ginasio > Peso corporal > Parte superior > Costas > back_thickness > Romboides","strength>place_gym>bodyweight>upper>back>back_thickness>rhomboids","0","E. manter aviso, usar fallback ou esconder apos decisao humana","Opcao visivel sem exercicio especifico para local/equipamento/zona."
"OK_EMPTY_WITH_EXPLICIT_NOTICE","Musculacao","Musculacao > Ginasio > Peso corporal > Parte superior > Costas > back_thickness > Trapézio médio","strength>place_gym>bodyweight>upper>back>back_thickness>mid_traps","0","E. manter aviso, usar fallback ou esconder apos decisao humana","Opcao visivel sem exercicio especifico para local/equipamento/zona."
"OK_EMPTY_WITH_EXPLICIT_NOTICE","Musculacao","Musculacao > Ginasio > Peso corporal > Parte superior > Costas > back_thickness > Trapézio inferior","strength>place_gym>bodyweight>upper>back>back_thickness>lower_traps","0","E. manter aviso, usar fallback ou esconder apos decisao humana","Opcao visivel sem exercicio especifico para local/equipamento/zona."
"OK_EMPTY_WITH_EXPLICIT_NOTICE","Musculacao","Musculacao > Ginasio > Peso corporal > Parte superior > Costas > back_thickness > Remadas horizontais","strength>place_gym>bodyweight>upper>back>back_thickness>horizontal_rows","0","E. manter aviso, usar fallback ou esconder apos decisao humana","Opcao visivel sem exercicio especifico para local/equipamento/zona."
"OK_EMPTY_WITH_EXPLICIT_NOTICE","Musculacao","Musculacao > Ginasio > Peso corporal > Parte superior > Ombros > shoulders_complete","strength>place_gym>bodyweight>upper>shoulders>shoulders_complete","0","E. manter aviso, usar fallback ou esconder apos decisao humana","Opcao visivel sem exercicio especifico para local/equipamento/zona."
"OK_EMPTY_WITH_EXPLICIT_NOTICE","Musculacao","Musculacao > Ginasio > Peso corporal > Parte superior > Ombros > anterior deltoid","strength>place_gym>bodyweight>upper>shoulders>anterior_deltoid","0","E. manter aviso, usar fallback ou esconder apos decisao humana","Opcao visivel sem exercicio especifico para local/equipamento/zona."
"OK_EMPTY_WITH_EXPLICIT_NOTICE","Musculacao","Musculacao > Ginasio > Peso corporal > Parte superior > Ombros > lateral deltoid","strength>place_gym>bodyweight>upper>shoulders>lateral_deltoid","0","E. manter aviso, usar fallback ou esconder apos decisao humana","Opcao visivel sem exercicio especifico para local/equipamento/zona."
"OK_EMPTY_WITH_EXPLICIT_NOTICE","Musculacao","Musculacao > Ginasio > Peso corporal > Parte superior > Ombros > posterior deltoid","strength>place_gym>bodyweight>upper>shoulders>posterior_deltoid","0","E. manter aviso, usar fallback ou esconder apos decisao humana","Opcao visivel sem exercicio especifico para local/equipamento/zona."
"OK_EMPTY_WITH_EXPLICIT_NOTICE","Musculacao","Musculacao > Ginasio > Peso corporal > Parte superior > Ombros > rotator_cuff","strength>place_gym>bodyweight>upper>shoulders>rotator_cuff","0","E. manter aviso, usar fallback ou esconder apos decisao humana","Opcao visivel sem exercicio especifico para local/equipamento/zona."
"OK_EMPTY_WITH_EXPLICIT_NOTICE","Musculacao","Musculacao > Ginasio > Peso corporal > Parte superior > Ombros > external rotators","strength>place_gym>bodyweight>upper>shoulders>external_rotators","0","E. manter aviso, usar fallback ou esconder apos decisao humana","Opcao visivel sem exercicio especifico para local/equipamento/zona."
"OK_EMPTY_WITH_EXPLICIT_NOTICE","Musculacao","Musculacao > Ginasio > Peso corporal > Parte superior > Ombros > internal rotators","strength>place_gym>bodyweight>upper>shoulders>internal_rotators","0","E. manter aviso, usar fallback ou esconder apos decisao humana","Opcao visivel sem exercicio especifico para local/equipamento/zona."
"OK_EMPTY_WITH_EXPLICIT_NOTICE","Musculacao","Musculacao > Ginasio > Peso corporal > Parte superior > Ombros > scapular_stability","strength>place_gym>bodyweight>upper>shoulders>scapular_stability","0","E. manter aviso, usar fallback ou esconder apos decisao humana","Opcao visivel sem exercicio especifico para local/equipamento/zona."
"OK_EMPTY_WITH_EXPLICIT_NOTICE","Musculacao","Musculacao > Ginasio > Peso corporal > Parte superior > Braços > arms_complete","strength>place_gym>bodyweight>upper>arms>arms_complete","0","E. manter aviso, usar fallback ou esconder apos decisao humana","Opcao visivel sem exercicio especifico para local/equipamento/zona."
"OK_EMPTY_WITH_EXPLICIT_NOTICE","Musculacao","Musculacao > Ginasio > Peso corporal > Parte superior > Braços > upper_arm","strength>place_gym>bodyweight>upper>arms>upper_arm","0","E. manter aviso, usar fallback ou esconder apos decisao humana","Opcao visivel sem exercicio especifico para local/equipamento/zona."
"OK_EMPTY_WITH_EXPLICIT_NOTICE","Musculacao","Musculacao > Ginasio > Peso corporal > Parte superior > Braços > upper_arm > Braquial","strength>place_gym>bodyweight>upper>arms>upper_arm>brachialis","0","E. manter aviso, usar fallback ou esconder apos decisao humana","Opcao visivel sem exercicio especifico para local/equipamento/zona."
"OK_EMPTY_WITH_EXPLICIT_NOTICE","Musculacao","Musculacao > Ginasio > Peso corporal > Parte superior > Braços > upper_arm > Braquiorradial","strength>place_gym>bodyweight>upper>arms>upper_arm>brachioradialis","0","E. manter aviso, usar fallback ou esconder apos decisao humana","Opcao visivel sem exercicio especifico para local/equipamento/zona."
"OK_EMPTY_WITH_EXPLICIT_NOTICE","Musculacao","Musculacao > Ginasio > Peso corporal > Parte superior > Braços > upper_arm > Tríceps cabeça longa","strength>place_gym>bodyweight>upper>arms>upper_arm>triceps_long","0","E. manter aviso, usar fallback ou esconder apos decisao humana","Opcao visivel sem exercicio especifico para local/equipamento/zona."
"OK_EMPTY_WITH_EXPLICIT_NOTICE","Musculacao","Musculacao > Ginasio > Peso corporal > Parte superior > Braços > upper_arm > Tríceps cabeça lateral","strength>place_gym>bodyweight>upper>arms>upper_arm>triceps_lateral","0","E. manter aviso, usar fallback ou esconder apos decisao humana","Opcao visivel sem exercicio especifico para local/equipamento/zona."
"OK_EMPTY_WITH_EXPLICIT_NOTICE","Musculacao","Musculacao > Ginasio > Peso corporal > Parte superior > Braços > upper_arm > Tríceps cabeça medial","strength>place_gym>bodyweight>upper>arms>upper_arm>triceps_medial","0","E. manter aviso, usar fallback ou esconder apos decisao humana","Opcao visivel sem exercicio especifico para local/equipamento/zona."
"OK_EMPTY_WITH_EXPLICIT_NOTICE","Musculacao","Musculacao > Ginasio > Peso corporal > Parte superior > Braços > forearm_hand","strength>place_gym>bodyweight>upper>arms>forearm_hand","0","E. manter aviso, usar fallback ou esconder apos decisao humana","Opcao visivel sem exercicio especifico para local/equipamento/zona."
"OK_EMPTY_WITH_EXPLICIT_NOTICE","Musculacao","Musculacao > Ginasio > Peso corporal > Parte superior > Braços > forearm_hand > Antebraço completo","strength>place_gym>bodyweight>upper>arms>forearm_hand>forearm_complete","0","E. manter aviso, usar fallback ou esconder apos decisao humana","Opcao visivel sem exercicio especifico para local/equipamento/zona."
"OK_EMPTY_WITH_EXPLICIT_NOTICE","Musculacao","Musculacao > Ginasio > Peso corporal > Parte superior > Braços > forearm_hand > Flexores do antebraço","strength>place_gym>bodyweight>upper>arms>forearm_hand>forearm_flexors","0","E. manter aviso, usar fallback ou esconder apos decisao humana","Opcao visivel sem exercicio especifico para local/equipamento/zona."
"OK_EMPTY_WITH_EXPLICIT_NOTICE","Musculacao","Musculacao > Ginasio > Peso corporal > Parte superior > Braços > forearm_hand > Extensores do antebraço","strength>place_gym>bodyweight>upper>arms>forearm_hand>forearm_extensors","0","E. manter aviso, usar fallback ou esconder apos decisao humana","Opcao visivel sem exercicio especifico para local/equipamento/zona."
"OK_EMPTY_WITH_EXPLICIT_NOTICE","Musculacao","Musculacao > Ginasio > Peso corporal > Parte superior > Braços > forearm_hand > Pronadores","strength>place_gym>bodyweight>upper>arms>forearm_hand>pronators","0","E. manter aviso, usar fallback ou esconder apos decisao humana","Opcao visivel sem exercicio especifico para local/equipamento/zona."
"OK_EMPTY_WITH_EXPLICIT_NOTICE","Musculacao","Musculacao > Ginasio > Peso corporal > Parte superior > Braços > forearm_hand > Supinadores","strength>place_gym>bodyweight>upper>arms>forearm_hand>supinators","0","E. manter aviso, usar fallback ou esconder apos decisao humana","Opcao visivel sem exercicio especifico para local/equipamento/zona."
"OK_EMPTY_WITH_EXPLICIT_NOTICE","Musculacao","Musculacao > Ginasio > Peso corporal > Parte superior > Braços > forearm_hand > Punho","strength>place_gym>bodyweight>upper>arms>forearm_hand>wrist","0","E. manter aviso, usar fallback ou esconder apos decisao humana","Opcao visivel sem exercicio especifico para local/equipamento/zona."
"OK_EMPTY_WITH_EXPLICIT_NOTICE","Musculacao","Musculacao > Ginasio > Peso corporal > Parte superior > Braços > forearm_hand > Dedos","strength>place_gym>bodyweight>upper>arms>forearm_hand>fingers","0","E. manter aviso, usar fallback ou esconder apos decisao humana","Opcao visivel sem exercicio especifico para local/equipamento/zona."
"OK_EMPTY_WITH_EXPLICIT_NOTICE","Musculacao","Musculacao > Ginasio > Peso corporal > Parte superior > Braços > forearm_hand > Pega de suporte","strength>place_gym>bodyweight>upper>arms>forearm_hand>support_grip","0","E. manter aviso, usar fallback ou esconder apos decisao humana","Opcao visivel sem exercicio especifico para local/equipamento/zona."
"OK_EMPTY_WITH_EXPLICIT_NOTICE","Musculacao","Musculacao > Ginasio > Peso corporal > Parte superior > Braços > forearm_hand > Pega de pinça","strength>place_gym>bodyweight>upper>arms>forearm_hand>pinch_grip","0","E. manter aviso, usar fallback ou esconder apos decisao humana","Opcao visivel sem exercicio especifico para local/equipamento/zona."
"OK_EMPTY_WITH_EXPLICIT_NOTICE","Musculacao","Musculacao > Ginasio > Peso corporal > Parte superior > Braços > forearm_hand > Força de pega geral","strength>place_gym>bodyweight>upper>arms>forearm_hand>general_grip","0","E. manter aviso, usar fallback ou esconder apos decisao humana","Opcao visivel sem exercicio especifico para local/equipamento/zona."
"OK_EMPTY_WITH_EXPLICIT_NOTICE","Musculacao","Musculacao > Ginasio > Peso corporal > Parte superior > Antebraço / punho / mão > forearm_complete","strength>place_gym>bodyweight>upper>forearm_hand>forearm_complete","0","E. manter aviso, usar fallback ou esconder apos decisao humana","Opcao visivel sem exercicio especifico para local/equipamento/zona."
"OK_EMPTY_WITH_EXPLICIT_NOTICE","Musculacao","Musculacao > Ginasio > Peso corporal > Parte superior > Antebraço / punho / mão > forearm flexors","strength>place_gym>bodyweight>upper>forearm_hand>forearm_flexors","0","E. manter aviso, usar fallback ou esconder apos decisao humana","Opcao visivel sem exercicio especifico para local/equipamento/zona."
"OK_EMPTY_WITH_EXPLICIT_NOTICE","Musculacao","Musculacao > Ginasio > Peso corporal > Parte superior > Antebraço / punho / mão > forearm extensors","strength>place_gym>bodyweight>upper>forearm_hand>forearm_extensors","0","E. manter aviso, usar fallback ou esconder apos decisao humana","Opcao visivel sem exercicio especifico para local/equipamento/zona."
"OK_EMPTY_WITH_EXPLICIT_NOTICE","Musculacao","Musculacao > Ginasio > Peso corporal > Parte superior > Antebraço / punho / mão > pronators","strength>place_gym>bodyweight>upper>forearm_hand>pronators","0","E. manter aviso, usar fallback ou esconder apos decisao humana","Opcao visivel sem exercicio especifico para local/equipamento/zona."
"OK_EMPTY_WITH_EXPLICIT_NOTICE","Musculacao","Musculacao > Ginasio > Peso corporal > Parte superior > Antebraço / punho / mão > supinators","strength>place_gym>bodyweight>upper>forearm_hand>supinators","0","E. manter aviso, usar fallback ou esconder apos decisao humana","Opcao visivel sem exercicio especifico para local/equipamento/zona."
"OK_EMPTY_WITH_EXPLICIT_NOTICE","Musculacao","Musculacao > Ginasio > Peso corporal > Parte superior > Antebraço / punho / mão > wrist","strength>place_gym>bodyweight>upper>forearm_hand>wrist","0","E. manter aviso, usar fallback ou esconder apos decisao humana","Opcao visivel sem exercicio especifico para local/equipamento/zona."
"OK_EMPTY_WITH_EXPLICIT_NOTICE","Musculacao","Musculacao > Ginasio > Peso corporal > Parte superior > Antebraço / punho / mão > fingers","strength>place_gym>bodyweight>upper>forearm_hand>fingers","0","E. manter aviso, usar fallback ou esconder apos decisao humana","Opcao visivel sem exercicio especifico para local/equipamento/zona."
"OK_EMPTY_WITH_EXPLICIT_NOTICE","Musculacao","Musculacao > Ginasio > Peso corporal > Parte superior > Antebraço / punho / mão > support_grip","strength>place_gym>bodyweight>upper>forearm_hand>support_grip","0","E. manter aviso, usar fallback ou esconder apos decisao humana","Opcao visivel sem exercicio especifico para local/equipamento/zona."
"OK_EMPTY_WITH_EXPLICIT_NOTICE","Musculacao","Musculacao > Ginasio > Peso corporal > Parte superior > Antebraço / punho / mão > pinch grip","strength>place_gym>bodyweight>upper>forearm_hand>pinch_grip","0","E. manter aviso, usar fallback ou esconder apos decisao humana","Opcao visivel sem exercicio especifico para local/equipamento/zona."
"OK_EMPTY_WITH_EXPLICIT_NOTICE","Musculacao","Musculacao > Ginasio > Peso corporal > Parte superior > Antebraço / punho / mão > general grip","strength>place_gym>bodyweight>upper>forearm_hand>general_grip","0","E. manter aviso, usar fallback ou esconder apos decisao humana","Opcao visivel sem exercicio especifico para local/equipamento/zona."
"OK_EMPTY_WITH_EXPLICIT_NOTICE","Musculacao","Musculacao > Ginasio > Peso corporal > Core","strength>place_gym>bodyweight>core","0","E. manter aviso, usar fallback ou esconder apos decisao humana","Opcao visivel sem exercicio especifico para local/equipamento/zona."
"OK_EMPTY_WITH_EXPLICIT_NOTICE","Musculacao","Musculacao > Ginasio > Peso corporal > Core > Abdominal","strength>place_gym>bodyweight>core>abdominal","0","E. manter aviso, usar fallback ou esconder apos decisao humana","Opcao visivel sem exercicio especifico para local/equipamento/zona."
"OK_EMPTY_WITH_EXPLICIT_NOTICE","Musculacao","Musculacao > Ginasio > Peso corporal > Core > Oblíquos","strength>place_gym>bodyweight>core>obliques","0","E. manter aviso, usar fallback ou esconder apos decisao humana","Opcao visivel sem exercicio especifico para local/equipamento/zona."
"OK_EMPTY_WITH_EXPLICIT_NOTICE","Musculacao","Musculacao > Ginasio > Peso corporal > Core > Transverso abdominal","strength>place_gym>bodyweight>core>transverse_abs","0","E. manter aviso, usar fallback ou esconder apos decisao humana","Opcao visivel sem exercicio especifico para local/equipamento/zona."
"OK_EMPTY_WITH_EXPLICIT_NOTICE","Musculacao","Musculacao > Ginasio > Peso corporal > Core > Lombar","strength>place_gym>bodyweight>core>low_back","0","E. manter aviso, usar fallback ou esconder apos decisao humana","Opcao visivel sem exercicio especifico para local/equipamento/zona."
"OK_EMPTY_WITH_EXPLICIT_NOTICE","Musculacao","Musculacao > Ginasio > Peso corporal > Core > Estabilidade do core","strength>place_gym>bodyweight>core>core_stability","0","E. manter aviso, usar fallback ou esconder apos decisao humana","Opcao visivel sem exercicio especifico para local/equipamento/zona."
"OK_EMPTY_WITH_EXPLICIT_NOTICE","Musculacao","Musculacao > Ginasio > Peso corporal > Core > Anti-rotação","strength>place_gym>bodyweight>core>anti_rotation","0","E. manter aviso, usar fallback ou esconder apos decisao humana","Opcao visivel sem exercicio especifico para local/equipamento/zona."
"OK_EMPTY_WITH_EXPLICIT_NOTICE","Musculacao","Musculacao > Ginasio > Peso corporal > Core > Anti-extensão","strength>place_gym>bodyweight>core>anti_extension","0","E. manter aviso, usar fallback ou esconder apos decisao humana","Opcao visivel sem exercicio especifico para local/equipamento/zona."
"OK_EMPTY_WITH_EXPLICIT_NOTICE","Musculacao","Musculacao > Ginasio > Peso corporal > Core > Anti-flexão lateral","strength>place_gym>bodyweight>core>anti_lateral_flexion","0","E. manter aviso, usar fallback ou esconder apos decisao humana","Opcao visivel sem exercicio especifico para local/equipamento/zona."
"OK_EMPTY_WITH_EXPLICIT_NOTICE","Musculacao","Musculacao > Dojo > Peso corporal > Corpo inteiro","strength>place_dojo>bodyweight>full_body","0","E. manter aviso, usar fallback ou esconder apos decisao humana","Opcao visivel sem exercicio especifico para local/equipamento/zona."
"OK_EMPTY_WITH_EXPLICIT_NOTICE","Musculacao","Musculacao > Dojo > Chão livre > Corpo inteiro","strength>place_dojo>floor>full_body","0","E. manter aviso, usar fallback ou esconder apos decisao humana","Opcao visivel sem exercicio especifico para local/equipamento/zona."
"OK_EMPTY_WITH_EXPLICIT_NOTICE","Musculacao","Musculacao > Dojo > Parede estável > Corpo inteiro","strength>place_dojo>wall>full_body","0","E. manter aviso, usar fallback ou esconder apos decisao humana","Opcao visivel sem exercicio especifico para local/equipamento/zona."
"OK_EMPTY_WITH_EXPLICIT_NOTICE","Musculacao","Musculacao > Dojo > Tatami / espaço de artes marciais > Corpo inteiro","strength>place_dojo>tatami>full_body","0","E. manter aviso, usar fallback ou esconder apos decisao humana","Opcao visivel sem exercicio especifico para local/equipamento/zona."
"OK_EMPTY_WITH_EXPLICIT_NOTICE","Musculacao","Musculacao > Dojo > Peso corporal > Parte superior > Pescoço > neck_complete","strength>place_dojo>bodyweight>upper>neck>neck_complete","0","E. manter aviso, usar fallback ou esconder apos decisao humana","Opcao visivel sem exercicio especifico para local/equipamento/zona."
"OK_EMPTY_WITH_EXPLICIT_NOTICE","Musculacao","Musculacao > Dojo > Peso corporal > Parte superior > Pescoço > anterior neck","strength>place_dojo>bodyweight>upper>neck>anterior_neck","0","E. manter aviso, usar fallback ou esconder apos decisao humana","Opcao visivel sem exercicio especifico para local/equipamento/zona."
"OK_EMPTY_WITH_EXPLICIT_NOTICE","Musculacao","Musculacao > Dojo > Peso corporal > Parte superior > Pescoço > posterior neck","strength>place_dojo>bodyweight>upper>neck>posterior_neck","0","E. manter aviso, usar fallback ou esconder apos decisao humana","Opcao visivel sem exercicio especifico para local/equipamento/zona."
"OK_EMPTY_WITH_EXPLICIT_NOTICE","Musculacao","Musculacao > Dojo > Peso corporal > Parte superior > Pescoço > lateral neck","strength>place_dojo>bodyweight>upper>neck>lateral_neck","0","E. manter aviso, usar fallback ou esconder apos decisao humana","Opcao visivel sem exercicio especifico para local/equipamento/zona."
"OK_EMPTY_WITH_EXPLICIT_NOTICE","Musculacao","Musculacao > Dojo > Peso corporal > Parte superior > Pescoço > cervical stabilizers","strength>place_dojo>bodyweight>upper>neck>cervical_stabilizers","0","E. manter aviso, usar fallback ou esconder apos decisao humana","Opcao visivel sem exercicio especifico para local/equipamento/zona."
"OK_EMPTY_WITH_EXPLICIT_NOTICE","Musculacao","Musculacao > Dojo > Peso corporal > Parte superior > Trapézio / cintura escapular","strength>place_dojo>bodyweight>upper>traps_scapula","0","E. manter aviso, usar fallback ou esconder apos decisao humana","Opcao visivel sem exercicio especifico para local/equipamento/zona."
"OK_EMPTY_WITH_EXPLICIT_NOTICE","Musculacao","Musculacao > Dojo > Peso corporal > Parte superior > Trapézio / cintura escapular > traps_complete","strength>place_dojo>bodyweight>upper>traps_scapula>traps_complete","0","E. manter aviso, usar fallback ou esconder apos decisao humana","Opcao visivel sem exercicio especifico para local/equipamento/zona."
"OK_EMPTY_WITH_EXPLICIT_NOTICE","Musculacao","Musculacao > Dojo > Peso corporal > Parte superior > Trapézio / cintura escapular > upper traps","strength>place_dojo>bodyweight>upper>traps_scapula>upper_traps","0","E. manter aviso, usar fallback ou esconder apos decisao humana","Opcao visivel sem exercicio especifico para local/equipamento/zona."
"OK_EMPTY_WITH_EXPLICIT_NOTICE","Musculacao","Musculacao > Dojo > Peso corporal > Parte superior > Trapézio / cintura escapular > mid traps","strength>place_dojo>bodyweight>upper>traps_scapula>mid_traps","0","E. manter aviso, usar fallback ou esconder apos decisao humana","Opcao visivel sem exercicio especifico para local/equipamento/zona."
"OK_EMPTY_WITH_EXPLICIT_NOTICE","Musculacao","Musculacao > Dojo > Peso corporal > Parte superior > Trapézio / cintura escapular > lower traps","strength>place_dojo>bodyweight>upper>traps_scapula>lower_traps","0","E. manter aviso, usar fallback ou esconder apos decisao humana","Opcao visivel sem exercicio especifico para local/equipamento/zona."
"OK_EMPTY_WITH_EXPLICIT_NOTICE","Musculacao","Musculacao > Dojo > Peso corporal > Parte superior > Trapézio / cintura escapular > scapular_stability","strength>place_dojo>bodyweight>upper>traps_scapula>scapular_stability","0","E. manter aviso, usar fallback ou esconder apos decisao humana","Opcao visivel sem exercicio especifico para local/equipamento/zona."
"OK_EMPTY_WITH_EXPLICIT_NOTICE","Musculacao","Musculacao > Dojo > Peso corporal > Parte superior > Peito > chest_complete","strength>place_dojo>bodyweight>upper>chest>chest_complete","0","E. manter aviso, usar fallback ou esconder apos decisao humana","Opcao visivel sem exercicio especifico para local/equipamento/zona."
"OK_EMPTY_WITH_EXPLICIT_NOTICE","Musculacao","Musculacao > Dojo > Peso corporal > Parte superior > Costas > back_complete","strength>place_dojo>bodyweight>upper>back>back_complete","0","E. manter aviso, usar fallback ou esconder apos decisao humana","Opcao visivel sem exercicio especifico para local/equipamento/zona."
"OK_EMPTY_WITH_EXPLICIT_NOTICE","Musculacao","Musculacao > Dojo > Peso corporal > Parte superior > Costas > back_upper","strength>place_dojo>bodyweight>upper>back>back_upper","0","E. manter aviso, usar fallback ou esconder apos decisao humana","Opcao visivel sem exercicio especifico para local/equipamento/zona."
"OK_EMPTY_WITH_EXPLICIT_NOTICE","Musculacao","Musculacao > Dojo > Peso corporal > Parte superior > Costas > back_upper > Trapézio superior","strength>place_dojo>bodyweight>upper>back>back_upper>upper_traps","0","E. manter aviso, usar fallback ou esconder apos decisao humana","Opcao visivel sem exercicio especifico para local/equipamento/zona."
"OK_EMPTY_WITH_EXPLICIT_NOTICE","Musculacao","Musculacao > Dojo > Peso corporal > Parte superior > Costas > back_upper > Trapézio médio","strength>place_dojo>bodyweight>upper>back>back_upper>mid_traps","0","E. manter aviso, usar fallback ou esconder apos decisao humana","Opcao visivel sem exercicio especifico para local/equipamento/zona."
"OK_EMPTY_WITH_EXPLICIT_NOTICE","Musculacao","Musculacao > Dojo > Peso corporal > Parte superior > Costas > back_upper > Trapézio inferior","strength>place_dojo>bodyweight>upper>back>back_upper>lower_traps","0","E. manter aviso, usar fallback ou esconder apos decisao humana","Opcao visivel sem exercicio especifico para local/equipamento/zona."
"OK_EMPTY_WITH_EXPLICIT_NOTICE","Musculacao","Musculacao > Dojo > Peso corporal > Parte superior > Costas > back_upper > Romboides","strength>place_dojo>bodyweight>upper>back>back_upper>rhomboids","0","E. manter aviso, usar fallback ou esconder apos decisao humana","Opcao visivel sem exercicio especifico para local/equipamento/zona."
"OK_EMPTY_WITH_EXPLICIT_NOTICE","Musculacao","Musculacao > Dojo > Peso corporal > Parte superior > Costas > back_upper > Deltoide posterior","strength>place_dojo>bodyweight>upper>back>back_upper>posterior_deltoid","0","E. manter aviso, usar fallback ou esconder apos decisao humana","Opcao visivel sem exercicio especifico para local/equipamento/zona."
"OK_EMPTY_WITH_EXPLICIT_NOTICE","Musculacao","Musculacao > Dojo > Peso corporal > Parte superior > Costas > back_upper > Estabilizadores escapulares","strength>place_dojo>bodyweight>upper>back>back_upper>scapular_stabilizers","0","E. manter aviso, usar fallback ou esconder apos decisao humana","Opcao visivel sem exercicio especifico para local/equipamento/zona."
"OK_EMPTY_WITH_EXPLICIT_NOTICE","Musculacao","Musculacao > Dojo > Peso corporal > Parte superior > Costas > back_mid","strength>place_dojo>bodyweight>upper>back>back_mid","0","E. manter aviso, usar fallback ou esconder apos decisao humana","Opcao visivel sem exercicio especifico para local/equipamento/zona."
"OK_EMPTY_WITH_EXPLICIT_NOTICE","Musculacao","Musculacao > Dojo > Peso corporal > Parte superior > Costas > back_mid > Romboides","strength>place_dojo>bodyweight>upper>back>back_mid>rhomboids","0","E. manter aviso, usar fallback ou esconder apos decisao humana","Opcao visivel sem exercicio especifico para local/equipamento/zona."
"OK_EMPTY_WITH_EXPLICIT_NOTICE","Musculacao","Musculacao > Dojo > Peso corporal > Parte superior > Costas > back_mid > Trapézio médio","strength>place_dojo>bodyweight>upper>back>back_mid>mid_traps","0","E. manter aviso, usar fallback ou esconder apos decisao humana","Opcao visivel sem exercicio especifico para local/equipamento/zona."
"OK_EMPTY_WITH_EXPLICIT_NOTICE","Musculacao","Musculacao > Dojo > Peso corporal > Parte superior > Costas > back_mid > Redondo maior","strength>place_dojo>bodyweight>upper>back>back_mid>teres_major","0","E. manter aviso, usar fallback ou esconder apos decisao humana","Opcao visivel sem exercicio especifico para local/equipamento/zona."
"OK_EMPTY_WITH_EXPLICIT_NOTICE","Musculacao","Musculacao > Dojo > Peso corporal > Parte superior > Costas > back_mid > Redondo menor","strength>place_dojo>bodyweight>upper>back>back_mid>teres_minor","0","E. manter aviso, usar fallback ou esconder apos decisao humana","Opcao visivel sem exercicio especifico para local/equipamento/zona."
"OK_EMPTY_WITH_EXPLICIT_NOTICE","Musculacao","Musculacao > Dojo > Peso corporal > Parte superior > Costas > back_mid > Dorsal / latíssimo do dorso","strength>place_dojo>bodyweight>upper>back>back_mid>latissimus_dorsi","0","E. manter aviso, usar fallback ou esconder apos decisao humana","Opcao visivel sem exercicio especifico para local/equipamento/zona."
"OK_EMPTY_WITH_EXPLICIT_NOTICE","Musculacao","Musculacao > Dojo > Peso corporal > Parte superior > Costas > back_lower","strength>place_dojo>bodyweight>upper>back>back_lower","0","E. manter aviso, usar fallback ou esconder apos decisao humana","Opcao visivel sem exercicio especifico para local/equipamento/zona."
"OK_EMPTY_WITH_EXPLICIT_NOTICE","Musculacao","Musculacao > Dojo > Peso corporal > Parte superior > Costas > back_lower > Eretores da espinha","strength>place_dojo>bodyweight>upper>back>back_lower>erectors","0","E. manter aviso, usar fallback ou esconder apos decisao humana","Opcao visivel sem exercicio especifico para local/equipamento/zona."
"OK_EMPTY_WITH_EXPLICIT_NOTICE","Musculacao","Musculacao > Dojo > Peso corporal > Parte superior > Costas > back_lower > Lombar","strength>place_dojo>bodyweight>upper>back>back_lower>lumbar","0","E. manter aviso, usar fallback ou esconder apos decisao humana","Opcao visivel sem exercicio especifico para local/equipamento/zona."
"OK_EMPTY_WITH_EXPLICIT_NOTICE","Musculacao","Musculacao > Dojo > Peso corporal > Parte superior > Costas > back_lower > Quadrado lombar","strength>place_dojo>bodyweight>upper>back>back_lower>quadratus_lumborum","0","E. manter aviso, usar fallback ou esconder apos decisao humana","Opcao visivel sem exercicio especifico para local/equipamento/zona."
"OK_EMPTY_WITH_EXPLICIT_NOTICE","Musculacao","Musculacao > Dojo > Peso corporal > Parte superior > Costas > back_lower > Estabilidade lombar","strength>place_dojo>bodyweight>upper>back>back_lower>lumbar_stability","0","E. manter aviso, usar fallback ou esconder apos decisao humana","Opcao visivel sem exercicio especifico para local/equipamento/zona."
"OK_EMPTY_WITH_EXPLICIT_NOTICE","Musculacao","Musculacao > Dojo > Peso corporal > Parte superior > Costas > back_width","strength>place_dojo>bodyweight>upper>back>back_width","0","E. manter aviso, usar fallback ou esconder apos decisao humana","Opcao visivel sem exercicio especifico para local/equipamento/zona."
"OK_EMPTY_WITH_EXPLICIT_NOTICE","Musculacao","Musculacao > Dojo > Peso corporal > Parte superior > Costas > back_width > Dorsal / latíssimo do dorso","strength>place_dojo>bodyweight>upper>back>back_width>latissimus_dorsi","0","E. manter aviso, usar fallback ou esconder apos decisao humana","Opcao visivel sem exercicio especifico para local/equipamento/zona."
"OK_EMPTY_WITH_EXPLICIT_NOTICE","Musculacao","Musculacao > Dojo > Peso corporal > Parte superior > Costas > back_width > Redondo maior","strength>place_dojo>bodyweight>upper>back>back_width>teres_major","0","E. manter aviso, usar fallback ou esconder apos decisao humana","Opcao visivel sem exercicio especifico para local/equipamento/zona."
"OK_EMPTY_WITH_EXPLICIT_NOTICE","Musculacao","Musculacao > Dojo > Peso corporal > Parte superior > Costas > back_width > Puxadas verticais","strength>place_dojo>bodyweight>upper>back>back_width>vertical_pulls","0","E. manter aviso, usar fallback ou esconder apos decisao humana","Opcao visivel sem exercicio especifico para local/equipamento/zona."
"OK_EMPTY_WITH_EXPLICIT_NOTICE","Musculacao","Musculacao > Dojo > Peso corporal > Parte superior > Costas > back_thickness","strength>place_dojo>bodyweight>upper>back>back_thickness","0","E. manter aviso, usar fallback ou esconder apos decisao humana","Opcao visivel sem exercicio especifico para local/equipamento/zona."
"OK_EMPTY_WITH_EXPLICIT_NOTICE","Musculacao","Musculacao > Dojo > Peso corporal > Parte superior > Costas > back_thickness > Romboides","strength>place_dojo>bodyweight>upper>back>back_thickness>rhomboids","0","E. manter aviso, usar fallback ou esconder apos decisao humana","Opcao visivel sem exercicio especifico para local/equipamento/zona."
"OK_EMPTY_WITH_EXPLICIT_NOTICE","Musculacao","Musculacao > Dojo > Peso corporal > Parte superior > Costas > back_thickness > Trapézio médio","strength>place_dojo>bodyweight>upper>back>back_thickness>mid_traps","0","E. manter aviso, usar fallback ou esconder apos decisao humana","Opcao visivel sem exercicio especifico para local/equipamento/zona."
"OK_EMPTY_WITH_EXPLICIT_NOTICE","Musculacao","Musculacao > Dojo > Peso corporal > Parte superior > Costas > back_thickness > Trapézio inferior","strength>place_dojo>bodyweight>upper>back>back_thickness>lower_traps","0","E. manter aviso, usar fallback ou esconder apos decisao humana","Opcao visivel sem exercicio especifico para local/equipamento/zona."
"OK_EMPTY_WITH_EXPLICIT_NOTICE","Musculacao","Musculacao > Dojo > Peso corporal > Parte superior > Costas > back_thickness > Remadas horizontais","strength>place_dojo>bodyweight>upper>back>back_thickness>horizontal_rows","0","E. manter aviso, usar fallback ou esconder apos decisao humana","Opcao visivel sem exercicio especifico para local/equipamento/zona."
"OK_EMPTY_WITH_EXPLICIT_NOTICE","Musculacao","Musculacao > Dojo > Peso corporal > Parte superior > Ombros > shoulders_complete","strength>place_dojo>bodyweight>upper>shoulders>shoulders_complete","0","E. manter aviso, usar fallback ou esconder apos decisao humana","Opcao visivel sem exercicio especifico para local/equipamento/zona."
"OK_EMPTY_WITH_EXPLICIT_NOTICE","Musculacao","Musculacao > Dojo > Peso corporal > Parte superior > Ombros > anterior deltoid","strength>place_dojo>bodyweight>upper>shoulders>anterior_deltoid","0","E. manter aviso, usar fallback ou esconder apos decisao humana","Opcao visivel sem exercicio especifico para local/equipamento/zona."
"OK_EMPTY_WITH_EXPLICIT_NOTICE","Musculacao","Musculacao > Dojo > Peso corporal > Parte superior > Ombros > lateral deltoid","strength>place_dojo>bodyweight>upper>shoulders>lateral_deltoid","0","E. manter aviso, usar fallback ou esconder apos decisao humana","Opcao visivel sem exercicio especifico para local/equipamento/zona."
"OK_EMPTY_WITH_EXPLICIT_NOTICE","Musculacao","Musculacao > Dojo > Peso corporal > Parte superior > Ombros > posterior deltoid","strength>place_dojo>bodyweight>upper>shoulders>posterior_deltoid","0","E. manter aviso, usar fallback ou esconder apos decisao humana","Opcao visivel sem exercicio especifico para local/equipamento/zona."
"OK_EMPTY_WITH_EXPLICIT_NOTICE","Musculacao","Musculacao > Dojo > Peso corporal > Parte superior > Ombros > rotator_cuff","strength>place_dojo>bodyweight>upper>shoulders>rotator_cuff","0","E. manter aviso, usar fallback ou esconder apos decisao humana","Opcao visivel sem exercicio especifico para local/equipamento/zona."
"OK_EMPTY_WITH_EXPLICIT_NOTICE","Musculacao","Musculacao > Dojo > Peso corporal > Parte superior > Ombros > external rotators","strength>place_dojo>bodyweight>upper>shoulders>external_rotators","0","E. manter aviso, usar fallback ou esconder apos decisao humana","Opcao visivel sem exercicio especifico para local/equipamento/zona."
"OK_EMPTY_WITH_EXPLICIT_NOTICE","Musculacao","Musculacao > Dojo > Peso corporal > Parte superior > Ombros > internal rotators","strength>place_dojo>bodyweight>upper>shoulders>internal_rotators","0","E. manter aviso, usar fallback ou esconder apos decisao humana","Opcao visivel sem exercicio especifico para local/equipamento/zona."
"OK_EMPTY_WITH_EXPLICIT_NOTICE","Musculacao","Musculacao > Dojo > Peso corporal > Parte superior > Ombros > scapular_stability","strength>place_dojo>bodyweight>upper>shoulders>scapular_stability","0","E. manter aviso, usar fallback ou esconder apos decisao humana","Opcao visivel sem exercicio especifico para local/equipamento/zona."
"OK_EMPTY_WITH_EXPLICIT_NOTICE","Musculacao","Musculacao > Dojo > Peso corporal > Parte superior > Braços > arms_complete","strength>place_dojo>bodyweight>upper>arms>arms_complete","0","E. manter aviso, usar fallback ou esconder apos decisao humana","Opcao visivel sem exercicio especifico para local/equipamento/zona."
"OK_EMPTY_WITH_EXPLICIT_NOTICE","Musculacao","Musculacao > Dojo > Peso corporal > Parte superior > Braços > upper_arm","strength>place_dojo>bodyweight>upper>arms>upper_arm","0","E. manter aviso, usar fallback ou esconder apos decisao humana","Opcao visivel sem exercicio especifico para local/equipamento/zona."
"OK_EMPTY_WITH_EXPLICIT_NOTICE","Musculacao","Musculacao > Dojo > Peso corporal > Parte superior > Braços > upper_arm > Bíceps braquial","strength>place_dojo>bodyweight>upper>arms>upper_arm>biceps_brachii","0","E. manter aviso, usar fallback ou esconder apos decisao humana","Opcao visivel sem exercicio especifico para local/equipamento/zona."
"OK_EMPTY_WITH_EXPLICIT_NOTICE","Musculacao","Musculacao > Dojo > Peso corporal > Parte superior > Braços > upper_arm > Braquial","strength>place_dojo>bodyweight>upper>arms>upper_arm>brachialis","0","E. manter aviso, usar fallback ou esconder apos decisao humana","Opcao visivel sem exercicio especifico para local/equipamento/zona."
"OK_EMPTY_WITH_EXPLICIT_NOTICE","Musculacao","Musculacao > Dojo > Peso corporal > Parte superior > Braços > upper_arm > Braquiorradial","strength>place_dojo>bodyweight>upper>arms>upper_arm>brachioradialis","0","E. manter aviso, usar fallback ou esconder apos decisao humana","Opcao visivel sem exercicio especifico para local/equipamento/zona."
"OK_EMPTY_WITH_EXPLICIT_NOTICE","Musculacao","Musculacao > Dojo > Peso corporal > Parte superior > Braços > upper_arm > Tríceps cabeça longa","strength>place_dojo>bodyweight>upper>arms>upper_arm>triceps_long","0","E. manter aviso, usar fallback ou esconder apos decisao humana","Opcao visivel sem exercicio especifico para local/equipamento/zona."
"OK_EMPTY_WITH_EXPLICIT_NOTICE","Musculacao","Musculacao > Dojo > Peso corporal > Parte superior > Braços > upper_arm > Tríceps cabeça lateral","strength>place_dojo>bodyweight>upper>arms>upper_arm>triceps_lateral","0","E. manter aviso, usar fallback ou esconder apos decisao humana","Opcao visivel sem exercicio especifico para local/equipamento/zona."
"OK_EMPTY_WITH_EXPLICIT_NOTICE","Musculacao","Musculacao > Dojo > Peso corporal > Parte superior > Braços > upper_arm > Tríceps cabeça medial","strength>place_dojo>bodyweight>upper>arms>upper_arm>triceps_medial","0","E. manter aviso, usar fallback ou esconder apos decisao humana","Opcao visivel sem exercicio especifico para local/equipamento/zona."
"OK_EMPTY_WITH_EXPLICIT_NOTICE","Musculacao","Musculacao > Dojo > Peso corporal > Parte superior > Braços > forearm_hand","strength>place_dojo>bodyweight>upper>arms>forearm_hand","0","E. manter aviso, usar fallback ou esconder apos decisao humana","Opcao visivel sem exercicio especifico para local/equipamento/zona."
"OK_EMPTY_WITH_EXPLICIT_NOTICE","Musculacao","Musculacao > Dojo > Peso corporal > Parte superior > Braços > forearm_hand > Antebraço completo","strength>place_dojo>bodyweight>upper>arms>forearm_hand>forearm_complete","0","E. manter aviso, usar fallback ou esconder apos decisao humana","Opcao visivel sem exercicio especifico para local/equipamento/zona."
"OK_EMPTY_WITH_EXPLICIT_NOTICE","Musculacao","Musculacao > Dojo > Peso corporal > Parte superior > Braços > forearm_hand > Flexores do antebraço","strength>place_dojo>bodyweight>upper>arms>forearm_hand>forearm_flexors","0","E. manter aviso, usar fallback ou esconder apos decisao humana","Opcao visivel sem exercicio especifico para local/equipamento/zona."
"OK_EMPTY_WITH_EXPLICIT_NOTICE","Musculacao","Musculacao > Dojo > Peso corporal > Parte superior > Braços > forearm_hand > Extensores do antebraço","strength>place_dojo>bodyweight>upper>arms>forearm_hand>forearm_extensors","0","E. manter aviso, usar fallback ou esconder apos decisao humana","Opcao visivel sem exercicio especifico para local/equipamento/zona."
"OK_EMPTY_WITH_EXPLICIT_NOTICE","Musculacao","Musculacao > Dojo > Peso corporal > Parte superior > Braços > forearm_hand > Pronadores","strength>place_dojo>bodyweight>upper>arms>forearm_hand>pronators","0","E. manter aviso, usar fallback ou esconder apos decisao humana","Opcao visivel sem exercicio especifico para local/equipamento/zona."
"OK_EMPTY_WITH_EXPLICIT_NOTICE","Musculacao","Musculacao > Dojo > Peso corporal > Parte superior > Braços > forearm_hand > Supinadores","strength>place_dojo>bodyweight>upper>arms>forearm_hand>supinators","0","E. manter aviso, usar fallback ou esconder apos decisao humana","Opcao visivel sem exercicio especifico para local/equipamento/zona."
"OK_EMPTY_WITH_EXPLICIT_NOTICE","Musculacao","Musculacao > Dojo > Peso corporal > Parte superior > Braços > forearm_hand > Punho","strength>place_dojo>bodyweight>upper>arms>forearm_hand>wrist","0","E. manter aviso, usar fallback ou esconder apos decisao humana","Opcao visivel sem exercicio especifico para local/equipamento/zona."
"OK_EMPTY_WITH_EXPLICIT_NOTICE","Musculacao","Musculacao > Dojo > Peso corporal > Parte superior > Braços > forearm_hand > Dedos","strength>place_dojo>bodyweight>upper>arms>forearm_hand>fingers","0","E. manter aviso, usar fallback ou esconder apos decisao humana","Opcao visivel sem exercicio especifico para local/equipamento/zona."
"OK_EMPTY_WITH_EXPLICIT_NOTICE","Musculacao","Musculacao > Dojo > Peso corporal > Parte superior > Braços > forearm_hand > Pega de suporte","strength>place_dojo>bodyweight>upper>arms>forearm_hand>support_grip","0","E. manter aviso, usar fallback ou esconder apos decisao humana","Opcao visivel sem exercicio especifico para local/equipamento/zona."
"OK_EMPTY_WITH_EXPLICIT_NOTICE","Musculacao","Musculacao > Dojo > Peso corporal > Parte superior > Braços > forearm_hand > Pega de pinça","strength>place_dojo>bodyweight>upper>arms>forearm_hand>pinch_grip","0","E. manter aviso, usar fallback ou esconder apos decisao humana","Opcao visivel sem exercicio especifico para local/equipamento/zona."
"OK_EMPTY_WITH_EXPLICIT_NOTICE","Musculacao","Musculacao > Dojo > Peso corporal > Parte superior > Braços > forearm_hand > Força de pega geral","strength>place_dojo>bodyweight>upper>arms>forearm_hand>general_grip","0","E. manter aviso, usar fallback ou esconder apos decisao humana","Opcao visivel sem exercicio especifico para local/equipamento/zona."
"OK_EMPTY_WITH_EXPLICIT_NOTICE","Musculacao","Musculacao > Dojo > Peso corporal > Parte superior > Antebraço / punho / mão","strength>place_dojo>bodyweight>upper>forearm_hand","0","E. manter aviso, usar fallback ou esconder apos decisao humana","Opcao visivel sem exercicio especifico para local/equipamento/zona."
"OK_EMPTY_WITH_EXPLICIT_NOTICE","Musculacao","Musculacao > Dojo > Peso corporal > Parte superior > Antebraço / punho / mão > forearm_complete","strength>place_dojo>bodyweight>upper>forearm_hand>forearm_complete","0","E. manter aviso, usar fallback ou esconder apos decisao humana","Opcao visivel sem exercicio especifico para local/equipamento/zona."
"OK_EMPTY_WITH_EXPLICIT_NOTICE","Musculacao","Musculacao > Dojo > Peso corporal > Parte superior > Antebraço / punho / mão > forearm flexors","strength>place_dojo>bodyweight>upper>forearm_hand>forearm_flexors","0","E. manter aviso, usar fallback ou esconder apos decisao humana","Opcao visivel sem exercicio especifico para local/equipamento/zona."
"OK_EMPTY_WITH_EXPLICIT_NOTICE","Musculacao","Musculacao > Dojo > Peso corporal > Parte superior > Antebraço / punho / mão > forearm extensors","strength>place_dojo>bodyweight>upper>forearm_hand>forearm_extensors","0","E. manter aviso, usar fallback ou esconder apos decisao humana","Opcao visivel sem exercicio especifico para local/equipamento/zona."
"OK_EMPTY_WITH_EXPLICIT_NOTICE","Musculacao","Musculacao > Dojo > Peso corporal > Parte superior > Antebraço / punho / mão > pronators","strength>place_dojo>bodyweight>upper>forearm_hand>pronators","0","E. manter aviso, usar fallback ou esconder apos decisao humana","Opcao visivel sem exercicio especifico para local/equipamento/zona."
"OK_EMPTY_WITH_EXPLICIT_NOTICE","Musculacao","Musculacao > Dojo > Peso corporal > Parte superior > Antebraço / punho / mão > supinators","strength>place_dojo>bodyweight>upper>forearm_hand>supinators","0","E. manter aviso, usar fallback ou esconder apos decisao humana","Opcao visivel sem exercicio especifico para local/equipamento/zona."
"OK_EMPTY_WITH_EXPLICIT_NOTICE","Musculacao","Musculacao > Dojo > Peso corporal > Parte superior > Antebraço / punho / mão > wrist","strength>place_dojo>bodyweight>upper>forearm_hand>wrist","0","E. manter aviso, usar fallback ou esconder apos decisao humana","Opcao visivel sem exercicio especifico para local/equipamento/zona."
"OK_EMPTY_WITH_EXPLICIT_NOTICE","Musculacao","Musculacao > Dojo > Peso corporal > Parte superior > Antebraço / punho / mão > fingers","strength>place_dojo>bodyweight>upper>forearm_hand>fingers","0","E. manter aviso, usar fallback ou esconder apos decisao humana","Opcao visivel sem exercicio especifico para local/equipamento/zona."
"OK_EMPTY_WITH_EXPLICIT_NOTICE","Musculacao","Musculacao > Dojo > Peso corporal > Parte superior > Antebraço / punho / mão > support_grip","strength>place_dojo>bodyweight>upper>forearm_hand>support_grip","0","E. manter aviso, usar fallback ou esconder apos decisao humana","Opcao visivel sem exercicio especifico para local/equipamento/zona."
"OK_EMPTY_WITH_EXPLICIT_NOTICE","Musculacao","Musculacao > Dojo > Peso corporal > Parte superior > Antebraço / punho / mão > pinch grip","strength>place_dojo>bodyweight>upper>forearm_hand>pinch_grip","0","E. manter aviso, usar fallback ou esconder apos decisao humana","Opcao visivel sem exercicio especifico para local/equipamento/zona."
"OK_EMPTY_WITH_EXPLICIT_NOTICE","Musculacao","Musculacao > Dojo > Peso corporal > Parte superior > Antebraço / punho / mão > general grip","strength>place_dojo>bodyweight>upper>forearm_hand>general_grip","0","E. manter aviso, usar fallback ou esconder apos decisao humana","Opcao visivel sem exercicio especifico para local/equipamento/zona."
"OK_EMPTY_WITH_EXPLICIT_NOTICE","Musculacao","Musculacao > Dojo > Peso corporal > Core","strength>place_dojo>bodyweight>core","0","E. manter aviso, usar fallback ou esconder apos decisao humana","Opcao visivel sem exercicio especifico para local/equipamento/zona."
"OK_EMPTY_WITH_EXPLICIT_NOTICE","Musculacao","Musculacao > Dojo > Peso corporal > Core > Abdominal","strength>place_dojo>bodyweight>core>abdominal","0","E. manter aviso, usar fallback ou esconder apos decisao humana","Opcao visivel sem exercicio especifico para local/equipamento/zona."
"OK_EMPTY_WITH_EXPLICIT_NOTICE","Musculacao","Musculacao > Dojo > Peso corporal > Core > Oblíquos","strength>place_dojo>bodyweight>core>obliques","0","E. manter aviso, usar fallback ou esconder apos decisao humana","Opcao visivel sem exercicio especifico para local/equipamento/zona."
"OK_EMPTY_WITH_EXPLICIT_NOTICE","Musculacao","Musculacao > Dojo > Peso corporal > Core > Transverso abdominal","strength>place_dojo>bodyweight>core>transverse_abs","0","E. manter aviso, usar fallback ou esconder apos decisao humana","Opcao visivel sem exercicio especifico para local/equipamento/zona."
"OK_EMPTY_WITH_EXPLICIT_NOTICE","Musculacao","Musculacao > Dojo > Peso corporal > Core > Lombar","strength>place_dojo>bodyweight>core>low_back","0","E. manter aviso, usar fallback ou esconder apos decisao humana","Opcao visivel sem exercicio especifico para local/equipamento/zona."
"OK_EMPTY_WITH_EXPLICIT_NOTICE","Musculacao","Musculacao > Dojo > Peso corporal > Core > Estabilidade do core","strength>place_dojo>bodyweight>core>core_stability","0","E. manter aviso, usar fallback ou esconder apos decisao humana","Opcao visivel sem exercicio especifico para local/equipamento/zona."
"OK_EMPTY_WITH_EXPLICIT_NOTICE","Musculacao","Musculacao > Dojo > Peso corporal > Core > Anti-rotação","strength>place_dojo>bodyweight>core>anti_rotation","0","E. manter aviso, usar fallback ou esconder apos decisao humana","Opcao visivel sem exercicio especifico para local/equipamento/zona."
"OK_EMPTY_WITH_EXPLICIT_NOTICE","Musculacao","Musculacao > Dojo > Peso corporal > Core > Anti-extensão","strength>place_dojo>bodyweight>core>anti_extension","0","E. manter aviso, usar fallback ou esconder apos decisao humana","Opcao visivel sem exercicio especifico para local/equipamento/zona."
"OK_EMPTY_WITH_EXPLICIT_NOTICE","Musculacao","Musculacao > Dojo > Peso corporal > Core > Anti-flexão lateral","strength>place_dojo>bodyweight>core>anti_lateral_flexion","0","E. manter aviso, usar fallback ou esconder apos decisao humana","Opcao visivel sem exercicio especifico para local/equipamento/zona."
"OK_EMPTY_WITH_EXPLICIT_NOTICE","Musculacao","Musculacao > Tatami > Peso corporal > Corpo inteiro","strength>place_tatami>bodyweight>full_body","0","E. manter aviso, usar fallback ou esconder apos decisao humana","Opcao visivel sem exercicio especifico para local/equipamento/zona."
"OK_EMPTY_WITH_EXPLICIT_NOTICE","Musculacao","Musculacao > Tatami > Chão livre > Corpo inteiro","strength>place_tatami>floor>full_body","0","E. manter aviso, usar fallback ou esconder apos decisao humana","Opcao visivel sem exercicio especifico para local/equipamento/zona."
"OK_EMPTY_WITH_EXPLICIT_NOTICE","Musculacao","Musculacao > Tatami > Parede estável > Corpo inteiro","strength>place_tatami>wall>full_body","0","E. manter aviso, usar fallback ou esconder apos decisao humana","Opcao visivel sem exercicio especifico para local/equipamento/zona."
"OK_EMPTY_WITH_EXPLICIT_NOTICE","Musculacao","Musculacao > Tatami > Tatami / espaço de artes marciais > Corpo inteiro","strength>place_tatami>tatami>full_body","0","E. manter aviso, usar fallback ou esconder apos decisao humana","Opcao visivel sem exercicio especifico para local/equipamento/zona."
"OK_EMPTY_WITH_EXPLICIT_NOTICE","Musculacao","Musculacao > Tatami > Peso corporal > Parte superior > Pescoço > neck_complete","strength>place_tatami>bodyweight>upper>neck>neck_complete","0","E. manter aviso, usar fallback ou esconder apos decisao humana","Opcao visivel sem exercicio especifico para local/equipamento/zona."
"OK_EMPTY_WITH_EXPLICIT_NOTICE","Musculacao","Musculacao > Tatami > Peso corporal > Parte superior > Pescoço > anterior neck","strength>place_tatami>bodyweight>upper>neck>anterior_neck","0","E. manter aviso, usar fallback ou esconder apos decisao humana","Opcao visivel sem exercicio especifico para local/equipamento/zona."
"OK_EMPTY_WITH_EXPLICIT_NOTICE","Musculacao","Musculacao > Tatami > Peso corporal > Parte superior > Pescoço > posterior neck","strength>place_tatami>bodyweight>upper>neck>posterior_neck","0","E. manter aviso, usar fallback ou esconder apos decisao humana","Opcao visivel sem exercicio especifico para local/equipamento/zona."
"OK_EMPTY_WITH_EXPLICIT_NOTICE","Musculacao","Musculacao > Tatami > Peso corporal > Parte superior > Pescoço > lateral neck","strength>place_tatami>bodyweight>upper>neck>lateral_neck","0","E. manter aviso, usar fallback ou esconder apos decisao humana","Opcao visivel sem exercicio especifico para local/equipamento/zona."
"OK_EMPTY_WITH_EXPLICIT_NOTICE","Musculacao","Musculacao > Tatami > Peso corporal > Parte superior > Pescoço > cervical stabilizers","strength>place_tatami>bodyweight>upper>neck>cervical_stabilizers","0","E. manter aviso, usar fallback ou esconder apos decisao humana","Opcao visivel sem exercicio especifico para local/equipamento/zona."
"OK_EMPTY_WITH_EXPLICIT_NOTICE","Musculacao","Musculacao > Tatami > Peso corporal > Parte superior > Trapézio / cintura escapular","strength>place_tatami>bodyweight>upper>traps_scapula","0","E. manter aviso, usar fallback ou esconder apos decisao humana","Opcao visivel sem exercicio especifico para local/equipamento/zona."
"OK_EMPTY_WITH_EXPLICIT_NOTICE","Musculacao","Musculacao > Tatami > Peso corporal > Parte superior > Trapézio / cintura escapular > traps_complete","strength>place_tatami>bodyweight>upper>traps_scapula>traps_complete","0","E. manter aviso, usar fallback ou esconder apos decisao humana","Opcao visivel sem exercicio especifico para local/equipamento/zona."
"OK_EMPTY_WITH_EXPLICIT_NOTICE","Musculacao","Musculacao > Tatami > Peso corporal > Parte superior > Trapézio / cintura escapular > upper traps","strength>place_tatami>bodyweight>upper>traps_scapula>upper_traps","0","E. manter aviso, usar fallback ou esconder apos decisao humana","Opcao visivel sem exercicio especifico para local/equipamento/zona."
"OK_EMPTY_WITH_EXPLICIT_NOTICE","Musculacao","Musculacao > Tatami > Peso corporal > Parte superior > Trapézio / cintura escapular > mid traps","strength>place_tatami>bodyweight>upper>traps_scapula>mid_traps","0","E. manter aviso, usar fallback ou esconder apos decisao humana","Opcao visivel sem exercicio especifico para local/equipamento/zona."
"OK_EMPTY_WITH_EXPLICIT_NOTICE","Musculacao","Musculacao > Tatami > Peso corporal > Parte superior > Trapézio / cintura escapular > lower traps","strength>place_tatami>bodyweight>upper>traps_scapula>lower_traps","0","E. manter aviso, usar fallback ou esconder apos decisao humana","Opcao visivel sem exercicio especifico para local/equipamento/zona."
"OK_EMPTY_WITH_EXPLICIT_NOTICE","Musculacao","Musculacao > Tatami > Peso corporal > Parte superior > Trapézio / cintura escapular > scapular_stability","strength>place_tatami>bodyweight>upper>traps_scapula>scapular_stability","0","E. manter aviso, usar fallback ou esconder apos decisao humana","Opcao visivel sem exercicio especifico para local/equipamento/zona."
"OK_EMPTY_WITH_EXPLICIT_NOTICE","Musculacao","Musculacao > Tatami > Peso corporal > Parte superior > Peito > chest_complete","strength>place_tatami>bodyweight>upper>chest>chest_complete","0","E. manter aviso, usar fallback ou esconder apos decisao humana","Opcao visivel sem exercicio especifico para local/equipamento/zona."
"OK_EMPTY_WITH_EXPLICIT_NOTICE","Musculacao","Musculacao > Tatami > Peso corporal > Parte superior > Costas > back_complete","strength>place_tatami>bodyweight>upper>back>back_complete","0","E. manter aviso, usar fallback ou esconder apos decisao humana","Opcao visivel sem exercicio especifico para local/equipamento/zona."
"OK_EMPTY_WITH_EXPLICIT_NOTICE","Musculacao","Musculacao > Tatami > Peso corporal > Parte superior > Costas > back_upper","strength>place_tatami>bodyweight>upper>back>back_upper","0","E. manter aviso, usar fallback ou esconder apos decisao humana","Opcao visivel sem exercicio especifico para local/equipamento/zona."
"OK_EMPTY_WITH_EXPLICIT_NOTICE","Musculacao","Musculacao > Tatami > Peso corporal > Parte superior > Costas > back_upper > Trapézio superior","strength>place_tatami>bodyweight>upper>back>back_upper>upper_traps","0","E. manter aviso, usar fallback ou esconder apos decisao humana","Opcao visivel sem exercicio especifico para local/equipamento/zona."
"OK_EMPTY_WITH_EXPLICIT_NOTICE","Musculacao","Musculacao > Tatami > Peso corporal > Parte superior > Costas > back_upper > Trapézio médio","strength>place_tatami>bodyweight>upper>back>back_upper>mid_traps","0","E. manter aviso, usar fallback ou esconder apos decisao humana","Opcao visivel sem exercicio especifico para local/equipamento/zona."
"OK_EMPTY_WITH_EXPLICIT_NOTICE","Musculacao","Musculacao > Tatami > Peso corporal > Parte superior > Costas > back_upper > Trapézio inferior","strength>place_tatami>bodyweight>upper>back>back_upper>lower_traps","0","E. manter aviso, usar fallback ou esconder apos decisao humana","Opcao visivel sem exercicio especifico para local/equipamento/zona."
"OK_EMPTY_WITH_EXPLICIT_NOTICE","Musculacao","Musculacao > Tatami > Peso corporal > Parte superior > Costas > back_upper > Romboides","strength>place_tatami>bodyweight>upper>back>back_upper>rhomboids","0","E. manter aviso, usar fallback ou esconder apos decisao humana","Opcao visivel sem exercicio especifico para local/equipamento/zona."
"OK_EMPTY_WITH_EXPLICIT_NOTICE","Musculacao","Musculacao > Tatami > Peso corporal > Parte superior > Costas > back_upper > Deltoide posterior","strength>place_tatami>bodyweight>upper>back>back_upper>posterior_deltoid","0","E. manter aviso, usar fallback ou esconder apos decisao humana","Opcao visivel sem exercicio especifico para local/equipamento/zona."
"OK_EMPTY_WITH_EXPLICIT_NOTICE","Musculacao","Musculacao > Tatami > Peso corporal > Parte superior > Costas > back_upper > Estabilizadores escapulares","strength>place_tatami>bodyweight>upper>back>back_upper>scapular_stabilizers","0","E. manter aviso, usar fallback ou esconder apos decisao humana","Opcao visivel sem exercicio especifico para local/equipamento/zona."
"OK_EMPTY_WITH_EXPLICIT_NOTICE","Musculacao","Musculacao > Tatami > Peso corporal > Parte superior > Costas > back_mid","strength>place_tatami>bodyweight>upper>back>back_mid","0","E. manter aviso, usar fallback ou esconder apos decisao humana","Opcao visivel sem exercicio especifico para local/equipamento/zona."
"OK_EMPTY_WITH_EXPLICIT_NOTICE","Musculacao","Musculacao > Tatami > Peso corporal > Parte superior > Costas > back_mid > Romboides","strength>place_tatami>bodyweight>upper>back>back_mid>rhomboids","0","E. manter aviso, usar fallback ou esconder apos decisao humana","Opcao visivel sem exercicio especifico para local/equipamento/zona."
"OK_EMPTY_WITH_EXPLICIT_NOTICE","Musculacao","Musculacao > Tatami > Peso corporal > Parte superior > Costas > back_mid > Trapézio médio","strength>place_tatami>bodyweight>upper>back>back_mid>mid_traps","0","E. manter aviso, usar fallback ou esconder apos decisao humana","Opcao visivel sem exercicio especifico para local/equipamento/zona."
"OK_EMPTY_WITH_EXPLICIT_NOTICE","Musculacao","Musculacao > Tatami > Peso corporal > Parte superior > Costas > back_mid > Redondo maior","strength>place_tatami>bodyweight>upper>back>back_mid>teres_major","0","E. manter aviso, usar fallback ou esconder apos decisao humana","Opcao visivel sem exercicio especifico para local/equipamento/zona."
"OK_EMPTY_WITH_EXPLICIT_NOTICE","Musculacao","Musculacao > Tatami > Peso corporal > Parte superior > Costas > back_mid > Redondo menor","strength>place_tatami>bodyweight>upper>back>back_mid>teres_minor","0","E. manter aviso, usar fallback ou esconder apos decisao humana","Opcao visivel sem exercicio especifico para local/equipamento/zona."
"OK_EMPTY_WITH_EXPLICIT_NOTICE","Musculacao","Musculacao > Tatami > Peso corporal > Parte superior > Costas > back_mid > Dorsal / latíssimo do dorso","strength>place_tatami>bodyweight>upper>back>back_mid>latissimus_dorsi","0","E. manter aviso, usar fallback ou esconder apos decisao humana","Opcao visivel sem exercicio especifico para local/equipamento/zona."
"OK_EMPTY_WITH_EXPLICIT_NOTICE","Musculacao","Musculacao > Tatami > Peso corporal > Parte superior > Costas > back_lower","strength>place_tatami>bodyweight>upper>back>back_lower","0","E. manter aviso, usar fallback ou esconder apos decisao humana","Opcao visivel sem exercicio especifico para local/equipamento/zona."
"OK_EMPTY_WITH_EXPLICIT_NOTICE","Musculacao","Musculacao > Tatami > Peso corporal > Parte superior > Costas > back_lower > Eretores da espinha","strength>place_tatami>bodyweight>upper>back>back_lower>erectors","0","E. manter aviso, usar fallback ou esconder apos decisao humana","Opcao visivel sem exercicio especifico para local/equipamento/zona."
"OK_EMPTY_WITH_EXPLICIT_NOTICE","Musculacao","Musculacao > Tatami > Peso corporal > Parte superior > Costas > back_lower > Lombar","strength>place_tatami>bodyweight>upper>back>back_lower>lumbar","0","E. manter aviso, usar fallback ou esconder apos decisao humana","Opcao visivel sem exercicio especifico para local/equipamento/zona."
"OK_EMPTY_WITH_EXPLICIT_NOTICE","Musculacao","Musculacao > Tatami > Peso corporal > Parte superior > Costas > back_lower > Quadrado lombar","strength>place_tatami>bodyweight>upper>back>back_lower>quadratus_lumborum","0","E. manter aviso, usar fallback ou esconder apos decisao humana","Opcao visivel sem exercicio especifico para local/equipamento/zona."
"OK_EMPTY_WITH_EXPLICIT_NOTICE","Musculacao","Musculacao > Tatami > Peso corporal > Parte superior > Costas > back_lower > Estabilidade lombar","strength>place_tatami>bodyweight>upper>back>back_lower>lumbar_stability","0","E. manter aviso, usar fallback ou esconder apos decisao humana","Opcao visivel sem exercicio especifico para local/equipamento/zona."
"OK_EMPTY_WITH_EXPLICIT_NOTICE","Musculacao","Musculacao > Tatami > Peso corporal > Parte superior > Costas > back_width","strength>place_tatami>bodyweight>upper>back>back_width","0","E. manter aviso, usar fallback ou esconder apos decisao humana","Opcao visivel sem exercicio especifico para local/equipamento/zona."
"OK_EMPTY_WITH_EXPLICIT_NOTICE","Musculacao","Musculacao > Tatami > Peso corporal > Parte superior > Costas > back_width > Dorsal / latíssimo do dorso","strength>place_tatami>bodyweight>upper>back>back_width>latissimus_dorsi","0","E. manter aviso, usar fallback ou esconder apos decisao humana","Opcao visivel sem exercicio especifico para local/equipamento/zona."
"OK_EMPTY_WITH_EXPLICIT_NOTICE","Musculacao","Musculacao > Tatami > Peso corporal > Parte superior > Costas > back_width > Redondo maior","strength>place_tatami>bodyweight>upper>back>back_width>teres_major","0","E. manter aviso, usar fallback ou esconder apos decisao humana","Opcao visivel sem exercicio especifico para local/equipamento/zona."
"OK_EMPTY_WITH_EXPLICIT_NOTICE","Musculacao","Musculacao > Tatami > Peso corporal > Parte superior > Costas > back_width > Puxadas verticais","strength>place_tatami>bodyweight>upper>back>back_width>vertical_pulls","0","E. manter aviso, usar fallback ou esconder apos decisao humana","Opcao visivel sem exercicio especifico para local/equipamento/zona."
"OK_EMPTY_WITH_EXPLICIT_NOTICE","Musculacao","Musculacao > Tatami > Peso corporal > Parte superior > Costas > back_thickness","strength>place_tatami>bodyweight>upper>back>back_thickness","0","E. manter aviso, usar fallback ou esconder apos decisao humana","Opcao visivel sem exercicio especifico para local/equipamento/zona."
"OK_EMPTY_WITH_EXPLICIT_NOTICE","Musculacao","Musculacao > Tatami > Peso corporal > Parte superior > Costas > back_thickness > Romboides","strength>place_tatami>bodyweight>upper>back>back_thickness>rhomboids","0","E. manter aviso, usar fallback ou esconder apos decisao humana","Opcao visivel sem exercicio especifico para local/equipamento/zona."
"OK_EMPTY_WITH_EXPLICIT_NOTICE","Musculacao","Musculacao > Tatami > Peso corporal > Parte superior > Costas > back_thickness > Trapézio médio","strength>place_tatami>bodyweight>upper>back>back_thickness>mid_traps","0","E. manter aviso, usar fallback ou esconder apos decisao humana","Opcao visivel sem exercicio especifico para local/equipamento/zona."
"OK_EMPTY_WITH_EXPLICIT_NOTICE","Musculacao","Musculacao > Tatami > Peso corporal > Parte superior > Costas > back_thickness > Trapézio inferior","strength>place_tatami>bodyweight>upper>back>back_thickness>lower_traps","0","E. manter aviso, usar fallback ou esconder apos decisao humana","Opcao visivel sem exercicio especifico para local/equipamento/zona."
"OK_EMPTY_WITH_EXPLICIT_NOTICE","Musculacao","Musculacao > Tatami > Peso corporal > Parte superior > Costas > back_thickness > Remadas horizontais","strength>place_tatami>bodyweight>upper>back>back_thickness>horizontal_rows","0","E. manter aviso, usar fallback ou esconder apos decisao humana","Opcao visivel sem exercicio especifico para local/equipamento/zona."
"OK_EMPTY_WITH_EXPLICIT_NOTICE","Musculacao","Musculacao > Tatami > Peso corporal > Parte superior > Ombros > shoulders_complete","strength>place_tatami>bodyweight>upper>shoulders>shoulders_complete","0","E. manter aviso, usar fallback ou esconder apos decisao humana","Opcao visivel sem exercicio especifico para local/equipamento/zona."
"OK_EMPTY_WITH_EXPLICIT_NOTICE","Musculacao","Musculacao > Tatami > Peso corporal > Parte superior > Ombros > anterior deltoid","strength>place_tatami>bodyweight>upper>shoulders>anterior_deltoid","0","E. manter aviso, usar fallback ou esconder apos decisao humana","Opcao visivel sem exercicio especifico para local/equipamento/zona."
"OK_EMPTY_WITH_EXPLICIT_NOTICE","Musculacao","Musculacao > Tatami > Peso corporal > Parte superior > Ombros > lateral deltoid","strength>place_tatami>bodyweight>upper>shoulders>lateral_deltoid","0","E. manter aviso, usar fallback ou esconder apos decisao humana","Opcao visivel sem exercicio especifico para local/equipamento/zona."
"OK_EMPTY_WITH_EXPLICIT_NOTICE","Musculacao","Musculacao > Tatami > Peso corporal > Parte superior > Ombros > posterior deltoid","strength>place_tatami>bodyweight>upper>shoulders>posterior_deltoid","0","E. manter aviso, usar fallback ou esconder apos decisao humana","Opcao visivel sem exercicio especifico para local/equipamento/zona."
"OK_EMPTY_WITH_EXPLICIT_NOTICE","Musculacao","Musculacao > Tatami > Peso corporal > Parte superior > Ombros > rotator_cuff","strength>place_tatami>bodyweight>upper>shoulders>rotator_cuff","0","E. manter aviso, usar fallback ou esconder apos decisao humana","Opcao visivel sem exercicio especifico para local/equipamento/zona."
"OK_EMPTY_WITH_EXPLICIT_NOTICE","Musculacao","Musculacao > Tatami > Peso corporal > Parte superior > Ombros > external rotators","strength>place_tatami>bodyweight>upper>shoulders>external_rotators","0","E. manter aviso, usar fallback ou esconder apos decisao humana","Opcao visivel sem exercicio especifico para local/equipamento/zona."
"OK_EMPTY_WITH_EXPLICIT_NOTICE","Musculacao","Musculacao > Tatami > Peso corporal > Parte superior > Ombros > internal rotators","strength>place_tatami>bodyweight>upper>shoulders>internal_rotators","0","E. manter aviso, usar fallback ou esconder apos decisao humana","Opcao visivel sem exercicio especifico para local/equipamento/zona."
"OK_EMPTY_WITH_EXPLICIT_NOTICE","Musculacao","Musculacao > Tatami > Peso corporal > Parte superior > Ombros > scapular_stability","strength>place_tatami>bodyweight>upper>shoulders>scapular_stability","0","E. manter aviso, usar fallback ou esconder apos decisao humana","Opcao visivel sem exercicio especifico para local/equipamento/zona."
"OK_EMPTY_WITH_EXPLICIT_NOTICE","Musculacao","Musculacao > Tatami > Peso corporal > Parte superior > Braços > arms_complete","strength>place_tatami>bodyweight>upper>arms>arms_complete","0","E. manter aviso, usar fallback ou esconder apos decisao humana","Opcao visivel sem exercicio especifico para local/equipamento/zona."
"OK_EMPTY_WITH_EXPLICIT_NOTICE","Musculacao","Musculacao > Tatami > Peso corporal > Parte superior > Braços > upper_arm","strength>place_tatami>bodyweight>upper>arms>upper_arm","0","E. manter aviso, usar fallback ou esconder apos decisao humana","Opcao visivel sem exercicio especifico para local/equipamento/zona."
"OK_EMPTY_WITH_EXPLICIT_NOTICE","Musculacao","Musculacao > Tatami > Peso corporal > Parte superior > Braços > upper_arm > Bíceps braquial","strength>place_tatami>bodyweight>upper>arms>upper_arm>biceps_brachii","0","E. manter aviso, usar fallback ou esconder apos decisao humana","Opcao visivel sem exercicio especifico para local/equipamento/zona."
"OK_EMPTY_WITH_EXPLICIT_NOTICE","Musculacao","Musculacao > Tatami > Peso corporal > Parte superior > Braços > upper_arm > Braquial","strength>place_tatami>bodyweight>upper>arms>upper_arm>brachialis","0","E. manter aviso, usar fallback ou esconder apos decisao humana","Opcao visivel sem exercicio especifico para local/equipamento/zona."
"OK_EMPTY_WITH_EXPLICIT_NOTICE","Musculacao","Musculacao > Tatami > Peso corporal > Parte superior > Braços > upper_arm > Braquiorradial","strength>place_tatami>bodyweight>upper>arms>upper_arm>brachioradialis","0","E. manter aviso, usar fallback ou esconder apos decisao humana","Opcao visivel sem exercicio especifico para local/equipamento/zona."
"OK_EMPTY_WITH_EXPLICIT_NOTICE","Musculacao","Musculacao > Tatami > Peso corporal > Parte superior > Braços > upper_arm > Tríceps cabeça longa","strength>place_tatami>bodyweight>upper>arms>upper_arm>triceps_long","0","E. manter aviso, usar fallback ou esconder apos decisao humana","Opcao visivel sem exercicio especifico para local/equipamento/zona."
"OK_EMPTY_WITH_EXPLICIT_NOTICE","Musculacao","Musculacao > Tatami > Peso corporal > Parte superior > Braços > upper_arm > Tríceps cabeça lateral","strength>place_tatami>bodyweight>upper>arms>upper_arm>triceps_lateral","0","E. manter aviso, usar fallback ou esconder apos decisao humana","Opcao visivel sem exercicio especifico para local/equipamento/zona."
"OK_EMPTY_WITH_EXPLICIT_NOTICE","Musculacao","Musculacao > Tatami > Peso corporal > Parte superior > Braços > upper_arm > Tríceps cabeça medial","strength>place_tatami>bodyweight>upper>arms>upper_arm>triceps_medial","0","E. manter aviso, usar fallback ou esconder apos decisao humana","Opcao visivel sem exercicio especifico para local/equipamento/zona."
"OK_EMPTY_WITH_EXPLICIT_NOTICE","Musculacao","Musculacao > Tatami > Peso corporal > Parte superior > Braços > forearm_hand","strength>place_tatami>bodyweight>upper>arms>forearm_hand","0","E. manter aviso, usar fallback ou esconder apos decisao humana","Opcao visivel sem exercicio especifico para local/equipamento/zona."
"OK_EMPTY_WITH_EXPLICIT_NOTICE","Musculacao","Musculacao > Tatami > Peso corporal > Parte superior > Braços > forearm_hand > Antebraço completo","strength>place_tatami>bodyweight>upper>arms>forearm_hand>forearm_complete","0","E. manter aviso, usar fallback ou esconder apos decisao humana","Opcao visivel sem exercicio especifico para local/equipamento/zona."
"OK_EMPTY_WITH_EXPLICIT_NOTICE","Musculacao","Musculacao > Tatami > Peso corporal > Parte superior > Braços > forearm_hand > Flexores do antebraço","strength>place_tatami>bodyweight>upper>arms>forearm_hand>forearm_flexors","0","E. manter aviso, usar fallback ou esconder apos decisao humana","Opcao visivel sem exercicio especifico para local/equipamento/zona."
"OK_EMPTY_WITH_EXPLICIT_NOTICE","Musculacao","Musculacao > Tatami > Peso corporal > Parte superior > Braços > forearm_hand > Extensores do antebraço","strength>place_tatami>bodyweight>upper>arms>forearm_hand>forearm_extensors","0","E. manter aviso, usar fallback ou esconder apos decisao humana","Opcao visivel sem exercicio especifico para local/equipamento/zona."
"OK_EMPTY_WITH_EXPLICIT_NOTICE","Musculacao","Musculacao > Tatami > Peso corporal > Parte superior > Braços > forearm_hand > Pronadores","strength>place_tatami>bodyweight>upper>arms>forearm_hand>pronators","0","E. manter aviso, usar fallback ou esconder apos decisao humana","Opcao visivel sem exercicio especifico para local/equipamento/zona."
"OK_EMPTY_WITH_EXPLICIT_NOTICE","Musculacao","Musculacao > Tatami > Peso corporal > Parte superior > Braços > forearm_hand > Supinadores","strength>place_tatami>bodyweight>upper>arms>forearm_hand>supinators","0","E. manter aviso, usar fallback ou esconder apos decisao humana","Opcao visivel sem exercicio especifico para local/equipamento/zona."
"OK_EMPTY_WITH_EXPLICIT_NOTICE","Musculacao","Musculacao > Tatami > Peso corporal > Parte superior > Braços > forearm_hand > Punho","strength>place_tatami>bodyweight>upper>arms>forearm_hand>wrist","0","E. manter aviso, usar fallback ou esconder apos decisao humana","Opcao visivel sem exercicio especifico para local/equipamento/zona."
"OK_EMPTY_WITH_EXPLICIT_NOTICE","Musculacao","Musculacao > Tatami > Peso corporal > Parte superior > Braços > forearm_hand > Dedos","strength>place_tatami>bodyweight>upper>arms>forearm_hand>fingers","0","E. manter aviso, usar fallback ou esconder apos decisao humana","Opcao visivel sem exercicio especifico para local/equipamento/zona."
"OK_EMPTY_WITH_EXPLICIT_NOTICE","Musculacao","Musculacao > Tatami > Peso corporal > Parte superior > Braços > forearm_hand > Pega de suporte","strength>place_tatami>bodyweight>upper>arms>forearm_hand>support_grip","0","E. manter aviso, usar fallback ou esconder apos decisao humana","Opcao visivel sem exercicio especifico para local/equipamento/zona."
"OK_EMPTY_WITH_EXPLICIT_NOTICE","Musculacao","Musculacao > Tatami > Peso corporal > Parte superior > Braços > forearm_hand > Pega de pinça","strength>place_tatami>bodyweight>upper>arms>forearm_hand>pinch_grip","0","E. manter aviso, usar fallback ou esconder apos decisao humana","Opcao visivel sem exercicio especifico para local/equipamento/zona."
"OK_EMPTY_WITH_EXPLICIT_NOTICE","Musculacao","Musculacao > Tatami > Peso corporal > Parte superior > Braços > forearm_hand > Força de pega geral","strength>place_tatami>bodyweight>upper>arms>forearm_hand>general_grip","0","E. manter aviso, usar fallback ou esconder apos decisao humana","Opcao visivel sem exercicio especifico para local/equipamento/zona."
"OK_EMPTY_WITH_EXPLICIT_NOTICE","Musculacao","Musculacao > Tatami > Peso corporal > Parte superior > Antebraço / punho / mão","strength>place_tatami>bodyweight>upper>forearm_hand","0","E. manter aviso, usar fallback ou esconder apos decisao humana","Opcao visivel sem exercicio especifico para local/equipamento/zona."
"OK_EMPTY_WITH_EXPLICIT_NOTICE","Musculacao","Musculacao > Tatami > Peso corporal > Parte superior > Antebraço / punho / mão > forearm_complete","strength>place_tatami>bodyweight>upper>forearm_hand>forearm_complete","0","E. manter aviso, usar fallback ou esconder apos decisao humana","Opcao visivel sem exercicio especifico para local/equipamento/zona."
"OK_EMPTY_WITH_EXPLICIT_NOTICE","Musculacao","Musculacao > Tatami > Peso corporal > Parte superior > Antebraço / punho / mão > forearm flexors","strength>place_tatami>bodyweight>upper>forearm_hand>forearm_flexors","0","E. manter aviso, usar fallback ou esconder apos decisao humana","Opcao visivel sem exercicio especifico para local/equipamento/zona."
"OK_EMPTY_WITH_EXPLICIT_NOTICE","Musculacao","Musculacao > Tatami > Peso corporal > Parte superior > Antebraço / punho / mão > forearm extensors","strength>place_tatami>bodyweight>upper>forearm_hand>forearm_extensors","0","E. manter aviso, usar fallback ou esconder apos decisao humana","Opcao visivel sem exercicio especifico para local/equipamento/zona."
"OK_EMPTY_WITH_EXPLICIT_NOTICE","Musculacao","Musculacao > Tatami > Peso corporal > Parte superior > Antebraço / punho / mão > pronators","strength>place_tatami>bodyweight>upper>forearm_hand>pronators","0","E. manter aviso, usar fallback ou esconder apos decisao humana","Opcao visivel sem exercicio especifico para local/equipamento/zona."
"OK_EMPTY_WITH_EXPLICIT_NOTICE","Musculacao","Musculacao > Tatami > Peso corporal > Parte superior > Antebraço / punho / mão > supinators","strength>place_tatami>bodyweight>upper>forearm_hand>supinators","0","E. manter aviso, usar fallback ou esconder apos decisao humana","Opcao visivel sem exercicio especifico para local/equipamento/zona."
"OK_EMPTY_WITH_EXPLICIT_NOTICE","Musculacao","Musculacao > Tatami > Peso corporal > Parte superior > Antebraço / punho / mão > wrist","strength>place_tatami>bodyweight>upper>forearm_hand>wrist","0","E. manter aviso, usar fallback ou esconder apos decisao humana","Opcao visivel sem exercicio especifico para local/equipamento/zona."
"OK_EMPTY_WITH_EXPLICIT_NOTICE","Musculacao","Musculacao > Tatami > Peso corporal > Parte superior > Antebraço / punho / mão > fingers","strength>place_tatami>bodyweight>upper>forearm_hand>fingers","0","E. manter aviso, usar fallback ou esconder apos decisao humana","Opcao visivel sem exercicio especifico para local/equipamento/zona."
"OK_EMPTY_WITH_EXPLICIT_NOTICE","Musculacao","Musculacao > Tatami > Peso corporal > Parte superior > Antebraço / punho / mão > support_grip","strength>place_tatami>bodyweight>upper>forearm_hand>support_grip","0","E. manter aviso, usar fallback ou esconder apos decisao humana","Opcao visivel sem exercicio especifico para local/equipamento/zona."
"OK_EMPTY_WITH_EXPLICIT_NOTICE","Musculacao","Musculacao > Tatami > Peso corporal > Parte superior > Antebraço / punho / mão > pinch grip","strength>place_tatami>bodyweight>upper>forearm_hand>pinch_grip","0","E. manter aviso, usar fallback ou esconder apos decisao humana","Opcao visivel sem exercicio especifico para local/equipamento/zona."
"OK_EMPTY_WITH_EXPLICIT_NOTICE","Musculacao","Musculacao > Tatami > Peso corporal > Parte superior > Antebraço / punho / mão > general grip","strength>place_tatami>bodyweight>upper>forearm_hand>general_grip","0","E. manter aviso, usar fallback ou esconder apos decisao humana","Opcao visivel sem exercicio especifico para local/equipamento/zona."
"OK_EMPTY_WITH_EXPLICIT_NOTICE","Musculacao","Musculacao > Tatami > Peso corporal > Core","strength>place_tatami>bodyweight>core","0","E. manter aviso, usar fallback ou esconder apos decisao humana","Opcao visivel sem exercicio especifico para local/equipamento/zona."
"OK_EMPTY_WITH_EXPLICIT_NOTICE","Musculacao","Musculacao > Tatami > Peso corporal > Core > Abdominal","strength>place_tatami>bodyweight>core>abdominal","0","E. manter aviso, usar fallback ou esconder apos decisao humana","Opcao visivel sem exercicio especifico para local/equipamento/zona."
"OK_EMPTY_WITH_EXPLICIT_NOTICE","Musculacao","Musculacao > Tatami > Peso corporal > Core > Oblíquos","strength>place_tatami>bodyweight>core>obliques","0","E. manter aviso, usar fallback ou esconder apos decisao humana","Opcao visivel sem exercicio especifico para local/equipamento/zona."
"OK_EMPTY_WITH_EXPLICIT_NOTICE","Musculacao","Musculacao > Tatami > Peso corporal > Core > Transverso abdominal","strength>place_tatami>bodyweight>core>transverse_abs","0","E. manter aviso, usar fallback ou esconder apos decisao humana","Opcao visivel sem exercicio especifico para local/equipamento/zona."
"OK_EMPTY_WITH_EXPLICIT_NOTICE","Musculacao","Musculacao > Tatami > Peso corporal > Core > Lombar","strength>place_tatami>bodyweight>core>low_back","0","E. manter aviso, usar fallback ou esconder apos decisao humana","Opcao visivel sem exercicio especifico para local/equipamento/zona."
"OK_EMPTY_WITH_EXPLICIT_NOTICE","Musculacao","Musculacao > Tatami > Peso corporal > Core > Estabilidade do core","strength>place_tatami>bodyweight>core>core_stability","0","E. manter aviso, usar fallback ou esconder apos decisao humana","Opcao visivel sem exercicio especifico para local/equipamento/zona."
"OK_EMPTY_WITH_EXPLICIT_NOTICE","Musculacao","Musculacao > Tatami > Peso corporal > Core > Anti-rotação","strength>place_tatami>bodyweight>core>anti_rotation","0","E. manter aviso, usar fallback ou esconder apos decisao humana","Opcao visivel sem exercicio especifico para local/equipamento/zona."
"OK_EMPTY_WITH_EXPLICIT_NOTICE","Musculacao","Musculacao > Tatami > Peso corporal > Core > Anti-extensão","strength>place_tatami>bodyweight>core>anti_extension","0","E. manter aviso, usar fallback ou esconder apos decisao humana","Opcao visivel sem exercicio especifico para local/equipamento/zona."
"OK_EMPTY_WITH_EXPLICIT_NOTICE","Musculacao","Musculacao > Tatami > Peso corporal > Core > Anti-flexão lateral","strength>place_tatami>bodyweight>core>anti_lateral_flexion","0","E. manter aviso, usar fallback ou esconder apos decisao humana","Opcao visivel sem exercicio especifico para local/equipamento/zona."
"OK_EMPTY_WITH_EXPLICIT_NOTICE","Musculacao","Musculacao > Exterior > Peso corporal > Corpo inteiro","strength>place_outdoor>bodyweight>full_body","0","E. manter aviso, usar fallback ou esconder apos decisao humana","Opcao visivel sem exercicio especifico para local/equipamento/zona."
"OK_EMPTY_WITH_EXPLICIT_NOTICE","Musculacao","Musculacao > Exterior > Chão livre > Corpo inteiro","strength>place_outdoor>floor>full_body","0","E. manter aviso, usar fallback ou esconder apos decisao humana","Opcao visivel sem exercicio especifico para local/equipamento/zona."
"OK_EMPTY_WITH_EXPLICIT_NOTICE","Musculacao","Musculacao > Exterior > Espaço exterior para caminhar/correr > Corpo inteiro","strength>place_outdoor>outdoor_space>full_body","0","E. manter aviso, usar fallback ou esconder apos decisao humana","Opcao visivel sem exercicio especifico para local/equipamento/zona."
"OK_EMPTY_WITH_EXPLICIT_NOTICE","Musculacao","Musculacao > Exterior > Peso corporal > Parte superior > Pescoço > neck_complete","strength>place_outdoor>bodyweight>upper>neck>neck_complete","0","E. manter aviso, usar fallback ou esconder apos decisao humana","Opcao visivel sem exercicio especifico para local/equipamento/zona."
"OK_EMPTY_WITH_EXPLICIT_NOTICE","Musculacao","Musculacao > Exterior > Peso corporal > Parte superior > Pescoço > anterior neck","strength>place_outdoor>bodyweight>upper>neck>anterior_neck","0","E. manter aviso, usar fallback ou esconder apos decisao humana","Opcao visivel sem exercicio especifico para local/equipamento/zona."
"OK_EMPTY_WITH_EXPLICIT_NOTICE","Musculacao","Musculacao > Exterior > Peso corporal > Parte superior > Pescoço > posterior neck","strength>place_outdoor>bodyweight>upper>neck>posterior_neck","0","E. manter aviso, usar fallback ou esconder apos decisao humana","Opcao visivel sem exercicio especifico para local/equipamento/zona."
"OK_EMPTY_WITH_EXPLICIT_NOTICE","Musculacao","Musculacao > Exterior > Peso corporal > Parte superior > Pescoço > lateral neck","strength>place_outdoor>bodyweight>upper>neck>lateral_neck","0","E. manter aviso, usar fallback ou esconder apos decisao humana","Opcao visivel sem exercicio especifico para local/equipamento/zona."
"OK_EMPTY_WITH_EXPLICIT_NOTICE","Musculacao","Musculacao > Exterior > Peso corporal > Parte superior > Pescoço > cervical stabilizers","strength>place_outdoor>bodyweight>upper>neck>cervical_stabilizers","0","E. manter aviso, usar fallback ou esconder apos decisao humana","Opcao visivel sem exercicio especifico para local/equipamento/zona."
"OK_EMPTY_WITH_EXPLICIT_NOTICE","Musculacao","Musculacao > Exterior > Peso corporal > Parte superior > Trapézio / cintura escapular","strength>place_outdoor>bodyweight>upper>traps_scapula","0","E. manter aviso, usar fallback ou esconder apos decisao humana","Opcao visivel sem exercicio especifico para local/equipamento/zona."
"OK_EMPTY_WITH_EXPLICIT_NOTICE","Musculacao","Musculacao > Exterior > Peso corporal > Parte superior > Trapézio / cintura escapular > traps_complete","strength>place_outdoor>bodyweight>upper>traps_scapula>traps_complete","0","E. manter aviso, usar fallback ou esconder apos decisao humana","Opcao visivel sem exercicio especifico para local/equipamento/zona."
"OK_EMPTY_WITH_EXPLICIT_NOTICE","Musculacao","Musculacao > Exterior > Peso corporal > Parte superior > Trapézio / cintura escapular > upper traps","strength>place_outdoor>bodyweight>upper>traps_scapula>upper_traps","0","E. manter aviso, usar fallback ou esconder apos decisao humana","Opcao visivel sem exercicio especifico para local/equipamento/zona."
"OK_EMPTY_WITH_EXPLICIT_NOTICE","Musculacao","Musculacao > Exterior > Peso corporal > Parte superior > Trapézio / cintura escapular > mid traps","strength>place_outdoor>bodyweight>upper>traps_scapula>mid_traps","0","E. manter aviso, usar fallback ou esconder apos decisao humana","Opcao visivel sem exercicio especifico para local/equipamento/zona."
"OK_EMPTY_WITH_EXPLICIT_NOTICE","Musculacao","Musculacao > Exterior > Peso corporal > Parte superior > Trapézio / cintura escapular > lower traps","strength>place_outdoor>bodyweight>upper>traps_scapula>lower_traps","0","E. manter aviso, usar fallback ou esconder apos decisao humana","Opcao visivel sem exercicio especifico para local/equipamento/zona."
"OK_EMPTY_WITH_EXPLICIT_NOTICE","Musculacao","Musculacao > Exterior > Peso corporal > Parte superior > Trapézio / cintura escapular > scapular_stability","strength>place_outdoor>bodyweight>upper>traps_scapula>scapular_stability","0","E. manter aviso, usar fallback ou esconder apos decisao humana","Opcao visivel sem exercicio especifico para local/equipamento/zona."
"OK_EMPTY_WITH_EXPLICIT_NOTICE","Musculacao","Musculacao > Exterior > Peso corporal > Parte superior > Peito > chest_complete","strength>place_outdoor>bodyweight>upper>chest>chest_complete","0","E. manter aviso, usar fallback ou esconder apos decisao humana","Opcao visivel sem exercicio especifico para local/equipamento/zona."
"OK_EMPTY_WITH_EXPLICIT_NOTICE","Musculacao","Musculacao > Exterior > Peso corporal > Parte superior > Costas > back_complete","strength>place_outdoor>bodyweight>upper>back>back_complete","0","E. manter aviso, usar fallback ou esconder apos decisao humana","Opcao visivel sem exercicio especifico para local/equipamento/zona."
"OK_EMPTY_WITH_EXPLICIT_NOTICE","Musculacao","Musculacao > Exterior > Peso corporal > Parte superior > Costas > back_upper","strength>place_outdoor>bodyweight>upper>back>back_upper","0","E. manter aviso, usar fallback ou esconder apos decisao humana","Opcao visivel sem exercicio especifico para local/equipamento/zona."
"OK_EMPTY_WITH_EXPLICIT_NOTICE","Musculacao","Musculacao > Exterior > Peso corporal > Parte superior > Costas > back_upper > Trapézio superior","strength>place_outdoor>bodyweight>upper>back>back_upper>upper_traps","0","E. manter aviso, usar fallback ou esconder apos decisao humana","Opcao visivel sem exercicio especifico para local/equipamento/zona."
"OK_EMPTY_WITH_EXPLICIT_NOTICE","Musculacao","Musculacao > Exterior > Peso corporal > Parte superior > Costas > back_upper > Trapézio médio","strength>place_outdoor>bodyweight>upper>back>back_upper>mid_traps","0","E. manter aviso, usar fallback ou esconder apos decisao humana","Opcao visivel sem exercicio especifico para local/equipamento/zona."
"OK_EMPTY_WITH_EXPLICIT_NOTICE","Musculacao","Musculacao > Exterior > Peso corporal > Parte superior > Costas > back_upper > Trapézio inferior","strength>place_outdoor>bodyweight>upper>back>back_upper>lower_traps","0","E. manter aviso, usar fallback ou esconder apos decisao humana","Opcao visivel sem exercicio especifico para local/equipamento/zona."
"OK_EMPTY_WITH_EXPLICIT_NOTICE","Musculacao","Musculacao > Exterior > Peso corporal > Parte superior > Costas > back_upper > Romboides","strength>place_outdoor>bodyweight>upper>back>back_upper>rhomboids","0","E. manter aviso, usar fallback ou esconder apos decisao humana","Opcao visivel sem exercicio especifico para local/equipamento/zona."
"OK_EMPTY_WITH_EXPLICIT_NOTICE","Musculacao","Musculacao > Exterior > Peso corporal > Parte superior > Costas > back_upper > Deltoide posterior","strength>place_outdoor>bodyweight>upper>back>back_upper>posterior_deltoid","0","E. manter aviso, usar fallback ou esconder apos decisao humana","Opcao visivel sem exercicio especifico para local/equipamento/zona."
"OK_EMPTY_WITH_EXPLICIT_NOTICE","Musculacao","Musculacao > Exterior > Peso corporal > Parte superior > Costas > back_upper > Estabilizadores escapulares","strength>place_outdoor>bodyweight>upper>back>back_upper>scapular_stabilizers","0","E. manter aviso, usar fallback ou esconder apos decisao humana","Opcao visivel sem exercicio especifico para local/equipamento/zona."
"OK_EMPTY_WITH_EXPLICIT_NOTICE","Musculacao","Musculacao > Exterior > Peso corporal > Parte superior > Costas > back_mid","strength>place_outdoor>bodyweight>upper>back>back_mid","0","E. manter aviso, usar fallback ou esconder apos decisao humana","Opcao visivel sem exercicio especifico para local/equipamento/zona."
"OK_EMPTY_WITH_EXPLICIT_NOTICE","Musculacao","Musculacao > Exterior > Peso corporal > Parte superior > Costas > back_mid > Romboides","strength>place_outdoor>bodyweight>upper>back>back_mid>rhomboids","0","E. manter aviso, usar fallback ou esconder apos decisao humana","Opcao visivel sem exercicio especifico para local/equipamento/zona."
"OK_EMPTY_WITH_EXPLICIT_NOTICE","Musculacao","Musculacao > Exterior > Peso corporal > Parte superior > Costas > back_mid > Trapézio médio","strength>place_outdoor>bodyweight>upper>back>back_mid>mid_traps","0","E. manter aviso, usar fallback ou esconder apos decisao humana","Opcao visivel sem exercicio especifico para local/equipamento/zona."
"OK_EMPTY_WITH_EXPLICIT_NOTICE","Musculacao","Musculacao > Exterior > Peso corporal > Parte superior > Costas > back_mid > Redondo maior","strength>place_outdoor>bodyweight>upper>back>back_mid>teres_major","0","E. manter aviso, usar fallback ou esconder apos decisao humana","Opcao visivel sem exercicio especifico para local/equipamento/zona."
"OK_EMPTY_WITH_EXPLICIT_NOTICE","Musculacao","Musculacao > Exterior > Peso corporal > Parte superior > Costas > back_mid > Redondo menor","strength>place_outdoor>bodyweight>upper>back>back_mid>teres_minor","0","E. manter aviso, usar fallback ou esconder apos decisao humana","Opcao visivel sem exercicio especifico para local/equipamento/zona."
"OK_EMPTY_WITH_EXPLICIT_NOTICE","Musculacao","Musculacao > Exterior > Peso corporal > Parte superior > Costas > back_mid > Dorsal / latíssimo do dorso","strength>place_outdoor>bodyweight>upper>back>back_mid>latissimus_dorsi","0","E. manter aviso, usar fallback ou esconder apos decisao humana","Opcao visivel sem exercicio especifico para local/equipamento/zona."
"OK_EMPTY_WITH_EXPLICIT_NOTICE","Musculacao","Musculacao > Exterior > Peso corporal > Parte superior > Costas > back_lower","strength>place_outdoor>bodyweight>upper>back>back_lower","0","E. manter aviso, usar fallback ou esconder apos decisao humana","Opcao visivel sem exercicio especifico para local/equipamento/zona."
"OK_EMPTY_WITH_EXPLICIT_NOTICE","Musculacao","Musculacao > Exterior > Peso corporal > Parte superior > Costas > back_lower > Eretores da espinha","strength>place_outdoor>bodyweight>upper>back>back_lower>erectors","0","E. manter aviso, usar fallback ou esconder apos decisao humana","Opcao visivel sem exercicio especifico para local/equipamento/zona."
"OK_EMPTY_WITH_EXPLICIT_NOTICE","Musculacao","Musculacao > Exterior > Peso corporal > Parte superior > Costas > back_lower > Lombar","strength>place_outdoor>bodyweight>upper>back>back_lower>lumbar","0","E. manter aviso, usar fallback ou esconder apos decisao humana","Opcao visivel sem exercicio especifico para local/equipamento/zona."
"OK_EMPTY_WITH_EXPLICIT_NOTICE","Musculacao","Musculacao > Exterior > Peso corporal > Parte superior > Costas > back_lower > Quadrado lombar","strength>place_outdoor>bodyweight>upper>back>back_lower>quadratus_lumborum","0","E. manter aviso, usar fallback ou esconder apos decisao humana","Opcao visivel sem exercicio especifico para local/equipamento/zona."
"OK_EMPTY_WITH_EXPLICIT_NOTICE","Musculacao","Musculacao > Exterior > Peso corporal > Parte superior > Costas > back_lower > Estabilidade lombar","strength>place_outdoor>bodyweight>upper>back>back_lower>lumbar_stability","0","E. manter aviso, usar fallback ou esconder apos decisao humana","Opcao visivel sem exercicio especifico para local/equipamento/zona."
"OK_EMPTY_WITH_EXPLICIT_NOTICE","Musculacao","Musculacao > Exterior > Peso corporal > Parte superior > Costas > back_width","strength>place_outdoor>bodyweight>upper>back>back_width","0","E. manter aviso, usar fallback ou esconder apos decisao humana","Opcao visivel sem exercicio especifico para local/equipamento/zona."
"OK_EMPTY_WITH_EXPLICIT_NOTICE","Musculacao","Musculacao > Exterior > Peso corporal > Parte superior > Costas > back_width > Dorsal / latíssimo do dorso","strength>place_outdoor>bodyweight>upper>back>back_width>latissimus_dorsi","0","E. manter aviso, usar fallback ou esconder apos decisao humana","Opcao visivel sem exercicio especifico para local/equipamento/zona."
"OK_EMPTY_WITH_EXPLICIT_NOTICE","Musculacao","Musculacao > Exterior > Peso corporal > Parte superior > Costas > back_width > Redondo maior","strength>place_outdoor>bodyweight>upper>back>back_width>teres_major","0","E. manter aviso, usar fallback ou esconder apos decisao humana","Opcao visivel sem exercicio especifico para local/equipamento/zona."
"OK_EMPTY_WITH_EXPLICIT_NOTICE","Musculacao","Musculacao > Exterior > Peso corporal > Parte superior > Costas > back_width > Puxadas verticais","strength>place_outdoor>bodyweight>upper>back>back_width>vertical_pulls","0","E. manter aviso, usar fallback ou esconder apos decisao humana","Opcao visivel sem exercicio especifico para local/equipamento/zona."
"OK_EMPTY_WITH_EXPLICIT_NOTICE","Musculacao","Musculacao > Exterior > Peso corporal > Parte superior > Costas > back_thickness","strength>place_outdoor>bodyweight>upper>back>back_thickness","0","E. manter aviso, usar fallback ou esconder apos decisao humana","Opcao visivel sem exercicio especifico para local/equipamento/zona."
"OK_EMPTY_WITH_EXPLICIT_NOTICE","Musculacao","Musculacao > Exterior > Peso corporal > Parte superior > Costas > back_thickness > Romboides","strength>place_outdoor>bodyweight>upper>back>back_thickness>rhomboids","0","E. manter aviso, usar fallback ou esconder apos decisao humana","Opcao visivel sem exercicio especifico para local/equipamento/zona."
"OK_EMPTY_WITH_EXPLICIT_NOTICE","Musculacao","Musculacao > Exterior > Peso corporal > Parte superior > Costas > back_thickness > Trapézio médio","strength>place_outdoor>bodyweight>upper>back>back_thickness>mid_traps","0","E. manter aviso, usar fallback ou esconder apos decisao humana","Opcao visivel sem exercicio especifico para local/equipamento/zona."
"OK_EMPTY_WITH_EXPLICIT_NOTICE","Musculacao","Musculacao > Exterior > Peso corporal > Parte superior > Costas > back_thickness > Trapézio inferior","strength>place_outdoor>bodyweight>upper>back>back_thickness>lower_traps","0","E. manter aviso, usar fallback ou esconder apos decisao humana","Opcao visivel sem exercicio especifico para local/equipamento/zona."
"OK_EMPTY_WITH_EXPLICIT_NOTICE","Musculacao","Musculacao > Exterior > Peso corporal > Parte superior > Costas > back_thickness > Remadas horizontais","strength>place_outdoor>bodyweight>upper>back>back_thickness>horizontal_rows","0","E. manter aviso, usar fallback ou esconder apos decisao humana","Opcao visivel sem exercicio especifico para local/equipamento/zona."
"OK_EMPTY_WITH_EXPLICIT_NOTICE","Musculacao","Musculacao > Exterior > Peso corporal > Parte superior > Ombros > shoulders_complete","strength>place_outdoor>bodyweight>upper>shoulders>shoulders_complete","0","E. manter aviso, usar fallback ou esconder apos decisao humana","Opcao visivel sem exercicio especifico para local/equipamento/zona."
"OK_EMPTY_WITH_EXPLICIT_NOTICE","Musculacao","Musculacao > Exterior > Peso corporal > Parte superior > Ombros > anterior deltoid","strength>place_outdoor>bodyweight>upper>shoulders>anterior_deltoid","0","E. manter aviso, usar fallback ou esconder apos decisao humana","Opcao visivel sem exercicio especifico para local/equipamento/zona."
"OK_EMPTY_WITH_EXPLICIT_NOTICE","Musculacao","Musculacao > Exterior > Peso corporal > Parte superior > Ombros > lateral deltoid","strength>place_outdoor>bodyweight>upper>shoulders>lateral_deltoid","0","E. manter aviso, usar fallback ou esconder apos decisao humana","Opcao visivel sem exercicio especifico para local/equipamento/zona."
"OK_EMPTY_WITH_EXPLICIT_NOTICE","Musculacao","Musculacao > Exterior > Peso corporal > Parte superior > Ombros > posterior deltoid","strength>place_outdoor>bodyweight>upper>shoulders>posterior_deltoid","0","E. manter aviso, usar fallback ou esconder apos decisao humana","Opcao visivel sem exercicio especifico para local/equipamento/zona."
"OK_EMPTY_WITH_EXPLICIT_NOTICE","Musculacao","Musculacao > Exterior > Peso corporal > Parte superior > Ombros > rotator_cuff","strength>place_outdoor>bodyweight>upper>shoulders>rotator_cuff","0","E. manter aviso, usar fallback ou esconder apos decisao humana","Opcao visivel sem exercicio especifico para local/equipamento/zona."
"OK_EMPTY_WITH_EXPLICIT_NOTICE","Musculacao","Musculacao > Exterior > Peso corporal > Parte superior > Ombros > external rotators","strength>place_outdoor>bodyweight>upper>shoulders>external_rotators","0","E. manter aviso, usar fallback ou esconder apos decisao humana","Opcao visivel sem exercicio especifico para local/equipamento/zona."
"OK_EMPTY_WITH_EXPLICIT_NOTICE","Musculacao","Musculacao > Exterior > Peso corporal > Parte superior > Ombros > internal rotators","strength>place_outdoor>bodyweight>upper>shoulders>internal_rotators","0","E. manter aviso, usar fallback ou esconder apos decisao humana","Opcao visivel sem exercicio especifico para local/equipamento/zona."
"OK_EMPTY_WITH_EXPLICIT_NOTICE","Musculacao","Musculacao > Exterior > Peso corporal > Parte superior > Ombros > scapular_stability","strength>place_outdoor>bodyweight>upper>shoulders>scapular_stability","0","E. manter aviso, usar fallback ou esconder apos decisao humana","Opcao visivel sem exercicio especifico para local/equipamento/zona."
"OK_EMPTY_WITH_EXPLICIT_NOTICE","Musculacao","Musculacao > Exterior > Peso corporal > Parte superior > Braços > arms_complete","strength>place_outdoor>bodyweight>upper>arms>arms_complete","0","E. manter aviso, usar fallback ou esconder apos decisao humana","Opcao visivel sem exercicio especifico para local/equipamento/zona."
"OK_EMPTY_WITH_EXPLICIT_NOTICE","Musculacao","Musculacao > Exterior > Peso corporal > Parte superior > Braços > upper_arm","strength>place_outdoor>bodyweight>upper>arms>upper_arm","0","E. manter aviso, usar fallback ou esconder apos decisao humana","Opcao visivel sem exercicio especifico para local/equipamento/zona."
"OK_EMPTY_WITH_EXPLICIT_NOTICE","Musculacao","Musculacao > Exterior > Peso corporal > Parte superior > Braços > upper_arm > Bíceps braquial","strength>place_outdoor>bodyweight>upper>arms>upper_arm>biceps_brachii","0","E. manter aviso, usar fallback ou esconder apos decisao humana","Opcao visivel sem exercicio especifico para local/equipamento/zona."
"OK_EMPTY_WITH_EXPLICIT_NOTICE","Musculacao","Musculacao > Exterior > Peso corporal > Parte superior > Braços > upper_arm > Braquial","strength>place_outdoor>bodyweight>upper>arms>upper_arm>brachialis","0","E. manter aviso, usar fallback ou esconder apos decisao humana","Opcao visivel sem exercicio especifico para local/equipamento/zona."
"OK_EMPTY_WITH_EXPLICIT_NOTICE","Musculacao","Musculacao > Exterior > Peso corporal > Parte superior > Braços > upper_arm > Braquiorradial","strength>place_outdoor>bodyweight>upper>arms>upper_arm>brachioradialis","0","E. manter aviso, usar fallback ou esconder apos decisao humana","Opcao visivel sem exercicio especifico para local/equipamento/zona."
"OK_EMPTY_WITH_EXPLICIT_NOTICE","Musculacao","Musculacao > Exterior > Peso corporal > Parte superior > Braços > upper_arm > Tríceps cabeça longa","strength>place_outdoor>bodyweight>upper>arms>upper_arm>triceps_long","0","E. manter aviso, usar fallback ou esconder apos decisao humana","Opcao visivel sem exercicio especifico para local/equipamento/zona."
"OK_EMPTY_WITH_EXPLICIT_NOTICE","Musculacao","Musculacao > Exterior > Peso corporal > Parte superior > Braços > upper_arm > Tríceps cabeça lateral","strength>place_outdoor>bodyweight>upper>arms>upper_arm>triceps_lateral","0","E. manter aviso, usar fallback ou esconder apos decisao humana","Opcao visivel sem exercicio especifico para local/equipamento/zona."
"OK_EMPTY_WITH_EXPLICIT_NOTICE","Musculacao","Musculacao > Exterior > Peso corporal > Parte superior > Braços > upper_arm > Tríceps cabeça medial","strength>place_outdoor>bodyweight>upper>arms>upper_arm>triceps_medial","0","E. manter aviso, usar fallback ou esconder apos decisao humana","Opcao visivel sem exercicio especifico para local/equipamento/zona."
"OK_EMPTY_WITH_EXPLICIT_NOTICE","Musculacao","Musculacao > Exterior > Peso corporal > Parte superior > Braços > forearm_hand","strength>place_outdoor>bodyweight>upper>arms>forearm_hand","0","E. manter aviso, usar fallback ou esconder apos decisao humana","Opcao visivel sem exercicio especifico para local/equipamento/zona."
"OK_EMPTY_WITH_EXPLICIT_NOTICE","Musculacao","Musculacao > Exterior > Peso corporal > Parte superior > Braços > forearm_hand > Antebraço completo","strength>place_outdoor>bodyweight>upper>arms>forearm_hand>forearm_complete","0","E. manter aviso, usar fallback ou esconder apos decisao humana","Opcao visivel sem exercicio especifico para local/equipamento/zona."
"OK_EMPTY_WITH_EXPLICIT_NOTICE","Musculacao","Musculacao > Exterior > Peso corporal > Parte superior > Braços > forearm_hand > Flexores do antebraço","strength>place_outdoor>bodyweight>upper>arms>forearm_hand>forearm_flexors","0","E. manter aviso, usar fallback ou esconder apos decisao humana","Opcao visivel sem exercicio especifico para local/equipamento/zona."
"OK_EMPTY_WITH_EXPLICIT_NOTICE","Musculacao","Musculacao > Exterior > Peso corporal > Parte superior > Braços > forearm_hand > Extensores do antebraço","strength>place_outdoor>bodyweight>upper>arms>forearm_hand>forearm_extensors","0","E. manter aviso, usar fallback ou esconder apos decisao humana","Opcao visivel sem exercicio especifico para local/equipamento/zona."
"OK_EMPTY_WITH_EXPLICIT_NOTICE","Musculacao","Musculacao > Exterior > Peso corporal > Parte superior > Braços > forearm_hand > Pronadores","strength>place_outdoor>bodyweight>upper>arms>forearm_hand>pronators","0","E. manter aviso, usar fallback ou esconder apos decisao humana","Opcao visivel sem exercicio especifico para local/equipamento/zona."
"OK_EMPTY_WITH_EXPLICIT_NOTICE","Musculacao","Musculacao > Exterior > Peso corporal > Parte superior > Braços > forearm_hand > Supinadores","strength>place_outdoor>bodyweight>upper>arms>forearm_hand>supinators","0","E. manter aviso, usar fallback ou esconder apos decisao humana","Opcao visivel sem exercicio especifico para local/equipamento/zona."
"OK_EMPTY_WITH_EXPLICIT_NOTICE","Musculacao","Musculacao > Exterior > Peso corporal > Parte superior > Braços > forearm_hand > Punho","strength>place_outdoor>bodyweight>upper>arms>forearm_hand>wrist","0","E. manter aviso, usar fallback ou esconder apos decisao humana","Opcao visivel sem exercicio especifico para local/equipamento/zona."
"OK_EMPTY_WITH_EXPLICIT_NOTICE","Musculacao","Musculacao > Exterior > Peso corporal > Parte superior > Braços > forearm_hand > Dedos","strength>place_outdoor>bodyweight>upper>arms>forearm_hand>fingers","0","E. manter aviso, usar fallback ou esconder apos decisao humana","Opcao visivel sem exercicio especifico para local/equipamento/zona."
"OK_EMPTY_WITH_EXPLICIT_NOTICE","Musculacao","Musculacao > Exterior > Peso corporal > Parte superior > Braços > forearm_hand > Pega de suporte","strength>place_outdoor>bodyweight>upper>arms>forearm_hand>support_grip","0","E. manter aviso, usar fallback ou esconder apos decisao humana","Opcao visivel sem exercicio especifico para local/equipamento/zona."
"OK_EMPTY_WITH_EXPLICIT_NOTICE","Musculacao","Musculacao > Exterior > Peso corporal > Parte superior > Braços > forearm_hand > Pega de pinça","strength>place_outdoor>bodyweight>upper>arms>forearm_hand>pinch_grip","0","E. manter aviso, usar fallback ou esconder apos decisao humana","Opcao visivel sem exercicio especifico para local/equipamento/zona."
"OK_EMPTY_WITH_EXPLICIT_NOTICE","Musculacao","Musculacao > Exterior > Peso corporal > Parte superior > Braços > forearm_hand > Força de pega geral","strength>place_outdoor>bodyweight>upper>arms>forearm_hand>general_grip","0","E. manter aviso, usar fallback ou esconder apos decisao humana","Opcao visivel sem exercicio especifico para local/equipamento/zona."
"OK_EMPTY_WITH_EXPLICIT_NOTICE","Musculacao","Musculacao > Exterior > Peso corporal > Parte superior > Antebraço / punho / mão","strength>place_outdoor>bodyweight>upper>forearm_hand","0","E. manter aviso, usar fallback ou esconder apos decisao humana","Opcao visivel sem exercicio especifico para local/equipamento/zona."
"OK_EMPTY_WITH_EXPLICIT_NOTICE","Musculacao","Musculacao > Exterior > Peso corporal > Parte superior > Antebraço / punho / mão > forearm_complete","strength>place_outdoor>bodyweight>upper>forearm_hand>forearm_complete","0","E. manter aviso, usar fallback ou esconder apos decisao humana","Opcao visivel sem exercicio especifico para local/equipamento/zona."
"OK_EMPTY_WITH_EXPLICIT_NOTICE","Musculacao","Musculacao > Exterior > Peso corporal > Parte superior > Antebraço / punho / mão > forearm flexors","strength>place_outdoor>bodyweight>upper>forearm_hand>forearm_flexors","0","E. manter aviso, usar fallback ou esconder apos decisao humana","Opcao visivel sem exercicio especifico para local/equipamento/zona."
"OK_EMPTY_WITH_EXPLICIT_NOTICE","Musculacao","Musculacao > Exterior > Peso corporal > Parte superior > Antebraço / punho / mão > forearm extensors","strength>place_outdoor>bodyweight>upper>forearm_hand>forearm_extensors","0","E. manter aviso, usar fallback ou esconder apos decisao humana","Opcao visivel sem exercicio especifico para local/equipamento/zona."
"OK_EMPTY_WITH_EXPLICIT_NOTICE","Musculacao","Musculacao > Exterior > Peso corporal > Parte superior > Antebraço / punho / mão > pronators","strength>place_outdoor>bodyweight>upper>forearm_hand>pronators","0","E. manter aviso, usar fallback ou esconder apos decisao humana","Opcao visivel sem exercicio especifico para local/equipamento/zona."
"OK_EMPTY_WITH_EXPLICIT_NOTICE","Musculacao","Musculacao > Exterior > Peso corporal > Parte superior > Antebraço / punho / mão > supinators","strength>place_outdoor>bodyweight>upper>forearm_hand>supinators","0","E. manter aviso, usar fallback ou esconder apos decisao humana","Opcao visivel sem exercicio especifico para local/equipamento/zona."
"OK_EMPTY_WITH_EXPLICIT_NOTICE","Musculacao","Musculacao > Exterior > Peso corporal > Parte superior > Antebraço / punho / mão > wrist","strength>place_outdoor>bodyweight>upper>forearm_hand>wrist","0","E. manter aviso, usar fallback ou esconder apos decisao humana","Opcao visivel sem exercicio especifico para local/equipamento/zona."
"OK_EMPTY_WITH_EXPLICIT_NOTICE","Musculacao","Musculacao > Exterior > Peso corporal > Parte superior > Antebraço / punho / mão > fingers","strength>place_outdoor>bodyweight>upper>forearm_hand>fingers","0","E. manter aviso, usar fallback ou esconder apos decisao humana","Opcao visivel sem exercicio especifico para local/equipamento/zona."
"OK_EMPTY_WITH_EXPLICIT_NOTICE","Musculacao","Musculacao > Exterior > Peso corporal > Parte superior > Antebraço / punho / mão > support_grip","strength>place_outdoor>bodyweight>upper>forearm_hand>support_grip","0","E. manter aviso, usar fallback ou esconder apos decisao humana","Opcao visivel sem exercicio especifico para local/equipamento/zona."
"OK_EMPTY_WITH_EXPLICIT_NOTICE","Musculacao","Musculacao > Exterior > Peso corporal > Parte superior > Antebraço / punho / mão > pinch grip","strength>place_outdoor>bodyweight>upper>forearm_hand>pinch_grip","0","E. manter aviso, usar fallback ou esconder apos decisao humana","Opcao visivel sem exercicio especifico para local/equipamento/zona."
"OK_EMPTY_WITH_EXPLICIT_NOTICE","Musculacao","Musculacao > Exterior > Peso corporal > Parte superior > Antebraço / punho / mão > general grip","strength>place_outdoor>bodyweight>upper>forearm_hand>general_grip","0","E. manter aviso, usar fallback ou esconder apos decisao humana","Opcao visivel sem exercicio especifico para local/equipamento/zona."
"OK_EMPTY_WITH_EXPLICIT_NOTICE","Musculacao","Musculacao > Exterior > Peso corporal > Core","strength>place_outdoor>bodyweight>core","0","E. manter aviso, usar fallback ou esconder apos decisao humana","Opcao visivel sem exercicio especifico para local/equipamento/zona."
"OK_EMPTY_WITH_EXPLICIT_NOTICE","Musculacao","Musculacao > Exterior > Peso corporal > Core > Abdominal","strength>place_outdoor>bodyweight>core>abdominal","0","E. manter aviso, usar fallback ou esconder apos decisao humana","Opcao visivel sem exercicio especifico para local/equipamento/zona."
"OK_EMPTY_WITH_EXPLICIT_NOTICE","Musculacao","Musculacao > Exterior > Peso corporal > Core > Oblíquos","strength>place_outdoor>bodyweight>core>obliques","0","E. manter aviso, usar fallback ou esconder apos decisao humana","Opcao visivel sem exercicio especifico para local/equipamento/zona."
"OK_EMPTY_WITH_EXPLICIT_NOTICE","Musculacao","Musculacao > Exterior > Peso corporal > Core > Transverso abdominal","strength>place_outdoor>bodyweight>core>transverse_abs","0","E. manter aviso, usar fallback ou esconder apos decisao humana","Opcao visivel sem exercicio especifico para local/equipamento/zona."
"OK_EMPTY_WITH_EXPLICIT_NOTICE","Musculacao","Musculacao > Exterior > Peso corporal > Core > Lombar","strength>place_outdoor>bodyweight>core>low_back","0","E. manter aviso, usar fallback ou esconder apos decisao humana","Opcao visivel sem exercicio especifico para local/equipamento/zona."
"OK_EMPTY_WITH_EXPLICIT_NOTICE","Musculacao","Musculacao > Exterior > Peso corporal > Core > Estabilidade do core","strength>place_outdoor>bodyweight>core>core_stability","0","E. manter aviso, usar fallback ou esconder apos decisao humana","Opcao visivel sem exercicio especifico para local/equipamento/zona."
"OK_EMPTY_WITH_EXPLICIT_NOTICE","Musculacao","Musculacao > Exterior > Peso corporal > Core > Anti-rotação","strength>place_outdoor>bodyweight>core>anti_rotation","0","E. manter aviso, usar fallback ou esconder apos decisao humana","Opcao visivel sem exercicio especifico para local/equipamento/zona."
"OK_EMPTY_WITH_EXPLICIT_NOTICE","Musculacao","Musculacao > Exterior > Peso corporal > Core > Anti-extensão","strength>place_outdoor>bodyweight>core>anti_extension","0","E. manter aviso, usar fallback ou esconder apos decisao humana","Opcao visivel sem exercicio especifico para local/equipamento/zona."
"OK_EMPTY_WITH_EXPLICIT_NOTICE","Musculacao","Musculacao > Exterior > Peso corporal > Core > Anti-flexão lateral","strength>place_outdoor>bodyweight>core>anti_lateral_flexion","0","E. manter aviso, usar fallback ou esconder apos decisao humana","Opcao visivel sem exercicio especifico para local/equipamento/zona."
"OK_EMPTY_WITH_EXPLICIT_NOTICE","Musculacao","Musculacao > Trabalho ou viagem > Peso corporal > Corpo inteiro","strength>place_work_travel>bodyweight>full_body","0","E. manter aviso, usar fallback ou esconder apos decisao humana","Opcao visivel sem exercicio especifico para local/equipamento/zona."
"OK_EMPTY_WITH_EXPLICIT_NOTICE","Musculacao","Musculacao > Trabalho ou viagem > Chão livre > Corpo inteiro","strength>place_work_travel>floor>full_body","0","E. manter aviso, usar fallback ou esconder apos decisao humana","Opcao visivel sem exercicio especifico para local/equipamento/zona."
"OK_EMPTY_WITH_EXPLICIT_NOTICE","Musculacao","Musculacao > Trabalho ou viagem > Parede estável > Corpo inteiro","strength>place_work_travel>wall>full_body","0","E. manter aviso, usar fallback ou esconder apos decisao humana","Opcao visivel sem exercicio especifico para local/equipamento/zona."
"OK_EMPTY_WITH_EXPLICIT_NOTICE","Musculacao","Musculacao > Trabalho ou viagem > Peso corporal > Parte superior > Pescoço > neck_complete","strength>place_work_travel>bodyweight>upper>neck>neck_complete","0","E. manter aviso, usar fallback ou esconder apos decisao humana","Opcao visivel sem exercicio especifico para local/equipamento/zona."
"OK_EMPTY_WITH_EXPLICIT_NOTICE","Musculacao","Musculacao > Trabalho ou viagem > Peso corporal > Parte superior > Pescoço > anterior neck","strength>place_work_travel>bodyweight>upper>neck>anterior_neck","0","E. manter aviso, usar fallback ou esconder apos decisao humana","Opcao visivel sem exercicio especifico para local/equipamento/zona."
"OK_EMPTY_WITH_EXPLICIT_NOTICE","Musculacao","Musculacao > Trabalho ou viagem > Peso corporal > Parte superior > Pescoço > posterior neck","strength>place_work_travel>bodyweight>upper>neck>posterior_neck","0","E. manter aviso, usar fallback ou esconder apos decisao humana","Opcao visivel sem exercicio especifico para local/equipamento/zona."
"OK_EMPTY_WITH_EXPLICIT_NOTICE","Musculacao","Musculacao > Trabalho ou viagem > Peso corporal > Parte superior > Pescoço > lateral neck","strength>place_work_travel>bodyweight>upper>neck>lateral_neck","0","E. manter aviso, usar fallback ou esconder apos decisao humana","Opcao visivel sem exercicio especifico para local/equipamento/zona."
"OK_EMPTY_WITH_EXPLICIT_NOTICE","Musculacao","Musculacao > Trabalho ou viagem > Peso corporal > Parte superior > Pescoço > cervical stabilizers","strength>place_work_travel>bodyweight>upper>neck>cervical_stabilizers","0","E. manter aviso, usar fallback ou esconder apos decisao humana","Opcao visivel sem exercicio especifico para local/equipamento/zona."
"OK_EMPTY_WITH_EXPLICIT_NOTICE","Musculacao","Musculacao > Trabalho ou viagem > Peso corporal > Parte superior > Trapézio / cintura escapular","strength>place_work_travel>bodyweight>upper>traps_scapula","0","E. manter aviso, usar fallback ou esconder apos decisao humana","Opcao visivel sem exercicio especifico para local/equipamento/zona."
"OK_EMPTY_WITH_EXPLICIT_NOTICE","Musculacao","Musculacao > Trabalho ou viagem > Peso corporal > Parte superior > Trapézio / cintura escapular > traps_complete","strength>place_work_travel>bodyweight>upper>traps_scapula>traps_complete","0","E. manter aviso, usar fallback ou esconder apos decisao humana","Opcao visivel sem exercicio especifico para local/equipamento/zona."
"OK_EMPTY_WITH_EXPLICIT_NOTICE","Musculacao","Musculacao > Trabalho ou viagem > Peso corporal > Parte superior > Trapézio / cintura escapular > upper traps","strength>place_work_travel>bodyweight>upper>traps_scapula>upper_traps","0","E. manter aviso, usar fallback ou esconder apos decisao humana","Opcao visivel sem exercicio especifico para local/equipamento/zona."
"OK_EMPTY_WITH_EXPLICIT_NOTICE","Musculacao","Musculacao > Trabalho ou viagem > Peso corporal > Parte superior > Trapézio / cintura escapular > mid traps","strength>place_work_travel>bodyweight>upper>traps_scapula>mid_traps","0","E. manter aviso, usar fallback ou esconder apos decisao humana","Opcao visivel sem exercicio especifico para local/equipamento/zona."
"OK_EMPTY_WITH_EXPLICIT_NOTICE","Musculacao","Musculacao > Trabalho ou viagem > Peso corporal > Parte superior > Trapézio / cintura escapular > lower traps","strength>place_work_travel>bodyweight>upper>traps_scapula>lower_traps","0","E. manter aviso, usar fallback ou esconder apos decisao humana","Opcao visivel sem exercicio especifico para local/equipamento/zona."
"OK_EMPTY_WITH_EXPLICIT_NOTICE","Musculacao","Musculacao > Trabalho ou viagem > Peso corporal > Parte superior > Trapézio / cintura escapular > scapular_stability","strength>place_work_travel>bodyweight>upper>traps_scapula>scapular_stability","0","E. manter aviso, usar fallback ou esconder apos decisao humana","Opcao visivel sem exercicio especifico para local/equipamento/zona."
"OK_EMPTY_WITH_EXPLICIT_NOTICE","Musculacao","Musculacao > Trabalho ou viagem > Peso corporal > Parte superior > Peito > chest_complete","strength>place_work_travel>bodyweight>upper>chest>chest_complete","0","E. manter aviso, usar fallback ou esconder apos decisao humana","Opcao visivel sem exercicio especifico para local/equipamento/zona."
"OK_EMPTY_WITH_EXPLICIT_NOTICE","Musculacao","Musculacao > Trabalho ou viagem > Peso corporal > Parte superior > Costas > back_complete","strength>place_work_travel>bodyweight>upper>back>back_complete","0","E. manter aviso, usar fallback ou esconder apos decisao humana","Opcao visivel sem exercicio especifico para local/equipamento/zona."
"OK_EMPTY_WITH_EXPLICIT_NOTICE","Musculacao","Musculacao > Trabalho ou viagem > Peso corporal > Parte superior > Costas > back_upper","strength>place_work_travel>bodyweight>upper>back>back_upper","0","E. manter aviso, usar fallback ou esconder apos decisao humana","Opcao visivel sem exercicio especifico para local/equipamento/zona."
"OK_EMPTY_WITH_EXPLICIT_NOTICE","Musculacao","Musculacao > Trabalho ou viagem > Peso corporal > Parte superior > Costas > back_upper > Trapézio superior","strength>place_work_travel>bodyweight>upper>back>back_upper>upper_traps","0","E. manter aviso, usar fallback ou esconder apos decisao humana","Opcao visivel sem exercicio especifico para local/equipamento/zona."
"OK_EMPTY_WITH_EXPLICIT_NOTICE","Musculacao","Musculacao > Trabalho ou viagem > Peso corporal > Parte superior > Costas > back_upper > Trapézio médio","strength>place_work_travel>bodyweight>upper>back>back_upper>mid_traps","0","E. manter aviso, usar fallback ou esconder apos decisao humana","Opcao visivel sem exercicio especifico para local/equipamento/zona."
"OK_EMPTY_WITH_EXPLICIT_NOTICE","Musculacao","Musculacao > Trabalho ou viagem > Peso corporal > Parte superior > Costas > back_upper > Trapézio inferior","strength>place_work_travel>bodyweight>upper>back>back_upper>lower_traps","0","E. manter aviso, usar fallback ou esconder apos decisao humana","Opcao visivel sem exercicio especifico para local/equipamento/zona."
"OK_EMPTY_WITH_EXPLICIT_NOTICE","Musculacao","Musculacao > Trabalho ou viagem > Peso corporal > Parte superior > Costas > back_upper > Romboides","strength>place_work_travel>bodyweight>upper>back>back_upper>rhomboids","0","E. manter aviso, usar fallback ou esconder apos decisao humana","Opcao visivel sem exercicio especifico para local/equipamento/zona."
"OK_EMPTY_WITH_EXPLICIT_NOTICE","Musculacao","Musculacao > Trabalho ou viagem > Peso corporal > Parte superior > Costas > back_upper > Deltoide posterior","strength>place_work_travel>bodyweight>upper>back>back_upper>posterior_deltoid","0","E. manter aviso, usar fallback ou esconder apos decisao humana","Opcao visivel sem exercicio especifico para local/equipamento/zona."
"OK_EMPTY_WITH_EXPLICIT_NOTICE","Musculacao","Musculacao > Trabalho ou viagem > Peso corporal > Parte superior > Costas > back_upper > Estabilizadores escapulares","strength>place_work_travel>bodyweight>upper>back>back_upper>scapular_stabilizers","0","E. manter aviso, usar fallback ou esconder apos decisao humana","Opcao visivel sem exercicio especifico para local/equipamento/zona."
"OK_EMPTY_WITH_EXPLICIT_NOTICE","Musculacao","Musculacao > Trabalho ou viagem > Peso corporal > Parte superior > Costas > back_mid","strength>place_work_travel>bodyweight>upper>back>back_mid","0","E. manter aviso, usar fallback ou esconder apos decisao humana","Opcao visivel sem exercicio especifico para local/equipamento/zona."
"OK_EMPTY_WITH_EXPLICIT_NOTICE","Musculacao","Musculacao > Trabalho ou viagem > Peso corporal > Parte superior > Costas > back_mid > Romboides","strength>place_work_travel>bodyweight>upper>back>back_mid>rhomboids","0","E. manter aviso, usar fallback ou esconder apos decisao humana","Opcao visivel sem exercicio especifico para local/equipamento/zona."
"OK_EMPTY_WITH_EXPLICIT_NOTICE","Musculacao","Musculacao > Trabalho ou viagem > Peso corporal > Parte superior > Costas > back_mid > Trapézio médio","strength>place_work_travel>bodyweight>upper>back>back_mid>mid_traps","0","E. manter aviso, usar fallback ou esconder apos decisao humana","Opcao visivel sem exercicio especifico para local/equipamento/zona."
"OK_EMPTY_WITH_EXPLICIT_NOTICE","Musculacao","Musculacao > Trabalho ou viagem > Peso corporal > Parte superior > Costas > back_mid > Redondo maior","strength>place_work_travel>bodyweight>upper>back>back_mid>teres_major","0","E. manter aviso, usar fallback ou esconder apos decisao humana","Opcao visivel sem exercicio especifico para local/equipamento/zona."
"OK_EMPTY_WITH_EXPLICIT_NOTICE","Musculacao","Musculacao > Trabalho ou viagem > Peso corporal > Parte superior > Costas > back_mid > Redondo menor","strength>place_work_travel>bodyweight>upper>back>back_mid>teres_minor","0","E. manter aviso, usar fallback ou esconder apos decisao humana","Opcao visivel sem exercicio especifico para local/equipamento/zona."
"OK_EMPTY_WITH_EXPLICIT_NOTICE","Musculacao","Musculacao > Trabalho ou viagem > Peso corporal > Parte superior > Costas > back_mid > Dorsal / latíssimo do dorso","strength>place_work_travel>bodyweight>upper>back>back_mid>latissimus_dorsi","0","E. manter aviso, usar fallback ou esconder apos decisao humana","Opcao visivel sem exercicio especifico para local/equipamento/zona."
"OK_EMPTY_WITH_EXPLICIT_NOTICE","Musculacao","Musculacao > Trabalho ou viagem > Peso corporal > Parte superior > Costas > back_lower","strength>place_work_travel>bodyweight>upper>back>back_lower","0","E. manter aviso, usar fallback ou esconder apos decisao humana","Opcao visivel sem exercicio especifico para local/equipamento/zona."
"OK_EMPTY_WITH_EXPLICIT_NOTICE","Musculacao","Musculacao > Trabalho ou viagem > Peso corporal > Parte superior > Costas > back_lower > Eretores da espinha","strength>place_work_travel>bodyweight>upper>back>back_lower>erectors","0","E. manter aviso, usar fallback ou esconder apos decisao humana","Opcao visivel sem exercicio especifico para local/equipamento/zona."
"OK_EMPTY_WITH_EXPLICIT_NOTICE","Musculacao","Musculacao > Trabalho ou viagem > Peso corporal > Parte superior > Costas > back_lower > Lombar","strength>place_work_travel>bodyweight>upper>back>back_lower>lumbar","0","E. manter aviso, usar fallback ou esconder apos decisao humana","Opcao visivel sem exercicio especifico para local/equipamento/zona."
"OK_EMPTY_WITH_EXPLICIT_NOTICE","Musculacao","Musculacao > Trabalho ou viagem > Peso corporal > Parte superior > Costas > back_lower > Quadrado lombar","strength>place_work_travel>bodyweight>upper>back>back_lower>quadratus_lumborum","0","E. manter aviso, usar fallback ou esconder apos decisao humana","Opcao visivel sem exercicio especifico para local/equipamento/zona."
"OK_EMPTY_WITH_EXPLICIT_NOTICE","Musculacao","Musculacao > Trabalho ou viagem > Peso corporal > Parte superior > Costas > back_lower > Estabilidade lombar","strength>place_work_travel>bodyweight>upper>back>back_lower>lumbar_stability","0","E. manter aviso, usar fallback ou esconder apos decisao humana","Opcao visivel sem exercicio especifico para local/equipamento/zona."
"OK_EMPTY_WITH_EXPLICIT_NOTICE","Musculacao","Musculacao > Trabalho ou viagem > Peso corporal > Parte superior > Costas > back_width","strength>place_work_travel>bodyweight>upper>back>back_width","0","E. manter aviso, usar fallback ou esconder apos decisao humana","Opcao visivel sem exercicio especifico para local/equipamento/zona."
"OK_EMPTY_WITH_EXPLICIT_NOTICE","Musculacao","Musculacao > Trabalho ou viagem > Peso corporal > Parte superior > Costas > back_width > Dorsal / latíssimo do dorso","strength>place_work_travel>bodyweight>upper>back>back_width>latissimus_dorsi","0","E. manter aviso, usar fallback ou esconder apos decisao humana","Opcao visivel sem exercicio especifico para local/equipamento/zona."
"OK_EMPTY_WITH_EXPLICIT_NOTICE","Musculacao","Musculacao > Trabalho ou viagem > Peso corporal > Parte superior > Costas > back_width > Redondo maior","strength>place_work_travel>bodyweight>upper>back>back_width>teres_major","0","E. manter aviso, usar fallback ou esconder apos decisao humana","Opcao visivel sem exercicio especifico para local/equipamento/zona."
"OK_EMPTY_WITH_EXPLICIT_NOTICE","Musculacao","Musculacao > Trabalho ou viagem > Peso corporal > Parte superior > Costas > back_width > Puxadas verticais","strength>place_work_travel>bodyweight>upper>back>back_width>vertical_pulls","0","E. manter aviso, usar fallback ou esconder apos decisao humana","Opcao visivel sem exercicio especifico para local/equipamento/zona."
"OK_EMPTY_WITH_EXPLICIT_NOTICE","Musculacao","Musculacao > Trabalho ou viagem > Peso corporal > Parte superior > Costas > back_thickness","strength>place_work_travel>bodyweight>upper>back>back_thickness","0","E. manter aviso, usar fallback ou esconder apos decisao humana","Opcao visivel sem exercicio especifico para local/equipamento/zona."
"OK_EMPTY_WITH_EXPLICIT_NOTICE","Musculacao","Musculacao > Trabalho ou viagem > Peso corporal > Parte superior > Costas > back_thickness > Romboides","strength>place_work_travel>bodyweight>upper>back>back_thickness>rhomboids","0","E. manter aviso, usar fallback ou esconder apos decisao humana","Opcao visivel sem exercicio especifico para local/equipamento/zona."
"OK_EMPTY_WITH_EXPLICIT_NOTICE","Musculacao","Musculacao > Trabalho ou viagem > Peso corporal > Parte superior > Costas > back_thickness > Trapézio médio","strength>place_work_travel>bodyweight>upper>back>back_thickness>mid_traps","0","E. manter aviso, usar fallback ou esconder apos decisao humana","Opcao visivel sem exercicio especifico para local/equipamento/zona."
"OK_EMPTY_WITH_EXPLICIT_NOTICE","Musculacao","Musculacao > Trabalho ou viagem > Peso corporal > Parte superior > Costas > back_thickness > Trapézio inferior","strength>place_work_travel>bodyweight>upper>back>back_thickness>lower_traps","0","E. manter aviso, usar fallback ou esconder apos decisao humana","Opcao visivel sem exercicio especifico para local/equipamento/zona."
"OK_EMPTY_WITH_EXPLICIT_NOTICE","Musculacao","Musculacao > Trabalho ou viagem > Peso corporal > Parte superior > Costas > back_thickness > Remadas horizontais","strength>place_work_travel>bodyweight>upper>back>back_thickness>horizontal_rows","0","E. manter aviso, usar fallback ou esconder apos decisao humana","Opcao visivel sem exercicio especifico para local/equipamento/zona."
"OK_EMPTY_WITH_EXPLICIT_NOTICE","Musculacao","Musculacao > Trabalho ou viagem > Peso corporal > Parte superior > Ombros > shoulders_complete","strength>place_work_travel>bodyweight>upper>shoulders>shoulders_complete","0","E. manter aviso, usar fallback ou esconder apos decisao humana","Opcao visivel sem exercicio especifico para local/equipamento/zona."
"OK_EMPTY_WITH_EXPLICIT_NOTICE","Musculacao","Musculacao > Trabalho ou viagem > Peso corporal > Parte superior > Ombros > anterior deltoid","strength>place_work_travel>bodyweight>upper>shoulders>anterior_deltoid","0","E. manter aviso, usar fallback ou esconder apos decisao humana","Opcao visivel sem exercicio especifico para local/equipamento/zona."
"OK_EMPTY_WITH_EXPLICIT_NOTICE","Musculacao","Musculacao > Trabalho ou viagem > Peso corporal > Parte superior > Ombros > lateral deltoid","strength>place_work_travel>bodyweight>upper>shoulders>lateral_deltoid","0","E. manter aviso, usar fallback ou esconder apos decisao humana","Opcao visivel sem exercicio especifico para local/equipamento/zona."
"OK_EMPTY_WITH_EXPLICIT_NOTICE","Musculacao","Musculacao > Trabalho ou viagem > Peso corporal > Parte superior > Ombros > posterior deltoid","strength>place_work_travel>bodyweight>upper>shoulders>posterior_deltoid","0","E. manter aviso, usar fallback ou esconder apos decisao humana","Opcao visivel sem exercicio especifico para local/equipamento/zona."
"OK_EMPTY_WITH_EXPLICIT_NOTICE","Musculacao","Musculacao > Trabalho ou viagem > Peso corporal > Parte superior > Ombros > rotator_cuff","strength>place_work_travel>bodyweight>upper>shoulders>rotator_cuff","0","E. manter aviso, usar fallback ou esconder apos decisao humana","Opcao visivel sem exercicio especifico para local/equipamento/zona."
"OK_EMPTY_WITH_EXPLICIT_NOTICE","Musculacao","Musculacao > Trabalho ou viagem > Peso corporal > Parte superior > Ombros > external rotators","strength>place_work_travel>bodyweight>upper>shoulders>external_rotators","0","E. manter aviso, usar fallback ou esconder apos decisao humana","Opcao visivel sem exercicio especifico para local/equipamento/zona."
"OK_EMPTY_WITH_EXPLICIT_NOTICE","Musculacao","Musculacao > Trabalho ou viagem > Peso corporal > Parte superior > Ombros > internal rotators","strength>place_work_travel>bodyweight>upper>shoulders>internal_rotators","0","E. manter aviso, usar fallback ou esconder apos decisao humana","Opcao visivel sem exercicio especifico para local/equipamento/zona."
"OK_EMPTY_WITH_EXPLICIT_NOTICE","Musculacao","Musculacao > Trabalho ou viagem > Peso corporal > Parte superior > Ombros > scapular_stability","strength>place_work_travel>bodyweight>upper>shoulders>scapular_stability","0","E. manter aviso, usar fallback ou esconder apos decisao humana","Opcao visivel sem exercicio especifico para local/equipamento/zona."
"OK_EMPTY_WITH_EXPLICIT_NOTICE","Musculacao","Musculacao > Trabalho ou viagem > Peso corporal > Parte superior > Braços > arms_complete","strength>place_work_travel>bodyweight>upper>arms>arms_complete","0","E. manter aviso, usar fallback ou esconder apos decisao humana","Opcao visivel sem exercicio especifico para local/equipamento/zona."
"OK_EMPTY_WITH_EXPLICIT_NOTICE","Musculacao","Musculacao > Trabalho ou viagem > Peso corporal > Parte superior > Braços > upper_arm","strength>place_work_travel>bodyweight>upper>arms>upper_arm","0","E. manter aviso, usar fallback ou esconder apos decisao humana","Opcao visivel sem exercicio especifico para local/equipamento/zona."
"OK_EMPTY_WITH_EXPLICIT_NOTICE","Musculacao","Musculacao > Trabalho ou viagem > Peso corporal > Parte superior > Braços > upper_arm > Bíceps braquial","strength>place_work_travel>bodyweight>upper>arms>upper_arm>biceps_brachii","0","E. manter aviso, usar fallback ou esconder apos decisao humana","Opcao visivel sem exercicio especifico para local/equipamento/zona."
"OK_EMPTY_WITH_EXPLICIT_NOTICE","Musculacao","Musculacao > Trabalho ou viagem > Peso corporal > Parte superior > Braços > upper_arm > Braquial","strength>place_work_travel>bodyweight>upper>arms>upper_arm>brachialis","0","E. manter aviso, usar fallback ou esconder apos decisao humana","Opcao visivel sem exercicio especifico para local/equipamento/zona."
"OK_EMPTY_WITH_EXPLICIT_NOTICE","Musculacao","Musculacao > Trabalho ou viagem > Peso corporal > Parte superior > Braços > upper_arm > Braquiorradial","strength>place_work_travel>bodyweight>upper>arms>upper_arm>brachioradialis","0","E. manter aviso, usar fallback ou esconder apos decisao humana","Opcao visivel sem exercicio especifico para local/equipamento/zona."
"OK_EMPTY_WITH_EXPLICIT_NOTICE","Musculacao","Musculacao > Trabalho ou viagem > Peso corporal > Parte superior > Braços > upper_arm > Tríceps cabeça longa","strength>place_work_travel>bodyweight>upper>arms>upper_arm>triceps_long","0","E. manter aviso, usar fallback ou esconder apos decisao humana","Opcao visivel sem exercicio especifico para local/equipamento/zona."
"OK_EMPTY_WITH_EXPLICIT_NOTICE","Musculacao","Musculacao > Trabalho ou viagem > Peso corporal > Parte superior > Braços > upper_arm > Tríceps cabeça lateral","strength>place_work_travel>bodyweight>upper>arms>upper_arm>triceps_lateral","0","E. manter aviso, usar fallback ou esconder apos decisao humana","Opcao visivel sem exercicio especifico para local/equipamento/zona."
"OK_EMPTY_WITH_EXPLICIT_NOTICE","Musculacao","Musculacao > Trabalho ou viagem > Peso corporal > Parte superior > Braços > upper_arm > Tríceps cabeça medial","strength>place_work_travel>bodyweight>upper>arms>upper_arm>triceps_medial","0","E. manter aviso, usar fallback ou esconder apos decisao humana","Opcao visivel sem exercicio especifico para local/equipamento/zona."
"OK_EMPTY_WITH_EXPLICIT_NOTICE","Musculacao","Musculacao > Trabalho ou viagem > Peso corporal > Parte superior > Braços > forearm_hand","strength>place_work_travel>bodyweight>upper>arms>forearm_hand","0","E. manter aviso, usar fallback ou esconder apos decisao humana","Opcao visivel sem exercicio especifico para local/equipamento/zona."
"OK_EMPTY_WITH_EXPLICIT_NOTICE","Musculacao","Musculacao > Trabalho ou viagem > Peso corporal > Parte superior > Braços > forearm_hand > Antebraço completo","strength>place_work_travel>bodyweight>upper>arms>forearm_hand>forearm_complete","0","E. manter aviso, usar fallback ou esconder apos decisao humana","Opcao visivel sem exercicio especifico para local/equipamento/zona."
"OK_EMPTY_WITH_EXPLICIT_NOTICE","Musculacao","Musculacao > Trabalho ou viagem > Peso corporal > Parte superior > Braços > forearm_hand > Flexores do antebraço","strength>place_work_travel>bodyweight>upper>arms>forearm_hand>forearm_flexors","0","E. manter aviso, usar fallback ou esconder apos decisao humana","Opcao visivel sem exercicio especifico para local/equipamento/zona."
"OK_EMPTY_WITH_EXPLICIT_NOTICE","Musculacao","Musculacao > Trabalho ou viagem > Peso corporal > Parte superior > Braços > forearm_hand > Extensores do antebraço","strength>place_work_travel>bodyweight>upper>arms>forearm_hand>forearm_extensors","0","E. manter aviso, usar fallback ou esconder apos decisao humana","Opcao visivel sem exercicio especifico para local/equipamento/zona."
"OK_EMPTY_WITH_EXPLICIT_NOTICE","Musculacao","Musculacao > Trabalho ou viagem > Peso corporal > Parte superior > Braços > forearm_hand > Pronadores","strength>place_work_travel>bodyweight>upper>arms>forearm_hand>pronators","0","E. manter aviso, usar fallback ou esconder apos decisao humana","Opcao visivel sem exercicio especifico para local/equipamento/zona."
"OK_EMPTY_WITH_EXPLICIT_NOTICE","Musculacao","Musculacao > Trabalho ou viagem > Peso corporal > Parte superior > Braços > forearm_hand > Supinadores","strength>place_work_travel>bodyweight>upper>arms>forearm_hand>supinators","0","E. manter aviso, usar fallback ou esconder apos decisao humana","Opcao visivel sem exercicio especifico para local/equipamento/zona."
"OK_EMPTY_WITH_EXPLICIT_NOTICE","Musculacao","Musculacao > Trabalho ou viagem > Peso corporal > Parte superior > Braços > forearm_hand > Punho","strength>place_work_travel>bodyweight>upper>arms>forearm_hand>wrist","0","E. manter aviso, usar fallback ou esconder apos decisao humana","Opcao visivel sem exercicio especifico para local/equipamento/zona."
"OK_EMPTY_WITH_EXPLICIT_NOTICE","Musculacao","Musculacao > Trabalho ou viagem > Peso corporal > Parte superior > Braços > forearm_hand > Dedos","strength>place_work_travel>bodyweight>upper>arms>forearm_hand>fingers","0","E. manter aviso, usar fallback ou esconder apos decisao humana","Opcao visivel sem exercicio especifico para local/equipamento/zona."
"OK_EMPTY_WITH_EXPLICIT_NOTICE","Musculacao","Musculacao > Trabalho ou viagem > Peso corporal > Parte superior > Braços > forearm_hand > Pega de suporte","strength>place_work_travel>bodyweight>upper>arms>forearm_hand>support_grip","0","E. manter aviso, usar fallback ou esconder apos decisao humana","Opcao visivel sem exercicio especifico para local/equipamento/zona."
"OK_EMPTY_WITH_EXPLICIT_NOTICE","Musculacao","Musculacao > Trabalho ou viagem > Peso corporal > Parte superior > Braços > forearm_hand > Pega de pinça","strength>place_work_travel>bodyweight>upper>arms>forearm_hand>pinch_grip","0","E. manter aviso, usar fallback ou esconder apos decisao humana","Opcao visivel sem exercicio especifico para local/equipamento/zona."
"OK_EMPTY_WITH_EXPLICIT_NOTICE","Musculacao","Musculacao > Trabalho ou viagem > Peso corporal > Parte superior > Braços > forearm_hand > Força de pega geral","strength>place_work_travel>bodyweight>upper>arms>forearm_hand>general_grip","0","E. manter aviso, usar fallback ou esconder apos decisao humana","Opcao visivel sem exercicio especifico para local/equipamento/zona."
"OK_EMPTY_WITH_EXPLICIT_NOTICE","Musculacao","Musculacao > Trabalho ou viagem > Peso corporal > Parte superior > Antebraço / punho / mão","strength>place_work_travel>bodyweight>upper>forearm_hand","0","E. manter aviso, usar fallback ou esconder apos decisao humana","Opcao visivel sem exercicio especifico para local/equipamento/zona."
"OK_EMPTY_WITH_EXPLICIT_NOTICE","Musculacao","Musculacao > Trabalho ou viagem > Peso corporal > Parte superior > Antebraço / punho / mão > forearm_complete","strength>place_work_travel>bodyweight>upper>forearm_hand>forearm_complete","0","E. manter aviso, usar fallback ou esconder apos decisao humana","Opcao visivel sem exercicio especifico para local/equipamento/zona."
"OK_EMPTY_WITH_EXPLICIT_NOTICE","Musculacao","Musculacao > Trabalho ou viagem > Peso corporal > Parte superior > Antebraço / punho / mão > forearm flexors","strength>place_work_travel>bodyweight>upper>forearm_hand>forearm_flexors","0","E. manter aviso, usar fallback ou esconder apos decisao humana","Opcao visivel sem exercicio especifico para local/equipamento/zona."
"OK_EMPTY_WITH_EXPLICIT_NOTICE","Musculacao","Musculacao > Trabalho ou viagem > Peso corporal > Parte superior > Antebraço / punho / mão > forearm extensors","strength>place_work_travel>bodyweight>upper>forearm_hand>forearm_extensors","0","E. manter aviso, usar fallback ou esconder apos decisao humana","Opcao visivel sem exercicio especifico para local/equipamento/zona."
"OK_EMPTY_WITH_EXPLICIT_NOTICE","Musculacao","Musculacao > Trabalho ou viagem > Peso corporal > Parte superior > Antebraço / punho / mão > pronators","strength>place_work_travel>bodyweight>upper>forearm_hand>pronators","0","E. manter aviso, usar fallback ou esconder apos decisao humana","Opcao visivel sem exercicio especifico para local/equipamento/zona."
"OK_EMPTY_WITH_EXPLICIT_NOTICE","Musculacao","Musculacao > Trabalho ou viagem > Peso corporal > Parte superior > Antebraço / punho / mão > supinators","strength>place_work_travel>bodyweight>upper>forearm_hand>supinators","0","E. manter aviso, usar fallback ou esconder apos decisao humana","Opcao visivel sem exercicio especifico para local/equipamento/zona."
"OK_EMPTY_WITH_EXPLICIT_NOTICE","Musculacao","Musculacao > Trabalho ou viagem > Peso corporal > Parte superior > Antebraço / punho / mão > wrist","strength>place_work_travel>bodyweight>upper>forearm_hand>wrist","0","E. manter aviso, usar fallback ou esconder apos decisao humana","Opcao visivel sem exercicio especifico para local/equipamento/zona."
"OK_EMPTY_WITH_EXPLICIT_NOTICE","Musculacao","Musculacao > Trabalho ou viagem > Peso corporal > Parte superior > Antebraço / punho / mão > fingers","strength>place_work_travel>bodyweight>upper>forearm_hand>fingers","0","E. manter aviso, usar fallback ou esconder apos decisao humana","Opcao visivel sem exercicio especifico para local/equipamento/zona."
"OK_EMPTY_WITH_EXPLICIT_NOTICE","Musculacao","Musculacao > Trabalho ou viagem > Peso corporal > Parte superior > Antebraço / punho / mão > support_grip","strength>place_work_travel>bodyweight>upper>forearm_hand>support_grip","0","E. manter aviso, usar fallback ou esconder apos decisao humana","Opcao visivel sem exercicio especifico para local/equipamento/zona."
"OK_EMPTY_WITH_EXPLICIT_NOTICE","Musculacao","Musculacao > Trabalho ou viagem > Peso corporal > Parte superior > Antebraço / punho / mão > pinch grip","strength>place_work_travel>bodyweight>upper>forearm_hand>pinch_grip","0","E. manter aviso, usar fallback ou esconder apos decisao humana","Opcao visivel sem exercicio especifico para local/equipamento/zona."
"OK_EMPTY_WITH_EXPLICIT_NOTICE","Musculacao","Musculacao > Trabalho ou viagem > Peso corporal > Parte superior > Antebraço / punho / mão > general grip","strength>place_work_travel>bodyweight>upper>forearm_hand>general_grip","0","E. manter aviso, usar fallback ou esconder apos decisao humana","Opcao visivel sem exercicio especifico para local/equipamento/zona."
"OK_EMPTY_WITH_EXPLICIT_NOTICE","Musculacao","Musculacao > Trabalho ou viagem > Peso corporal > Core","strength>place_work_travel>bodyweight>core","0","E. manter aviso, usar fallback ou esconder apos decisao humana","Opcao visivel sem exercicio especifico para local/equipamento/zona."
"OK_EMPTY_WITH_EXPLICIT_NOTICE","Musculacao","Musculacao > Trabalho ou viagem > Peso corporal > Core > Abdominal","strength>place_work_travel>bodyweight>core>abdominal","0","E. manter aviso, usar fallback ou esconder apos decisao humana","Opcao visivel sem exercicio especifico para local/equipamento/zona."
"OK_EMPTY_WITH_EXPLICIT_NOTICE","Musculacao","Musculacao > Trabalho ou viagem > Peso corporal > Core > Oblíquos","strength>place_work_travel>bodyweight>core>obliques","0","E. manter aviso, usar fallback ou esconder apos decisao humana","Opcao visivel sem exercicio especifico para local/equipamento/zona."
"OK_EMPTY_WITH_EXPLICIT_NOTICE","Musculacao","Musculacao > Trabalho ou viagem > Peso corporal > Core > Transverso abdominal","strength>place_work_travel>bodyweight>core>transverse_abs","0","E. manter aviso, usar fallback ou esconder apos decisao humana","Opcao visivel sem exercicio especifico para local/equipamento/zona."
"OK_EMPTY_WITH_EXPLICIT_NOTICE","Musculacao","Musculacao > Trabalho ou viagem > Peso corporal > Core > Lombar","strength>place_work_travel>bodyweight>core>low_back","0","E. manter aviso, usar fallback ou esconder apos decisao humana","Opcao visivel sem exercicio especifico para local/equipamento/zona."
"OK_EMPTY_WITH_EXPLICIT_NOTICE","Musculacao","Musculacao > Trabalho ou viagem > Peso corporal > Core > Estabilidade do core","strength>place_work_travel>bodyweight>core>core_stability","0","E. manter aviso, usar fallback ou esconder apos decisao humana","Opcao visivel sem exercicio especifico para local/equipamento/zona."
"OK_EMPTY_WITH_EXPLICIT_NOTICE","Musculacao","Musculacao > Trabalho ou viagem > Peso corporal > Core > Anti-rotação","strength>place_work_travel>bodyweight>core>anti_rotation","0","E. manter aviso, usar fallback ou esconder apos decisao humana","Opcao visivel sem exercicio especifico para local/equipamento/zona."
"OK_EMPTY_WITH_EXPLICIT_NOTICE","Musculacao","Musculacao > Trabalho ou viagem > Peso corporal > Core > Anti-extensão","strength>place_work_travel>bodyweight>core>anti_extension","0","E. manter aviso, usar fallback ou esconder apos decisao humana","Opcao visivel sem exercicio especifico para local/equipamento/zona."
"OK_EMPTY_WITH_EXPLICIT_NOTICE","Musculacao","Musculacao > Trabalho ou viagem > Peso corporal > Core > Anti-flexão lateral","strength>place_work_travel>bodyweight>core>anti_lateral_flexion","0","E. manter aviso, usar fallback ou esconder apos decisao humana","Opcao visivel sem exercicio especifico para local/equipamento/zona."
"OK_EMPTY_WITH_EXPLICIT_NOTICE","Musculacao","Musculacao > Clinica ou fisioterapia > Peso corporal > Corpo inteiro","strength>place_clinic>bodyweight>full_body","0","E. manter aviso, usar fallback ou esconder apos decisao humana","Opcao visivel sem exercicio especifico para local/equipamento/zona."
"OK_EMPTY_WITH_EXPLICIT_NOTICE","Musculacao","Musculacao > Clinica ou fisioterapia > Chão livre > Corpo inteiro","strength>place_clinic>floor>full_body","0","E. manter aviso, usar fallback ou esconder apos decisao humana","Opcao visivel sem exercicio especifico para local/equipamento/zona."
"OK_EMPTY_WITH_EXPLICIT_NOTICE","Musculacao","Musculacao > Clinica ou fisioterapia > Peso corporal > Parte superior > Pescoço > neck_complete","strength>place_clinic>bodyweight>upper>neck>neck_complete","0","E. manter aviso, usar fallback ou esconder apos decisao humana","Opcao visivel sem exercicio especifico para local/equipamento/zona."
"OK_EMPTY_WITH_EXPLICIT_NOTICE","Musculacao","Musculacao > Clinica ou fisioterapia > Peso corporal > Parte superior > Pescoço > anterior neck","strength>place_clinic>bodyweight>upper>neck>anterior_neck","0","E. manter aviso, usar fallback ou esconder apos decisao humana","Opcao visivel sem exercicio especifico para local/equipamento/zona."
"OK_EMPTY_WITH_EXPLICIT_NOTICE","Musculacao","Musculacao > Clinica ou fisioterapia > Peso corporal > Parte superior > Pescoço > posterior neck","strength>place_clinic>bodyweight>upper>neck>posterior_neck","0","E. manter aviso, usar fallback ou esconder apos decisao humana","Opcao visivel sem exercicio especifico para local/equipamento/zona."
"OK_EMPTY_WITH_EXPLICIT_NOTICE","Musculacao","Musculacao > Clinica ou fisioterapia > Peso corporal > Parte superior > Pescoço > lateral neck","strength>place_clinic>bodyweight>upper>neck>lateral_neck","0","E. manter aviso, usar fallback ou esconder apos decisao humana","Opcao visivel sem exercicio especifico para local/equipamento/zona."
"OK_EMPTY_WITH_EXPLICIT_NOTICE","Musculacao","Musculacao > Clinica ou fisioterapia > Peso corporal > Parte superior > Pescoço > cervical stabilizers","strength>place_clinic>bodyweight>upper>neck>cervical_stabilizers","0","E. manter aviso, usar fallback ou esconder apos decisao humana","Opcao visivel sem exercicio especifico para local/equipamento/zona."
"OK_EMPTY_WITH_EXPLICIT_NOTICE","Musculacao","Musculacao > Clinica ou fisioterapia > Peso corporal > Parte superior > Trapézio / cintura escapular","strength>place_clinic>bodyweight>upper>traps_scapula","0","E. manter aviso, usar fallback ou esconder apos decisao humana","Opcao visivel sem exercicio especifico para local/equipamento/zona."
"OK_EMPTY_WITH_EXPLICIT_NOTICE","Musculacao","Musculacao > Clinica ou fisioterapia > Peso corporal > Parte superior > Trapézio / cintura escapular > traps_complete","strength>place_clinic>bodyweight>upper>traps_scapula>traps_complete","0","E. manter aviso, usar fallback ou esconder apos decisao humana","Opcao visivel sem exercicio especifico para local/equipamento/zona."
"OK_EMPTY_WITH_EXPLICIT_NOTICE","Musculacao","Musculacao > Clinica ou fisioterapia > Peso corporal > Parte superior > Trapézio / cintura escapular > upper traps","strength>place_clinic>bodyweight>upper>traps_scapula>upper_traps","0","E. manter aviso, usar fallback ou esconder apos decisao humana","Opcao visivel sem exercicio especifico para local/equipamento/zona."
"OK_EMPTY_WITH_EXPLICIT_NOTICE","Musculacao","Musculacao > Clinica ou fisioterapia > Peso corporal > Parte superior > Trapézio / cintura escapular > mid traps","strength>place_clinic>bodyweight>upper>traps_scapula>mid_traps","0","E. manter aviso, usar fallback ou esconder apos decisao humana","Opcao visivel sem exercicio especifico para local/equipamento/zona."
"OK_EMPTY_WITH_EXPLICIT_NOTICE","Musculacao","Musculacao > Clinica ou fisioterapia > Peso corporal > Parte superior > Trapézio / cintura escapular > lower traps","strength>place_clinic>bodyweight>upper>traps_scapula>lower_traps","0","E. manter aviso, usar fallback ou esconder apos decisao humana","Opcao visivel sem exercicio especifico para local/equipamento/zona."
"OK_EMPTY_WITH_EXPLICIT_NOTICE","Musculacao","Musculacao > Clinica ou fisioterapia > Peso corporal > Parte superior > Trapézio / cintura escapular > scapular_stability","strength>place_clinic>bodyweight>upper>traps_scapula>scapular_stability","0","E. manter aviso, usar fallback ou esconder apos decisao humana","Opcao visivel sem exercicio especifico para local/equipamento/zona."
"OK_EMPTY_WITH_EXPLICIT_NOTICE","Musculacao","Musculacao > Clinica ou fisioterapia > Peso corporal > Parte superior > Peito > chest_complete","strength>place_clinic>bodyweight>upper>chest>chest_complete","0","E. manter aviso, usar fallback ou esconder apos decisao humana","Opcao visivel sem exercicio especifico para local/equipamento/zona."
"OK_EMPTY_WITH_EXPLICIT_NOTICE","Musculacao","Musculacao > Clinica ou fisioterapia > Peso corporal > Parte superior > Costas > back_complete","strength>place_clinic>bodyweight>upper>back>back_complete","0","E. manter aviso, usar fallback ou esconder apos decisao humana","Opcao visivel sem exercicio especifico para local/equipamento/zona."
"OK_EMPTY_WITH_EXPLICIT_NOTICE","Musculacao","Musculacao > Clinica ou fisioterapia > Peso corporal > Parte superior > Costas > back_upper","strength>place_clinic>bodyweight>upper>back>back_upper","0","E. manter aviso, usar fallback ou esconder apos decisao humana","Opcao visivel sem exercicio especifico para local/equipamento/zona."
"OK_EMPTY_WITH_EXPLICIT_NOTICE","Musculacao","Musculacao > Clinica ou fisioterapia > Peso corporal > Parte superior > Costas > back_upper > Trapézio superior","strength>place_clinic>bodyweight>upper>back>back_upper>upper_traps","0","E. manter aviso, usar fallback ou esconder apos decisao humana","Opcao visivel sem exercicio especifico para local/equipamento/zona."
"OK_EMPTY_WITH_EXPLICIT_NOTICE","Musculacao","Musculacao > Clinica ou fisioterapia > Peso corporal > Parte superior > Costas > back_upper > Trapézio médio","strength>place_clinic>bodyweight>upper>back>back_upper>mid_traps","0","E. manter aviso, usar fallback ou esconder apos decisao humana","Opcao visivel sem exercicio especifico para local/equipamento/zona."
"OK_EMPTY_WITH_EXPLICIT_NOTICE","Musculacao","Musculacao > Clinica ou fisioterapia > Peso corporal > Parte superior > Costas > back_upper > Trapézio inferior","strength>place_clinic>bodyweight>upper>back>back_upper>lower_traps","0","E. manter aviso, usar fallback ou esconder apos decisao humana","Opcao visivel sem exercicio especifico para local/equipamento/zona."
"OK_EMPTY_WITH_EXPLICIT_NOTICE","Musculacao","Musculacao > Clinica ou fisioterapia > Peso corporal > Parte superior > Costas > back_upper > Romboides","strength>place_clinic>bodyweight>upper>back>back_upper>rhomboids","0","E. manter aviso, usar fallback ou esconder apos decisao humana","Opcao visivel sem exercicio especifico para local/equipamento/zona."
"OK_EMPTY_WITH_EXPLICIT_NOTICE","Musculacao","Musculacao > Clinica ou fisioterapia > Peso corporal > Parte superior > Costas > back_upper > Deltoide posterior","strength>place_clinic>bodyweight>upper>back>back_upper>posterior_deltoid","0","E. manter aviso, usar fallback ou esconder apos decisao humana","Opcao visivel sem exercicio especifico para local/equipamento/zona."
"OK_EMPTY_WITH_EXPLICIT_NOTICE","Musculacao","Musculacao > Clinica ou fisioterapia > Peso corporal > Parte superior > Costas > back_upper > Estabilizadores escapulares","strength>place_clinic>bodyweight>upper>back>back_upper>scapular_stabilizers","0","E. manter aviso, usar fallback ou esconder apos decisao humana","Opcao visivel sem exercicio especifico para local/equipamento/zona."
"OK_EMPTY_WITH_EXPLICIT_NOTICE","Musculacao","Musculacao > Clinica ou fisioterapia > Peso corporal > Parte superior > Costas > back_mid","strength>place_clinic>bodyweight>upper>back>back_mid","0","E. manter aviso, usar fallback ou esconder apos decisao humana","Opcao visivel sem exercicio especifico para local/equipamento/zona."
"OK_EMPTY_WITH_EXPLICIT_NOTICE","Musculacao","Musculacao > Clinica ou fisioterapia > Peso corporal > Parte superior > Costas > back_mid > Romboides","strength>place_clinic>bodyweight>upper>back>back_mid>rhomboids","0","E. manter aviso, usar fallback ou esconder apos decisao humana","Opcao visivel sem exercicio especifico para local/equipamento/zona."
"OK_EMPTY_WITH_EXPLICIT_NOTICE","Musculacao","Musculacao > Clinica ou fisioterapia > Peso corporal > Parte superior > Costas > back_mid > Trapézio médio","strength>place_clinic>bodyweight>upper>back>back_mid>mid_traps","0","E. manter aviso, usar fallback ou esconder apos decisao humana","Opcao visivel sem exercicio especifico para local/equipamento/zona."
"OK_EMPTY_WITH_EXPLICIT_NOTICE","Musculacao","Musculacao > Clinica ou fisioterapia > Peso corporal > Parte superior > Costas > back_mid > Redondo maior","strength>place_clinic>bodyweight>upper>back>back_mid>teres_major","0","E. manter aviso, usar fallback ou esconder apos decisao humana","Opcao visivel sem exercicio especifico para local/equipamento/zona."
"OK_EMPTY_WITH_EXPLICIT_NOTICE","Musculacao","Musculacao > Clinica ou fisioterapia > Peso corporal > Parte superior > Costas > back_mid > Redondo menor","strength>place_clinic>bodyweight>upper>back>back_mid>teres_minor","0","E. manter aviso, usar fallback ou esconder apos decisao humana","Opcao visivel sem exercicio especifico para local/equipamento/zona."
"OK_EMPTY_WITH_EXPLICIT_NOTICE","Musculacao","Musculacao > Clinica ou fisioterapia > Peso corporal > Parte superior > Costas > back_mid > Dorsal / latíssimo do dorso","strength>place_clinic>bodyweight>upper>back>back_mid>latissimus_dorsi","0","E. manter aviso, usar fallback ou esconder apos decisao humana","Opcao visivel sem exercicio especifico para local/equipamento/zona."
"OK_EMPTY_WITH_EXPLICIT_NOTICE","Musculacao","Musculacao > Clinica ou fisioterapia > Peso corporal > Parte superior > Costas > back_lower","strength>place_clinic>bodyweight>upper>back>back_lower","0","E. manter aviso, usar fallback ou esconder apos decisao humana","Opcao visivel sem exercicio especifico para local/equipamento/zona."
"OK_EMPTY_WITH_EXPLICIT_NOTICE","Musculacao","Musculacao > Clinica ou fisioterapia > Peso corporal > Parte superior > Costas > back_lower > Eretores da espinha","strength>place_clinic>bodyweight>upper>back>back_lower>erectors","0","E. manter aviso, usar fallback ou esconder apos decisao humana","Opcao visivel sem exercicio especifico para local/equipamento/zona."
"OK_EMPTY_WITH_EXPLICIT_NOTICE","Musculacao","Musculacao > Clinica ou fisioterapia > Peso corporal > Parte superior > Costas > back_lower > Lombar","strength>place_clinic>bodyweight>upper>back>back_lower>lumbar","0","E. manter aviso, usar fallback ou esconder apos decisao humana","Opcao visivel sem exercicio especifico para local/equipamento/zona."
"OK_EMPTY_WITH_EXPLICIT_NOTICE","Musculacao","Musculacao > Clinica ou fisioterapia > Peso corporal > Parte superior > Costas > back_lower > Quadrado lombar","strength>place_clinic>bodyweight>upper>back>back_lower>quadratus_lumborum","0","E. manter aviso, usar fallback ou esconder apos decisao humana","Opcao visivel sem exercicio especifico para local/equipamento/zona."
"OK_EMPTY_WITH_EXPLICIT_NOTICE","Musculacao","Musculacao > Clinica ou fisioterapia > Peso corporal > Parte superior > Costas > back_lower > Estabilidade lombar","strength>place_clinic>bodyweight>upper>back>back_lower>lumbar_stability","0","E. manter aviso, usar fallback ou esconder apos decisao humana","Opcao visivel sem exercicio especifico para local/equipamento/zona."
"OK_EMPTY_WITH_EXPLICIT_NOTICE","Musculacao","Musculacao > Clinica ou fisioterapia > Peso corporal > Parte superior > Costas > back_width","strength>place_clinic>bodyweight>upper>back>back_width","0","E. manter aviso, usar fallback ou esconder apos decisao humana","Opcao visivel sem exercicio especifico para local/equipamento/zona."
"OK_EMPTY_WITH_EXPLICIT_NOTICE","Musculacao","Musculacao > Clinica ou fisioterapia > Peso corporal > Parte superior > Costas > back_width > Dorsal / latíssimo do dorso","strength>place_clinic>bodyweight>upper>back>back_width>latissimus_dorsi","0","E. manter aviso, usar fallback ou esconder apos decisao humana","Opcao visivel sem exercicio especifico para local/equipamento/zona."
"OK_EMPTY_WITH_EXPLICIT_NOTICE","Musculacao","Musculacao > Clinica ou fisioterapia > Peso corporal > Parte superior > Costas > back_width > Redondo maior","strength>place_clinic>bodyweight>upper>back>back_width>teres_major","0","E. manter aviso, usar fallback ou esconder apos decisao humana","Opcao visivel sem exercicio especifico para local/equipamento/zona."
"OK_EMPTY_WITH_EXPLICIT_NOTICE","Musculacao","Musculacao > Clinica ou fisioterapia > Peso corporal > Parte superior > Costas > back_width > Puxadas verticais","strength>place_clinic>bodyweight>upper>back>back_width>vertical_pulls","0","E. manter aviso, usar fallback ou esconder apos decisao humana","Opcao visivel sem exercicio especifico para local/equipamento/zona."
"OK_EMPTY_WITH_EXPLICIT_NOTICE","Musculacao","Musculacao > Clinica ou fisioterapia > Peso corporal > Parte superior > Costas > back_thickness","strength>place_clinic>bodyweight>upper>back>back_thickness","0","E. manter aviso, usar fallback ou esconder apos decisao humana","Opcao visivel sem exercicio especifico para local/equipamento/zona."
"OK_EMPTY_WITH_EXPLICIT_NOTICE","Musculacao","Musculacao > Clinica ou fisioterapia > Peso corporal > Parte superior > Costas > back_thickness > Romboides","strength>place_clinic>bodyweight>upper>back>back_thickness>rhomboids","0","E. manter aviso, usar fallback ou esconder apos decisao humana","Opcao visivel sem exercicio especifico para local/equipamento/zona."
"OK_EMPTY_WITH_EXPLICIT_NOTICE","Musculacao","Musculacao > Clinica ou fisioterapia > Peso corporal > Parte superior > Costas > back_thickness > Trapézio médio","strength>place_clinic>bodyweight>upper>back>back_thickness>mid_traps","0","E. manter aviso, usar fallback ou esconder apos decisao humana","Opcao visivel sem exercicio especifico para local/equipamento/zona."
"OK_EMPTY_WITH_EXPLICIT_NOTICE","Musculacao","Musculacao > Clinica ou fisioterapia > Peso corporal > Parte superior > Costas > back_thickness > Trapézio inferior","strength>place_clinic>bodyweight>upper>back>back_thickness>lower_traps","0","E. manter aviso, usar fallback ou esconder apos decisao humana","Opcao visivel sem exercicio especifico para local/equipamento/zona."
"OK_EMPTY_WITH_EXPLICIT_NOTICE","Musculacao","Musculacao > Clinica ou fisioterapia > Peso corporal > Parte superior > Costas > back_thickness > Remadas horizontais","strength>place_clinic>bodyweight>upper>back>back_thickness>horizontal_rows","0","E. manter aviso, usar fallback ou esconder apos decisao humana","Opcao visivel sem exercicio especifico para local/equipamento/zona."
"OK_EMPTY_WITH_EXPLICIT_NOTICE","Musculacao","Musculacao > Clinica ou fisioterapia > Peso corporal > Parte superior > Ombros > shoulders_complete","strength>place_clinic>bodyweight>upper>shoulders>shoulders_complete","0","E. manter aviso, usar fallback ou esconder apos decisao humana","Opcao visivel sem exercicio especifico para local/equipamento/zona."
"OK_EMPTY_WITH_EXPLICIT_NOTICE","Musculacao","Musculacao > Clinica ou fisioterapia > Peso corporal > Parte superior > Ombros > anterior deltoid","strength>place_clinic>bodyweight>upper>shoulders>anterior_deltoid","0","E. manter aviso, usar fallback ou esconder apos decisao humana","Opcao visivel sem exercicio especifico para local/equipamento/zona."
"OK_EMPTY_WITH_EXPLICIT_NOTICE","Musculacao","Musculacao > Clinica ou fisioterapia > Peso corporal > Parte superior > Ombros > lateral deltoid","strength>place_clinic>bodyweight>upper>shoulders>lateral_deltoid","0","E. manter aviso, usar fallback ou esconder apos decisao humana","Opcao visivel sem exercicio especifico para local/equipamento/zona."
"OK_EMPTY_WITH_EXPLICIT_NOTICE","Musculacao","Musculacao > Clinica ou fisioterapia > Peso corporal > Parte superior > Ombros > posterior deltoid","strength>place_clinic>bodyweight>upper>shoulders>posterior_deltoid","0","E. manter aviso, usar fallback ou esconder apos decisao humana","Opcao visivel sem exercicio especifico para local/equipamento/zona."
"OK_EMPTY_WITH_EXPLICIT_NOTICE","Musculacao","Musculacao > Clinica ou fisioterapia > Peso corporal > Parte superior > Ombros > rotator_cuff","strength>place_clinic>bodyweight>upper>shoulders>rotator_cuff","0","E. manter aviso, usar fallback ou esconder apos decisao humana","Opcao visivel sem exercicio especifico para local/equipamento/zona."
"OK_EMPTY_WITH_EXPLICIT_NOTICE","Musculacao","Musculacao > Clinica ou fisioterapia > Peso corporal > Parte superior > Ombros > external rotators","strength>place_clinic>bodyweight>upper>shoulders>external_rotators","0","E. manter aviso, usar fallback ou esconder apos decisao humana","Opcao visivel sem exercicio especifico para local/equipamento/zona."
"OK_EMPTY_WITH_EXPLICIT_NOTICE","Musculacao","Musculacao > Clinica ou fisioterapia > Peso corporal > Parte superior > Ombros > internal rotators","strength>place_clinic>bodyweight>upper>shoulders>internal_rotators","0","E. manter aviso, usar fallback ou esconder apos decisao humana","Opcao visivel sem exercicio especifico para local/equipamento/zona."
"OK_EMPTY_WITH_EXPLICIT_NOTICE","Musculacao","Musculacao > Clinica ou fisioterapia > Peso corporal > Parte superior > Ombros > scapular_stability","strength>place_clinic>bodyweight>upper>shoulders>scapular_stability","0","E. manter aviso, usar fallback ou esconder apos decisao humana","Opcao visivel sem exercicio especifico para local/equipamento/zona."
"OK_EMPTY_WITH_EXPLICIT_NOTICE","Musculacao","Musculacao > Clinica ou fisioterapia > Peso corporal > Parte superior > Braços > arms_complete","strength>place_clinic>bodyweight>upper>arms>arms_complete","0","E. manter aviso, usar fallback ou esconder apos decisao humana","Opcao visivel sem exercicio especifico para local/equipamento/zona."
"OK_EMPTY_WITH_EXPLICIT_NOTICE","Musculacao","Musculacao > Clinica ou fisioterapia > Peso corporal > Parte superior > Braços > upper_arm","strength>place_clinic>bodyweight>upper>arms>upper_arm","0","E. manter aviso, usar fallback ou esconder apos decisao humana","Opcao visivel sem exercicio especifico para local/equipamento/zona."
"OK_EMPTY_WITH_EXPLICIT_NOTICE","Musculacao","Musculacao > Clinica ou fisioterapia > Peso corporal > Parte superior > Braços > upper_arm > Bíceps braquial","strength>place_clinic>bodyweight>upper>arms>upper_arm>biceps_brachii","0","E. manter aviso, usar fallback ou esconder apos decisao humana","Opcao visivel sem exercicio especifico para local/equipamento/zona."
"OK_EMPTY_WITH_EXPLICIT_NOTICE","Musculacao","Musculacao > Clinica ou fisioterapia > Peso corporal > Parte superior > Braços > upper_arm > Braquial","strength>place_clinic>bodyweight>upper>arms>upper_arm>brachialis","0","E. manter aviso, usar fallback ou esconder apos decisao humana","Opcao visivel sem exercicio especifico para local/equipamento/zona."
"OK_EMPTY_WITH_EXPLICIT_NOTICE","Musculacao","Musculacao > Clinica ou fisioterapia > Peso corporal > Parte superior > Braços > upper_arm > Braquiorradial","strength>place_clinic>bodyweight>upper>arms>upper_arm>brachioradialis","0","E. manter aviso, usar fallback ou esconder apos decisao humana","Opcao visivel sem exercicio especifico para local/equipamento/zona."
"OK_EMPTY_WITH_EXPLICIT_NOTICE","Musculacao","Musculacao > Clinica ou fisioterapia > Peso corporal > Parte superior > Braços > upper_arm > Tríceps cabeça longa","strength>place_clinic>bodyweight>upper>arms>upper_arm>triceps_long","0","E. manter aviso, usar fallback ou esconder apos decisao humana","Opcao visivel sem exercicio especifico para local/equipamento/zona."
"OK_EMPTY_WITH_EXPLICIT_NOTICE","Musculacao","Musculacao > Clinica ou fisioterapia > Peso corporal > Parte superior > Braços > upper_arm > Tríceps cabeça lateral","strength>place_clinic>bodyweight>upper>arms>upper_arm>triceps_lateral","0","E. manter aviso, usar fallback ou esconder apos decisao humana","Opcao visivel sem exercicio especifico para local/equipamento/zona."
"OK_EMPTY_WITH_EXPLICIT_NOTICE","Musculacao","Musculacao > Clinica ou fisioterapia > Peso corporal > Parte superior > Braços > upper_arm > Tríceps cabeça medial","strength>place_clinic>bodyweight>upper>arms>upper_arm>triceps_medial","0","E. manter aviso, usar fallback ou esconder apos decisao humana","Opcao visivel sem exercicio especifico para local/equipamento/zona."
"OK_EMPTY_WITH_EXPLICIT_NOTICE","Musculacao","Musculacao > Clinica ou fisioterapia > Peso corporal > Parte superior > Braços > forearm_hand","strength>place_clinic>bodyweight>upper>arms>forearm_hand","0","E. manter aviso, usar fallback ou esconder apos decisao humana","Opcao visivel sem exercicio especifico para local/equipamento/zona."
"OK_EMPTY_WITH_EXPLICIT_NOTICE","Musculacao","Musculacao > Clinica ou fisioterapia > Peso corporal > Parte superior > Braços > forearm_hand > Antebraço completo","strength>place_clinic>bodyweight>upper>arms>forearm_hand>forearm_complete","0","E. manter aviso, usar fallback ou esconder apos decisao humana","Opcao visivel sem exercicio especifico para local/equipamento/zona."
"OK_EMPTY_WITH_EXPLICIT_NOTICE","Musculacao","Musculacao > Clinica ou fisioterapia > Peso corporal > Parte superior > Braços > forearm_hand > Flexores do antebraço","strength>place_clinic>bodyweight>upper>arms>forearm_hand>forearm_flexors","0","E. manter aviso, usar fallback ou esconder apos decisao humana","Opcao visivel sem exercicio especifico para local/equipamento/zona."
"OK_EMPTY_WITH_EXPLICIT_NOTICE","Musculacao","Musculacao > Clinica ou fisioterapia > Peso corporal > Parte superior > Braços > forearm_hand > Extensores do antebraço","strength>place_clinic>bodyweight>upper>arms>forearm_hand>forearm_extensors","0","E. manter aviso, usar fallback ou esconder apos decisao humana","Opcao visivel sem exercicio especifico para local/equipamento/zona."
"OK_EMPTY_WITH_EXPLICIT_NOTICE","Musculacao","Musculacao > Clinica ou fisioterapia > Peso corporal > Parte superior > Braços > forearm_hand > Pronadores","strength>place_clinic>bodyweight>upper>arms>forearm_hand>pronators","0","E. manter aviso, usar fallback ou esconder apos decisao humana","Opcao visivel sem exercicio especifico para local/equipamento/zona."
"OK_EMPTY_WITH_EXPLICIT_NOTICE","Musculacao","Musculacao > Clinica ou fisioterapia > Peso corporal > Parte superior > Braços > forearm_hand > Supinadores","strength>place_clinic>bodyweight>upper>arms>forearm_hand>supinators","0","E. manter aviso, usar fallback ou esconder apos decisao humana","Opcao visivel sem exercicio especifico para local/equipamento/zona."
"OK_EMPTY_WITH_EXPLICIT_NOTICE","Musculacao","Musculacao > Clinica ou fisioterapia > Peso corporal > Parte superior > Braços > forearm_hand > Punho","strength>place_clinic>bodyweight>upper>arms>forearm_hand>wrist","0","E. manter aviso, usar fallback ou esconder apos decisao humana","Opcao visivel sem exercicio especifico para local/equipamento/zona."
"OK_EMPTY_WITH_EXPLICIT_NOTICE","Musculacao","Musculacao > Clinica ou fisioterapia > Peso corporal > Parte superior > Braços > forearm_hand > Dedos","strength>place_clinic>bodyweight>upper>arms>forearm_hand>fingers","0","E. manter aviso, usar fallback ou esconder apos decisao humana","Opcao visivel sem exercicio especifico para local/equipamento/zona."
"OK_EMPTY_WITH_EXPLICIT_NOTICE","Musculacao","Musculacao > Clinica ou fisioterapia > Peso corporal > Parte superior > Braços > forearm_hand > Pega de suporte","strength>place_clinic>bodyweight>upper>arms>forearm_hand>support_grip","0","E. manter aviso, usar fallback ou esconder apos decisao humana","Opcao visivel sem exercicio especifico para local/equipamento/zona."
"OK_EMPTY_WITH_EXPLICIT_NOTICE","Musculacao","Musculacao > Clinica ou fisioterapia > Peso corporal > Parte superior > Braços > forearm_hand > Pega de pinça","strength>place_clinic>bodyweight>upper>arms>forearm_hand>pinch_grip","0","E. manter aviso, usar fallback ou esconder apos decisao humana","Opcao visivel sem exercicio especifico para local/equipamento/zona."
"OK_EMPTY_WITH_EXPLICIT_NOTICE","Musculacao","Musculacao > Clinica ou fisioterapia > Peso corporal > Parte superior > Braços > forearm_hand > Força de pega geral","strength>place_clinic>bodyweight>upper>arms>forearm_hand>general_grip","0","E. manter aviso, usar fallback ou esconder apos decisao humana","Opcao visivel sem exercicio especifico para local/equipamento/zona."
"OK_EMPTY_WITH_EXPLICIT_NOTICE","Musculacao","Musculacao > Clinica ou fisioterapia > Peso corporal > Parte superior > Antebraço / punho / mão","strength>place_clinic>bodyweight>upper>forearm_hand","0","E. manter aviso, usar fallback ou esconder apos decisao humana","Opcao visivel sem exercicio especifico para local/equipamento/zona."
"OK_EMPTY_WITH_EXPLICIT_NOTICE","Musculacao","Musculacao > Clinica ou fisioterapia > Peso corporal > Parte superior > Antebraço / punho / mão > forearm_complete","strength>place_clinic>bodyweight>upper>forearm_hand>forearm_complete","0","E. manter aviso, usar fallback ou esconder apos decisao humana","Opcao visivel sem exercicio especifico para local/equipamento/zona."
"OK_EMPTY_WITH_EXPLICIT_NOTICE","Musculacao","Musculacao > Clinica ou fisioterapia > Peso corporal > Parte superior > Antebraço / punho / mão > forearm flexors","strength>place_clinic>bodyweight>upper>forearm_hand>forearm_flexors","0","E. manter aviso, usar fallback ou esconder apos decisao humana","Opcao visivel sem exercicio especifico para local/equipamento/zona."
"OK_EMPTY_WITH_EXPLICIT_NOTICE","Musculacao","Musculacao > Clinica ou fisioterapia > Peso corporal > Parte superior > Antebraço / punho / mão > forearm extensors","strength>place_clinic>bodyweight>upper>forearm_hand>forearm_extensors","0","E. manter aviso, usar fallback ou esconder apos decisao humana","Opcao visivel sem exercicio especifico para local/equipamento/zona."
"OK_EMPTY_WITH_EXPLICIT_NOTICE","Musculacao","Musculacao > Clinica ou fisioterapia > Peso corporal > Parte superior > Antebraço / punho / mão > pronators","strength>place_clinic>bodyweight>upper>forearm_hand>pronators","0","E. manter aviso, usar fallback ou esconder apos decisao humana","Opcao visivel sem exercicio especifico para local/equipamento/zona."
"OK_EMPTY_WITH_EXPLICIT_NOTICE","Musculacao","Musculacao > Clinica ou fisioterapia > Peso corporal > Parte superior > Antebraço / punho / mão > supinators","strength>place_clinic>bodyweight>upper>forearm_hand>supinators","0","E. manter aviso, usar fallback ou esconder apos decisao humana","Opcao visivel sem exercicio especifico para local/equipamento/zona."
"OK_EMPTY_WITH_EXPLICIT_NOTICE","Musculacao","Musculacao > Clinica ou fisioterapia > Peso corporal > Parte superior > Antebraço / punho / mão > wrist","strength>place_clinic>bodyweight>upper>forearm_hand>wrist","0","E. manter aviso, usar fallback ou esconder apos decisao humana","Opcao visivel sem exercicio especifico para local/equipamento/zona."
"OK_EMPTY_WITH_EXPLICIT_NOTICE","Musculacao","Musculacao > Clinica ou fisioterapia > Peso corporal > Parte superior > Antebraço / punho / mão > fingers","strength>place_clinic>bodyweight>upper>forearm_hand>fingers","0","E. manter aviso, usar fallback ou esconder apos decisao humana","Opcao visivel sem exercicio especifico para local/equipamento/zona."
"OK_EMPTY_WITH_EXPLICIT_NOTICE","Musculacao","Musculacao > Clinica ou fisioterapia > Peso corporal > Parte superior > Antebraço / punho / mão > support_grip","strength>place_clinic>bodyweight>upper>forearm_hand>support_grip","0","E. manter aviso, usar fallback ou esconder apos decisao humana","Opcao visivel sem exercicio especifico para local/equipamento/zona."
"OK_EMPTY_WITH_EXPLICIT_NOTICE","Musculacao","Musculacao > Clinica ou fisioterapia > Peso corporal > Parte superior > Antebraço / punho / mão > pinch grip","strength>place_clinic>bodyweight>upper>forearm_hand>pinch_grip","0","E. manter aviso, usar fallback ou esconder apos decisao humana","Opcao visivel sem exercicio especifico para local/equipamento/zona."
"OK_EMPTY_WITH_EXPLICIT_NOTICE","Musculacao","Musculacao > Clinica ou fisioterapia > Peso corporal > Parte superior > Antebraço / punho / mão > general grip","strength>place_clinic>bodyweight>upper>forearm_hand>general_grip","0","E. manter aviso, usar fallback ou esconder apos decisao humana","Opcao visivel sem exercicio especifico para local/equipamento/zona."
"OK_EMPTY_WITH_EXPLICIT_NOTICE","Musculacao","Musculacao > Clinica ou fisioterapia > Peso corporal > Core","strength>place_clinic>bodyweight>core","0","E. manter aviso, usar fallback ou esconder apos decisao humana","Opcao visivel sem exercicio especifico para local/equipamento/zona."
"OK_EMPTY_WITH_EXPLICIT_NOTICE","Musculacao","Musculacao > Clinica ou fisioterapia > Peso corporal > Core > Abdominal","strength>place_clinic>bodyweight>core>abdominal","0","E. manter aviso, usar fallback ou esconder apos decisao humana","Opcao visivel sem exercicio especifico para local/equipamento/zona."
"OK_EMPTY_WITH_EXPLICIT_NOTICE","Musculacao","Musculacao > Clinica ou fisioterapia > Peso corporal > Core > Oblíquos","strength>place_clinic>bodyweight>core>obliques","0","E. manter aviso, usar fallback ou esconder apos decisao humana","Opcao visivel sem exercicio especifico para local/equipamento/zona."
"OK_EMPTY_WITH_EXPLICIT_NOTICE","Musculacao","Musculacao > Clinica ou fisioterapia > Peso corporal > Core > Transverso abdominal","strength>place_clinic>bodyweight>core>transverse_abs","0","E. manter aviso, usar fallback ou esconder apos decisao humana","Opcao visivel sem exercicio especifico para local/equipamento/zona."
"OK_EMPTY_WITH_EXPLICIT_NOTICE","Musculacao","Musculacao > Clinica ou fisioterapia > Peso corporal > Core > Lombar","strength>place_clinic>bodyweight>core>low_back","0","E. manter aviso, usar fallback ou esconder apos decisao humana","Opcao visivel sem exercicio especifico para local/equipamento/zona."
"OK_EMPTY_WITH_EXPLICIT_NOTICE","Musculacao","Musculacao > Clinica ou fisioterapia > Peso corporal > Core > Estabilidade do core","strength>place_clinic>bodyweight>core>core_stability","0","E. manter aviso, usar fallback ou esconder apos decisao humana","Opcao visivel sem exercicio especifico para local/equipamento/zona."
"OK_EMPTY_WITH_EXPLICIT_NOTICE","Musculacao","Musculacao > Clinica ou fisioterapia > Peso corporal > Core > Anti-rotação","strength>place_clinic>bodyweight>core>anti_rotation","0","E. manter aviso, usar fallback ou esconder apos decisao humana","Opcao visivel sem exercicio especifico para local/equipamento/zona."
"OK_EMPTY_WITH_EXPLICIT_NOTICE","Musculacao","Musculacao > Clinica ou fisioterapia > Peso corporal > Core > Anti-extensão","strength>place_clinic>bodyweight>core>anti_extension","0","E. manter aviso, usar fallback ou esconder apos decisao humana","Opcao visivel sem exercicio especifico para local/equipamento/zona."
"OK_EMPTY_WITH_EXPLICIT_NOTICE","Musculacao","Musculacao > Clinica ou fisioterapia > Peso corporal > Core > Anti-flexão lateral","strength>place_clinic>bodyweight>core>anti_lateral_flexion","0","E. manter aviso, usar fallback ou esconder apos decisao humana","Opcao visivel sem exercicio especifico para local/equipamento/zona."
"OK_EMPTY_WITH_EXPLICIT_NOTICE","Artes marciais","Artes marciais > Dojo > Kihon > Karate","martial_arts>place_dojo>kihon>karate","0","E. manter aviso, usar fallback ou esconder apos decisao humana","Foco/modalidade marcial visivel sem conteudo especifico."
"OK_EMPTY_WITH_EXPLICIT_NOTICE","Artes marciais","Artes marciais > Dojo > Kata > Karate","martial_arts>place_dojo>kata>karate","0","E. manter aviso, usar fallback ou esconder apos decisao humana","Foco/modalidade marcial visivel sem conteudo especifico."
"OK_EMPTY_WITH_EXPLICIT_NOTICE","Artes marciais","Artes marciais > Dojo > Kumite técnico > Karate","martial_arts>place_dojo>kumite_technical>karate","0","E. manter aviso, usar fallback ou esconder apos decisao humana","Foco/modalidade marcial visivel sem conteudo especifico."
"OK_EMPTY_WITH_EXPLICIT_NOTICE","Artes marciais","Artes marciais > Dojo > Sombra de Karate > Karate","martial_arts>place_dojo>karate_shadow>karate","0","E. manter aviso, usar fallback ou esconder apos decisao humana","Foco/modalidade marcial visivel sem conteudo especifico."
"OK_EMPTY_WITH_EXPLICIT_NOTICE","Artes marciais","Artes marciais > Dojo > Deslocamentos > Karate","martial_arts>place_dojo>karate_footwork>karate","0","E. manter aviso, usar fallback ou esconder apos decisao humana","Foco/modalidade marcial visivel sem conteudo especifico."
"OK_EMPTY_WITH_EXPLICIT_NOTICE","Artes marciais","Artes marciais > Dojo > Bases (dachi) > Karate","martial_arts>place_dojo>karate_stances>karate","0","E. manter aviso, usar fallback ou esconder apos decisao humana","Foco/modalidade marcial visivel sem conteudo especifico."
"OK_EMPTY_WITH_EXPLICIT_NOTICE","Artes marciais","Artes marciais > Dojo > Guarda > Karate","martial_arts>place_dojo>karate_guard>karate","0","E. manter aviso, usar fallback ou esconder apos decisao humana","Foco/modalidade marcial visivel sem conteudo especifico."
"OK_EMPTY_WITH_EXPLICIT_NOTICE","Artes marciais","Artes marciais > Dojo > Socos técnicos > Karate","martial_arts>place_dojo>karate_punches>karate","0","E. manter aviso, usar fallback ou esconder apos decisao humana","Foco/modalidade marcial visivel sem conteudo especifico."
"OK_EMPTY_WITH_EXPLICIT_NOTICE","Artes marciais","Artes marciais > Dojo > Pontapés técnicos > Karate","martial_arts>place_dojo>karate_kicks>karate","0","E. manter aviso, usar fallback ou esconder apos decisao humana","Foco/modalidade marcial visivel sem conteudo especifico."
"OK_EMPTY_WITH_EXPLICIT_NOTICE","Artes marciais","Artes marciais > Dojo > Bloqueios > Karate","martial_arts>place_dojo>karate_blocks>karate","0","E. manter aviso, usar fallback ou esconder apos decisao humana","Foco/modalidade marcial visivel sem conteudo especifico."
"OK_EMPTY_WITH_EXPLICIT_NOTICE","Artes marciais","Artes marciais > Dojo > Esquivas / tai-sabaki > Karate","martial_arts>place_dojo>karate_evasions>karate","0","E. manter aviso, usar fallback ou esconder apos decisao humana","Foco/modalidade marcial visivel sem conteudo especifico."
"OK_EMPTY_WITH_EXPLICIT_NOTICE","Artes marciais","Artes marciais > Dojo > Joelhadas > Karate","martial_arts>place_dojo>karate_knees>karate","0","E. manter aviso, usar fallback ou esconder apos decisao humana","Foco/modalidade marcial visivel sem conteudo especifico."
"OK_EMPTY_WITH_EXPLICIT_NOTICE","Artes marciais","Artes marciais > Dojo > Trabalho ao saco > Karate","martial_arts>place_dojo>karate_bag>karate","0","E. manter aviso, usar fallback ou esconder apos decisao humana","Foco/modalidade marcial visivel sem conteudo especifico."
"OK_EMPTY_WITH_EXPLICIT_NOTICE","Artes marciais","Artes marciais > Dojo > Mobilidade para Karate > Karate","martial_arts>place_dojo>karate_mobility>karate","0","E. manter aviso, usar fallback ou esconder apos decisao humana","Foco/modalidade marcial visivel sem conteudo especifico."
"OK_EMPTY_WITH_EXPLICIT_NOTICE","Artes marciais","Artes marciais > Dojo > Condicionamento para Karate > Karate","martial_arts>place_dojo>karate_conditioning>karate","0","E. manter aviso, usar fallback ou esconder apos decisao humana","Foco/modalidade marcial visivel sem conteudo especifico."
"OK_EMPTY_WITH_EXPLICIT_NOTICE","Artes marciais","Artes marciais > Dojo > Shrimp / fuga de anca > Jiu-Jitsu","martial_arts>place_dojo>shrimp>jiu_jitsu","0","E. manter aviso, usar fallback ou esconder apos decisao humana","Foco/modalidade marcial visivel sem conteudo especifico."
"OK_EMPTY_WITH_EXPLICIT_NOTICE","Artes marciais","Artes marciais > Dojo > Ponte de grappling > Jiu-Jitsu","martial_arts>place_dojo>grappling_bridge>jiu_jitsu","0","E. manter aviso, usar fallback ou esconder apos decisao humana","Foco/modalidade marcial visivel sem conteudo especifico."
"OK_EMPTY_WITH_EXPLICIT_NOTICE","Artes marciais","Artes marciais > Dojo > Technical stand-up > Jiu-Jitsu","martial_arts>place_dojo>technical_stand_up>jiu_jitsu","0","E. manter aviso, usar fallback ou esconder apos decisao humana","Foco/modalidade marcial visivel sem conteudo especifico."
"OK_EMPTY_WITH_EXPLICIT_NOTICE","Artes marciais","Artes marciais > Dojo > Rolamentos > Jiu-Jitsu","martial_arts>place_dojo>jiu_jitsu_rolls>jiu_jitsu","0","E. manter aviso, usar fallback ou esconder apos decisao humana","Foco/modalidade marcial visivel sem conteudo especifico."
"OK_EMPTY_WITH_EXPLICIT_NOTICE","Artes marciais","Artes marciais > Dojo > Breakfalls / ukemi > Jiu-Jitsu","martial_arts>place_dojo>jiu_jitsu_breakfalls>jiu_jitsu","0","E. manter aviso, usar fallback ou esconder apos decisao humana","Foco/modalidade marcial visivel sem conteudo especifico."
"OK_EMPTY_WITH_EXPLICIT_NOTICE","Artes marciais","Artes marciais > Dojo > Inversões > Jiu-Jitsu","martial_arts>place_dojo>jiu_jitsu_inversions>jiu_jitsu","0","E. manter aviso, usar fallback ou esconder apos decisao humana","Foco/modalidade marcial visivel sem conteudo especifico."
"OK_EMPTY_WITH_EXPLICIT_NOTICE","Artes marciais","Artes marciais > Dojo > Guarda > Jiu-Jitsu","martial_arts>place_dojo>jiu_jitsu_guard>jiu_jitsu","0","E. manter aviso, usar fallback ou esconder apos decisao humana","Foco/modalidade marcial visivel sem conteudo especifico."
"OK_EMPTY_WITH_EXPLICIT_NOTICE","Artes marciais","Artes marciais > Dojo > Passagem de guarda > Jiu-Jitsu","martial_arts>place_dojo>guard_passing>jiu_jitsu","0","E. manter aviso, usar fallback ou esconder apos decisao humana","Foco/modalidade marcial visivel sem conteudo especifico."
"OK_EMPTY_WITH_EXPLICIT_NOTICE","Artes marciais","Artes marciais > Dojo > Força de pega > Jiu-Jitsu","martial_arts>place_dojo>jiu_jitsu_grip>jiu_jitsu","0","E. manter aviso, usar fallback ou esconder apos decisao humana","Foco/modalidade marcial visivel sem conteudo especifico."
"OK_EMPTY_WITH_EXPLICIT_NOTICE","Artes marciais","Artes marciais > Dojo > Core para Jiu-Jitsu > Jiu-Jitsu","martial_arts>place_dojo>jiu_jitsu_core>jiu_jitsu","0","E. manter aviso, usar fallback ou esconder apos decisao humana","Foco/modalidade marcial visivel sem conteudo especifico."
"OK_EMPTY_WITH_EXPLICIT_NOTICE","Artes marciais","Artes marciais > Dojo > Mobilidade para Jiu-Jitsu > Jiu-Jitsu","martial_arts>place_dojo>jiu_jitsu_mobility>jiu_jitsu","0","E. manter aviso, usar fallback ou esconder apos decisao humana","Foco/modalidade marcial visivel sem conteudo especifico."
"OK_EMPTY_WITH_EXPLICIT_NOTICE","Artes marciais","Artes marciais > Dojo > Condicionamento para Jiu-Jitsu > Jiu-Jitsu","martial_arts>place_dojo>jiu_jitsu_conditioning>jiu_jitsu","0","E. manter aviso, usar fallback ou esconder apos decisao humana","Foco/modalidade marcial visivel sem conteudo especifico."
"OK_EMPTY_WITH_EXPLICIT_NOTICE","Artes marciais","Artes marciais > Tatami > Kihon > Karate","martial_arts>place_tatami>kihon>karate","0","E. manter aviso, usar fallback ou esconder apos decisao humana","Foco/modalidade marcial visivel sem conteudo especifico."
"OK_EMPTY_WITH_EXPLICIT_NOTICE","Artes marciais","Artes marciais > Tatami > Kata > Karate","martial_arts>place_tatami>kata>karate","0","E. manter aviso, usar fallback ou esconder apos decisao humana","Foco/modalidade marcial visivel sem conteudo especifico."
"OK_EMPTY_WITH_EXPLICIT_NOTICE","Artes marciais","Artes marciais > Tatami > Kumite técnico > Karate","martial_arts>place_tatami>kumite_technical>karate","0","E. manter aviso, usar fallback ou esconder apos decisao humana","Foco/modalidade marcial visivel sem conteudo especifico."
"OK_EMPTY_WITH_EXPLICIT_NOTICE","Artes marciais","Artes marciais > Tatami > Sombra de Karate > Karate","martial_arts>place_tatami>karate_shadow>karate","0","E. manter aviso, usar fallback ou esconder apos decisao humana","Foco/modalidade marcial visivel sem conteudo especifico."
"OK_EMPTY_WITH_EXPLICIT_NOTICE","Artes marciais","Artes marciais > Tatami > Deslocamentos > Karate","martial_arts>place_tatami>karate_footwork>karate","0","E. manter aviso, usar fallback ou esconder apos decisao humana","Foco/modalidade marcial visivel sem conteudo especifico."
"OK_EMPTY_WITH_EXPLICIT_NOTICE","Artes marciais","Artes marciais > Tatami > Bases (dachi) > Karate","martial_arts>place_tatami>karate_stances>karate","0","E. manter aviso, usar fallback ou esconder apos decisao humana","Foco/modalidade marcial visivel sem conteudo especifico."
"OK_EMPTY_WITH_EXPLICIT_NOTICE","Artes marciais","Artes marciais > Tatami > Guarda > Karate","martial_arts>place_tatami>karate_guard>karate","0","E. manter aviso, usar fallback ou esconder apos decisao humana","Foco/modalidade marcial visivel sem conteudo especifico."
"OK_EMPTY_WITH_EXPLICIT_NOTICE","Artes marciais","Artes marciais > Tatami > Socos técnicos > Karate","martial_arts>place_tatami>karate_punches>karate","0","E. manter aviso, usar fallback ou esconder apos decisao humana","Foco/modalidade marcial visivel sem conteudo especifico."
"OK_EMPTY_WITH_EXPLICIT_NOTICE","Artes marciais","Artes marciais > Tatami > Pontapés técnicos > Karate","martial_arts>place_tatami>karate_kicks>karate","0","E. manter aviso, usar fallback ou esconder apos decisao humana","Foco/modalidade marcial visivel sem conteudo especifico."
"OK_EMPTY_WITH_EXPLICIT_NOTICE","Artes marciais","Artes marciais > Tatami > Bloqueios > Karate","martial_arts>place_tatami>karate_blocks>karate","0","E. manter aviso, usar fallback ou esconder apos decisao humana","Foco/modalidade marcial visivel sem conteudo especifico."
"OK_EMPTY_WITH_EXPLICIT_NOTICE","Artes marciais","Artes marciais > Tatami > Esquivas / tai-sabaki > Karate","martial_arts>place_tatami>karate_evasions>karate","0","E. manter aviso, usar fallback ou esconder apos decisao humana","Foco/modalidade marcial visivel sem conteudo especifico."
"OK_EMPTY_WITH_EXPLICIT_NOTICE","Artes marciais","Artes marciais > Tatami > Joelhadas > Karate","martial_arts>place_tatami>karate_knees>karate","0","E. manter aviso, usar fallback ou esconder apos decisao humana","Foco/modalidade marcial visivel sem conteudo especifico."
"OK_EMPTY_WITH_EXPLICIT_NOTICE","Artes marciais","Artes marciais > Tatami > Trabalho ao saco > Karate","martial_arts>place_tatami>karate_bag>karate","0","E. manter aviso, usar fallback ou esconder apos decisao humana","Foco/modalidade marcial visivel sem conteudo especifico."
"OK_EMPTY_WITH_EXPLICIT_NOTICE","Artes marciais","Artes marciais > Tatami > Mobilidade para Karate > Karate","martial_arts>place_tatami>karate_mobility>karate","0","E. manter aviso, usar fallback ou esconder apos decisao humana","Foco/modalidade marcial visivel sem conteudo especifico."
"OK_EMPTY_WITH_EXPLICIT_NOTICE","Artes marciais","Artes marciais > Tatami > Condicionamento para Karate > Karate","martial_arts>place_tatami>karate_conditioning>karate","0","E. manter aviso, usar fallback ou esconder apos decisao humana","Foco/modalidade marcial visivel sem conteudo especifico."
"OK_EMPTY_WITH_EXPLICIT_NOTICE","Artes marciais","Artes marciais > Tatami > Shrimp / fuga de anca > Jiu-Jitsu","martial_arts>place_tatami>shrimp>jiu_jitsu","0","E. manter aviso, usar fallback ou esconder apos decisao humana","Foco/modalidade marcial visivel sem conteudo especifico."
"OK_EMPTY_WITH_EXPLICIT_NOTICE","Artes marciais","Artes marciais > Tatami > Ponte de grappling > Jiu-Jitsu","martial_arts>place_tatami>grappling_bridge>jiu_jitsu","0","E. manter aviso, usar fallback ou esconder apos decisao humana","Foco/modalidade marcial visivel sem conteudo especifico."
"OK_EMPTY_WITH_EXPLICIT_NOTICE","Artes marciais","Artes marciais > Tatami > Technical stand-up > Jiu-Jitsu","martial_arts>place_tatami>technical_stand_up>jiu_jitsu","0","E. manter aviso, usar fallback ou esconder apos decisao humana","Foco/modalidade marcial visivel sem conteudo especifico."
"OK_EMPTY_WITH_EXPLICIT_NOTICE","Artes marciais","Artes marciais > Tatami > Rolamentos > Jiu-Jitsu","martial_arts>place_tatami>jiu_jitsu_rolls>jiu_jitsu","0","E. manter aviso, usar fallback ou esconder apos decisao humana","Foco/modalidade marcial visivel sem conteudo especifico."
"OK_EMPTY_WITH_EXPLICIT_NOTICE","Artes marciais","Artes marciais > Tatami > Breakfalls / ukemi > Jiu-Jitsu","martial_arts>place_tatami>jiu_jitsu_breakfalls>jiu_jitsu","0","E. manter aviso, usar fallback ou esconder apos decisao humana","Foco/modalidade marcial visivel sem conteudo especifico."
"OK_EMPTY_WITH_EXPLICIT_NOTICE","Artes marciais","Artes marciais > Tatami > Inversões > Jiu-Jitsu","martial_arts>place_tatami>jiu_jitsu_inversions>jiu_jitsu","0","E. manter aviso, usar fallback ou esconder apos decisao humana","Foco/modalidade marcial visivel sem conteudo especifico."
"OK_EMPTY_WITH_EXPLICIT_NOTICE","Artes marciais","Artes marciais > Tatami > Guarda > Jiu-Jitsu","martial_arts>place_tatami>jiu_jitsu_guard>jiu_jitsu","0","E. manter aviso, usar fallback ou esconder apos decisao humana","Foco/modalidade marcial visivel sem conteudo especifico."
"OK_EMPTY_WITH_EXPLICIT_NOTICE","Artes marciais","Artes marciais > Tatami > Passagem de guarda > Jiu-Jitsu","martial_arts>place_tatami>guard_passing>jiu_jitsu","0","E. manter aviso, usar fallback ou esconder apos decisao humana","Foco/modalidade marcial visivel sem conteudo especifico."
"OK_EMPTY_WITH_EXPLICIT_NOTICE","Artes marciais","Artes marciais > Tatami > Força de pega > Jiu-Jitsu","martial_arts>place_tatami>jiu_jitsu_grip>jiu_jitsu","0","E. manter aviso, usar fallback ou esconder apos decisao humana","Foco/modalidade marcial visivel sem conteudo especifico."
"OK_EMPTY_WITH_EXPLICIT_NOTICE","Artes marciais","Artes marciais > Tatami > Core para Jiu-Jitsu > Jiu-Jitsu","martial_arts>place_tatami>jiu_jitsu_core>jiu_jitsu","0","E. manter aviso, usar fallback ou esconder apos decisao humana","Foco/modalidade marcial visivel sem conteudo especifico."
"OK_EMPTY_WITH_EXPLICIT_NOTICE","Artes marciais","Artes marciais > Tatami > Mobilidade para Jiu-Jitsu > Jiu-Jitsu","martial_arts>place_tatami>jiu_jitsu_mobility>jiu_jitsu","0","E. manter aviso, usar fallback ou esconder apos decisao humana","Foco/modalidade marcial visivel sem conteudo especifico."
"OK_EMPTY_WITH_EXPLICIT_NOTICE","Artes marciais","Artes marciais > Tatami > Condicionamento para Jiu-Jitsu > Jiu-Jitsu","martial_arts>place_tatami>jiu_jitsu_conditioning>jiu_jitsu","0","E. manter aviso, usar fallback ou esconder apos decisao humana","Foco/modalidade marcial visivel sem conteudo especifico."
"OK_EMPTY_WITH_EXPLICIT_NOTICE","Artes marciais","Artes marciais > Ginasio > Kihon > Karate","martial_arts>place_gym>kihon>karate","0","E. manter aviso, usar fallback ou esconder apos decisao humana","Foco/modalidade marcial visivel sem conteudo especifico."
"OK_EMPTY_WITH_EXPLICIT_NOTICE","Artes marciais","Artes marciais > Ginasio > Kata > Karate","martial_arts>place_gym>kata>karate","0","E. manter aviso, usar fallback ou esconder apos decisao humana","Foco/modalidade marcial visivel sem conteudo especifico."
"OK_EMPTY_WITH_EXPLICIT_NOTICE","Artes marciais","Artes marciais > Ginasio > Kumite técnico > Karate","martial_arts>place_gym>kumite_technical>karate","0","E. manter aviso, usar fallback ou esconder apos decisao humana","Foco/modalidade marcial visivel sem conteudo especifico."
"OK_EMPTY_WITH_EXPLICIT_NOTICE","Artes marciais","Artes marciais > Ginasio > Sombra de Karate > Karate","martial_arts>place_gym>karate_shadow>karate","0","E. manter aviso, usar fallback ou esconder apos decisao humana","Foco/modalidade marcial visivel sem conteudo especifico."
"OK_EMPTY_WITH_EXPLICIT_NOTICE","Artes marciais","Artes marciais > Ginasio > Deslocamentos > Karate","martial_arts>place_gym>karate_footwork>karate","0","E. manter aviso, usar fallback ou esconder apos decisao humana","Foco/modalidade marcial visivel sem conteudo especifico."
"OK_EMPTY_WITH_EXPLICIT_NOTICE","Artes marciais","Artes marciais > Ginasio > Bases (dachi) > Karate","martial_arts>place_gym>karate_stances>karate","0","E. manter aviso, usar fallback ou esconder apos decisao humana","Foco/modalidade marcial visivel sem conteudo especifico."
"OK_EMPTY_WITH_EXPLICIT_NOTICE","Artes marciais","Artes marciais > Ginasio > Guarda > Karate","martial_arts>place_gym>karate_guard>karate","0","E. manter aviso, usar fallback ou esconder apos decisao humana","Foco/modalidade marcial visivel sem conteudo especifico."
"OK_EMPTY_WITH_EXPLICIT_NOTICE","Artes marciais","Artes marciais > Ginasio > Socos técnicos > Karate","martial_arts>place_gym>karate_punches>karate","0","E. manter aviso, usar fallback ou esconder apos decisao humana","Foco/modalidade marcial visivel sem conteudo especifico."
"OK_EMPTY_WITH_EXPLICIT_NOTICE","Artes marciais","Artes marciais > Ginasio > Pontapés técnicos > Karate","martial_arts>place_gym>karate_kicks>karate","0","E. manter aviso, usar fallback ou esconder apos decisao humana","Foco/modalidade marcial visivel sem conteudo especifico."
"OK_EMPTY_WITH_EXPLICIT_NOTICE","Artes marciais","Artes marciais > Ginasio > Bloqueios > Karate","martial_arts>place_gym>karate_blocks>karate","0","E. manter aviso, usar fallback ou esconder apos decisao humana","Foco/modalidade marcial visivel sem conteudo especifico."
"OK_EMPTY_WITH_EXPLICIT_NOTICE","Artes marciais","Artes marciais > Ginasio > Esquivas / tai-sabaki > Karate","martial_arts>place_gym>karate_evasions>karate","0","E. manter aviso, usar fallback ou esconder apos decisao humana","Foco/modalidade marcial visivel sem conteudo especifico."
"OK_EMPTY_WITH_EXPLICIT_NOTICE","Artes marciais","Artes marciais > Ginasio > Joelhadas > Karate","martial_arts>place_gym>karate_knees>karate","0","E. manter aviso, usar fallback ou esconder apos decisao humana","Foco/modalidade marcial visivel sem conteudo especifico."
"OK_EMPTY_WITH_EXPLICIT_NOTICE","Artes marciais","Artes marciais > Ginasio > Trabalho ao saco > Karate","martial_arts>place_gym>karate_bag>karate","0","E. manter aviso, usar fallback ou esconder apos decisao humana","Foco/modalidade marcial visivel sem conteudo especifico."
"OK_EMPTY_WITH_EXPLICIT_NOTICE","Artes marciais","Artes marciais > Ginasio > Mobilidade para Karate > Karate","martial_arts>place_gym>karate_mobility>karate","0","E. manter aviso, usar fallback ou esconder apos decisao humana","Foco/modalidade marcial visivel sem conteudo especifico."
"OK_EMPTY_WITH_EXPLICIT_NOTICE","Artes marciais","Artes marciais > Ginasio > Condicionamento para Karate > Karate","martial_arts>place_gym>karate_conditioning>karate","0","E. manter aviso, usar fallback ou esconder apos decisao humana","Foco/modalidade marcial visivel sem conteudo especifico."
"OK_EMPTY_WITH_EXPLICIT_NOTICE","Artes marciais","Artes marciais > Ginasio > Shrimp / fuga de anca > Jiu-Jitsu","martial_arts>place_gym>shrimp>jiu_jitsu","0","E. manter aviso, usar fallback ou esconder apos decisao humana","Foco/modalidade marcial visivel sem conteudo especifico."
"OK_EMPTY_WITH_EXPLICIT_NOTICE","Artes marciais","Artes marciais > Ginasio > Ponte de grappling > Jiu-Jitsu","martial_arts>place_gym>grappling_bridge>jiu_jitsu","0","E. manter aviso, usar fallback ou esconder apos decisao humana","Foco/modalidade marcial visivel sem conteudo especifico."
"OK_EMPTY_WITH_EXPLICIT_NOTICE","Artes marciais","Artes marciais > Ginasio > Technical stand-up > Jiu-Jitsu","martial_arts>place_gym>technical_stand_up>jiu_jitsu","0","E. manter aviso, usar fallback ou esconder apos decisao humana","Foco/modalidade marcial visivel sem conteudo especifico."
"OK_EMPTY_WITH_EXPLICIT_NOTICE","Artes marciais","Artes marciais > Ginasio > Rolamentos > Jiu-Jitsu","martial_arts>place_gym>jiu_jitsu_rolls>jiu_jitsu","0","E. manter aviso, usar fallback ou esconder apos decisao humana","Foco/modalidade marcial visivel sem conteudo especifico."
"OK_EMPTY_WITH_EXPLICIT_NOTICE","Artes marciais","Artes marciais > Ginasio > Breakfalls / ukemi > Jiu-Jitsu","martial_arts>place_gym>jiu_jitsu_breakfalls>jiu_jitsu","0","E. manter aviso, usar fallback ou esconder apos decisao humana","Foco/modalidade marcial visivel sem conteudo especifico."
"OK_EMPTY_WITH_EXPLICIT_NOTICE","Artes marciais","Artes marciais > Ginasio > Inversões > Jiu-Jitsu","martial_arts>place_gym>jiu_jitsu_inversions>jiu_jitsu","0","E. manter aviso, usar fallback ou esconder apos decisao humana","Foco/modalidade marcial visivel sem conteudo especifico."
"OK_EMPTY_WITH_EXPLICIT_NOTICE","Artes marciais","Artes marciais > Ginasio > Guarda > Jiu-Jitsu","martial_arts>place_gym>jiu_jitsu_guard>jiu_jitsu","0","E. manter aviso, usar fallback ou esconder apos decisao humana","Foco/modalidade marcial visivel sem conteudo especifico."
"OK_EMPTY_WITH_EXPLICIT_NOTICE","Artes marciais","Artes marciais > Ginasio > Passagem de guarda > Jiu-Jitsu","martial_arts>place_gym>guard_passing>jiu_jitsu","0","E. manter aviso, usar fallback ou esconder apos decisao humana","Foco/modalidade marcial visivel sem conteudo especifico."
"OK_EMPTY_WITH_EXPLICIT_NOTICE","Artes marciais","Artes marciais > Ginasio > Força de pega > Jiu-Jitsu","martial_arts>place_gym>jiu_jitsu_grip>jiu_jitsu","0","E. manter aviso, usar fallback ou esconder apos decisao humana","Foco/modalidade marcial visivel sem conteudo especifico."
"OK_EMPTY_WITH_EXPLICIT_NOTICE","Artes marciais","Artes marciais > Ginasio > Core para Jiu-Jitsu > Jiu-Jitsu","martial_arts>place_gym>jiu_jitsu_core>jiu_jitsu","0","E. manter aviso, usar fallback ou esconder apos decisao humana","Foco/modalidade marcial visivel sem conteudo especifico."
"OK_EMPTY_WITH_EXPLICIT_NOTICE","Artes marciais","Artes marciais > Ginasio > Mobilidade para Jiu-Jitsu > Jiu-Jitsu","martial_arts>place_gym>jiu_jitsu_mobility>jiu_jitsu","0","E. manter aviso, usar fallback ou esconder apos decisao humana","Foco/modalidade marcial visivel sem conteudo especifico."
"OK_EMPTY_WITH_EXPLICIT_NOTICE","Artes marciais","Artes marciais > Ginasio > Condicionamento para Jiu-Jitsu > Jiu-Jitsu","martial_arts>place_gym>jiu_jitsu_conditioning>jiu_jitsu","0","E. manter aviso, usar fallback ou esconder apos decisao humana","Foco/modalidade marcial visivel sem conteudo especifico."
"OK_EMPTY_WITH_EXPLICIT_NOTICE","Artes marciais","Artes marciais > Casa equipada > Kihon > Karate","martial_arts>place_home_equipped>kihon>karate","0","E. manter aviso, usar fallback ou esconder apos decisao humana","Foco/modalidade marcial visivel sem conteudo especifico."
"OK_EMPTY_WITH_EXPLICIT_NOTICE","Artes marciais","Artes marciais > Casa equipada > Kata > Karate","martial_arts>place_home_equipped>kata>karate","0","E. manter aviso, usar fallback ou esconder apos decisao humana","Foco/modalidade marcial visivel sem conteudo especifico."
"OK_EMPTY_WITH_EXPLICIT_NOTICE","Artes marciais","Artes marciais > Casa equipada > Kumite técnico > Karate","martial_arts>place_home_equipped>kumite_technical>karate","0","E. manter aviso, usar fallback ou esconder apos decisao humana","Foco/modalidade marcial visivel sem conteudo especifico."
"OK_EMPTY_WITH_EXPLICIT_NOTICE","Artes marciais","Artes marciais > Casa equipada > Sombra de Karate > Karate","martial_arts>place_home_equipped>karate_shadow>karate","0","E. manter aviso, usar fallback ou esconder apos decisao humana","Foco/modalidade marcial visivel sem conteudo especifico."
"OK_EMPTY_WITH_EXPLICIT_NOTICE","Artes marciais","Artes marciais > Casa equipada > Deslocamentos > Karate","martial_arts>place_home_equipped>karate_footwork>karate","0","E. manter aviso, usar fallback ou esconder apos decisao humana","Foco/modalidade marcial visivel sem conteudo especifico."
"OK_EMPTY_WITH_EXPLICIT_NOTICE","Artes marciais","Artes marciais > Casa equipada > Bases (dachi) > Karate","martial_arts>place_home_equipped>karate_stances>karate","0","E. manter aviso, usar fallback ou esconder apos decisao humana","Foco/modalidade marcial visivel sem conteudo especifico."
"OK_EMPTY_WITH_EXPLICIT_NOTICE","Artes marciais","Artes marciais > Casa equipada > Guarda > Karate","martial_arts>place_home_equipped>karate_guard>karate","0","E. manter aviso, usar fallback ou esconder apos decisao humana","Foco/modalidade marcial visivel sem conteudo especifico."
"OK_EMPTY_WITH_EXPLICIT_NOTICE","Artes marciais","Artes marciais > Casa equipada > Socos técnicos > Karate","martial_arts>place_home_equipped>karate_punches>karate","0","E. manter aviso, usar fallback ou esconder apos decisao humana","Foco/modalidade marcial visivel sem conteudo especifico."
"OK_EMPTY_WITH_EXPLICIT_NOTICE","Artes marciais","Artes marciais > Casa equipada > Pontapés técnicos > Karate","martial_arts>place_home_equipped>karate_kicks>karate","0","E. manter aviso, usar fallback ou esconder apos decisao humana","Foco/modalidade marcial visivel sem conteudo especifico."
"OK_EMPTY_WITH_EXPLICIT_NOTICE","Artes marciais","Artes marciais > Casa equipada > Bloqueios > Karate","martial_arts>place_home_equipped>karate_blocks>karate","0","E. manter aviso, usar fallback ou esconder apos decisao humana","Foco/modalidade marcial visivel sem conteudo especifico."
"OK_EMPTY_WITH_EXPLICIT_NOTICE","Artes marciais","Artes marciais > Casa equipada > Esquivas / tai-sabaki > Karate","martial_arts>place_home_equipped>karate_evasions>karate","0","E. manter aviso, usar fallback ou esconder apos decisao humana","Foco/modalidade marcial visivel sem conteudo especifico."
"OK_EMPTY_WITH_EXPLICIT_NOTICE","Artes marciais","Artes marciais > Casa equipada > Joelhadas > Karate","martial_arts>place_home_equipped>karate_knees>karate","0","E. manter aviso, usar fallback ou esconder apos decisao humana","Foco/modalidade marcial visivel sem conteudo especifico."
"OK_EMPTY_WITH_EXPLICIT_NOTICE","Artes marciais","Artes marciais > Casa equipada > Trabalho ao saco > Karate","martial_arts>place_home_equipped>karate_bag>karate","0","E. manter aviso, usar fallback ou esconder apos decisao humana","Foco/modalidade marcial visivel sem conteudo especifico."
"OK_EMPTY_WITH_EXPLICIT_NOTICE","Artes marciais","Artes marciais > Casa equipada > Mobilidade para Karate > Karate","martial_arts>place_home_equipped>karate_mobility>karate","0","E. manter aviso, usar fallback ou esconder apos decisao humana","Foco/modalidade marcial visivel sem conteudo especifico."
"OK_EMPTY_WITH_EXPLICIT_NOTICE","Artes marciais","Artes marciais > Casa equipada > Condicionamento para Karate > Karate","martial_arts>place_home_equipped>karate_conditioning>karate","0","E. manter aviso, usar fallback ou esconder apos decisao humana","Foco/modalidade marcial visivel sem conteudo especifico."
"OK_EMPTY_WITH_EXPLICIT_NOTICE","Artes marciais","Artes marciais > Casa equipada > Shrimp / fuga de anca > Jiu-Jitsu","martial_arts>place_home_equipped>shrimp>jiu_jitsu","0","E. manter aviso, usar fallback ou esconder apos decisao humana","Foco/modalidade marcial visivel sem conteudo especifico."
"OK_EMPTY_WITH_EXPLICIT_NOTICE","Artes marciais","Artes marciais > Casa equipada > Ponte de grappling > Jiu-Jitsu","martial_arts>place_home_equipped>grappling_bridge>jiu_jitsu","0","E. manter aviso, usar fallback ou esconder apos decisao humana","Foco/modalidade marcial visivel sem conteudo especifico."
"OK_EMPTY_WITH_EXPLICIT_NOTICE","Artes marciais","Artes marciais > Casa equipada > Technical stand-up > Jiu-Jitsu","martial_arts>place_home_equipped>technical_stand_up>jiu_jitsu","0","E. manter aviso, usar fallback ou esconder apos decisao humana","Foco/modalidade marcial visivel sem conteudo especifico."
"OK_EMPTY_WITH_EXPLICIT_NOTICE","Artes marciais","Artes marciais > Casa equipada > Rolamentos > Jiu-Jitsu","martial_arts>place_home_equipped>jiu_jitsu_rolls>jiu_jitsu","0","E. manter aviso, usar fallback ou esconder apos decisao humana","Foco/modalidade marcial visivel sem conteudo especifico."
"OK_EMPTY_WITH_EXPLICIT_NOTICE","Artes marciais","Artes marciais > Casa equipada > Breakfalls / ukemi > Jiu-Jitsu","martial_arts>place_home_equipped>jiu_jitsu_breakfalls>jiu_jitsu","0","E. manter aviso, usar fallback ou esconder apos decisao humana","Foco/modalidade marcial visivel sem conteudo especifico."
"OK_EMPTY_WITH_EXPLICIT_NOTICE","Artes marciais","Artes marciais > Casa equipada > Inversões > Jiu-Jitsu","martial_arts>place_home_equipped>jiu_jitsu_inversions>jiu_jitsu","0","E. manter aviso, usar fallback ou esconder apos decisao humana","Foco/modalidade marcial visivel sem conteudo especifico."
"OK_EMPTY_WITH_EXPLICIT_NOTICE","Artes marciais","Artes marciais > Casa equipada > Guarda > Jiu-Jitsu","martial_arts>place_home_equipped>jiu_jitsu_guard>jiu_jitsu","0","E. manter aviso, usar fallback ou esconder apos decisao humana","Foco/modalidade marcial visivel sem conteudo especifico."
"OK_EMPTY_WITH_EXPLICIT_NOTICE","Artes marciais","Artes marciais > Casa equipada > Passagem de guarda > Jiu-Jitsu","martial_arts>place_home_equipped>guard_passing>jiu_jitsu","0","E. manter aviso, usar fallback ou esconder apos decisao humana","Foco/modalidade marcial visivel sem conteudo especifico."
"OK_EMPTY_WITH_EXPLICIT_NOTICE","Artes marciais","Artes marciais > Casa equipada > Força de pega > Jiu-Jitsu","martial_arts>place_home_equipped>jiu_jitsu_grip>jiu_jitsu","0","E. manter aviso, usar fallback ou esconder apos decisao humana","Foco/modalidade marcial visivel sem conteudo especifico."
"OK_EMPTY_WITH_EXPLICIT_NOTICE","Artes marciais","Artes marciais > Casa equipada > Core para Jiu-Jitsu > Jiu-Jitsu","martial_arts>place_home_equipped>jiu_jitsu_core>jiu_jitsu","0","E. manter aviso, usar fallback ou esconder apos decisao humana","Foco/modalidade marcial visivel sem conteudo especifico."
"OK_EMPTY_WITH_EXPLICIT_NOTICE","Artes marciais","Artes marciais > Casa equipada > Mobilidade para Jiu-Jitsu > Jiu-Jitsu","martial_arts>place_home_equipped>jiu_jitsu_mobility>jiu_jitsu","0","E. manter aviso, usar fallback ou esconder apos decisao humana","Foco/modalidade marcial visivel sem conteudo especifico."
"OK_EMPTY_WITH_EXPLICIT_NOTICE","Artes marciais","Artes marciais > Casa equipada > Condicionamento para Jiu-Jitsu > Jiu-Jitsu","martial_arts>place_home_equipped>jiu_jitsu_conditioning>jiu_jitsu","0","E. manter aviso, usar fallback ou esconder apos decisao humana","Foco/modalidade marcial visivel sem conteudo especifico."
"OK_EMPTY_WITH_EXPLICIT_NOTICE","Elasticidade","Elasticidade > Casa sem equipamento > Peso corporal","elasticity>place_home_no_equipment>bodyweight","0","E. manter aviso, usar fallback ou esconder apos decisao humana","Tipo global com rota generica ainda sem mapeamento de conteudo."
"OK_EMPTY_WITH_EXPLICIT_NOTICE","Elasticidade","Elasticidade > Casa sem equipamento > Chão livre","elasticity>place_home_no_equipment>floor","0","E. manter aviso, usar fallback ou esconder apos decisao humana","Tipo global com rota generica ainda sem mapeamento de conteudo."
"OK_EMPTY_WITH_EXPLICIT_NOTICE","Elasticidade","Elasticidade > Casa sem equipamento > Parede estável","elasticity>place_home_no_equipment>wall","0","E. manter aviso, usar fallback ou esconder apos decisao humana","Tipo global com rota generica ainda sem mapeamento de conteudo."
"OK_EMPTY_WITH_EXPLICIT_NOTICE","Elasticidade","Elasticidade > Casa sem equipamento > Tapete / colchonete","elasticity>place_home_no_equipment>mat","0","E. manter aviso, usar fallback ou esconder apos decisao humana","Tipo global com rota generica ainda sem mapeamento de conteudo."
"OK_EMPTY_WITH_EXPLICIT_NOTICE","Elasticidade","Elasticidade > Casa equipada > Peso corporal","elasticity>place_home_equipped>bodyweight","0","E. manter aviso, usar fallback ou esconder apos decisao humana","Tipo global com rota generica ainda sem mapeamento de conteudo."
"OK_EMPTY_WITH_EXPLICIT_NOTICE","Elasticidade","Elasticidade > Casa equipada > Chão livre","elasticity>place_home_equipped>floor","0","E. manter aviso, usar fallback ou esconder apos decisao humana","Tipo global com rota generica ainda sem mapeamento de conteudo."
"OK_EMPTY_WITH_EXPLICIT_NOTICE","Elasticidade","Elasticidade > Casa equipada > Parede estável","elasticity>place_home_equipped>wall","0","E. manter aviso, usar fallback ou esconder apos decisao humana","Tipo global com rota generica ainda sem mapeamento de conteudo."
"OK_EMPTY_WITH_EXPLICIT_NOTICE","Elasticidade","Elasticidade > Casa equipada > Tapete / colchonete","elasticity>place_home_equipped>mat","0","E. manter aviso, usar fallback ou esconder apos decisao humana","Tipo global com rota generica ainda sem mapeamento de conteudo."
"OK_EMPTY_WITH_EXPLICIT_NOTICE","Elasticidade","Elasticidade > Ginasio > Peso corporal","elasticity>place_gym>bodyweight","0","E. manter aviso, usar fallback ou esconder apos decisao humana","Tipo global com rota generica ainda sem mapeamento de conteudo."
"OK_EMPTY_WITH_EXPLICIT_NOTICE","Elasticidade","Elasticidade > Ginasio > Chão livre","elasticity>place_gym>floor","0","E. manter aviso, usar fallback ou esconder apos decisao humana","Tipo global com rota generica ainda sem mapeamento de conteudo."
"OK_EMPTY_WITH_EXPLICIT_NOTICE","Elasticidade","Elasticidade > Ginasio > Parede estável","elasticity>place_gym>wall","0","E. manter aviso, usar fallback ou esconder apos decisao humana","Tipo global com rota generica ainda sem mapeamento de conteudo."
"OK_EMPTY_WITH_EXPLICIT_NOTICE","Elasticidade","Elasticidade > Ginasio > Tapete / colchonete","elasticity>place_gym>mat","0","E. manter aviso, usar fallback ou esconder apos decisao humana","Tipo global com rota generica ainda sem mapeamento de conteudo."
"OK_EMPTY_WITH_EXPLICIT_NOTICE","Elasticidade","Elasticidade > Dojo > Peso corporal","elasticity>place_dojo>bodyweight","0","E. manter aviso, usar fallback ou esconder apos decisao humana","Tipo global com rota generica ainda sem mapeamento de conteudo."
"OK_EMPTY_WITH_EXPLICIT_NOTICE","Elasticidade","Elasticidade > Dojo > Chão livre","elasticity>place_dojo>floor","0","E. manter aviso, usar fallback ou esconder apos decisao humana","Tipo global com rota generica ainda sem mapeamento de conteudo."
"OK_EMPTY_WITH_EXPLICIT_NOTICE","Elasticidade","Elasticidade > Dojo > Parede estável","elasticity>place_dojo>wall","0","E. manter aviso, usar fallback ou esconder apos decisao humana","Tipo global com rota generica ainda sem mapeamento de conteudo."
"OK_EMPTY_WITH_EXPLICIT_NOTICE","Elasticidade","Elasticidade > Dojo > Tapete / colchonete","elasticity>place_dojo>mat","0","E. manter aviso, usar fallback ou esconder apos decisao humana","Tipo global com rota generica ainda sem mapeamento de conteudo."
"OK_EMPTY_WITH_EXPLICIT_NOTICE","Elasticidade","Elasticidade > Tatami > Peso corporal","elasticity>place_tatami>bodyweight","0","E. manter aviso, usar fallback ou esconder apos decisao humana","Tipo global com rota generica ainda sem mapeamento de conteudo."
"OK_EMPTY_WITH_EXPLICIT_NOTICE","Elasticidade","Elasticidade > Tatami > Chão livre","elasticity>place_tatami>floor","0","E. manter aviso, usar fallback ou esconder apos decisao humana","Tipo global com rota generica ainda sem mapeamento de conteudo."
"OK_EMPTY_WITH_EXPLICIT_NOTICE","Elasticidade","Elasticidade > Tatami > Parede estável","elasticity>place_tatami>wall","0","E. manter aviso, usar fallback ou esconder apos decisao humana","Tipo global com rota generica ainda sem mapeamento de conteudo."
"OK_EMPTY_WITH_EXPLICIT_NOTICE","Elasticidade","Elasticidade > Tatami > Tapete / colchonete","elasticity>place_tatami>mat","0","E. manter aviso, usar fallback ou esconder apos decisao humana","Tipo global com rota generica ainda sem mapeamento de conteudo."
"OK_EMPTY_WITH_EXPLICIT_NOTICE","Elasticidade","Elasticidade > Exterior > Peso corporal","elasticity>place_outdoor>bodyweight","0","E. manter aviso, usar fallback ou esconder apos decisao humana","Tipo global com rota generica ainda sem mapeamento de conteudo."
"OK_EMPTY_WITH_EXPLICIT_NOTICE","Elasticidade","Elasticidade > Exterior > Chão livre","elasticity>place_outdoor>floor","0","E. manter aviso, usar fallback ou esconder apos decisao humana","Tipo global com rota generica ainda sem mapeamento de conteudo."
"OK_EMPTY_WITH_EXPLICIT_NOTICE","Elasticidade","Elasticidade > Exterior > Parede estável","elasticity>place_outdoor>wall","0","E. manter aviso, usar fallback ou esconder apos decisao humana","Tipo global com rota generica ainda sem mapeamento de conteudo."
"OK_EMPTY_WITH_EXPLICIT_NOTICE","Elasticidade","Elasticidade > Exterior > Tapete / colchonete","elasticity>place_outdoor>mat","0","E. manter aviso, usar fallback ou esconder apos decisao humana","Tipo global com rota generica ainda sem mapeamento de conteudo."
"OK_EMPTY_WITH_EXPLICIT_NOTICE","Elasticidade","Elasticidade > Trabalho ou viagem > Peso corporal","elasticity>place_work_travel>bodyweight","0","E. manter aviso, usar fallback ou esconder apos decisao humana","Tipo global com rota generica ainda sem mapeamento de conteudo."
"OK_EMPTY_WITH_EXPLICIT_NOTICE","Elasticidade","Elasticidade > Trabalho ou viagem > Chão livre","elasticity>place_work_travel>floor","0","E. manter aviso, usar fallback ou esconder apos decisao humana","Tipo global com rota generica ainda sem mapeamento de conteudo."
"OK_EMPTY_WITH_EXPLICIT_NOTICE","Elasticidade","Elasticidade > Trabalho ou viagem > Parede estável","elasticity>place_work_travel>wall","0","E. manter aviso, usar fallback ou esconder apos decisao humana","Tipo global com rota generica ainda sem mapeamento de conteudo."
"OK_EMPTY_WITH_EXPLICIT_NOTICE","Elasticidade","Elasticidade > Trabalho ou viagem > Tapete / colchonete","elasticity>place_work_travel>mat","0","E. manter aviso, usar fallback ou esconder apos decisao humana","Tipo global com rota generica ainda sem mapeamento de conteudo."
"OK_EMPTY_WITH_EXPLICIT_NOTICE","Elasticidade","Elasticidade > Clinica ou fisioterapia > Peso corporal","elasticity>place_clinic>bodyweight","0","E. manter aviso, usar fallback ou esconder apos decisao humana","Tipo global com rota generica ainda sem mapeamento de conteudo."
"OK_EMPTY_WITH_EXPLICIT_NOTICE","Elasticidade","Elasticidade > Clinica ou fisioterapia > Chão livre","elasticity>place_clinic>floor","0","E. manter aviso, usar fallback ou esconder apos decisao humana","Tipo global com rota generica ainda sem mapeamento de conteudo."
"OK_EMPTY_WITH_EXPLICIT_NOTICE","Elasticidade","Elasticidade > Clinica ou fisioterapia > Parede estável","elasticity>place_clinic>wall","0","E. manter aviso, usar fallback ou esconder apos decisao humana","Tipo global com rota generica ainda sem mapeamento de conteudo."
"OK_EMPTY_WITH_EXPLICIT_NOTICE","Elasticidade","Elasticidade > Clinica ou fisioterapia > Tapete / colchonete","elasticity>place_clinic>mat","0","E. manter aviso, usar fallback ou esconder apos decisao humana","Tipo global com rota generica ainda sem mapeamento de conteudo."
"OK_EMPTY_WITH_EXPLICIT_NOTICE","Recuperacao","Recuperacao > Casa sem equipamento > Peso corporal > Alongamentos leves","recovery>place_home_no_equipment>bodyweight>light_stretching>light_stretching","0","E. manter aviso, usar fallback ou esconder apos decisao humana","Tipo global com rota generica ainda sem mapeamento de conteudo."
"OK_EMPTY_WITH_EXPLICIT_NOTICE","Recuperacao","Recuperacao > Casa sem equipamento > Chão livre > Alongamentos leves","recovery>place_home_no_equipment>floor>light_stretching>light_stretching","0","E. manter aviso, usar fallback ou esconder apos decisao humana","Tipo global com rota generica ainda sem mapeamento de conteudo."
"OK_EMPTY_WITH_EXPLICIT_NOTICE","Recuperacao","Recuperacao > Casa sem equipamento > Parede estável > Alongamentos leves","recovery>place_home_no_equipment>wall>light_stretching>light_stretching","0","E. manter aviso, usar fallback ou esconder apos decisao humana","Tipo global com rota generica ainda sem mapeamento de conteudo."
"OK_EMPTY_WITH_EXPLICIT_NOTICE","Recuperacao","Recuperacao > Casa sem equipamento > Tapete / colchonete > Alongamentos leves","recovery>place_home_no_equipment>mat>light_stretching>light_stretching","0","E. manter aviso, usar fallback ou esconder apos decisao humana","Tipo global com rota generica ainda sem mapeamento de conteudo."
"OK_EMPTY_WITH_EXPLICIT_NOTICE","Recuperacao","Recuperacao > Casa equipada > Peso corporal > Alongamentos leves","recovery>place_home_equipped>bodyweight>light_stretching>light_stretching","0","E. manter aviso, usar fallback ou esconder apos decisao humana","Tipo global com rota generica ainda sem mapeamento de conteudo."
"OK_EMPTY_WITH_EXPLICIT_NOTICE","Recuperacao","Recuperacao > Casa equipada > Chão livre > Alongamentos leves","recovery>place_home_equipped>floor>light_stretching>light_stretching","0","E. manter aviso, usar fallback ou esconder apos decisao humana","Tipo global com rota generica ainda sem mapeamento de conteudo."
"OK_EMPTY_WITH_EXPLICIT_NOTICE","Recuperacao","Recuperacao > Casa equipada > Parede estável > Alongamentos leves","recovery>place_home_equipped>wall>light_stretching>light_stretching","0","E. manter aviso, usar fallback ou esconder apos decisao humana","Tipo global com rota generica ainda sem mapeamento de conteudo."
"OK_EMPTY_WITH_EXPLICIT_NOTICE","Recuperacao","Recuperacao > Casa equipada > Tapete / colchonete > Alongamentos leves","recovery>place_home_equipped>mat>light_stretching>light_stretching","0","E. manter aviso, usar fallback ou esconder apos decisao humana","Tipo global com rota generica ainda sem mapeamento de conteudo."
"OK_EMPTY_WITH_EXPLICIT_NOTICE","Recuperacao","Recuperacao > Ginasio > Peso corporal > Alongamentos leves","recovery>place_gym>bodyweight>light_stretching>light_stretching","0","E. manter aviso, usar fallback ou esconder apos decisao humana","Tipo global com rota generica ainda sem mapeamento de conteudo."
"OK_EMPTY_WITH_EXPLICIT_NOTICE","Recuperacao","Recuperacao > Ginasio > Chão livre > Alongamentos leves","recovery>place_gym>floor>light_stretching>light_stretching","0","E. manter aviso, usar fallback ou esconder apos decisao humana","Tipo global com rota generica ainda sem mapeamento de conteudo."
"OK_EMPTY_WITH_EXPLICIT_NOTICE","Recuperacao","Recuperacao > Ginasio > Parede estável > Alongamentos leves","recovery>place_gym>wall>light_stretching>light_stretching","0","E. manter aviso, usar fallback ou esconder apos decisao humana","Tipo global com rota generica ainda sem mapeamento de conteudo."
"OK_EMPTY_WITH_EXPLICIT_NOTICE","Recuperacao","Recuperacao > Ginasio > Tapete / colchonete > Alongamentos leves","recovery>place_gym>mat>light_stretching>light_stretching","0","E. manter aviso, usar fallback ou esconder apos decisao humana","Tipo global com rota generica ainda sem mapeamento de conteudo."
"OK_EMPTY_WITH_EXPLICIT_NOTICE","Recuperacao","Recuperacao > Dojo > Peso corporal > Alongamentos leves","recovery>place_dojo>bodyweight>light_stretching>light_stretching","0","E. manter aviso, usar fallback ou esconder apos decisao humana","Tipo global com rota generica ainda sem mapeamento de conteudo."
"OK_EMPTY_WITH_EXPLICIT_NOTICE","Recuperacao","Recuperacao > Dojo > Chão livre > Alongamentos leves","recovery>place_dojo>floor>light_stretching>light_stretching","0","E. manter aviso, usar fallback ou esconder apos decisao humana","Tipo global com rota generica ainda sem mapeamento de conteudo."
"OK_EMPTY_WITH_EXPLICIT_NOTICE","Recuperacao","Recuperacao > Dojo > Parede estável > Alongamentos leves","recovery>place_dojo>wall>light_stretching>light_stretching","0","E. manter aviso, usar fallback ou esconder apos decisao humana","Tipo global com rota generica ainda sem mapeamento de conteudo."
"OK_EMPTY_WITH_EXPLICIT_NOTICE","Recuperacao","Recuperacao > Dojo > Tapete / colchonete > Alongamentos leves","recovery>place_dojo>mat>light_stretching>light_stretching","0","E. manter aviso, usar fallback ou esconder apos decisao humana","Tipo global com rota generica ainda sem mapeamento de conteudo."
"OK_EMPTY_WITH_EXPLICIT_NOTICE","Recuperacao","Recuperacao > Tatami > Peso corporal > Alongamentos leves","recovery>place_tatami>bodyweight>light_stretching>light_stretching","0","E. manter aviso, usar fallback ou esconder apos decisao humana","Tipo global com rota generica ainda sem mapeamento de conteudo."
"OK_EMPTY_WITH_EXPLICIT_NOTICE","Recuperacao","Recuperacao > Tatami > Chão livre > Alongamentos leves","recovery>place_tatami>floor>light_stretching>light_stretching","0","E. manter aviso, usar fallback ou esconder apos decisao humana","Tipo global com rota generica ainda sem mapeamento de conteudo."
"OK_EMPTY_WITH_EXPLICIT_NOTICE","Recuperacao","Recuperacao > Tatami > Parede estável > Alongamentos leves","recovery>place_tatami>wall>light_stretching>light_stretching","0","E. manter aviso, usar fallback ou esconder apos decisao humana","Tipo global com rota generica ainda sem mapeamento de conteudo."
"OK_EMPTY_WITH_EXPLICIT_NOTICE","Recuperacao","Recuperacao > Tatami > Tapete / colchonete > Alongamentos leves","recovery>place_tatami>mat>light_stretching>light_stretching","0","E. manter aviso, usar fallback ou esconder apos decisao humana","Tipo global com rota generica ainda sem mapeamento de conteudo."
"OK_EMPTY_WITH_EXPLICIT_NOTICE","Recuperacao","Recuperacao > Exterior > Peso corporal > Alongamentos leves","recovery>place_outdoor>bodyweight>light_stretching>light_stretching","0","E. manter aviso, usar fallback ou esconder apos decisao humana","Tipo global com rota generica ainda sem mapeamento de conteudo."
"OK_EMPTY_WITH_EXPLICIT_NOTICE","Recuperacao","Recuperacao > Exterior > Chão livre > Alongamentos leves","recovery>place_outdoor>floor>light_stretching>light_stretching","0","E. manter aviso, usar fallback ou esconder apos decisao humana","Tipo global com rota generica ainda sem mapeamento de conteudo."
"OK_EMPTY_WITH_EXPLICIT_NOTICE","Recuperacao","Recuperacao > Exterior > Parede estável > Alongamentos leves","recovery>place_outdoor>wall>light_stretching>light_stretching","0","E. manter aviso, usar fallback ou esconder apos decisao humana","Tipo global com rota generica ainda sem mapeamento de conteudo."
"OK_EMPTY_WITH_EXPLICIT_NOTICE","Recuperacao","Recuperacao > Exterior > Tapete / colchonete > Alongamentos leves","recovery>place_outdoor>mat>light_stretching>light_stretching","0","E. manter aviso, usar fallback ou esconder apos decisao humana","Tipo global com rota generica ainda sem mapeamento de conteudo."
"OK_EMPTY_WITH_EXPLICIT_NOTICE","Recuperacao","Recuperacao > Trabalho ou viagem > Peso corporal > Alongamentos leves","recovery>place_work_travel>bodyweight>light_stretching>light_stretching","0","E. manter aviso, usar fallback ou esconder apos decisao humana","Tipo global com rota generica ainda sem mapeamento de conteudo."
"OK_EMPTY_WITH_EXPLICIT_NOTICE","Recuperacao","Recuperacao > Trabalho ou viagem > Chão livre > Alongamentos leves","recovery>place_work_travel>floor>light_stretching>light_stretching","0","E. manter aviso, usar fallback ou esconder apos decisao humana","Tipo global com rota generica ainda sem mapeamento de conteudo."
"OK_EMPTY_WITH_EXPLICIT_NOTICE","Recuperacao","Recuperacao > Trabalho ou viagem > Parede estável > Alongamentos leves","recovery>place_work_travel>wall>light_stretching>light_stretching","0","E. manter aviso, usar fallback ou esconder apos decisao humana","Tipo global com rota generica ainda sem mapeamento de conteudo."
"OK_EMPTY_WITH_EXPLICIT_NOTICE","Recuperacao","Recuperacao > Trabalho ou viagem > Tapete / colchonete > Alongamentos leves","recovery>place_work_travel>mat>light_stretching>light_stretching","0","E. manter aviso, usar fallback ou esconder apos decisao humana","Tipo global com rota generica ainda sem mapeamento de conteudo."
"OK_EMPTY_WITH_EXPLICIT_NOTICE","Recuperacao","Recuperacao > Clinica ou fisioterapia > Peso corporal > Alongamentos leves","recovery>place_clinic>bodyweight>light_stretching>light_stretching","0","E. manter aviso, usar fallback ou esconder apos decisao humana","Tipo global com rota generica ainda sem mapeamento de conteudo."
"OK_EMPTY_WITH_EXPLICIT_NOTICE","Recuperacao","Recuperacao > Clinica ou fisioterapia > Chão livre > Alongamentos leves","recovery>place_clinic>floor>light_stretching>light_stretching","0","E. manter aviso, usar fallback ou esconder apos decisao humana","Tipo global com rota generica ainda sem mapeamento de conteudo."
"OK_EMPTY_WITH_EXPLICIT_NOTICE","Recuperacao","Recuperacao > Clinica ou fisioterapia > Parede estável > Alongamentos leves","recovery>place_clinic>wall>light_stretching>light_stretching","0","E. manter aviso, usar fallback ou esconder apos decisao humana","Tipo global com rota generica ainda sem mapeamento de conteudo."
"OK_EMPTY_WITH_EXPLICIT_NOTICE","Recuperacao","Recuperacao > Clinica ou fisioterapia > Tapete / colchonete > Alongamentos leves","recovery>place_clinic>mat>light_stretching>light_stretching","0","E. manter aviso, usar fallback ou esconder apos decisao humana","Tipo global com rota generica ainda sem mapeamento de conteudo."
"OK_EMPTY_WITH_EXPLICIT_NOTICE","Aquecimento","Aquecimento > Casa sem equipamento > Peso corporal","warmup>place_home_no_equipment>bodyweight","0","E. manter aviso, usar fallback ou esconder apos decisao humana","Tipo global com rota generica ainda sem mapeamento de conteudo."
"OK_EMPTY_WITH_EXPLICIT_NOTICE","Aquecimento","Aquecimento > Casa sem equipamento > Chão livre","warmup>place_home_no_equipment>floor","0","E. manter aviso, usar fallback ou esconder apos decisao humana","Tipo global com rota generica ainda sem mapeamento de conteudo."
"OK_EMPTY_WITH_EXPLICIT_NOTICE","Aquecimento","Aquecimento > Casa sem equipamento > Parede estável","warmup>place_home_no_equipment>wall","0","E. manter aviso, usar fallback ou esconder apos decisao humana","Tipo global com rota generica ainda sem mapeamento de conteudo."
"OK_EMPTY_WITH_EXPLICIT_NOTICE","Aquecimento","Aquecimento > Casa sem equipamento > Tapete / colchonete","warmup>place_home_no_equipment>mat","0","E. manter aviso, usar fallback ou esconder apos decisao humana","Tipo global com rota generica ainda sem mapeamento de conteudo."
"OK_EMPTY_WITH_EXPLICIT_NOTICE","Aquecimento","Aquecimento > Casa equipada > Peso corporal","warmup>place_home_equipped>bodyweight","0","E. manter aviso, usar fallback ou esconder apos decisao humana","Tipo global com rota generica ainda sem mapeamento de conteudo."
"OK_EMPTY_WITH_EXPLICIT_NOTICE","Aquecimento","Aquecimento > Casa equipada > Chão livre","warmup>place_home_equipped>floor","0","E. manter aviso, usar fallback ou esconder apos decisao humana","Tipo global com rota generica ainda sem mapeamento de conteudo."
"OK_EMPTY_WITH_EXPLICIT_NOTICE","Aquecimento","Aquecimento > Casa equipada > Parede estável","warmup>place_home_equipped>wall","0","E. manter aviso, usar fallback ou esconder apos decisao humana","Tipo global com rota generica ainda sem mapeamento de conteudo."
"OK_EMPTY_WITH_EXPLICIT_NOTICE","Aquecimento","Aquecimento > Casa equipada > Tapete / colchonete","warmup>place_home_equipped>mat","0","E. manter aviso, usar fallback ou esconder apos decisao humana","Tipo global com rota generica ainda sem mapeamento de conteudo."
"OK_EMPTY_WITH_EXPLICIT_NOTICE","Aquecimento","Aquecimento > Ginasio > Peso corporal","warmup>place_gym>bodyweight","0","E. manter aviso, usar fallback ou esconder apos decisao humana","Tipo global com rota generica ainda sem mapeamento de conteudo."
"OK_EMPTY_WITH_EXPLICIT_NOTICE","Aquecimento","Aquecimento > Ginasio > Chão livre","warmup>place_gym>floor","0","E. manter aviso, usar fallback ou esconder apos decisao humana","Tipo global com rota generica ainda sem mapeamento de conteudo."
"OK_EMPTY_WITH_EXPLICIT_NOTICE","Aquecimento","Aquecimento > Ginasio > Parede estável","warmup>place_gym>wall","0","E. manter aviso, usar fallback ou esconder apos decisao humana","Tipo global com rota generica ainda sem mapeamento de conteudo."
"OK_EMPTY_WITH_EXPLICIT_NOTICE","Aquecimento","Aquecimento > Ginasio > Tapete / colchonete","warmup>place_gym>mat","0","E. manter aviso, usar fallback ou esconder apos decisao humana","Tipo global com rota generica ainda sem mapeamento de conteudo."
"OK_EMPTY_WITH_EXPLICIT_NOTICE","Aquecimento","Aquecimento > Dojo > Peso corporal","warmup>place_dojo>bodyweight","0","E. manter aviso, usar fallback ou esconder apos decisao humana","Tipo global com rota generica ainda sem mapeamento de conteudo."
"OK_EMPTY_WITH_EXPLICIT_NOTICE","Aquecimento","Aquecimento > Dojo > Chão livre","warmup>place_dojo>floor","0","E. manter aviso, usar fallback ou esconder apos decisao humana","Tipo global com rota generica ainda sem mapeamento de conteudo."
"OK_EMPTY_WITH_EXPLICIT_NOTICE","Aquecimento","Aquecimento > Dojo > Parede estável","warmup>place_dojo>wall","0","E. manter aviso, usar fallback ou esconder apos decisao humana","Tipo global com rota generica ainda sem mapeamento de conteudo."
"OK_EMPTY_WITH_EXPLICIT_NOTICE","Aquecimento","Aquecimento > Dojo > Tapete / colchonete","warmup>place_dojo>mat","0","E. manter aviso, usar fallback ou esconder apos decisao humana","Tipo global com rota generica ainda sem mapeamento de conteudo."
"OK_EMPTY_WITH_EXPLICIT_NOTICE","Aquecimento","Aquecimento > Tatami > Peso corporal","warmup>place_tatami>bodyweight","0","E. manter aviso, usar fallback ou esconder apos decisao humana","Tipo global com rota generica ainda sem mapeamento de conteudo."
"OK_EMPTY_WITH_EXPLICIT_NOTICE","Aquecimento","Aquecimento > Tatami > Chão livre","warmup>place_tatami>floor","0","E. manter aviso, usar fallback ou esconder apos decisao humana","Tipo global com rota generica ainda sem mapeamento de conteudo."
"OK_EMPTY_WITH_EXPLICIT_NOTICE","Aquecimento","Aquecimento > Tatami > Parede estável","warmup>place_tatami>wall","0","E. manter aviso, usar fallback ou esconder apos decisao humana","Tipo global com rota generica ainda sem mapeamento de conteudo."
"OK_EMPTY_WITH_EXPLICIT_NOTICE","Aquecimento","Aquecimento > Tatami > Tapete / colchonete","warmup>place_tatami>mat","0","E. manter aviso, usar fallback ou esconder apos decisao humana","Tipo global com rota generica ainda sem mapeamento de conteudo."
"OK_EMPTY_WITH_EXPLICIT_NOTICE","Aquecimento","Aquecimento > Exterior > Peso corporal","warmup>place_outdoor>bodyweight","0","E. manter aviso, usar fallback ou esconder apos decisao humana","Tipo global com rota generica ainda sem mapeamento de conteudo."
"OK_EMPTY_WITH_EXPLICIT_NOTICE","Aquecimento","Aquecimento > Exterior > Chão livre","warmup>place_outdoor>floor","0","E. manter aviso, usar fallback ou esconder apos decisao humana","Tipo global com rota generica ainda sem mapeamento de conteudo."
"OK_EMPTY_WITH_EXPLICIT_NOTICE","Aquecimento","Aquecimento > Exterior > Parede estável","warmup>place_outdoor>wall","0","E. manter aviso, usar fallback ou esconder apos decisao humana","Tipo global com rota generica ainda sem mapeamento de conteudo."
"OK_EMPTY_WITH_EXPLICIT_NOTICE","Aquecimento","Aquecimento > Exterior > Tapete / colchonete","warmup>place_outdoor>mat","0","E. manter aviso, usar fallback ou esconder apos decisao humana","Tipo global com rota generica ainda sem mapeamento de conteudo."
"OK_EMPTY_WITH_EXPLICIT_NOTICE","Aquecimento","Aquecimento > Trabalho ou viagem > Peso corporal","warmup>place_work_travel>bodyweight","0","E. manter aviso, usar fallback ou esconder apos decisao humana","Tipo global com rota generica ainda sem mapeamento de conteudo."
"OK_EMPTY_WITH_EXPLICIT_NOTICE","Aquecimento","Aquecimento > Trabalho ou viagem > Chão livre","warmup>place_work_travel>floor","0","E. manter aviso, usar fallback ou esconder apos decisao humana","Tipo global com rota generica ainda sem mapeamento de conteudo."
"OK_EMPTY_WITH_EXPLICIT_NOTICE","Aquecimento","Aquecimento > Trabalho ou viagem > Parede estável","warmup>place_work_travel>wall","0","E. manter aviso, usar fallback ou esconder apos decisao humana","Tipo global com rota generica ainda sem mapeamento de conteudo."
"OK_EMPTY_WITH_EXPLICIT_NOTICE","Aquecimento","Aquecimento > Trabalho ou viagem > Tapete / colchonete","warmup>place_work_travel>mat","0","E. manter aviso, usar fallback ou esconder apos decisao humana","Tipo global com rota generica ainda sem mapeamento de conteudo."
"OK_EMPTY_WITH_EXPLICIT_NOTICE","Aquecimento","Aquecimento > Clinica ou fisioterapia > Peso corporal","warmup>place_clinic>bodyweight","0","E. manter aviso, usar fallback ou esconder apos decisao humana","Tipo global com rota generica ainda sem mapeamento de conteudo."
"OK_EMPTY_WITH_EXPLICIT_NOTICE","Aquecimento","Aquecimento > Clinica ou fisioterapia > Chão livre","warmup>place_clinic>floor","0","E. manter aviso, usar fallback ou esconder apos decisao humana","Tipo global com rota generica ainda sem mapeamento de conteudo."
"OK_EMPTY_WITH_EXPLICIT_NOTICE","Aquecimento","Aquecimento > Clinica ou fisioterapia > Parede estável","warmup>place_clinic>wall","0","E. manter aviso, usar fallback ou esconder apos decisao humana","Tipo global com rota generica ainda sem mapeamento de conteudo."
"OK_EMPTY_WITH_EXPLICIT_NOTICE","Aquecimento","Aquecimento > Clinica ou fisioterapia > Tapete / colchonete","warmup>place_clinic>mat","0","E. manter aviso, usar fallback ou esconder apos decisao humana","Tipo global com rota generica ainda sem mapeamento de conteudo."
"OK_EMPTY_WITH_EXPLICIT_NOTICE","Ativacao","Ativacao > Casa sem equipamento > Peso corporal","activation>place_home_no_equipment>bodyweight","0","E. manter aviso, usar fallback ou esconder apos decisao humana","Tipo global com rota generica ainda sem mapeamento de conteudo."
"OK_EMPTY_WITH_EXPLICIT_NOTICE","Ativacao","Ativacao > Casa sem equipamento > Chão livre","activation>place_home_no_equipment>floor","0","E. manter aviso, usar fallback ou esconder apos decisao humana","Tipo global com rota generica ainda sem mapeamento de conteudo."
"OK_EMPTY_WITH_EXPLICIT_NOTICE","Ativacao","Ativacao > Casa sem equipamento > Parede estável","activation>place_home_no_equipment>wall","0","E. manter aviso, usar fallback ou esconder apos decisao humana","Tipo global com rota generica ainda sem mapeamento de conteudo."
"OK_EMPTY_WITH_EXPLICIT_NOTICE","Ativacao","Ativacao > Casa sem equipamento > Tapete / colchonete","activation>place_home_no_equipment>mat","0","E. manter aviso, usar fallback ou esconder apos decisao humana","Tipo global com rota generica ainda sem mapeamento de conteudo."
"OK_EMPTY_WITH_EXPLICIT_NOTICE","Ativacao","Ativacao > Casa equipada > Peso corporal","activation>place_home_equipped>bodyweight","0","E. manter aviso, usar fallback ou esconder apos decisao humana","Tipo global com rota generica ainda sem mapeamento de conteudo."
"OK_EMPTY_WITH_EXPLICIT_NOTICE","Ativacao","Ativacao > Casa equipada > Chão livre","activation>place_home_equipped>floor","0","E. manter aviso, usar fallback ou esconder apos decisao humana","Tipo global com rota generica ainda sem mapeamento de conteudo."
"OK_EMPTY_WITH_EXPLICIT_NOTICE","Ativacao","Ativacao > Casa equipada > Parede estável","activation>place_home_equipped>wall","0","E. manter aviso, usar fallback ou esconder apos decisao humana","Tipo global com rota generica ainda sem mapeamento de conteudo."
"OK_EMPTY_WITH_EXPLICIT_NOTICE","Ativacao","Ativacao > Casa equipada > Tapete / colchonete","activation>place_home_equipped>mat","0","E. manter aviso, usar fallback ou esconder apos decisao humana","Tipo global com rota generica ainda sem mapeamento de conteudo."
"OK_EMPTY_WITH_EXPLICIT_NOTICE","Ativacao","Ativacao > Ginasio > Peso corporal","activation>place_gym>bodyweight","0","E. manter aviso, usar fallback ou esconder apos decisao humana","Tipo global com rota generica ainda sem mapeamento de conteudo."
"OK_EMPTY_WITH_EXPLICIT_NOTICE","Ativacao","Ativacao > Ginasio > Chão livre","activation>place_gym>floor","0","E. manter aviso, usar fallback ou esconder apos decisao humana","Tipo global com rota generica ainda sem mapeamento de conteudo."
"OK_EMPTY_WITH_EXPLICIT_NOTICE","Ativacao","Ativacao > Ginasio > Parede estável","activation>place_gym>wall","0","E. manter aviso, usar fallback ou esconder apos decisao humana","Tipo global com rota generica ainda sem mapeamento de conteudo."
"OK_EMPTY_WITH_EXPLICIT_NOTICE","Ativacao","Ativacao > Ginasio > Tapete / colchonete","activation>place_gym>mat","0","E. manter aviso, usar fallback ou esconder apos decisao humana","Tipo global com rota generica ainda sem mapeamento de conteudo."
"OK_EMPTY_WITH_EXPLICIT_NOTICE","Ativacao","Ativacao > Dojo > Peso corporal","activation>place_dojo>bodyweight","0","E. manter aviso, usar fallback ou esconder apos decisao humana","Tipo global com rota generica ainda sem mapeamento de conteudo."
"OK_EMPTY_WITH_EXPLICIT_NOTICE","Ativacao","Ativacao > Dojo > Chão livre","activation>place_dojo>floor","0","E. manter aviso, usar fallback ou esconder apos decisao humana","Tipo global com rota generica ainda sem mapeamento de conteudo."
"OK_EMPTY_WITH_EXPLICIT_NOTICE","Ativacao","Ativacao > Dojo > Parede estável","activation>place_dojo>wall","0","E. manter aviso, usar fallback ou esconder apos decisao humana","Tipo global com rota generica ainda sem mapeamento de conteudo."
"OK_EMPTY_WITH_EXPLICIT_NOTICE","Ativacao","Ativacao > Dojo > Tapete / colchonete","activation>place_dojo>mat","0","E. manter aviso, usar fallback ou esconder apos decisao humana","Tipo global com rota generica ainda sem mapeamento de conteudo."
"OK_EMPTY_WITH_EXPLICIT_NOTICE","Ativacao","Ativacao > Tatami > Peso corporal","activation>place_tatami>bodyweight","0","E. manter aviso, usar fallback ou esconder apos decisao humana","Tipo global com rota generica ainda sem mapeamento de conteudo."
"OK_EMPTY_WITH_EXPLICIT_NOTICE","Ativacao","Ativacao > Tatami > Chão livre","activation>place_tatami>floor","0","E. manter aviso, usar fallback ou esconder apos decisao humana","Tipo global com rota generica ainda sem mapeamento de conteudo."
"OK_EMPTY_WITH_EXPLICIT_NOTICE","Ativacao","Ativacao > Tatami > Parede estável","activation>place_tatami>wall","0","E. manter aviso, usar fallback ou esconder apos decisao humana","Tipo global com rota generica ainda sem mapeamento de conteudo."
"OK_EMPTY_WITH_EXPLICIT_NOTICE","Ativacao","Ativacao > Tatami > Tapete / colchonete","activation>place_tatami>mat","0","E. manter aviso, usar fallback ou esconder apos decisao humana","Tipo global com rota generica ainda sem mapeamento de conteudo."
"OK_EMPTY_WITH_EXPLICIT_NOTICE","Ativacao","Ativacao > Exterior > Peso corporal","activation>place_outdoor>bodyweight","0","E. manter aviso, usar fallback ou esconder apos decisao humana","Tipo global com rota generica ainda sem mapeamento de conteudo."
"OK_EMPTY_WITH_EXPLICIT_NOTICE","Ativacao","Ativacao > Exterior > Chão livre","activation>place_outdoor>floor","0","E. manter aviso, usar fallback ou esconder apos decisao humana","Tipo global com rota generica ainda sem mapeamento de conteudo."
"OK_EMPTY_WITH_EXPLICIT_NOTICE","Ativacao","Ativacao > Exterior > Parede estável","activation>place_outdoor>wall","0","E. manter aviso, usar fallback ou esconder apos decisao humana","Tipo global com rota generica ainda sem mapeamento de conteudo."
"OK_EMPTY_WITH_EXPLICIT_NOTICE","Ativacao","Ativacao > Exterior > Tapete / colchonete","activation>place_outdoor>mat","0","E. manter aviso, usar fallback ou esconder apos decisao humana","Tipo global com rota generica ainda sem mapeamento de conteudo."
"OK_EMPTY_WITH_EXPLICIT_NOTICE","Ativacao","Ativacao > Trabalho ou viagem > Peso corporal","activation>place_work_travel>bodyweight","0","E. manter aviso, usar fallback ou esconder apos decisao humana","Tipo global com rota generica ainda sem mapeamento de conteudo."
"OK_EMPTY_WITH_EXPLICIT_NOTICE","Ativacao","Ativacao > Trabalho ou viagem > Chão livre","activation>place_work_travel>floor","0","E. manter aviso, usar fallback ou esconder apos decisao humana","Tipo global com rota generica ainda sem mapeamento de conteudo."
"OK_EMPTY_WITH_EXPLICIT_NOTICE","Ativacao","Ativacao > Trabalho ou viagem > Parede estável","activation>place_work_travel>wall","0","E. manter aviso, usar fallback ou esconder apos decisao humana","Tipo global com rota generica ainda sem mapeamento de conteudo."
"OK_EMPTY_WITH_EXPLICIT_NOTICE","Ativacao","Ativacao > Trabalho ou viagem > Tapete / colchonete","activation>place_work_travel>mat","0","E. manter aviso, usar fallback ou esconder apos decisao humana","Tipo global com rota generica ainda sem mapeamento de conteudo."
"OK_EMPTY_WITH_EXPLICIT_NOTICE","Ativacao","Ativacao > Clinica ou fisioterapia > Peso corporal","activation>place_clinic>bodyweight","0","E. manter aviso, usar fallback ou esconder apos decisao humana","Tipo global com rota generica ainda sem mapeamento de conteudo."
"OK_EMPTY_WITH_EXPLICIT_NOTICE","Ativacao","Ativacao > Clinica ou fisioterapia > Chão livre","activation>place_clinic>floor","0","E. manter aviso, usar fallback ou esconder apos decisao humana","Tipo global com rota generica ainda sem mapeamento de conteudo."
"OK_EMPTY_WITH_EXPLICIT_NOTICE","Ativacao","Ativacao > Clinica ou fisioterapia > Parede estável","activation>place_clinic>wall","0","E. manter aviso, usar fallback ou esconder apos decisao humana","Tipo global com rota generica ainda sem mapeamento de conteudo."
"OK_EMPTY_WITH_EXPLICIT_NOTICE","Ativacao","Ativacao > Clinica ou fisioterapia > Tapete / colchonete","activation>place_clinic>mat","0","E. manter aviso, usar fallback ou esconder apos decisao humana","Tipo global com rota generica ainda sem mapeamento de conteudo."
"OK_EMPTY_WITH_EXPLICIT_NOTICE","Prevencao","Prevencao > Casa sem equipamento > Peso corporal","prevention>place_home_no_equipment>bodyweight","0","E. manter aviso, usar fallback ou esconder apos decisao humana","Tipo global com rota generica ainda sem mapeamento de conteudo."
"OK_EMPTY_WITH_EXPLICIT_NOTICE","Prevencao","Prevencao > Casa sem equipamento > Chão livre","prevention>place_home_no_equipment>floor","0","E. manter aviso, usar fallback ou esconder apos decisao humana","Tipo global com rota generica ainda sem mapeamento de conteudo."
"OK_EMPTY_WITH_EXPLICIT_NOTICE","Prevencao","Prevencao > Casa sem equipamento > Parede estável","prevention>place_home_no_equipment>wall","0","E. manter aviso, usar fallback ou esconder apos decisao humana","Tipo global com rota generica ainda sem mapeamento de conteudo."
"OK_EMPTY_WITH_EXPLICIT_NOTICE","Prevencao","Prevencao > Casa sem equipamento > Tapete / colchonete","prevention>place_home_no_equipment>mat","0","E. manter aviso, usar fallback ou esconder apos decisao humana","Tipo global com rota generica ainda sem mapeamento de conteudo."
"OK_EMPTY_WITH_EXPLICIT_NOTICE","Prevencao","Prevencao > Casa equipada > Peso corporal","prevention>place_home_equipped>bodyweight","0","E. manter aviso, usar fallback ou esconder apos decisao humana","Tipo global com rota generica ainda sem mapeamento de conteudo."
"OK_EMPTY_WITH_EXPLICIT_NOTICE","Prevencao","Prevencao > Casa equipada > Chão livre","prevention>place_home_equipped>floor","0","E. manter aviso, usar fallback ou esconder apos decisao humana","Tipo global com rota generica ainda sem mapeamento de conteudo."
"OK_EMPTY_WITH_EXPLICIT_NOTICE","Prevencao","Prevencao > Casa equipada > Parede estável","prevention>place_home_equipped>wall","0","E. manter aviso, usar fallback ou esconder apos decisao humana","Tipo global com rota generica ainda sem mapeamento de conteudo."
"OK_EMPTY_WITH_EXPLICIT_NOTICE","Prevencao","Prevencao > Casa equipada > Tapete / colchonete","prevention>place_home_equipped>mat","0","E. manter aviso, usar fallback ou esconder apos decisao humana","Tipo global com rota generica ainda sem mapeamento de conteudo."
"OK_EMPTY_WITH_EXPLICIT_NOTICE","Prevencao","Prevencao > Ginasio > Peso corporal","prevention>place_gym>bodyweight","0","E. manter aviso, usar fallback ou esconder apos decisao humana","Tipo global com rota generica ainda sem mapeamento de conteudo."
"OK_EMPTY_WITH_EXPLICIT_NOTICE","Prevencao","Prevencao > Ginasio > Chão livre","prevention>place_gym>floor","0","E. manter aviso, usar fallback ou esconder apos decisao humana","Tipo global com rota generica ainda sem mapeamento de conteudo."
"OK_EMPTY_WITH_EXPLICIT_NOTICE","Prevencao","Prevencao > Ginasio > Parede estável","prevention>place_gym>wall","0","E. manter aviso, usar fallback ou esconder apos decisao humana","Tipo global com rota generica ainda sem mapeamento de conteudo."
"OK_EMPTY_WITH_EXPLICIT_NOTICE","Prevencao","Prevencao > Ginasio > Tapete / colchonete","prevention>place_gym>mat","0","E. manter aviso, usar fallback ou esconder apos decisao humana","Tipo global com rota generica ainda sem mapeamento de conteudo."
"OK_EMPTY_WITH_EXPLICIT_NOTICE","Prevencao","Prevencao > Dojo > Peso corporal","prevention>place_dojo>bodyweight","0","E. manter aviso, usar fallback ou esconder apos decisao humana","Tipo global com rota generica ainda sem mapeamento de conteudo."
"OK_EMPTY_WITH_EXPLICIT_NOTICE","Prevencao","Prevencao > Dojo > Chão livre","prevention>place_dojo>floor","0","E. manter aviso, usar fallback ou esconder apos decisao humana","Tipo global com rota generica ainda sem mapeamento de conteudo."
"OK_EMPTY_WITH_EXPLICIT_NOTICE","Prevencao","Prevencao > Dojo > Parede estável","prevention>place_dojo>wall","0","E. manter aviso, usar fallback ou esconder apos decisao humana","Tipo global com rota generica ainda sem mapeamento de conteudo."
"OK_EMPTY_WITH_EXPLICIT_NOTICE","Prevencao","Prevencao > Dojo > Tapete / colchonete","prevention>place_dojo>mat","0","E. manter aviso, usar fallback ou esconder apos decisao humana","Tipo global com rota generica ainda sem mapeamento de conteudo."
"OK_EMPTY_WITH_EXPLICIT_NOTICE","Prevencao","Prevencao > Tatami > Peso corporal","prevention>place_tatami>bodyweight","0","E. manter aviso, usar fallback ou esconder apos decisao humana","Tipo global com rota generica ainda sem mapeamento de conteudo."
"OK_EMPTY_WITH_EXPLICIT_NOTICE","Prevencao","Prevencao > Tatami > Chão livre","prevention>place_tatami>floor","0","E. manter aviso, usar fallback ou esconder apos decisao humana","Tipo global com rota generica ainda sem mapeamento de conteudo."
"OK_EMPTY_WITH_EXPLICIT_NOTICE","Prevencao","Prevencao > Tatami > Parede estável","prevention>place_tatami>wall","0","E. manter aviso, usar fallback ou esconder apos decisao humana","Tipo global com rota generica ainda sem mapeamento de conteudo."
"OK_EMPTY_WITH_EXPLICIT_NOTICE","Prevencao","Prevencao > Tatami > Tapete / colchonete","prevention>place_tatami>mat","0","E. manter aviso, usar fallback ou esconder apos decisao humana","Tipo global com rota generica ainda sem mapeamento de conteudo."
"OK_EMPTY_WITH_EXPLICIT_NOTICE","Prevencao","Prevencao > Exterior > Peso corporal","prevention>place_outdoor>bodyweight","0","E. manter aviso, usar fallback ou esconder apos decisao humana","Tipo global com rota generica ainda sem mapeamento de conteudo."
"OK_EMPTY_WITH_EXPLICIT_NOTICE","Prevencao","Prevencao > Exterior > Chão livre","prevention>place_outdoor>floor","0","E. manter aviso, usar fallback ou esconder apos decisao humana","Tipo global com rota generica ainda sem mapeamento de conteudo."
"OK_EMPTY_WITH_EXPLICIT_NOTICE","Prevencao","Prevencao > Exterior > Parede estável","prevention>place_outdoor>wall","0","E. manter aviso, usar fallback ou esconder apos decisao humana","Tipo global com rota generica ainda sem mapeamento de conteudo."
"OK_EMPTY_WITH_EXPLICIT_NOTICE","Prevencao","Prevencao > Exterior > Tapete / colchonete","prevention>place_outdoor>mat","0","E. manter aviso, usar fallback ou esconder apos decisao humana","Tipo global com rota generica ainda sem mapeamento de conteudo."
"OK_EMPTY_WITH_EXPLICIT_NOTICE","Prevencao","Prevencao > Trabalho ou viagem > Peso corporal","prevention>place_work_travel>bodyweight","0","E. manter aviso, usar fallback ou esconder apos decisao humana","Tipo global com rota generica ainda sem mapeamento de conteudo."
"OK_EMPTY_WITH_EXPLICIT_NOTICE","Prevencao","Prevencao > Trabalho ou viagem > Chão livre","prevention>place_work_travel>floor","0","E. manter aviso, usar fallback ou esconder apos decisao humana","Tipo global com rota generica ainda sem mapeamento de conteudo."
"OK_EMPTY_WITH_EXPLICIT_NOTICE","Prevencao","Prevencao > Trabalho ou viagem > Parede estável","prevention>place_work_travel>wall","0","E. manter aviso, usar fallback ou esconder apos decisao humana","Tipo global com rota generica ainda sem mapeamento de conteudo."
"OK_EMPTY_WITH_EXPLICIT_NOTICE","Prevencao","Prevencao > Trabalho ou viagem > Tapete / colchonete","prevention>place_work_travel>mat","0","E. manter aviso, usar fallback ou esconder apos decisao humana","Tipo global com rota generica ainda sem mapeamento de conteudo."
"OK_EMPTY_WITH_EXPLICIT_NOTICE","Prevencao","Prevencao > Clinica ou fisioterapia > Peso corporal","prevention>place_clinic>bodyweight","0","E. manter aviso, usar fallback ou esconder apos decisao humana","Tipo global com rota generica ainda sem mapeamento de conteudo."
"OK_EMPTY_WITH_EXPLICIT_NOTICE","Prevencao","Prevencao > Clinica ou fisioterapia > Chão livre","prevention>place_clinic>floor","0","E. manter aviso, usar fallback ou esconder apos decisao humana","Tipo global com rota generica ainda sem mapeamento de conteudo."
"OK_EMPTY_WITH_EXPLICIT_NOTICE","Prevencao","Prevencao > Clinica ou fisioterapia > Parede estável","prevention>place_clinic>wall","0","E. manter aviso, usar fallback ou esconder apos decisao humana","Tipo global com rota generica ainda sem mapeamento de conteudo."
"OK_EMPTY_WITH_EXPLICIT_NOTICE","Prevencao","Prevencao > Clinica ou fisioterapia > Tapete / colchonete","prevention>place_clinic>mat","0","E. manter aviso, usar fallback ou esconder apos decisao humana","Tipo global com rota generica ainda sem mapeamento de conteudo."
"EQUIPMENT_ZERO_COVERAGE","equipment","Chão livre","floor","0","esconder, manter com aviso, ou priorizar conteudo futuro","Definir exercicios essenciais antes de manter visivel"
"EQUIPMENT_ZERO_COVERAGE","equipment","Parede estável","wall","0","esconder, manter com aviso, ou priorizar conteudo futuro","Definir exercicios essenciais antes de manter visivel"
"EQUIPMENT_ZERO_COVERAGE","equipment","Banco estável","bench","0","esconder, manter com aviso, ou priorizar conteudo futuro","Definir exercicios essenciais antes de manter visivel"
"EQUIPMENT_ZERO_COVERAGE","equipment","Garrafas de água","water_bottles","0","esconder, manter com aviso, ou priorizar conteudo futuro","Definir exercicios essenciais antes de manter visivel"
"EQUIPMENT_ZERO_COVERAGE","equipment","Toalha","towel","0","esconder, manter com aviso, ou priorizar conteudo futuro","Definir exercicios essenciais antes de manter visivel"
"EQUIPMENT_ZERO_COVERAGE","equipment","Nenhum equipamento","none","0","esconder, manter com aviso, ou priorizar conteudo futuro","Definir exercicios essenciais antes de manter visivel"
"EQUIPMENT_ZERO_COVERAGE","equipment","Outro","other","0","esconder, manter com aviso, ou priorizar conteudo futuro","Definir exercicios essenciais antes de manter visivel"
"EQUIPMENT_ZERO_COVERAGE","equipment","Medicine ball","medicine_ball","0","esconder, manter com aviso, ou priorizar conteudo futuro","Slam leve; wall ball; rotacao controlada"
"EQUIPMENT_ZERO_COVERAGE","equipment","Saco de areia","sandbag","0","esconder, manter com aviso, ou priorizar conteudo futuro","Bear hug squat; carry; deadlift com sandbag"
"EQUIPMENT_ZERO_COVERAGE","equipment","Colete com peso","weighted_vest","0","esconder, manter com aviso, ou priorizar conteudo futuro","Definir exercicios essenciais antes de manter visivel"
"EQUIPMENT_ZERO_COVERAGE","equipment","Tornozeleiras com peso","ankle_weights","0","esconder, manter com aviso, ou priorizar conteudo futuro","Definir exercicios essenciais antes de manter visivel"
"EQUIPMENT_ZERO_COVERAGE","equipment","Argolas","rings","0","esconder, manter com aviso, ou priorizar conteudo futuro","Remada em argolas; suporte em argolas; flexao em argolas"
"EQUIPMENT_ZERO_COVERAGE","equipment","TRX / suspensão","trx","0","esconder, manter com aviso, ou priorizar conteudo futuro","Remada TRX; agachamento assistido; prancha TRX"
"EQUIPMENT_ZERO_COVERAGE","equipment","Mini bands","mini_bands","0","esconder, manter com aviso, ou priorizar conteudo futuro","Definir exercicios essenciais antes de manter visivel"
"EQUIPMENT_ZERO_COVERAGE","equipment","Roda abdominal","ab_wheel","0","esconder, manter com aviso, ou priorizar conteudo futuro","Rollout ajoelhado; rollout parcial"
"EQUIPMENT_ZERO_COVERAGE","equipment","Polia ajustável","adjustable_cable","0","esconder, manter com aviso, ou priorizar conteudo futuro","Definir exercicios essenciais antes de manter visivel"
"EQUIPMENT_ZERO_COVERAGE","equipment","Lat pulldown","lat_pulldown","0","esconder, manter com aviso, ou priorizar conteudo futuro","Puxada alta aberta/neutra/fechada"
"EQUIPMENT_ZERO_COVERAGE","equipment","Remo sentado","seated_row_machine","0","esconder, manter com aviso, ou priorizar conteudo futuro","Definir exercicios essenciais antes de manter visivel"
"EQUIPMENT_ZERO_COVERAGE","equipment","Chest press","chest_press_machine","0","esconder, manter com aviso, ou priorizar conteudo futuro","Definir exercicios essenciais antes de manter visivel"
"EQUIPMENT_ZERO_COVERAGE","equipment","Shoulder press machine","shoulder_press_machine","0","esconder, manter com aviso, ou priorizar conteudo futuro","Definir exercicios essenciais antes de manter visivel"
"EQUIPMENT_ZERO_COVERAGE","equipment","Leg press","leg_press","0","esconder, manter com aviso, ou priorizar conteudo futuro","Leg press; press unilateral; press pes altos/baixos"
"EQUIPMENT_ZERO_COVERAGE","equipment","Extensão de perna","leg_extension","0","esconder, manter com aviso, ou priorizar conteudo futuro","Extensao de joelho na maquina; isometria final leve"
"EQUIPMENT_ZERO_COVERAGE","equipment","Curl de perna","leg_curl","0","esconder, manter com aviso, ou priorizar conteudo futuro","Curl femoral sentado/deitado; curl unilateral"
"EQUIPMENT_ZERO_COVERAGE","equipment","Máquina abdutora","abductor_machine","0","esconder, manter com aviso, ou priorizar conteudo futuro","Definir exercicios essenciais antes de manter visivel"
"EQUIPMENT_ZERO_COVERAGE","equipment","Máquina adutora","adductor_machine","0","esconder, manter com aviso, ou priorizar conteudo futuro","Definir exercicios essenciais antes de manter visivel"
"EQUIPMENT_ZERO_COVERAGE","equipment","Smith machine","smith_machine","0","esconder, manter com aviso, ou priorizar conteudo futuro","Agachamento Smith; hip thrust Smith; press inclinado Smith"
"EQUIPMENT_ZERO_COVERAGE","equipment","Rack / suporte de agachamento","squat_rack","0","esconder, manter com aviso, ou priorizar conteudo futuro","Definir exercicios essenciais antes de manter visivel"
"EQUIPMENT_ZERO_COVERAGE","equipment","Banco regulável","adjustable_bench","0","esconder, manter com aviso, ou priorizar conteudo futuro","Definir exercicios essenciais antes de manter visivel"
"EQUIPMENT_ZERO_COVERAGE","equipment","Luvas","gloves","0","esconder, manter com aviso, ou priorizar conteudo futuro","Definir exercicios essenciais antes de manter visivel"
"EQUIPMENT_ZERO_COVERAGE","equipment","Caneleiras","shin_guards","0","esconder, manter com aviso, ou priorizar conteudo futuro","Definir exercicios essenciais antes de manter visivel"
"EQUIPMENT_ZERO_COVERAGE","equipment","Paos / aparadores","pads","0","esconder, manter com aviso, ou priorizar conteudo futuro","Definir exercicios essenciais antes de manter visivel"
"EQUIPMENT_ZERO_COVERAGE","equipment","Kimono","gi","0","esconder, manter com aviso, ou priorizar conteudo futuro","Definir exercicios essenciais antes de manter visivel"
"EQUIPMENT_ZERO_COVERAGE","equipment","Cinto / faixa","belt","0","esconder, manter com aviso, ou priorizar conteudo futuro","Definir exercicios essenciais antes de manter visivel"
"EQUIPMENT_ZERO_COVERAGE","equipment","Boneco de grappling","grappling_dummy","0","esconder, manter com aviso, ou priorizar conteudo futuro","Definir exercicios essenciais antes de manter visivel"
"EQUIPMENT_ZERO_COVERAGE","equipment","Grip trainer","grip_trainer","0","esconder, manter com aviso, ou priorizar conteudo futuro","Definir exercicios essenciais antes de manter visivel"
"EQUIPMENT_ZERO_COVERAGE","equipment","Elástico de mobilidade","mobility_band","0","esconder, manter com aviso, ou priorizar conteudo futuro","Definir exercicios essenciais antes de manter visivel"
"EQUIPMENT_ZERO_COVERAGE","equipment","Bloco de yoga","yoga_block","0","esconder, manter com aviso, ou priorizar conteudo futuro","Definir exercicios essenciais antes de manter visivel"
"EQUIPMENT_ZERO_COVERAGE","equipment","Rolo de mobilidade","mobility_roller","0","esconder, manter com aviso, ou priorizar conteudo futuro","Definir exercicios essenciais antes de manter visivel"
"EQUIPMENT_ZERO_COVERAGE","equipment","Pistola de massagem","massage_gun","0","esconder, manter com aviso, ou priorizar conteudo futuro","Definir exercicios essenciais antes de manter visivel"
